Proposal,Call Order,Item,Description,Quantity,Unit,Letting Date,County,Project ID,Agency ID,Project Type
24119,119,506003P,STRUCTURAL STEEL,1,LS,6/6/2024 10:00,MERCER,0583302,NJDOT,Bridge Replacement
24106,106,506003P,STRUCTURAL STEEL,1,LS,5/30/2024 10:00,MIDDLESEX,0018310,NJDOT,Miscellaneous
24101,101,506003P,STRUCTURAL STEEL,1,LS,4/4/2024 10:00,HUDSON,0007332,NJDOT,Miscellaneous
23156,156,506003P,STRUCTURAL STEEL 7984 LBS,1,LS,10/31/2023 10:00,GLOUCESTER,0042307,NJDOT,Miscellaneous
23156,156,506003P,STRUCTURAL STEEL 3201 LBS,1,LS,10/31/2023 10:00,GLOUCESTER,0042307,NJDOT,Miscellaneous
23156,156,506003P,STRUCTURAL STEEL 4820 LBS,1,LS,10/31/2023 10:00,GLOUCESTER,0042307,NJDOT,Miscellaneous
23132,132,506003P,STRUCTURAL STEEL STRUCTURAL STEEL (APPROXIMATELY 1000 LBS.),1,LS,10/12/2023 10:00,MORRIS PASSAIC,0023334,NJDOT,New Bridge Construction
23148,705,506003P,STRUCTURAL STEEL (Approx. 1700 LB),1,LS,10/12/2023 10:00,BERGEN ESSEX HUDSON,D00S810,NJDOT,Miscellaneous
23131,1,506003P,"STRUCTURAL STEEL APPROX 1,540,000 LBS",1,LS,9/7/2023 10:00,MORRIS,0023332,NJDOT,Bridge Replacement
23115,115,506003P,STRUCTURAL STEEL 390000 LBS,1,LS,6/8/2023 10:00,PASSAIC,0636302,NJDOT,Bridge Reconstruction
23120,120,506003P,STRUCTURAL STEEL (APPROX. 2800 LB),1,LS,6/8/2023 10:00,MERCER,0571(303),NJDOT,Bridge Replacement
23125,125,506003P,STRUCTURAL STEEL,1,LS,6/8/2023 10:00,CAMDEN GLOUCESTER,NHP-0047(312),NJDOT,New Bridge Construction
23111,111,506003P,STRUCTURAL STEEL,1,LS,6/6/2023 10:00,HUDSON,100% State,NJDOT,New Bridge Construction
23111,111,506003P,STRUCTURAL STEEL,1,LS,6/6/2023 10:00,HUDSON,100% State,NJDOT,New Bridge Construction
23111,111,506003P,STRUCTURAL STEEL,1,LS,6/6/2023 10:00,HUDSON,100% State,NJDOT,New Bridge Construction
22158,158,506003P,"STRUCTURAL STEEL STRUCTURAL STEEL (APPROX. 70,000 LBS).",1,LS,2/23/2023 10:00,ESSEX,NHP-0280(337),NJDOT,Bridge Replacement
22135,135,506003P,STRUCTURAL STEEL,1,LS,12/15/2022 10:00,CAMDEN,NHP-0130(328),NJDOT,Bridge Replacement
22148,148,506003P,STRUCTURAL STEEL,1,LS,11/1/2022 10:00,PASSAIC,NHFP-HWY-0046(356),NJDOT,New Bridge Construction
22148,148,506003P,STRUCTURAL STEEL,1,LS,11/1/2022 10:00,PASSAIC,NHFP-HWY-0046(356),NJDOT,New Bridge Construction
22148,148,506003P,STRUCTURAL STEEL,1,LS,11/1/2022 10:00,PASSAIC,NHFP-HWY-0046(356),NJDOT,New Bridge Construction
22148,148,506003P,STRUCTURAL STEEL,1,LS,11/1/2022 10:00,PASSAIC,NHFP-HWY-0046(356),NJDOT,New Bridge Construction
22148,148,506003P,STRUCTURAL STEEL,1,LS,11/1/2022 10:00,PASSAIC,NHFP-HWY-0046(356),NJDOT,New Bridge Construction
22124,124,506003P,STRUCTURAL STEEL,1,LS,6/9/2022 10:00,CUMBERLAND,NHP-0555(303),NJDOT,Bridge Replacement
22122,122,506003P,STRUCTURAL STEEL,1,LS,5/12/2022 10:00,MORRIS,NHP-0015(311),NJDOT,Bridge Replacement
22461,461,506003P,STRUCTURAL STEEL,1,LS,3/31/2022 10:00,ESSEX HUDSON,N/A,NJDOT,Miscellaneous
21140,140,506003P,STRUCTURAL STEEL,1,LS,1/6/2022 10:00,MORRIS,100% State,NJDOT,Bridge Replacement
21134,134,506003P,STRUCTURAL STEEL,1,LS,9/21/2021 10:00,MIDDLESEX,100% STATE,NJDOT,Bridge Replacement
21125,125,506003P,"STRUCTURAL STEEL (620,000 LBS)",1,LS,6/10/2021 10:00,MIDDLESEX,NHP-0622(301),NJDOT,Bridge Replacement
21113,113,506003P,"STRUCTURAL STEEL Approximately 446,000 lbs",1,LS,6/3/2021 10:00,UNION,100% State,NJDOT,Bridge Replacement
21113,113,506003P,"STRUCTURAL STEEL Approximately 470,000 lbs",1,LS,6/3/2021 10:00,UNION,100% State,NJDOT,Bridge Replacement
21101,101,506003P,"STRUCTURAL STEEL APPROX. 1,239,300 LBS",1,LS,4/29/2021 10:00,HUDSON,N/A,NJDOT,New Bridge Construction
21102,102,506003P,STRUCTURAL STEEL,1,LS,2/25/2021 10:00,ESSEX,NHP-0625(301),NJDOT,Bridge Replacement
20134,134,506003P,STRUCTURAL STEEL,1,LS,11/10/2020 10:00,ATLANTIC,NHP-0030(358),NJDOT,Bridge Reconstruction
20131,131,506003P,STRUCTURAL STEEL APPROX. 286000 LBS,1,LS,10/15/2020 10:00,SOMERSET,NHP-0206(328),NJDOT,New Bridge Construction
20126,126,506003P,STRUCTURAL STEEL,1,LS,8/13/2020 10:00,UNION,NHP-0022(344),NJDOT,New Bridge Construction
20461,461,506003P,STRUCTURAL STEEL (111870 lbs),1,LS,7/16/2020 10:00,ESSEX HUDSON,N/A,NJDOT,Miscellaneous
20120,120,506003P,"STRUCTURAL STEEL (562,000 LBS)",1,LS,5/21/2020 10:00,MIDDLESEX,NHP-0606(360),NJDOT,New Bridge Construction
20101,101,506003P,"STRUCTURAL STEEL 180,000 LBS",1,LS,3/19/2020 10:00,UNION,NHP-0577(333),NJDOT,New Bridge Construction
19138,138,506003P,STRUCTURAL STEEL,1,LS,12/19/2019 10:00,PASSAIC,NHP-0046(342),NJDOT,New Bridge Construction
19138,138,506003P,"STRUCTURAL STEEL Structural Steel (891,000 lbs)",1,LS,12/19/2019 10:00,PASSAIC,NHP-0046(342),NJDOT,New Bridge Construction
19138,138,506003P,"STRUCTURAL STEEL Structural Steel (297,000 lbs)",1,LS,12/19/2019 10:00,PASSAIC,NHP-0046(342),NJDOT,New Bridge Construction
19138,138,506003P,"STRUCTURAL STEEL Structural Steel (2,462,500 lbs)",1,LS,12/19/2019 10:00,PASSAIC,NHP-0046(342),NJDOT,New Bridge Construction
19138,138,506003P,"STRUCTURAL STEEL Structural Steel (530,000 lbs)",1,LS,12/19/2019 10:00,PASSAIC,NHP-0046(342),NJDOT,New Bridge Construction
19144,144,506003P,STRUCTURAL STEEL (Approx. 4195 LB),1,LS,12/17/2019 10:00,CAMDEN,NHP ? 0295 (330),NJDOT,New Bridge Construction
19144,144,506003P,"STRUCTURAL STEEL Approx. 535,916 lbs",1,LS,12/17/2019 10:00,CAMDEN,NHP ? 0295 (330),NJDOT,New Bridge Construction
19144,144,506003P,"STRUCTURAL STEEL Approx. 2,560,000 lbs",1,LS,12/17/2019 10:00,CAMDEN,NHP ? 0295 (330),NJDOT,New Bridge Construction
19144,144,506003P,"STRUCTURAL STEEL Approx. 477,000 lbs",1,LS,12/17/2019 10:00,CAMDEN,NHP ? 0295 (330),NJDOT,New Bridge Construction
19144,144,506003P,"STRUCTURAL STEEL (Approx. 2,847,384 lbs)",1,LS,12/17/2019 10:00,CAMDEN,NHP ? 0295 (330),NJDOT,New Bridge Construction
19144,144,506003P,"STRUCTURAL STEEL (Approx. 4,674,000 lbs)",1,LS,12/17/2019 10:00,CAMDEN,NHP ? 0295 (330),NJDOT,New Bridge Construction
19103,103,506003P,STRUCTURAL STEEL,1,LS,11/21/2019 10:00,HUDSON,NHP-0003(334),NJDOT,New Bridge Construction
19136,136,506003P,STRUCTURAL STEEL,1,LS,10/10/2019 10:00,UNION,NHP-0022(341),NJDOT,New Bridge Construction
19129,129,506003P,STRUCTURAL STEEL,1,LS,6/20/2019 10:00,GLOUCESTER,NHP-0607(305),NJDOT,Bridge Replacement
19132,132,506003P,STRUCTURAL STEEL,1,LS,6/20/2019 10:00,ESSEX,100% State,NJDOT,Miscellaneous
19117,117,506003P,STRUCTURAL STEEL,1,LS,5/30/2019 10:00,PASSAIC,NHP-0202(334),NJDOT,New Bridge Construction
19107,107,506003P,STRUCTURAL STEEL,1,LS,5/21/2019 10:00,MERCER,100% STATE,NJDOT,New Bridge Construction
19106,106,506003P,"STRUCTURAL STEEL (116,000 LBS)",1,LS,4/11/2019 10:00,SUSSEX,NHP-0015(305),NJDOT,Bridge Replacement
19106,106,506003P,"STRUCTURAL STEEL (115,000 LBS)",1,LS,4/11/2019 10:00,SUSSEX,NHP-0015(305),NJDOT,Bridge Replacement
18138,138,506003P,"STRUCTURAL STEEL 232,000 LBS.",1,LS,11/27/2018 10:00,MORRIS,NHP-0080(323),NJDOT,New Bridge Construction
18138,138,506003P,"STRUCTURAL STEEL 238,000 LBS.",1,LS,11/27/2018 10:00,MORRIS,NHP-0080(323),NJDOT,New Bridge Construction
18142,142,506003P,"STRUCTURAL STEEL (APPROX. 455,517 LBS)",1,LS,11/8/2018 10:00,HUDSON,STP- 0681 (301),NJDOT,Bridge Replacement
18145,145,506003P,"STRUCTURAL STEEL 7,000 LBS",1,LS,11/1/2018 10:00,WARREN,100% State,NJDOT,New Bridge Construction
18136,136,506003P,"STRUCTURAL STEEL APPROX 6,320 LBS",1,LS,9/20/2018 10:00,ESSEX,NHP-0046(336),NJDOT,New Bridge Construction
18136,136,506003P,"STRUCTURAL STEEL MISCELLANEOUS, APPROX. 3,430 LBS",1,LS,9/20/2018 10:00,ESSEX,NHP-0046(336),NJDOT,New Bridge Construction
18114,114,506003P,"STRUCTURAL STEEL APPROX. 592,000 LBS.",1,LS,7/10/2018 10:00,GLOUCESTER,NHP-0047(300),NJDOT,Bridge Replacement
18123,123,506003P,"STRUCTURAL STEEL 193,000 LBS",1,LS,7/10/2018 10:00,WARREN,NHP-0094(302),NJDOT,Bridge Reconstruction
17155,155,506003P,STRUCTURAL STEEL,1,LS,3/13/2018 10:00,MONMOUTH,NHP-0035(321),NJDOT,New Bridge Construction
17148,148,506003P,STRUCTURAL STEEL,1,LS,2/8/2018 10:00,BURLINGTON,NHP-0009(314),NJDOT,Bridge Replacement
17144,144,506003P,STRUCTURAL STEEL,1,LS,11/30/2017 10:00,SOMERSET,NHP-HPP-0206(321),NJDOT,New Bridge Construction
17144,144,506003P,STRUCTURAL STEEL,1,LS,11/30/2017 10:00,SOMERSET,NHP-HPP-0206(321),NJDOT,New Bridge Construction
17144,144,506003P,STRUCTURAL STEEL,1,LS,11/30/2017 10:00,SOMERSET,NHP-HPP-0206(321),NJDOT,New Bridge Construction
17146,146,506003P,"STRUCTURAL STEEL (APPROX. 87,000 LBS)",1,LS,11/9/2017 10:00,BERGEN,NHP-HPP-0003(330),NJDOT,New Bridge Construction
17146,146,506003P,"STRUCTURAL STEEL (APPROX. 8,500 LBS)",1,LS,11/9/2017 10:00,BERGEN,NHP-HPP-0003(330),NJDOT,New Bridge Construction
17147,147,506003P,"STRUCTURAL STEEL APPROXIMATE 570,370 LB",1,LS,10/19/2017 10:00,MIDDLESEX,NHP-0035(314),NJDOT,Bridge Replacement
17143,143,506003P,STRUCTURAL STEEL,1,LS,10/5/2017 10:00,MERCER,NHP-0130(316),NJDOT,New Bridge Construction
17143,143,506003P,STRUCTURAL STEEL,1,LS,10/5/2017 10:00,MERCER,NHP-0130(316),NJDOT,New Bridge Construction
17122,122,506003P,STRUCTURAL STEEL,1,LS,6/22/2017 10:00,MORRIS,NHP-0080(316),NJDOT,Bridge Replacement
17122,122,506003P,STRUCTURAL STEEL,1,LS,6/22/2017 10:00,MORRIS,NHP-0080(316),NJDOT,Bridge Replacement
17127,127,506003P,STRUCTURAL STEEL,1,LS,6/22/2017 10:00,GLOUCESTER,NHP-0042(300),NJDOT,New Bridge Construction
17127,127,506003P,STRUCTURAL STEEL,1,LS,6/22/2017 10:00,GLOUCESTER,NHP-0042(300),NJDOT,New Bridge Construction
17131,131,506003P,STRUCTURAL STEEL,1,LS,6/20/2017 10:00,HUNTERDON,NHP-0031(329),NJDOT,Bridge Replacement
17108,108,506003P,"STRUCTURAL STEEL (APPROX 5,786,000 LBS)",1,LS,6/1/2017 10:00,HUDSON,100% STATE,NJDOT,New Bridge Construction
17108,108,506003P,"STRUCTURAL STEEL (APPROX 1,799,000 LBS)",1,LS,6/1/2017 10:00,HUDSON,100% STATE,NJDOT,New Bridge Construction
17108,108,506003P,"STRUCTURAL STEEL (APPROX 1,889,000 LBS)",1,LS,6/1/2017 10:00,HUDSON,100% STATE,NJDOT,New Bridge Construction
17108,108,506003P,"STRUCTURAL STEEL (APPROX 987,000 LBS)",1,LS,6/1/2017 10:00,HUDSON,100% STATE,NJDOT,New Bridge Construction
17108,108,506003P,"STRUCTURAL STEEL (APPROX 352,000 LBS)",1,LS,6/1/2017 10:00,HUDSON,100% STATE,NJDOT,New Bridge Construction
17110,434,506003P,"STRUCTURAL STEEL (APPROX. 3,265,000 LBS)",1,LS,5/18/2017 10:00,HUDSON,100% STATE,NJDOT,New Bridge Construction
16143,143,506003P,STRUCTURAL STEEL,1,LS,2/16/2017 10:00,MIDDLESEX,NHP-0440(202),NJDOT,Bridge Replacement
16133,133,506003P,"STRUCTURAL STEEL 257,000 LB",1,LS,1/12/2017 10:00,HUNTERDON,NHP-0078(318),NJDOT,Bridge Replacement
16116,116,506003P,STRUCTURAL STEEL 205721 LBS,1,LS,6/9/2016 10:00,SOMERSET,NHP-287-3 (095),NJDOT,Miscellaneous
16116,116,506003P,STRUCTURAL STEEL 169109 LBS,1,LS,6/9/2016 10:00,SOMERSET,NHP-287-3 (095),NJDOT,Miscellaneous
15123,123,506003P,STRUCTURAL STEEL,1,LS,2/4/2016 10:00,GLOUCESTER,EB-NHP-0155(107),NJDOT,Bridge Reconstruction
15131,131,506003P,STRUCTURAL STEEL,1,LS,10/15/2015 10:00,CAMDEN,STP-4057(116),NJDOT,New Bridge Construction
15131,131,506003P,STRUCTURAL STEEL,1,LS,10/15/2015 10:00,CAMDEN,STP-4057(116),NJDOT,New Bridge Construction
15136,136,506003P,STRUCTURAL STEEL,1,LS,10/8/2015 10:00,MORRIS,BR-080-5(112),NJDOT,New Bridge Construction
14152,152,506003P,"STRUCTURAL STEEL 265,000 LBS",1,LS,9/1/2015 10:00,PASSAIC,NHP-0054(210),NJDOT,New Bridge Construction
14152,152,506003P,"STRUCTURAL STEEL 475,000 LBS",1,LS,9/1/2015 10:00,PASSAIC,NHP-0054(210),NJDOT,New Bridge Construction
15111,111,506003P,STRUCTURAL STEEL,1,LS,6/9/2015 10:00,SALEM,STP-0153(107),NJDOT,Bridge Reconstruction
14160,160,506003P,STRUCTURAL STEEL,1,LS,2/26/2015 10:22,UNION,NHP-0040(192),NJDOT,New Bridge Construction
14129,129,506003P,"STRUCTURAL STEEL (APPROX 7,031,000 LBS)",1,LS,12/9/2014 10:00,HUDSON,100% State,NJDOT,New Bridge Construction
14129,129,506003P,"STRUCTURAL STEEL (LIFT SPAN) (APPROX 2,227,000 LBS)",1,LS,12/9/2014 10:00,HUDSON,100% State,NJDOT,New Bridge Construction
14129,129,506003P,"STRUCTURAL STEEL (FINGER JOINTS) (APPROX 126,000 LBS)",1,LS,12/9/2014 10:00,HUDSON,100% State,NJDOT,New Bridge Construction
14129,129,506003P,"STRUCTURAL STEEL (TOWERS) (APPROX 2,826,000 LBS)",1,LS,12/9/2014 10:00,HUDSON,100% State,NJDOT,New Bridge Construction
14129,129,506003P,"STRUCTURAL STEEL (MISCELLANEOUS) (APPROX 43,000 LBS)",1,LS,12/9/2014 10:00,HUDSON,100% State,NJDOT,New Bridge Construction
14154,154,506003P,STRUCTURAL STEEL 235 LBS,1,LS,11/13/2014 10:00,OCEAN,NHP-0019(129),NJDOT,Bridge Reconstruction
14133,133,506003P,STRUCTURAL STEEL,1,LS,11/6/2014 10:00,OCEAN,NHP-0022(108),NJDOT,Bridge Replacement
14140,140,506003P,STRUCTURAL STEEL,1,LS,10/9/2014 10:00,HUDSON,NHP-7675(123),NJDOT,Bridge Reconstruction
14102,102,506003P,STRUCTURAL STEEL,1,LS,4/29/2014 10:00,MIDDLESEX,NHP-0029(171),NJDOT,New Bridge Construction
14102,102,506003P,STRUCTURAL STEEL,1,LS,4/29/2014 10:00,MIDDLESEX,NHP-0029(171),NJDOT,New Bridge Construction
13160,160,506003P,STRUCTURAL STEEL,1,LS,3/25/2014 10:00,HUDSON,100% State,NJDOT,Bridge Replacement
13158,158,506003P,STRUCTURAL STEEL,1,LS,1/7/2014 10:00,MORRIS,NHP-7741(146),NJDOT,Bridge Replacement
13150,150,506003P,STRUCTURAL STEEL,1,LS,11/7/2013 10:00,ATLANTIC,NHP-BR-0013(123),NJDOT,Bridge Reconstruction
13150,150,506003P,STRUCTURAL STEEL,1,LS,11/7/2013 10:00,ATLANTIC,NHP-BR-0013(123),NJDOT,Bridge Reconstruction
13149,149,506003P,STRUCTURAL STEEL,1,LS,10/17/2013 10:00,WARREN,STP-0052(111),NJDOT,Bridge Replacement
13149,149,506003P,STRUCTURAL STEEL,1,LS,10/17/2013 10:00,WARREN,STP-0052(111),NJDOT,Bridge Replacement
13121,121,506003P,"STRUCTURAL STEEL (3,560,000 LB)",1,LS,6/11/2013 10:00,HUDSON,,NJDOT,New Bridge Construction
13121,121,506003P,"STRUCTURAL STEEL (110,000 LB)",1,LS,6/11/2013 10:00,HUDSON,,NJDOT,New Bridge Construction
13123,123,506003P,STRUCTURAL STEEL,1,LS,6/4/2013 10:00,ESSEX,NHP-0045(133),NJDOT,Bridge Reconstruction
13123,123,506003P,STRUCTURAL STEEL,1,LS,6/4/2013 10:00,ESSEX,NHP-0045(133),NJDOT,Bridge Reconstruction
13123,123,506003P,STRUCTURAL STEEL,1,LS,6/4/2013 10:00,ESSEX,NHP-0045(133),NJDOT,Bridge Reconstruction
13119,119,506003P,STRUCTURAL STEEL,1,LS,5/23/2013 10:00,HUDSON,051123250,NJDOT,Bridge Replacement
13119,119,506003P,STRUCTURAL STEEL,1,LS,5/23/2013 10:00,HUDSON,051123250,NJDOT,Bridge Replacement
13102,102,506003P,STRUCTURAL STEEL,1,LS,3/7/2013 10:00,OCEAN,NHP-0019(120),NJDOT,New Bridge Construction
12149,149,506003P,STRUCTURAL STEEL,1,LS,1/15/2013 10:00,SUSSEX,STP-MG-0054(206),NJDOT,New Bridge Construction
12145,145,506003P,STRUCTURAL STEEL,1,LS,10/11/2012 10:00,MERCER,BR-0017(171),NJDOT,Bridge Replacement
11135,135,506003P,STRUCTURAL STEEL,1,LS,8/16/2012 10:00,GLOUCESTER,BR-0012(112),NJDOT,Bridge Reconstruction
12126,126,506003P,"STRUCTURAL STEEL (APPROX 6,660,000 LBS)",1,LS,7/12/2012 10:00,HUDSON,N.A.,NJDOT,New Bridge Construction
12129,129,506003P,STRUCTURAL STEEL,1,LS,6/14/2012 10:00,MORRIS,IM-080-5(098),NJDOT,New Bridge Construction
12129,129,506003P,STRUCTURAL STEEL,1,LS,6/14/2012 10:00,MORRIS,IM-080-5(098),NJDOT,New Bridge Construction
12130,130,506003P,STRUCTURAL STEEL,1,LS,6/14/2012 10:00,MORRIS,IM-287-3(085),NJDOT,Bridge Replacement
12102,102,506003P,STRUCTURAL STEEL,1,LS,3/15/2012 10:00,HUDSON,BR-0058(105),NJDOT,Bridge Replacement
11145,145,506003P,STRUCTURAL STEEL,1,LS,1/12/2012 10:00,CAMDEN,BR-4057(108),NJDOT,New Bridge Construction
11136,136,506003P,STRUCTURAL STEEL,1,LS,11/22/2011 10:00,CAMDEN,BR-STP-0016(163),NJDOT,New Bridge Construction
11136,136,506003P,STRUCTURAL STEEL,1,LS,11/22/2011 10:00,CAMDEN,BR-STP-0016(163),NJDOT,New Bridge Construction
11128,128,506003P,"STRUCTURAL STEEL (APPROXIMATE TOTAL: 229,000 LBS)",1,LS,10/20/2011 10:00,HUNTERDON,BR-HPP-0037(142),NJDOT,New Bridge Construction
11131,131,506003P,STRUCTURAL STEEL,1,LS,10/20/2011 10:00,MORRIS,BR-7741(141),NJDOT,New Bridge Construction
11112,112,506003P,STRUCTURAL STEEL,1,LS,6/16/2011 10:00,MIDDLESEX,BR-7811(117),NJDOT,New Bridge Construction
11117,117,506003P,STRUCTURAL STEEL,1,LS,6/16/2011 10:00,MORRIS,NHS-0035(180),NJDOT,New Bridge Construction
11111,111,506003P,STRUCTURAL STEEL,1,LS,5/19/2011 10:00,HUDSON,STATE,NJDOT,Miscellaneous
10124,124,506003P,STRUCTURAL STEEL,1,LS,10/21/2010 10:00,ATLANTIC,BR-0016(159),NJDOT,Bridge Reconstruction
10122,122,506003P,STRUCTURAL STEEL,1,LS,10/7/2010 10:00,HUNTERDON,FS-BR-078-5(104),NJDOT,Bridge Replacement
10127,127,506003P,STRUCTURAL STEEL,1,LS,10/7/2010 10:00,BERGEN,IM-0055(148),NJDOT,Bridge Replacement
10123,123,506003P,STRUCTURAL STEEL,1,LS,10/5/2010 10:00,WARREN,BR-0050(122),NJDOT,Bridge Reconstruction
10109,109,506003P,STRUCTURAL STEEL,1,LS,5/27/2010 10:00,SOMERSET,NHS-0035(179),NJDOT,New Bridge Construction
