Proposal,Call Order,Section Number,Section Description,Line,Item,Alternate Code,Item Description,Quantity,Unit,Vendor Name,Unit Price,Extension
11111,111,0001,ROADWAY,0001,151003M,,PERFORMANCE BOND AND PAYMENT BOND,1,LS,"CONTI ENTERPRISES, INC.","$350,000.00","$350,000.00"
11111,111,0001,ROADWAY,0001,151003M,,PERFORMANCE BOND AND PAYMENT BOND,1,LS,"UNION PAVING & CONSTRUCTION CO., INC.","$325,000.00","$325,000.00"
11111,111,0001,ROADWAY,0001,151003M,,PERFORMANCE BOND AND PAYMENT BOND,1,LS,TUTOR PERINI CORPORATION,"$703,000.00","$703,000.00"
11111,111,0001,ROADWAY,0001,151003M,,PERFORMANCE BOND AND PAYMENT BOND,1,LS,J-V WEEKS/KIEWIT,"$325,000.00","$325,000.00"
11111,111,0001,ROADWAY,0001,151003M,,PERFORMANCE BOND AND PAYMENT BOND,1,LS,"GEORGE HARMS CONSTRUCTION COMPANY, INC.","$350,000.00","$350,000.00"
11111,111,0001,ROADWAY,0001,151003M,,PERFORMANCE BOND AND PAYMENT BOND,1,LS,"AGATE CONSTRUCTION CO., INC.","$200,000.00","$200,000.00"
11111,111,0001,ROADWAY,0001,151003M,,PERFORMANCE BOND AND PAYMENT BOND,1,LS,J-V EE CRUZ & FLATIRON CONSTRUCTORS,"$1,060,000.00","$1,060,000.00"
11111,111,0001,ROADWAY,0001,151003M,,PERFORMANCE BOND AND PAYMENT BOND,1,LS,J H REID GENERAL CONTRACTOR,"$600,000.00","$600,000.00"
11111,111,0001,ROADWAY,0001,151003M,,PERFORMANCE BOND AND PAYMENT BOND,1,LS,DRISCOLL  J/V  PIERSON,"$375,000.00","$375,000.00"
11111,111,0003,NON-PARTICIPATING (ROADWAY),0002,152003P,,OWNER'S AND CONTRACTOR'S PROTECTIVE LIABILITY INSURANCE,1,LS,"CONTI ENTERPRISES, INC.","$10,000.00","$10,000.00"
11111,111,0003,NON-PARTICIPATING (ROADWAY),0002,152003P,,OWNER'S AND CONTRACTOR'S PROTECTIVE LIABILITY INSURANCE,1,LS,"UNION PAVING & CONSTRUCTION CO., INC.","$65,000.00","$65,000.00"
11111,111,0003,NON-PARTICIPATING (ROADWAY),0002,152003P,,OWNER'S AND CONTRACTOR'S PROTECTIVE LIABILITY INSURANCE,1,LS,TUTOR PERINI CORPORATION,"$100,000.00","$100,000.00"
11111,111,0003,NON-PARTICIPATING (ROADWAY),0002,152003P,,OWNER'S AND CONTRACTOR'S PROTECTIVE LIABILITY INSURANCE,1,LS,J-V WEEKS/KIEWIT,"$100,000.00","$100,000.00"
11111,111,0003,NON-PARTICIPATING (ROADWAY),0002,152003P,,OWNER'S AND CONTRACTOR'S PROTECTIVE LIABILITY INSURANCE,1,LS,"GEORGE HARMS CONSTRUCTION COMPANY, INC.","$65,000.00","$65,000.00"
11111,111,0003,NON-PARTICIPATING (ROADWAY),0002,152003P,,OWNER'S AND CONTRACTOR'S PROTECTIVE LIABILITY INSURANCE,1,LS,"AGATE CONSTRUCTION CO., INC.","$70,000.00","$70,000.00"
11111,111,0003,NON-PARTICIPATING (ROADWAY),0002,152003P,,OWNER'S AND CONTRACTOR'S PROTECTIVE LIABILITY INSURANCE,1,LS,J-V EE CRUZ & FLATIRON CONSTRUCTORS,"$96,500.00","$96,500.00"
11111,111,0003,NON-PARTICIPATING (ROADWAY),0002,152003P,,OWNER'S AND CONTRACTOR'S PROTECTIVE LIABILITY INSURANCE,1,LS,J H REID GENERAL CONTRACTOR,"$100,000.00","$100,000.00"
11111,111,0003,NON-PARTICIPATING (ROADWAY),0002,152003P,,OWNER'S AND CONTRACTOR'S PROTECTIVE LIABILITY INSURANCE,1,LS,DRISCOLL  J/V  PIERSON,"$95,000.00","$95,000.00"
11111,111,0003,NON-PARTICIPATING (ROADWAY),0003,152006P,,RAILROAD PROTECTIVE LIABILITY INSURANCE,1,LS,"CONTI ENTERPRISES, INC.","$15,000.00","$15,000.00"
11111,111,0003,NON-PARTICIPATING (ROADWAY),0003,152006P,,RAILROAD PROTECTIVE LIABILITY INSURANCE,1,LS,"UNION PAVING & CONSTRUCTION CO., INC.","$10,000.00","$10,000.00"
11111,111,0003,NON-PARTICIPATING (ROADWAY),0003,152006P,,RAILROAD PROTECTIVE LIABILITY INSURANCE,1,LS,TUTOR PERINI CORPORATION,"$280,000.00","$280,000.00"
11111,111,0003,NON-PARTICIPATING (ROADWAY),0003,152006P,,RAILROAD PROTECTIVE LIABILITY INSURANCE,1,LS,J-V WEEKS/KIEWIT,"$25,000.00","$25,000.00"
11111,111,0003,NON-PARTICIPATING (ROADWAY),0003,152006P,,RAILROAD PROTECTIVE LIABILITY INSURANCE,1,LS,"GEORGE HARMS CONSTRUCTION COMPANY, INC.","$27,500.00","$27,500.00"
11111,111,0003,NON-PARTICIPATING (ROADWAY),0003,152006P,,RAILROAD PROTECTIVE LIABILITY INSURANCE,1,LS,"AGATE CONSTRUCTION CO., INC.","$270,000.00","$270,000.00"
11111,111,0003,NON-PARTICIPATING (ROADWAY),0003,152006P,,RAILROAD PROTECTIVE LIABILITY INSURANCE,1,LS,J-V EE CRUZ & FLATIRON CONSTRUCTORS,"$26,250.00","$26,250.00"
11111,111,0003,NON-PARTICIPATING (ROADWAY),0003,152006P,,RAILROAD PROTECTIVE LIABILITY INSURANCE,1,LS,J H REID GENERAL CONTRACTOR,"$400,000.00","$400,000.00"
11111,111,0003,NON-PARTICIPATING (ROADWAY),0003,152006P,,RAILROAD PROTECTIVE LIABILITY INSURANCE,1,LS,DRISCOLL  J/V  PIERSON,"$250,000.00","$250,000.00"
11111,111,0003,NON-PARTICIPATING (ROADWAY),0004,152009P,,POLLUTION LIABILITY INSURANCE,1,LS,"CONTI ENTERPRISES, INC.","$5,000.00","$5,000.00"
11111,111,0003,NON-PARTICIPATING (ROADWAY),0004,152009P,,POLLUTION LIABILITY INSURANCE,1,LS,"UNION PAVING & CONSTRUCTION CO., INC.","$30,000.00","$30,000.00"
11111,111,0003,NON-PARTICIPATING (ROADWAY),0004,152009P,,POLLUTION LIABILITY INSURANCE,1,LS,TUTOR PERINI CORPORATION,"$17,000.00","$17,000.00"
11111,111,0003,NON-PARTICIPATING (ROADWAY),0004,152009P,,POLLUTION LIABILITY INSURANCE,1,LS,J-V WEEKS/KIEWIT,"$20,000.00","$20,000.00"
11111,111,0003,NON-PARTICIPATING (ROADWAY),0004,152009P,,POLLUTION LIABILITY INSURANCE,1,LS,"GEORGE HARMS CONSTRUCTION COMPANY, INC.","$42,500.00","$42,500.00"
11111,111,0003,NON-PARTICIPATING (ROADWAY),0004,152009P,,POLLUTION LIABILITY INSURANCE,1,LS,"AGATE CONSTRUCTION CO., INC.","$50,000.00","$50,000.00"
11111,111,0003,NON-PARTICIPATING (ROADWAY),0004,152009P,,POLLUTION LIABILITY INSURANCE,1,LS,J-V EE CRUZ & FLATIRON CONSTRUCTORS,"$68,250.00","$68,250.00"
11111,111,0003,NON-PARTICIPATING (ROADWAY),0004,152009P,,POLLUTION LIABILITY INSURANCE,1,LS,J H REID GENERAL CONTRACTOR,"$70,000.00","$70,000.00"
11111,111,0003,NON-PARTICIPATING (ROADWAY),0004,152009P,,POLLUTION LIABILITY INSURANCE,1,LS,DRISCOLL  J/V  PIERSON,"$105,000.00","$105,000.00"
11111,111,0001,ROADWAY,0005,153003P,,PROGRESS SCHEDULE,1,LS,"CONTI ENTERPRISES, INC.","$50,000.00","$50,000.00"
11111,111,0001,ROADWAY,0005,153003P,,PROGRESS SCHEDULE,1,LS,"UNION PAVING & CONSTRUCTION CO., INC.","$10,000.00","$10,000.00"
11111,111,0001,ROADWAY,0005,153003P,,PROGRESS SCHEDULE,1,LS,TUTOR PERINI CORPORATION,"$25,000.00","$25,000.00"
11111,111,0001,ROADWAY,0005,153003P,,PROGRESS SCHEDULE,1,LS,J-V WEEKS/KIEWIT,"$10,000.00","$10,000.00"
11111,111,0001,ROADWAY,0005,153003P,,PROGRESS SCHEDULE,1,LS,"GEORGE HARMS CONSTRUCTION COMPANY, INC.","$13,500.00","$13,500.00"
11111,111,0001,ROADWAY,0005,153003P,,PROGRESS SCHEDULE,1,LS,"AGATE CONSTRUCTION CO., INC.","$100,000.00","$100,000.00"
11111,111,0001,ROADWAY,0005,153003P,,PROGRESS SCHEDULE,1,LS,J-V EE CRUZ & FLATIRON CONSTRUCTORS,"$25,000.00","$25,000.00"
11111,111,0001,ROADWAY,0005,153003P,,PROGRESS SCHEDULE,1,LS,J H REID GENERAL CONTRACTOR,"$40,000.00","$40,000.00"
11111,111,0001,ROADWAY,0005,153003P,,PROGRESS SCHEDULE,1,LS,DRISCOLL  J/V  PIERSON,"$50,000.00","$50,000.00"
11111,111,0001,ROADWAY,0006,153006P,,PROGRESS SCHEDULE UPDATE,14,U,"CONTI ENTERPRISES, INC.","$2,000.00","$28,000.00"
11111,111,0001,ROADWAY,0006,153006P,,PROGRESS SCHEDULE UPDATE,14,U,"UNION PAVING & CONSTRUCTION CO., INC.",$500.00,"$7,000.00"
11111,111,0001,ROADWAY,0006,153006P,,PROGRESS SCHEDULE UPDATE,14,U,TUTOR PERINI CORPORATION,"$2,000.00","$28,000.00"
11111,111,0001,ROADWAY,0006,153006P,,PROGRESS SCHEDULE UPDATE,14,U,J-V WEEKS/KIEWIT,"$1,500.00","$21,000.00"
11111,111,0001,ROADWAY,0006,153006P,,PROGRESS SCHEDULE UPDATE,14,U,"GEORGE HARMS CONSTRUCTION COMPANY, INC.",$400.00,"$5,600.00"
11111,111,0001,ROADWAY,0006,153006P,,PROGRESS SCHEDULE UPDATE,14,U,"AGATE CONSTRUCTION CO., INC.","$5,000.00","$70,000.00"
11111,111,0001,ROADWAY,0006,153006P,,PROGRESS SCHEDULE UPDATE,14,U,J-V EE CRUZ & FLATIRON CONSTRUCTORS,"$1,000.00","$14,000.00"
11111,111,0001,ROADWAY,0006,153006P,,PROGRESS SCHEDULE UPDATE,14,U,J H REID GENERAL CONTRACTOR,$750.00,"$10,500.00"
11111,111,0001,ROADWAY,0006,153006P,,PROGRESS SCHEDULE UPDATE,14,U,DRISCOLL  J/V  PIERSON,$800.00,"$11,200.00"
11111,111,0001,ROADWAY,0007,154003P,,MOBILIZATION,1,LS,"CONTI ENTERPRISES, INC.","$5,700,000.00","$5,700,000.00"
11111,111,0001,ROADWAY,0007,154003P,,MOBILIZATION,1,LS,"UNION PAVING & CONSTRUCTION CO., INC.","$6,145,000.00","$6,145,000.00"
11111,111,0001,ROADWAY,0007,154003P,,MOBILIZATION,1,LS,TUTOR PERINI CORPORATION,"$7,280,347.00","$7,280,347.00"
11111,111,0001,ROADWAY,0007,154003P,,MOBILIZATION,1,LS,J-V WEEKS/KIEWIT,"$6,332,000.00","$6,332,000.00"
11111,111,0001,ROADWAY,0007,154003P,,MOBILIZATION,1,LS,"GEORGE HARMS CONSTRUCTION COMPANY, INC.","$8,240,000.00","$8,240,000.00"
11111,111,0001,ROADWAY,0007,154003P,,MOBILIZATION,1,LS,"AGATE CONSTRUCTION CO., INC.","$8,649,417.46","$8,649,417.46"
11111,111,0001,ROADWAY,0007,154003P,,MOBILIZATION,1,LS,J-V EE CRUZ & FLATIRON CONSTRUCTORS,"$8,000,000.00","$8,000,000.00"
11111,111,0001,ROADWAY,0007,154003P,,MOBILIZATION,1,LS,J H REID GENERAL CONTRACTOR,"$9,250,000.00","$9,250,000.00"
11111,111,0001,ROADWAY,0007,154003P,,MOBILIZATION,1,LS,DRISCOLL  J/V  PIERSON,"$9,990,000.00","$9,990,000.00"
11111,111,0002,CONSTRUCTION ENGINEERING,0008,155018M,,FIELD OFFICE TYPE F SET UP,1,U,"CONTI ENTERPRISES, INC.","$125,000.00","$125,000.00"
11111,111,0002,CONSTRUCTION ENGINEERING,0008,155018M,,FIELD OFFICE TYPE F SET UP,1,U,"UNION PAVING & CONSTRUCTION CO., INC.","$45,000.00","$45,000.00"
11111,111,0002,CONSTRUCTION ENGINEERING,0008,155018M,,FIELD OFFICE TYPE F SET UP,1,U,TUTOR PERINI CORPORATION,"$170,000.00","$170,000.00"
11111,111,0002,CONSTRUCTION ENGINEERING,0008,155018M,,FIELD OFFICE TYPE F SET UP,1,U,J-V WEEKS/KIEWIT,"$200,000.00","$200,000.00"
11111,111,0002,CONSTRUCTION ENGINEERING,0008,155018M,,FIELD OFFICE TYPE F SET UP,1,U,"GEORGE HARMS CONSTRUCTION COMPANY, INC.","$200,000.00","$200,000.00"
11111,111,0002,CONSTRUCTION ENGINEERING,0008,155018M,,FIELD OFFICE TYPE F SET UP,1,U,"AGATE CONSTRUCTION CO., INC.","$75,000.00","$75,000.00"
11111,111,0002,CONSTRUCTION ENGINEERING,0008,155018M,,FIELD OFFICE TYPE F SET UP,1,U,J-V EE CRUZ & FLATIRON CONSTRUCTORS,"$400,000.00","$400,000.00"
11111,111,0002,CONSTRUCTION ENGINEERING,0008,155018M,,FIELD OFFICE TYPE F SET UP,1,U,J H REID GENERAL CONTRACTOR,"$180,000.00","$180,000.00"
11111,111,0002,CONSTRUCTION ENGINEERING,0008,155018M,,FIELD OFFICE TYPE F SET UP,1,U,DRISCOLL  J/V  PIERSON,"$200,000.00","$200,000.00"
11111,111,0002,CONSTRUCTION ENGINEERING,0009,155036M,,FIELD OFFICE TYPE F MAINTENANCE,32,MO,"CONTI ENTERPRISES, INC.","$7,500.00","$240,000.00"
11111,111,0002,CONSTRUCTION ENGINEERING,0009,155036M,,FIELD OFFICE TYPE F MAINTENANCE,32,MO,"UNION PAVING & CONSTRUCTION CO., INC.","$4,000.00","$128,000.00"
11111,111,0002,CONSTRUCTION ENGINEERING,0009,155036M,,FIELD OFFICE TYPE F MAINTENANCE,32,MO,TUTOR PERINI CORPORATION,$500.00,"$16,000.00"
11111,111,0002,CONSTRUCTION ENGINEERING,0009,155036M,,FIELD OFFICE TYPE F MAINTENANCE,32,MO,J-V WEEKS/KIEWIT,"$2,000.00","$64,000.00"
11111,111,0002,CONSTRUCTION ENGINEERING,0009,155036M,,FIELD OFFICE TYPE F MAINTENANCE,32,MO,"GEORGE HARMS CONSTRUCTION COMPANY, INC.","$4,450.00","$142,400.00"
11111,111,0002,CONSTRUCTION ENGINEERING,0009,155036M,,FIELD OFFICE TYPE F MAINTENANCE,32,MO,"AGATE CONSTRUCTION CO., INC.","$8,000.00","$256,000.00"
11111,111,0002,CONSTRUCTION ENGINEERING,0009,155036M,,FIELD OFFICE TYPE F MAINTENANCE,32,MO,J-V EE CRUZ & FLATIRON CONSTRUCTORS,"$3,500.00","$112,000.00"
11111,111,0002,CONSTRUCTION ENGINEERING,0009,155036M,,FIELD OFFICE TYPE F MAINTENANCE,32,MO,J H REID GENERAL CONTRACTOR,"$5,000.00","$160,000.00"
11111,111,0002,CONSTRUCTION ENGINEERING,0009,155036M,,FIELD OFFICE TYPE F MAINTENANCE,32,MO,DRISCOLL  J/V  PIERSON,"$2,500.00","$80,000.00"
11111,111,0002,CONSTRUCTION ENGINEERING,0010,155039M,,TELEPHONE SERVICE,1,LS,"CONTI ENTERPRISES, INC.","$12,800.00","$12,800.00"
11111,111,0002,CONSTRUCTION ENGINEERING,0010,155039M,,TELEPHONE SERVICE,1,LS,"UNION PAVING & CONSTRUCTION CO., INC.","$12,800.00","$12,800.00"
11111,111,0002,CONSTRUCTION ENGINEERING,0010,155039M,,TELEPHONE SERVICE,1,LS,TUTOR PERINI CORPORATION,"$12,800.00","$12,800.00"
11111,111,0002,CONSTRUCTION ENGINEERING,0010,155039M,,TELEPHONE SERVICE,1,LS,J-V WEEKS/KIEWIT,"$12,800.00","$12,800.00"
11111,111,0002,CONSTRUCTION ENGINEERING,0010,155039M,,TELEPHONE SERVICE,1,LS,"GEORGE HARMS CONSTRUCTION COMPANY, INC.","$12,800.00","$12,800.00"
11111,111,0002,CONSTRUCTION ENGINEERING,0010,155039M,,TELEPHONE SERVICE,1,LS,"AGATE CONSTRUCTION CO., INC.","$12,800.00","$12,800.00"
11111,111,0002,CONSTRUCTION ENGINEERING,0010,155039M,,TELEPHONE SERVICE,1,LS,J-V EE CRUZ & FLATIRON CONSTRUCTORS,"$12,800.00","$12,800.00"
11111,111,0002,CONSTRUCTION ENGINEERING,0010,155039M,,TELEPHONE SERVICE,1,LS,J H REID GENERAL CONTRACTOR,"$12,800.00","$12,800.00"
11111,111,0002,CONSTRUCTION ENGINEERING,0010,155039M,,TELEPHONE SERVICE,1,LS,DRISCOLL  J/V  PIERSON,"$12,800.00","$12,800.00"
11111,111,0001,ROADWAY,0011,157003M,,CONSTRUCTION LAYOUT,1,LS,"CONTI ENTERPRISES, INC.","$750,000.00","$750,000.00"
11111,111,0001,ROADWAY,0011,157003M,,CONSTRUCTION LAYOUT,1,LS,"UNION PAVING & CONSTRUCTION CO., INC.","$237,000.00","$237,000.00"
11111,111,0001,ROADWAY,0011,157003M,,CONSTRUCTION LAYOUT,1,LS,TUTOR PERINI CORPORATION,"$400,000.00","$400,000.00"
11111,111,0001,ROADWAY,0011,157003M,,CONSTRUCTION LAYOUT,1,LS,J-V WEEKS/KIEWIT,"$10,000.00","$10,000.00"
11111,111,0001,ROADWAY,0011,157003M,,CONSTRUCTION LAYOUT,1,LS,"GEORGE HARMS CONSTRUCTION COMPANY, INC.","$1,068,000.00","$1,068,000.00"
11111,111,0001,ROADWAY,0011,157003M,,CONSTRUCTION LAYOUT,1,LS,"AGATE CONSTRUCTION CO., INC.","$363,546.44","$363,546.44"
11111,111,0001,ROADWAY,0011,157003M,,CONSTRUCTION LAYOUT,1,LS,J-V EE CRUZ & FLATIRON CONSTRUCTORS,"$493,657.50","$493,657.50"
11111,111,0001,ROADWAY,0011,157003M,,CONSTRUCTION LAYOUT,1,LS,J H REID GENERAL CONTRACTOR,"$1,200,000.00","$1,200,000.00"
11111,111,0001,ROADWAY,0011,157003M,,CONSTRUCTION LAYOUT,1,LS,DRISCOLL  J/V  PIERSON,"$950,000.00","$950,000.00"
11111,111,0004,EROSION CONTROL,0012,158009M,,"HEAVY DUTY SILT FENCE, ORANGE",600,LF,"CONTI ENTERPRISES, INC.",$7.00,"$4,200.00"
11111,111,0004,EROSION CONTROL,0012,158009M,,"HEAVY DUTY SILT FENCE, ORANGE",600,LF,"UNION PAVING & CONSTRUCTION CO., INC.",$6.00,"$3,600.00"
11111,111,0004,EROSION CONTROL,0012,158009M,,"HEAVY DUTY SILT FENCE, ORANGE",600,LF,TUTOR PERINI CORPORATION,$12.00,"$7,200.00"
11111,111,0004,EROSION CONTROL,0012,158009M,,"HEAVY DUTY SILT FENCE, ORANGE",600,LF,J-V WEEKS/KIEWIT,$15.00,"$9,000.00"
11111,111,0004,EROSION CONTROL,0012,158009M,,"HEAVY DUTY SILT FENCE, ORANGE",600,LF,"GEORGE HARMS CONSTRUCTION COMPANY, INC.",$8.50,"$5,100.00"
11111,111,0004,EROSION CONTROL,0012,158009M,,"HEAVY DUTY SILT FENCE, ORANGE",600,LF,"AGATE CONSTRUCTION CO., INC.",$12.00,"$7,200.00"
11111,111,0004,EROSION CONTROL,0012,158009M,,"HEAVY DUTY SILT FENCE, ORANGE",600,LF,J-V EE CRUZ & FLATIRON CONSTRUCTORS,$25.00,"$15,000.00"
11111,111,0004,EROSION CONTROL,0012,158009M,,"HEAVY DUTY SILT FENCE, ORANGE",600,LF,J H REID GENERAL CONTRACTOR,$20.00,"$12,000.00"
11111,111,0004,EROSION CONTROL,0012,158009M,,"HEAVY DUTY SILT FENCE, ORANGE",600,LF,DRISCOLL  J/V  PIERSON,$20.00,"$12,000.00"
11111,111,0004,EROSION CONTROL,0013,158012M,,"HEAVY DUTY SILT FENCE, BLACK",600,LF,"CONTI ENTERPRISES, INC.",$7.00,"$4,200.00"
11111,111,0004,EROSION CONTROL,0013,158012M,,"HEAVY DUTY SILT FENCE, BLACK",600,LF,"UNION PAVING & CONSTRUCTION CO., INC.",$6.00,"$3,600.00"
11111,111,0004,EROSION CONTROL,0013,158012M,,"HEAVY DUTY SILT FENCE, BLACK",600,LF,TUTOR PERINI CORPORATION,$12.00,"$7,200.00"
11111,111,0004,EROSION CONTROL,0013,158012M,,"HEAVY DUTY SILT FENCE, BLACK",600,LF,J-V WEEKS/KIEWIT,$15.00,"$9,000.00"
11111,111,0004,EROSION CONTROL,0013,158012M,,"HEAVY DUTY SILT FENCE, BLACK",600,LF,"GEORGE HARMS CONSTRUCTION COMPANY, INC.",$8.50,"$5,100.00"
11111,111,0004,EROSION CONTROL,0013,158012M,,"HEAVY DUTY SILT FENCE, BLACK",600,LF,"AGATE CONSTRUCTION CO., INC.",$12.00,"$7,200.00"
11111,111,0004,EROSION CONTROL,0013,158012M,,"HEAVY DUTY SILT FENCE, BLACK",600,LF,J-V EE CRUZ & FLATIRON CONSTRUCTORS,$25.00,"$15,000.00"
11111,111,0004,EROSION CONTROL,0013,158012M,,"HEAVY DUTY SILT FENCE, BLACK",600,LF,J H REID GENERAL CONTRACTOR,$20.00,"$12,000.00"
11111,111,0004,EROSION CONTROL,0013,158012M,,"HEAVY DUTY SILT FENCE, BLACK",600,LF,DRISCOLL  J/V  PIERSON,$20.00,"$12,000.00"
11111,111,0004,EROSION CONTROL,0014,158015M,,HAYBALE,150,U,"CONTI ENTERPRISES, INC.",$30.00,"$4,500.00"
11111,111,0004,EROSION CONTROL,0014,158015M,,HAYBALE,150,U,"UNION PAVING & CONSTRUCTION CO., INC.",$10.00,"$1,500.00"
11111,111,0004,EROSION CONTROL,0014,158015M,,HAYBALE,150,U,TUTOR PERINI CORPORATION,$70.00,"$10,500.00"
11111,111,0004,EROSION CONTROL,0014,158015M,,HAYBALE,150,U,J-V WEEKS/KIEWIT,$25.00,"$3,750.00"
11111,111,0004,EROSION CONTROL,0014,158015M,,HAYBALE,150,U,"GEORGE HARMS CONSTRUCTION COMPANY, INC.",$50.00,"$7,500.00"
11111,111,0004,EROSION CONTROL,0014,158015M,,HAYBALE,150,U,"AGATE CONSTRUCTION CO., INC.",$20.00,"$3,000.00"
11111,111,0004,EROSION CONTROL,0014,158015M,,HAYBALE,150,U,J-V EE CRUZ & FLATIRON CONSTRUCTORS,$50.00,"$7,500.00"
11111,111,0004,EROSION CONTROL,0014,158015M,,HAYBALE,150,U,J H REID GENERAL CONTRACTOR,$125.00,"$18,750.00"
11111,111,0004,EROSION CONTROL,0014,158015M,,HAYBALE,150,U,DRISCOLL  J/V  PIERSON,$75.00,"$11,250.00"
11111,111,0004,EROSION CONTROL,0015,158048M,,"FLOATING TURBIDITY BARRIER, TYPE 3","2,600",LF,"CONTI ENTERPRISES, INC.",$30.00,"$78,000.00"
11111,111,0004,EROSION CONTROL,0015,158048M,,"FLOATING TURBIDITY BARRIER, TYPE 3","2,600",LF,"UNION PAVING & CONSTRUCTION CO., INC.",$100.00,"$260,000.00"
11111,111,0004,EROSION CONTROL,0015,158048M,,"FLOATING TURBIDITY BARRIER, TYPE 3","2,600",LF,TUTOR PERINI CORPORATION,$25.00,"$65,000.00"
11111,111,0004,EROSION CONTROL,0015,158048M,,"FLOATING TURBIDITY BARRIER, TYPE 3","2,600",LF,J-V WEEKS/KIEWIT,$150.00,"$390,000.00"
11111,111,0004,EROSION CONTROL,0015,158048M,,"FLOATING TURBIDITY BARRIER, TYPE 3","2,600",LF,"GEORGE HARMS CONSTRUCTION COMPANY, INC.",$175.00,"$455,000.00"
11111,111,0004,EROSION CONTROL,0015,158048M,,"FLOATING TURBIDITY BARRIER, TYPE 3","2,600",LF,"AGATE CONSTRUCTION CO., INC.",$50.00,"$130,000.00"
11111,111,0004,EROSION CONTROL,0015,158048M,,"FLOATING TURBIDITY BARRIER, TYPE 3","2,600",LF,J-V EE CRUZ & FLATIRON CONSTRUCTORS,$250.00,"$650,000.00"
11111,111,0004,EROSION CONTROL,0015,158048M,,"FLOATING TURBIDITY BARRIER, TYPE 3","2,600",LF,J H REID GENERAL CONTRACTOR,$10.00,"$26,000.00"
11111,111,0004,EROSION CONTROL,0015,158048M,,"FLOATING TURBIDITY BARRIER, TYPE 3","2,600",LF,DRISCOLL  J/V  PIERSON,$150.00,"$390,000.00"
11111,111,0004,EROSION CONTROL,0016,158055M,,SEDIMENT CONTROL BAG,2,U,"CONTI ENTERPRISES, INC.","$3,000.00","$6,000.00"
11111,111,0004,EROSION CONTROL,0016,158055M,,SEDIMENT CONTROL BAG,2,U,"UNION PAVING & CONSTRUCTION CO., INC.",$600.00,"$1,200.00"
11111,111,0004,EROSION CONTROL,0016,158055M,,SEDIMENT CONTROL BAG,2,U,TUTOR PERINI CORPORATION,"$1,000.00","$2,000.00"
11111,111,0004,EROSION CONTROL,0016,158055M,,SEDIMENT CONTROL BAG,2,U,J-V WEEKS/KIEWIT,$500.00,"$1,000.00"
11111,111,0004,EROSION CONTROL,0016,158055M,,SEDIMENT CONTROL BAG,2,U,"GEORGE HARMS CONSTRUCTION COMPANY, INC.","$7,000.00","$14,000.00"
11111,111,0004,EROSION CONTROL,0016,158055M,,SEDIMENT CONTROL BAG,2,U,"AGATE CONSTRUCTION CO., INC.","$6,000.00","$12,000.00"
11111,111,0004,EROSION CONTROL,0016,158055M,,SEDIMENT CONTROL BAG,2,U,J-V EE CRUZ & FLATIRON CONSTRUCTORS,$100.00,$200.00
11111,111,0004,EROSION CONTROL,0016,158055M,,SEDIMENT CONTROL BAG,2,U,J H REID GENERAL CONTRACTOR,$250.00,$500.00
11111,111,0004,EROSION CONTROL,0016,158055M,,SEDIMENT CONTROL BAG,2,U,DRISCOLL  J/V  PIERSON,"$1,000.00","$2,000.00"
11111,111,0004,EROSION CONTROL,0017,158057M,,SEDIMENT CONTROL TANK,2,U,"CONTI ENTERPRISES, INC.","$3,600.00","$7,200.00"
11111,111,0004,EROSION CONTROL,0017,158057M,,SEDIMENT CONTROL TANK,2,U,"UNION PAVING & CONSTRUCTION CO., INC.","$10,000.00","$20,000.00"
11111,111,0004,EROSION CONTROL,0017,158057M,,SEDIMENT CONTROL TANK,2,U,TUTOR PERINI CORPORATION,"$70,000.00","$140,000.00"
11111,111,0004,EROSION CONTROL,0017,158057M,,SEDIMENT CONTROL TANK,2,U,J-V WEEKS/KIEWIT,"$2,000.00","$4,000.00"
11111,111,0004,EROSION CONTROL,0017,158057M,,SEDIMENT CONTROL TANK,2,U,"GEORGE HARMS CONSTRUCTION COMPANY, INC.","$30,000.00","$60,000.00"
11111,111,0004,EROSION CONTROL,0017,158057M,,SEDIMENT CONTROL TANK,2,U,"AGATE CONSTRUCTION CO., INC.","$10,000.00","$20,000.00"
11111,111,0004,EROSION CONTROL,0017,158057M,,SEDIMENT CONTROL TANK,2,U,J-V EE CRUZ & FLATIRON CONSTRUCTORS,"$50,000.00","$100,000.00"
11111,111,0004,EROSION CONTROL,0017,158057M,,SEDIMENT CONTROL TANK,2,U,J H REID GENERAL CONTRACTOR,"$75,000.00","$150,000.00"
11111,111,0004,EROSION CONTROL,0017,158057M,,SEDIMENT CONTROL TANK,2,U,DRISCOLL  J/V  PIERSON,"$3,000.00","$6,000.00"
11111,111,0004,EROSION CONTROL,0018,158063P,,CONCRETE WASHOUT SYSTEM,1,LS,"CONTI ENTERPRISES, INC.","$20,000.00","$20,000.00"
11111,111,0004,EROSION CONTROL,0018,158063P,,CONCRETE WASHOUT SYSTEM,1,LS,"UNION PAVING & CONSTRUCTION CO., INC.","$115,000.00","$115,000.00"
11111,111,0004,EROSION CONTROL,0018,158063P,,CONCRETE WASHOUT SYSTEM,1,LS,TUTOR PERINI CORPORATION,"$55,000.00","$55,000.00"
11111,111,0004,EROSION CONTROL,0018,158063P,,CONCRETE WASHOUT SYSTEM,1,LS,J-V WEEKS/KIEWIT,"$500,000.00","$500,000.00"
11111,111,0004,EROSION CONTROL,0018,158063P,,CONCRETE WASHOUT SYSTEM,1,LS,"GEORGE HARMS CONSTRUCTION COMPANY, INC.","$50,000.00","$50,000.00"
11111,111,0004,EROSION CONTROL,0018,158063P,,CONCRETE WASHOUT SYSTEM,1,LS,"AGATE CONSTRUCTION CO., INC.","$25,000.00","$25,000.00"
11111,111,0004,EROSION CONTROL,0018,158063P,,CONCRETE WASHOUT SYSTEM,1,LS,J-V EE CRUZ & FLATIRON CONSTRUCTORS,"$50,000.00","$50,000.00"
11111,111,0004,EROSION CONTROL,0018,158063P,,CONCRETE WASHOUT SYSTEM,1,LS,J H REID GENERAL CONTRACTOR,"$100,000.00","$100,000.00"
11111,111,0004,EROSION CONTROL,0018,158063P,,CONCRETE WASHOUT SYSTEM,1,LS,DRISCOLL  J/V  PIERSON,"$100,000.00","$100,000.00"
11111,111,0004,EROSION CONTROL,0019,158066M,,ABSORBENT BOOM,"5,600",LF,"CONTI ENTERPRISES, INC.",$15.00,"$84,000.00"
11111,111,0004,EROSION CONTROL,0019,158066M,,ABSORBENT BOOM,"5,600",LF,"UNION PAVING & CONSTRUCTION CO., INC.",$5.00,"$28,000.00"
11111,111,0004,EROSION CONTROL,0019,158066M,,ABSORBENT BOOM,"5,600",LF,TUTOR PERINI CORPORATION,$25.00,"$140,000.00"
11111,111,0004,EROSION CONTROL,0019,158066M,,ABSORBENT BOOM,"5,600",LF,J-V WEEKS/KIEWIT,$2.00,"$11,200.00"
11111,111,0004,EROSION CONTROL,0019,158066M,,ABSORBENT BOOM,"5,600",LF,"GEORGE HARMS CONSTRUCTION COMPANY, INC.",$15.25,"$85,400.00"
11111,111,0004,EROSION CONTROL,0019,158066M,,ABSORBENT BOOM,"5,600",LF,"AGATE CONSTRUCTION CO., INC.",$6.00,"$33,600.00"
11111,111,0004,EROSION CONTROL,0019,158066M,,ABSORBENT BOOM,"5,600",LF,J-V EE CRUZ & FLATIRON CONSTRUCTORS,$75.00,"$420,000.00"
11111,111,0004,EROSION CONTROL,0019,158066M,,ABSORBENT BOOM,"5,600",LF,J H REID GENERAL CONTRACTOR,$5.00,"$28,000.00"
11111,111,0004,EROSION CONTROL,0019,158066M,,ABSORBENT BOOM,"5,600",LF,DRISCOLL  J/V  PIERSON,$20.00,"$112,000.00"
11111,111,0004,EROSION CONTROL,0020,158072M,,"OIL ONLY EMERGENCY SPILL KIT, TYPE 1",4,U,"CONTI ENTERPRISES, INC.","$1,000.00","$4,000.00"
11111,111,0004,EROSION CONTROL,0020,158072M,,"OIL ONLY EMERGENCY SPILL KIT, TYPE 1",4,U,"UNION PAVING & CONSTRUCTION CO., INC.","$1,000.00","$4,000.00"
11111,111,0004,EROSION CONTROL,0020,158072M,,"OIL ONLY EMERGENCY SPILL KIT, TYPE 1",4,U,TUTOR PERINI CORPORATION,"$2,000.00","$8,000.00"
11111,111,0004,EROSION CONTROL,0020,158072M,,"OIL ONLY EMERGENCY SPILL KIT, TYPE 1",4,U,J-V WEEKS/KIEWIT,"$1,200.00","$4,800.00"
11111,111,0004,EROSION CONTROL,0020,158072M,,"OIL ONLY EMERGENCY SPILL KIT, TYPE 1",4,U,"GEORGE HARMS CONSTRUCTION COMPANY, INC.",$975.00,"$3,900.00"
11111,111,0004,EROSION CONTROL,0020,158072M,,"OIL ONLY EMERGENCY SPILL KIT, TYPE 1",4,U,"AGATE CONSTRUCTION CO., INC.",$500.00,"$2,000.00"
11111,111,0004,EROSION CONTROL,0020,158072M,,"OIL ONLY EMERGENCY SPILL KIT, TYPE 1",4,U,J-V EE CRUZ & FLATIRON CONSTRUCTORS,"$1,500.00","$6,000.00"
11111,111,0004,EROSION CONTROL,0020,158072M,,"OIL ONLY EMERGENCY SPILL KIT, TYPE 1",4,U,J H REID GENERAL CONTRACTOR,"$1,000.00","$4,000.00"
11111,111,0004,EROSION CONTROL,0020,158072M,,"OIL ONLY EMERGENCY SPILL KIT, TYPE 1",4,U,DRISCOLL  J/V  PIERSON,"$1,000.00","$4,000.00"
11111,111,0001,ROADWAY,0021,159003M,,BREAKAWAY BARRICADE,50,U,"CONTI ENTERPRISES, INC.",$100.00,"$5,000.00"
11111,111,0001,ROADWAY,0021,159003M,,BREAKAWAY BARRICADE,50,U,"UNION PAVING & CONSTRUCTION CO., INC.",$100.00,"$5,000.00"
11111,111,0001,ROADWAY,0021,159003M,,BREAKAWAY BARRICADE,50,U,TUTOR PERINI CORPORATION,$60.00,"$3,000.00"
11111,111,0001,ROADWAY,0021,159003M,,BREAKAWAY BARRICADE,50,U,J-V WEEKS/KIEWIT,$150.00,"$7,500.00"
11111,111,0001,ROADWAY,0021,159003M,,BREAKAWAY BARRICADE,50,U,"GEORGE HARMS CONSTRUCTION COMPANY, INC.",$189.00,"$9,450.00"
11111,111,0001,ROADWAY,0021,159003M,,BREAKAWAY BARRICADE,50,U,"AGATE CONSTRUCTION CO., INC.",$100.00,"$5,000.00"
11111,111,0001,ROADWAY,0021,159003M,,BREAKAWAY BARRICADE,50,U,J-V EE CRUZ & FLATIRON CONSTRUCTORS,$200.00,"$10,000.00"
11111,111,0001,ROADWAY,0021,159003M,,BREAKAWAY BARRICADE,50,U,J H REID GENERAL CONTRACTOR,$200.00,"$10,000.00"
11111,111,0001,ROADWAY,0021,159003M,,BREAKAWAY BARRICADE,50,U,DRISCOLL  J/V  PIERSON,$150.00,"$7,500.00"
11111,111,0001,ROADWAY,0022,159006M,,DRUM,50,U,"CONTI ENTERPRISES, INC.",$100.00,"$5,000.00"
11111,111,0001,ROADWAY,0022,159006M,,DRUM,50,U,"UNION PAVING & CONSTRUCTION CO., INC.",$65.00,"$3,250.00"
11111,111,0001,ROADWAY,0022,159006M,,DRUM,50,U,TUTOR PERINI CORPORATION,$90.00,"$4,500.00"
11111,111,0001,ROADWAY,0022,159006M,,DRUM,50,U,J-V WEEKS/KIEWIT,$100.00,"$5,000.00"
11111,111,0001,ROADWAY,0022,159006M,,DRUM,50,U,"GEORGE HARMS CONSTRUCTION COMPANY, INC.",$129.00,"$6,450.00"
11111,111,0001,ROADWAY,0022,159006M,,DRUM,50,U,"AGATE CONSTRUCTION CO., INC.",$70.00,"$3,500.00"
11111,111,0001,ROADWAY,0022,159006M,,DRUM,50,U,J-V EE CRUZ & FLATIRON CONSTRUCTORS,$150.00,"$7,500.00"
11111,111,0001,ROADWAY,0022,159006M,,DRUM,50,U,J H REID GENERAL CONTRACTOR,$150.00,"$7,500.00"
11111,111,0001,ROADWAY,0022,159006M,,DRUM,50,U,DRISCOLL  J/V  PIERSON,$150.00,"$7,500.00"
11111,111,0001,ROADWAY,0023,159009M,,TRAFFIC CONE,50,U,"CONTI ENTERPRISES, INC.",$20.00,"$1,000.00"
11111,111,0001,ROADWAY,0023,159009M,,TRAFFIC CONE,50,U,"UNION PAVING & CONSTRUCTION CO., INC.",$15.00,$750.00
11111,111,0001,ROADWAY,0023,159009M,,TRAFFIC CONE,50,U,TUTOR PERINI CORPORATION,$70.00,"$3,500.00"
11111,111,0001,ROADWAY,0023,159009M,,TRAFFIC CONE,50,U,J-V WEEKS/KIEWIT,$25.00,"$1,250.00"
11111,111,0001,ROADWAY,0023,159009M,,TRAFFIC CONE,50,U,"GEORGE HARMS CONSTRUCTION COMPANY, INC.",$44.00,"$2,200.00"
11111,111,0001,ROADWAY,0023,159009M,,TRAFFIC CONE,50,U,"AGATE CONSTRUCTION CO., INC.",$20.00,"$1,000.00"
11111,111,0001,ROADWAY,0023,159009M,,TRAFFIC CONE,50,U,J-V EE CRUZ & FLATIRON CONSTRUCTORS,$50.00,"$2,500.00"
11111,111,0001,ROADWAY,0023,159009M,,TRAFFIC CONE,50,U,J H REID GENERAL CONTRACTOR,$20.00,"$1,000.00"
11111,111,0001,ROADWAY,0023,159009M,,TRAFFIC CONE,50,U,DRISCOLL  J/V  PIERSON,$30.00,"$1,500.00"
11111,111,0001,ROADWAY,0024,159012M,,CONSTRUCTION SIGNS,113,SF,"CONTI ENTERPRISES, INC.",$15.00,"$1,695.00"
11111,111,0001,ROADWAY,0024,159012M,,CONSTRUCTION SIGNS,113,SF,"UNION PAVING & CONSTRUCTION CO., INC.",$15.00,"$1,695.00"
11111,111,0001,ROADWAY,0024,159012M,,CONSTRUCTION SIGNS,113,SF,TUTOR PERINI CORPORATION,$40.00,"$4,520.00"
11111,111,0001,ROADWAY,0024,159012M,,CONSTRUCTION SIGNS,113,SF,J-V WEEKS/KIEWIT,$25.00,"$2,825.00"
11111,111,0001,ROADWAY,0024,159012M,,CONSTRUCTION SIGNS,113,SF,"GEORGE HARMS CONSTRUCTION COMPANY, INC.",$34.00,"$3,842.00"
11111,111,0001,ROADWAY,0024,159012M,,CONSTRUCTION SIGNS,113,SF,"AGATE CONSTRUCTION CO., INC.",$9.00,"$1,017.00"
11111,111,0001,ROADWAY,0024,159012M,,CONSTRUCTION SIGNS,113,SF,J-V EE CRUZ & FLATIRON CONSTRUCTORS,$50.00,"$5,650.00"
11111,111,0001,ROADWAY,0024,159012M,,CONSTRUCTION SIGNS,113,SF,J H REID GENERAL CONTRACTOR,$100.00,"$11,300.00"
11111,111,0001,ROADWAY,0024,159012M,,CONSTRUCTION SIGNS,113,SF,DRISCOLL  J/V  PIERSON,$15.00,"$1,695.00"
11111,111,0001,ROADWAY,0025,159015M,,"CONSTRUCTION IDENTIFICATION SIGN, 4' X 8'",2,U,"CONTI ENTERPRISES, INC.","$1,500.00","$3,000.00"
11111,111,0001,ROADWAY,0025,159015M,,"CONSTRUCTION IDENTIFICATION SIGN, 4' X 8'",2,U,"UNION PAVING & CONSTRUCTION CO., INC.","$3,000.00","$6,000.00"
11111,111,0001,ROADWAY,0025,159015M,,"CONSTRUCTION IDENTIFICATION SIGN, 4' X 8'",2,U,TUTOR PERINI CORPORATION,"$1,000.00","$2,000.00"
11111,111,0001,ROADWAY,0025,159015M,,"CONSTRUCTION IDENTIFICATION SIGN, 4' X 8'",2,U,J-V WEEKS/KIEWIT,"$1,500.00","$3,000.00"
11111,111,0001,ROADWAY,0025,159015M,,"CONSTRUCTION IDENTIFICATION SIGN, 4' X 8'",2,U,"GEORGE HARMS CONSTRUCTION COMPANY, INC.","$1,430.00","$2,860.00"
11111,111,0001,ROADWAY,0025,159015M,,"CONSTRUCTION IDENTIFICATION SIGN, 4' X 8'",2,U,"AGATE CONSTRUCTION CO., INC.",$600.00,"$1,200.00"
11111,111,0001,ROADWAY,0025,159015M,,"CONSTRUCTION IDENTIFICATION SIGN, 4' X 8'",2,U,J-V EE CRUZ & FLATIRON CONSTRUCTORS,"$2,500.00","$5,000.00"
11111,111,0001,ROADWAY,0025,159015M,,"CONSTRUCTION IDENTIFICATION SIGN, 4' X 8'",2,U,J H REID GENERAL CONTRACTOR,"$1,200.00","$2,400.00"
11111,111,0001,ROADWAY,0025,159015M,,"CONSTRUCTION IDENTIFICATION SIGN, 4' X 8'",2,U,DRISCOLL  J/V  PIERSON,"$1,000.00","$2,000.00"
11111,111,0001,ROADWAY,0026,160003M,,FUEL PRICE ADJUSTMENT,1,LS,"CONTI ENTERPRISES, INC.","$15,000.00","$15,000.00"
11111,111,0001,ROADWAY,0026,160003M,,FUEL PRICE ADJUSTMENT,1,LS,"UNION PAVING & CONSTRUCTION CO., INC.","$15,000.00","$15,000.00"
11111,111,0001,ROADWAY,0026,160003M,,FUEL PRICE ADJUSTMENT,1,LS,TUTOR PERINI CORPORATION,"$15,000.00","$15,000.00"
11111,111,0001,ROADWAY,0026,160003M,,FUEL PRICE ADJUSTMENT,1,LS,J-V WEEKS/KIEWIT,"$15,000.00","$15,000.00"
11111,111,0001,ROADWAY,0026,160003M,,FUEL PRICE ADJUSTMENT,1,LS,"GEORGE HARMS CONSTRUCTION COMPANY, INC.","$15,000.00","$15,000.00"
11111,111,0001,ROADWAY,0026,160003M,,FUEL PRICE ADJUSTMENT,1,LS,"AGATE CONSTRUCTION CO., INC.","$15,000.00","$15,000.00"
11111,111,0001,ROADWAY,0026,160003M,,FUEL PRICE ADJUSTMENT,1,LS,J-V EE CRUZ & FLATIRON CONSTRUCTORS,"$15,000.00","$15,000.00"
11111,111,0001,ROADWAY,0026,160003M,,FUEL PRICE ADJUSTMENT,1,LS,J H REID GENERAL CONTRACTOR,"$15,000.00","$15,000.00"
11111,111,0001,ROADWAY,0026,160003M,,FUEL PRICE ADJUSTMENT,1,LS,DRISCOLL  J/V  PIERSON,"$15,000.00","$15,000.00"
11111,111,0001,ROADWAY,0027,161003P,,FINAL CLEANUP,1,LS,"CONTI ENTERPRISES, INC.","$2,000.00","$2,000.00"
11111,111,0001,ROADWAY,0027,161003P,,FINAL CLEANUP,1,LS,"UNION PAVING & CONSTRUCTION CO., INC.","$13,000.00","$13,000.00"
11111,111,0001,ROADWAY,0027,161003P,,FINAL CLEANUP,1,LS,TUTOR PERINI CORPORATION,"$40,000.00","$40,000.00"
11111,111,0001,ROADWAY,0027,161003P,,FINAL CLEANUP,1,LS,J-V WEEKS/KIEWIT,"$30,000.00","$30,000.00"
11111,111,0001,ROADWAY,0027,161003P,,FINAL CLEANUP,1,LS,"GEORGE HARMS CONSTRUCTION COMPANY, INC.","$25,000.00","$25,000.00"
11111,111,0001,ROADWAY,0027,161003P,,FINAL CLEANUP,1,LS,"AGATE CONSTRUCTION CO., INC.","$30,000.00","$30,000.00"
11111,111,0001,ROADWAY,0027,161003P,,FINAL CLEANUP,1,LS,J-V EE CRUZ & FLATIRON CONSTRUCTORS,"$100,000.00","$100,000.00"
11111,111,0001,ROADWAY,0027,161003P,,FINAL CLEANUP,1,LS,J H REID GENERAL CONTRACTOR,"$20,000.00","$20,000.00"
11111,111,0001,ROADWAY,0027,161003P,,FINAL CLEANUP,1,LS,DRISCOLL  J/V  PIERSON,"$50,000.00","$50,000.00"
11111,111,0001,ROADWAY,0028,202015P,,"EXCAVATION, REGULATED MATERIAL","2,273",CY,"CONTI ENTERPRISES, INC.",$10.00,"$22,730.00"
11111,111,0001,ROADWAY,0028,202015P,,"EXCAVATION, REGULATED MATERIAL","2,273",CY,"UNION PAVING & CONSTRUCTION CO., INC.",$0.01,$22.73
11111,111,0001,ROADWAY,0028,202015P,,"EXCAVATION, REGULATED MATERIAL","2,273",CY,TUTOR PERINI CORPORATION,$25.00,"$56,825.00"
11111,111,0001,ROADWAY,0028,202015P,,"EXCAVATION, REGULATED MATERIAL","2,273",CY,J-V WEEKS/KIEWIT,$100.00,"$227,300.00"
11111,111,0001,ROADWAY,0028,202015P,,"EXCAVATION, REGULATED MATERIAL","2,273",CY,"GEORGE HARMS CONSTRUCTION COMPANY, INC.",$31.00,"$70,463.00"
11111,111,0001,ROADWAY,0028,202015P,,"EXCAVATION, REGULATED MATERIAL","2,273",CY,"AGATE CONSTRUCTION CO., INC.",$61.00,"$138,653.00"
11111,111,0001,ROADWAY,0028,202015P,,"EXCAVATION, REGULATED MATERIAL","2,273",CY,J-V EE CRUZ & FLATIRON CONSTRUCTORS,$200.00,"$454,600.00"
11111,111,0001,ROADWAY,0028,202015P,,"EXCAVATION, REGULATED MATERIAL","2,273",CY,J H REID GENERAL CONTRACTOR,$50.00,"$113,650.00"
11111,111,0001,ROADWAY,0028,202015P,,"EXCAVATION, REGULATED MATERIAL","2,273",CY,DRISCOLL  J/V  PIERSON,$20.00,"$45,460.00"
11111,111,0001,ROADWAY,0029,202024M,,DISPOSAL OF REGULATED MATERIAL,"3,700",T,"CONTI ENTERPRISES, INC.",$50.00,"$185,000.00"
11111,111,0001,ROADWAY,0029,202024M,,DISPOSAL OF REGULATED MATERIAL,"3,700",T,"UNION PAVING & CONSTRUCTION CO., INC.",$37.00,"$136,900.00"
11111,111,0001,ROADWAY,0029,202024M,,DISPOSAL OF REGULATED MATERIAL,"3,700",T,TUTOR PERINI CORPORATION,$100.00,"$370,000.00"
11111,111,0001,ROADWAY,0029,202024M,,DISPOSAL OF REGULATED MATERIAL,"3,700",T,J-V WEEKS/KIEWIT,$60.00,"$222,000.00"
11111,111,0001,ROADWAY,0029,202024M,,DISPOSAL OF REGULATED MATERIAL,"3,700",T,"GEORGE HARMS CONSTRUCTION COMPANY, INC.",$48.00,"$177,600.00"
11111,111,0001,ROADWAY,0029,202024M,,DISPOSAL OF REGULATED MATERIAL,"3,700",T,"AGATE CONSTRUCTION CO., INC.",$51.00,"$188,700.00"
11111,111,0001,ROADWAY,0029,202024M,,DISPOSAL OF REGULATED MATERIAL,"3,700",T,J-V EE CRUZ & FLATIRON CONSTRUCTORS,$150.00,"$555,000.00"
11111,111,0001,ROADWAY,0029,202024M,,DISPOSAL OF REGULATED MATERIAL,"3,700",T,J H REID GENERAL CONTRACTOR,$85.00,"$314,500.00"
11111,111,0001,ROADWAY,0029,202024M,,DISPOSAL OF REGULATED MATERIAL,"3,700",T,DRISCOLL  J/V  PIERSON,$55.00,"$203,500.00"
11111,111,0001,ROADWAY,0030,202030M,,"SOIL SAMPLING AND ANALYSES, REGULATED",18,U,"CONTI ENTERPRISES, INC.","$1,000.00","$18,000.00"
11111,111,0001,ROADWAY,0030,202030M,,"SOIL SAMPLING AND ANALYSES, REGULATED",18,U,"UNION PAVING & CONSTRUCTION CO., INC.","$1,200.00","$21,600.00"
11111,111,0001,ROADWAY,0030,202030M,,"SOIL SAMPLING AND ANALYSES, REGULATED",18,U,TUTOR PERINI CORPORATION,"$2,100.00","$37,800.00"
11111,111,0001,ROADWAY,0030,202030M,,"SOIL SAMPLING AND ANALYSES, REGULATED",18,U,J-V WEEKS/KIEWIT,$500.00,"$9,000.00"
11111,111,0001,ROADWAY,0030,202030M,,"SOIL SAMPLING AND ANALYSES, REGULATED",18,U,"GEORGE HARMS CONSTRUCTION COMPANY, INC.","$1,935.00","$34,830.00"
11111,111,0001,ROADWAY,0030,202030M,,"SOIL SAMPLING AND ANALYSES, REGULATED",18,U,"AGATE CONSTRUCTION CO., INC.","$1,200.00","$21,600.00"
11111,111,0001,ROADWAY,0030,202030M,,"SOIL SAMPLING AND ANALYSES, REGULATED",18,U,J-V EE CRUZ & FLATIRON CONSTRUCTORS,"$1,000.00","$18,000.00"
11111,111,0001,ROADWAY,0030,202030M,,"SOIL SAMPLING AND ANALYSES, REGULATED",18,U,J H REID GENERAL CONTRACTOR,"$1,600.00","$28,800.00"
11111,111,0001,ROADWAY,0030,202030M,,"SOIL SAMPLING AND ANALYSES, REGULATED",18,U,DRISCOLL  J/V  PIERSON,"$5,000.00","$90,000.00"
11111,111,0005,BRIDGE- LIFT SPAN SUBSTRUCTURE AND FENDER SYSTEM,0031,201006P,,"CLEARING SITE, BRIDGE (___) BRIDGE # 0909-150",1,LS,"CONTI ENTERPRISES, INC.","$700,000.00","$700,000.00"
11111,111,0005,BRIDGE- LIFT SPAN SUBSTRUCTURE AND FENDER SYSTEM,0031,201006P,,"CLEARING SITE, BRIDGE (___) BRIDGE # 0909-150",1,LS,"UNION PAVING & CONSTRUCTION CO., INC.","$500,000.00","$500,000.00"
11111,111,0005,BRIDGE- LIFT SPAN SUBSTRUCTURE AND FENDER SYSTEM,0031,201006P,,"CLEARING SITE, BRIDGE (___) BRIDGE # 0909-150",1,LS,TUTOR PERINI CORPORATION,"$400,000.00","$400,000.00"
11111,111,0005,BRIDGE- LIFT SPAN SUBSTRUCTURE AND FENDER SYSTEM,0031,201006P,,"CLEARING SITE, BRIDGE (___) BRIDGE # 0909-150",1,LS,J-V WEEKS/KIEWIT,"$500,000.00","$500,000.00"
11111,111,0005,BRIDGE- LIFT SPAN SUBSTRUCTURE AND FENDER SYSTEM,0031,201006P,,"CLEARING SITE, BRIDGE (___) BRIDGE # 0909-150",1,LS,"GEORGE HARMS CONSTRUCTION COMPANY, INC.","$700,000.00","$700,000.00"
11111,111,0005,BRIDGE- LIFT SPAN SUBSTRUCTURE AND FENDER SYSTEM,0031,201006P,,"CLEARING SITE, BRIDGE (___) BRIDGE # 0909-150",1,LS,"AGATE CONSTRUCTION CO., INC.","$700,000.00","$700,000.00"
11111,111,0005,BRIDGE- LIFT SPAN SUBSTRUCTURE AND FENDER SYSTEM,0031,201006P,,"CLEARING SITE, BRIDGE (___) BRIDGE # 0909-150",1,LS,J-V EE CRUZ & FLATIRON CONSTRUCTORS,"$700,000.00","$700,000.00"
11111,111,0005,BRIDGE- LIFT SPAN SUBSTRUCTURE AND FENDER SYSTEM,0031,201006P,,"CLEARING SITE, BRIDGE (___) BRIDGE # 0909-150",1,LS,J H REID GENERAL CONTRACTOR,"$700,000.00","$700,000.00"
11111,111,0005,BRIDGE- LIFT SPAN SUBSTRUCTURE AND FENDER SYSTEM,0031,201006P,,"CLEARING SITE, BRIDGE (___) BRIDGE # 0909-150",1,LS,DRISCOLL  J/V  PIERSON,"$700,000.00","$700,000.00"
11111,111,0005,BRIDGE- LIFT SPAN SUBSTRUCTURE AND FENDER SYSTEM,0032,501009P,,TEMPORARY COFFERDAM PIER 1W,1,LS,"CONTI ENTERPRISES, INC.","$1,200,000.00","$1,200,000.00"
11111,111,0005,BRIDGE- LIFT SPAN SUBSTRUCTURE AND FENDER SYSTEM,0032,501009P,,TEMPORARY COFFERDAM PIER 1W,1,LS,"UNION PAVING & CONSTRUCTION CO., INC.","$2,400,000.00","$2,400,000.00"
11111,111,0005,BRIDGE- LIFT SPAN SUBSTRUCTURE AND FENDER SYSTEM,0032,501009P,,TEMPORARY COFFERDAM PIER 1W,1,LS,TUTOR PERINI CORPORATION,"$4,800,000.00","$4,800,000.00"
11111,111,0005,BRIDGE- LIFT SPAN SUBSTRUCTURE AND FENDER SYSTEM,0032,501009P,,TEMPORARY COFFERDAM PIER 1W,1,LS,J-V WEEKS/KIEWIT,"$1,000,000.00","$1,000,000.00"
11111,111,0005,BRIDGE- LIFT SPAN SUBSTRUCTURE AND FENDER SYSTEM,0032,501009P,,TEMPORARY COFFERDAM PIER 1W,1,LS,"GEORGE HARMS CONSTRUCTION COMPANY, INC.","$2,200,000.00","$2,200,000.00"
11111,111,0005,BRIDGE- LIFT SPAN SUBSTRUCTURE AND FENDER SYSTEM,0032,501009P,,TEMPORARY COFFERDAM PIER 1W,1,LS,"AGATE CONSTRUCTION CO., INC.","$1,000,000.00","$1,000,000.00"
11111,111,0005,BRIDGE- LIFT SPAN SUBSTRUCTURE AND FENDER SYSTEM,0032,501009P,,TEMPORARY COFFERDAM PIER 1W,1,LS,J-V EE CRUZ & FLATIRON CONSTRUCTORS,"$1,800,000.00","$1,800,000.00"
11111,111,0005,BRIDGE- LIFT SPAN SUBSTRUCTURE AND FENDER SYSTEM,0032,501009P,,TEMPORARY COFFERDAM PIER 1W,1,LS,J H REID GENERAL CONTRACTOR,"$2,000,000.00","$2,000,000.00"
11111,111,0005,BRIDGE- LIFT SPAN SUBSTRUCTURE AND FENDER SYSTEM,0032,501009P,,TEMPORARY COFFERDAM PIER 1W,1,LS,DRISCOLL  J/V  PIERSON,"$4,000,000.00","$4,000,000.00"
11111,111,0005,BRIDGE- LIFT SPAN SUBSTRUCTURE AND FENDER SYSTEM,0033,501009P,,TEMPORARY COFFERDAM PIER 1E,1,LS,"CONTI ENTERPRISES, INC.","$1,200,000.00","$1,200,000.00"
11111,111,0005,BRIDGE- LIFT SPAN SUBSTRUCTURE AND FENDER SYSTEM,0033,501009P,,TEMPORARY COFFERDAM PIER 1E,1,LS,"UNION PAVING & CONSTRUCTION CO., INC.","$2,400,000.00","$2,400,000.00"
11111,111,0005,BRIDGE- LIFT SPAN SUBSTRUCTURE AND FENDER SYSTEM,0033,501009P,,TEMPORARY COFFERDAM PIER 1E,1,LS,TUTOR PERINI CORPORATION,"$4,800,000.00","$4,800,000.00"
11111,111,0005,BRIDGE- LIFT SPAN SUBSTRUCTURE AND FENDER SYSTEM,0033,501009P,,TEMPORARY COFFERDAM PIER 1E,1,LS,J-V WEEKS/KIEWIT,"$1,300,000.00","$1,300,000.00"
11111,111,0005,BRIDGE- LIFT SPAN SUBSTRUCTURE AND FENDER SYSTEM,0033,501009P,,TEMPORARY COFFERDAM PIER 1E,1,LS,"GEORGE HARMS CONSTRUCTION COMPANY, INC.","$2,200,000.00","$2,200,000.00"
11111,111,0005,BRIDGE- LIFT SPAN SUBSTRUCTURE AND FENDER SYSTEM,0033,501009P,,TEMPORARY COFFERDAM PIER 1E,1,LS,"AGATE CONSTRUCTION CO., INC.","$1,000,000.00","$1,000,000.00"
11111,111,0005,BRIDGE- LIFT SPAN SUBSTRUCTURE AND FENDER SYSTEM,0033,501009P,,TEMPORARY COFFERDAM PIER 1E,1,LS,J-V EE CRUZ & FLATIRON CONSTRUCTORS,"$1,050,000.00","$1,050,000.00"
11111,111,0005,BRIDGE- LIFT SPAN SUBSTRUCTURE AND FENDER SYSTEM,0033,501009P,,TEMPORARY COFFERDAM PIER 1E,1,LS,J H REID GENERAL CONTRACTOR,"$2,000,000.00","$2,000,000.00"
11111,111,0005,BRIDGE- LIFT SPAN SUBSTRUCTURE AND FENDER SYSTEM,0033,501009P,,TEMPORARY COFFERDAM PIER 1E,1,LS,DRISCOLL  J/V  PIERSON,"$2,330,000.00","$2,330,000.00"
11111,111,0005,BRIDGE- LIFT SPAN SUBSTRUCTURE AND FENDER SYSTEM,0034,501009P,,TEMPORARY COFFERDAM PIER 2W,1,LS,"CONTI ENTERPRISES, INC.","$1,000,000.00","$1,000,000.00"
11111,111,0005,BRIDGE- LIFT SPAN SUBSTRUCTURE AND FENDER SYSTEM,0034,501009P,,TEMPORARY COFFERDAM PIER 2W,1,LS,"UNION PAVING & CONSTRUCTION CO., INC.","$1,750,000.00","$1,750,000.00"
11111,111,0005,BRIDGE- LIFT SPAN SUBSTRUCTURE AND FENDER SYSTEM,0034,501009P,,TEMPORARY COFFERDAM PIER 2W,1,LS,TUTOR PERINI CORPORATION,"$1,200,000.00","$1,200,000.00"
11111,111,0005,BRIDGE- LIFT SPAN SUBSTRUCTURE AND FENDER SYSTEM,0034,501009P,,TEMPORARY COFFERDAM PIER 2W,1,LS,J-V WEEKS/KIEWIT,"$700,000.00","$700,000.00"
11111,111,0005,BRIDGE- LIFT SPAN SUBSTRUCTURE AND FENDER SYSTEM,0034,501009P,,TEMPORARY COFFERDAM PIER 2W,1,LS,"GEORGE HARMS CONSTRUCTION COMPANY, INC.","$1,650,000.00","$1,650,000.00"
11111,111,0005,BRIDGE- LIFT SPAN SUBSTRUCTURE AND FENDER SYSTEM,0034,501009P,,TEMPORARY COFFERDAM PIER 2W,1,LS,"AGATE CONSTRUCTION CO., INC.","$800,000.00","$800,000.00"
11111,111,0005,BRIDGE- LIFT SPAN SUBSTRUCTURE AND FENDER SYSTEM,0034,501009P,,TEMPORARY COFFERDAM PIER 2W,1,LS,J-V EE CRUZ & FLATIRON CONSTRUCTORS,"$690,000.00","$690,000.00"
11111,111,0005,BRIDGE- LIFT SPAN SUBSTRUCTURE AND FENDER SYSTEM,0034,501009P,,TEMPORARY COFFERDAM PIER 2W,1,LS,J H REID GENERAL CONTRACTOR,"$1,000,000.00","$1,000,000.00"
11111,111,0005,BRIDGE- LIFT SPAN SUBSTRUCTURE AND FENDER SYSTEM,0034,501009P,,TEMPORARY COFFERDAM PIER 2W,1,LS,DRISCOLL  J/V  PIERSON,"$3,000,000.00","$3,000,000.00"
11111,111,0005,BRIDGE- LIFT SPAN SUBSTRUCTURE AND FENDER SYSTEM,0035,501009P,,TEMPORARY COFFERDAM PIER 1W PROTECTION SYSTEM,1,LS,"CONTI ENTERPRISES, INC.","$1,500,000.00","$1,500,000.00"
11111,111,0005,BRIDGE- LIFT SPAN SUBSTRUCTURE AND FENDER SYSTEM,0035,501009P,,TEMPORARY COFFERDAM PIER 1W PROTECTION SYSTEM,1,LS,"UNION PAVING & CONSTRUCTION CO., INC.","$2,350,000.00","$2,350,000.00"
11111,111,0005,BRIDGE- LIFT SPAN SUBSTRUCTURE AND FENDER SYSTEM,0035,501009P,,TEMPORARY COFFERDAM PIER 1W PROTECTION SYSTEM,1,LS,TUTOR PERINI CORPORATION,"$2,000,000.00","$2,000,000.00"
11111,111,0005,BRIDGE- LIFT SPAN SUBSTRUCTURE AND FENDER SYSTEM,0035,501009P,,TEMPORARY COFFERDAM PIER 1W PROTECTION SYSTEM,1,LS,J-V WEEKS/KIEWIT,"$1,000,000.00","$1,000,000.00"
11111,111,0005,BRIDGE- LIFT SPAN SUBSTRUCTURE AND FENDER SYSTEM,0035,501009P,,TEMPORARY COFFERDAM PIER 1W PROTECTION SYSTEM,1,LS,"GEORGE HARMS CONSTRUCTION COMPANY, INC.","$2,680,000.00","$2,680,000.00"
11111,111,0005,BRIDGE- LIFT SPAN SUBSTRUCTURE AND FENDER SYSTEM,0035,501009P,,TEMPORARY COFFERDAM PIER 1W PROTECTION SYSTEM,1,LS,"AGATE CONSTRUCTION CO., INC.","$3,500,000.00","$3,500,000.00"
11111,111,0005,BRIDGE- LIFT SPAN SUBSTRUCTURE AND FENDER SYSTEM,0035,501009P,,TEMPORARY COFFERDAM PIER 1W PROTECTION SYSTEM,1,LS,J-V EE CRUZ & FLATIRON CONSTRUCTORS,"$1,400,000.00","$1,400,000.00"
11111,111,0005,BRIDGE- LIFT SPAN SUBSTRUCTURE AND FENDER SYSTEM,0035,501009P,,TEMPORARY COFFERDAM PIER 1W PROTECTION SYSTEM,1,LS,J H REID GENERAL CONTRACTOR,"$5,325,000.00","$5,325,000.00"
11111,111,0005,BRIDGE- LIFT SPAN SUBSTRUCTURE AND FENDER SYSTEM,0035,501009P,,TEMPORARY COFFERDAM PIER 1W PROTECTION SYSTEM,1,LS,DRISCOLL  J/V  PIERSON,"$8,500,000.00","$8,500,000.00"
11111,111,0005,BRIDGE- LIFT SPAN SUBSTRUCTURE AND FENDER SYSTEM,0036,501009P,,TEMPORARY COFFERDAM PIER 1E PROTECTION SYSTEM,1,LS,"CONTI ENTERPRISES, INC.","$1,460,996.00","$1,460,996.00"
11111,111,0005,BRIDGE- LIFT SPAN SUBSTRUCTURE AND FENDER SYSTEM,0036,501009P,,TEMPORARY COFFERDAM PIER 1E PROTECTION SYSTEM,1,LS,"UNION PAVING & CONSTRUCTION CO., INC.","$2,350,000.00","$2,350,000.00"
11111,111,0005,BRIDGE- LIFT SPAN SUBSTRUCTURE AND FENDER SYSTEM,0036,501009P,,TEMPORARY COFFERDAM PIER 1E PROTECTION SYSTEM,1,LS,TUTOR PERINI CORPORATION,"$1,800,000.00","$1,800,000.00"
11111,111,0005,BRIDGE- LIFT SPAN SUBSTRUCTURE AND FENDER SYSTEM,0036,501009P,,TEMPORARY COFFERDAM PIER 1E PROTECTION SYSTEM,1,LS,J-V WEEKS/KIEWIT,"$1,200,000.00","$1,200,000.00"
11111,111,0005,BRIDGE- LIFT SPAN SUBSTRUCTURE AND FENDER SYSTEM,0036,501009P,,TEMPORARY COFFERDAM PIER 1E PROTECTION SYSTEM,1,LS,"GEORGE HARMS CONSTRUCTION COMPANY, INC.","$2,950,000.00","$2,950,000.00"
11111,111,0005,BRIDGE- LIFT SPAN SUBSTRUCTURE AND FENDER SYSTEM,0036,501009P,,TEMPORARY COFFERDAM PIER 1E PROTECTION SYSTEM,1,LS,"AGATE CONSTRUCTION CO., INC.","$3,500,000.00","$3,500,000.00"
11111,111,0005,BRIDGE- LIFT SPAN SUBSTRUCTURE AND FENDER SYSTEM,0036,501009P,,TEMPORARY COFFERDAM PIER 1E PROTECTION SYSTEM,1,LS,J-V EE CRUZ & FLATIRON CONSTRUCTORS,"$2,890,000.00","$2,890,000.00"
11111,111,0005,BRIDGE- LIFT SPAN SUBSTRUCTURE AND FENDER SYSTEM,0036,501009P,,TEMPORARY COFFERDAM PIER 1E PROTECTION SYSTEM,1,LS,J H REID GENERAL CONTRACTOR,"$5,325,000.00","$5,325,000.00"
11111,111,0005,BRIDGE- LIFT SPAN SUBSTRUCTURE AND FENDER SYSTEM,0036,501009P,,TEMPORARY COFFERDAM PIER 1E PROTECTION SYSTEM,1,LS,DRISCOLL  J/V  PIERSON,"$8,500,000.00","$8,500,000.00"
11111,111,0005,BRIDGE- LIFT SPAN SUBSTRUCTURE AND FENDER SYSTEM,0037,501009P,,TEMPORARY COFFERDAM PIER 2W DOLPHIN,1,LS,"CONTI ENTERPRISES, INC.","$600,000.00","$600,000.00"
11111,111,0005,BRIDGE- LIFT SPAN SUBSTRUCTURE AND FENDER SYSTEM,0037,501009P,,TEMPORARY COFFERDAM PIER 2W DOLPHIN,1,LS,"UNION PAVING & CONSTRUCTION CO., INC.","$750,000.00","$750,000.00"
11111,111,0005,BRIDGE- LIFT SPAN SUBSTRUCTURE AND FENDER SYSTEM,0037,501009P,,TEMPORARY COFFERDAM PIER 2W DOLPHIN,1,LS,TUTOR PERINI CORPORATION,"$900,000.00","$900,000.00"
11111,111,0005,BRIDGE- LIFT SPAN SUBSTRUCTURE AND FENDER SYSTEM,0037,501009P,,TEMPORARY COFFERDAM PIER 2W DOLPHIN,1,LS,J-V WEEKS/KIEWIT,"$300,000.00","$300,000.00"
11111,111,0005,BRIDGE- LIFT SPAN SUBSTRUCTURE AND FENDER SYSTEM,0037,501009P,,TEMPORARY COFFERDAM PIER 2W DOLPHIN,1,LS,"GEORGE HARMS CONSTRUCTION COMPANY, INC.","$1,225,000.00","$1,225,000.00"
11111,111,0005,BRIDGE- LIFT SPAN SUBSTRUCTURE AND FENDER SYSTEM,0037,501009P,,TEMPORARY COFFERDAM PIER 2W DOLPHIN,1,LS,"AGATE CONSTRUCTION CO., INC.","$500,000.00","$500,000.00"
11111,111,0005,BRIDGE- LIFT SPAN SUBSTRUCTURE AND FENDER SYSTEM,0037,501009P,,TEMPORARY COFFERDAM PIER 2W DOLPHIN,1,LS,J-V EE CRUZ & FLATIRON CONSTRUCTORS,"$695,000.00","$695,000.00"
11111,111,0005,BRIDGE- LIFT SPAN SUBSTRUCTURE AND FENDER SYSTEM,0037,501009P,,TEMPORARY COFFERDAM PIER 2W DOLPHIN,1,LS,J H REID GENERAL CONTRACTOR,"$600,000.00","$600,000.00"
11111,111,0005,BRIDGE- LIFT SPAN SUBSTRUCTURE AND FENDER SYSTEM,0037,501009P,,TEMPORARY COFFERDAM PIER 2W DOLPHIN,1,LS,DRISCOLL  J/V  PIERSON,"$2,500,000.00","$2,500,000.00"
11111,111,0005,BRIDGE- LIFT SPAN SUBSTRUCTURE AND FENDER SYSTEM,0038,502300P,,VIBRATION MONITORING,1,LS,"CONTI ENTERPRISES, INC.","$175,000.00","$175,000.00"
11111,111,0005,BRIDGE- LIFT SPAN SUBSTRUCTURE AND FENDER SYSTEM,0038,502300P,,VIBRATION MONITORING,1,LS,"UNION PAVING & CONSTRUCTION CO., INC.","$195,000.00","$195,000.00"
11111,111,0005,BRIDGE- LIFT SPAN SUBSTRUCTURE AND FENDER SYSTEM,0038,502300P,,VIBRATION MONITORING,1,LS,TUTOR PERINI CORPORATION,"$110,000.00","$110,000.00"
11111,111,0005,BRIDGE- LIFT SPAN SUBSTRUCTURE AND FENDER SYSTEM,0038,502300P,,VIBRATION MONITORING,1,LS,J-V WEEKS/KIEWIT,"$100,000.00","$100,000.00"
11111,111,0005,BRIDGE- LIFT SPAN SUBSTRUCTURE AND FENDER SYSTEM,0038,502300P,,VIBRATION MONITORING,1,LS,"GEORGE HARMS CONSTRUCTION COMPANY, INC.","$250,000.00","$250,000.00"
11111,111,0005,BRIDGE- LIFT SPAN SUBSTRUCTURE AND FENDER SYSTEM,0038,502300P,,VIBRATION MONITORING,1,LS,"AGATE CONSTRUCTION CO., INC.","$283,698.46","$283,698.46"
11111,111,0005,BRIDGE- LIFT SPAN SUBSTRUCTURE AND FENDER SYSTEM,0038,502300P,,VIBRATION MONITORING,1,LS,J-V EE CRUZ & FLATIRON CONSTRUCTORS,"$141,000.00","$141,000.00"
11111,111,0005,BRIDGE- LIFT SPAN SUBSTRUCTURE AND FENDER SYSTEM,0038,502300P,,VIBRATION MONITORING,1,LS,J H REID GENERAL CONTRACTOR,"$300,000.00","$300,000.00"
11111,111,0005,BRIDGE- LIFT SPAN SUBSTRUCTURE AND FENDER SYSTEM,0038,502300P,,VIBRATION MONITORING,1,LS,DRISCOLL  J/V  PIERSON,"$150,000.00","$150,000.00"
11111,111,0005,BRIDGE- LIFT SPAN SUBSTRUCTURE AND FENDER SYSTEM,0039,503003P,,FURNISHING DRILLED SHAFT EQUIPMENT,1,LS,"CONTI ENTERPRISES, INC.","$1,100,000.00","$1,100,000.00"
11111,111,0005,BRIDGE- LIFT SPAN SUBSTRUCTURE AND FENDER SYSTEM,0039,503003P,,FURNISHING DRILLED SHAFT EQUIPMENT,1,LS,"UNION PAVING & CONSTRUCTION CO., INC.","$2,900,000.00","$2,900,000.00"
11111,111,0005,BRIDGE- LIFT SPAN SUBSTRUCTURE AND FENDER SYSTEM,0039,503003P,,FURNISHING DRILLED SHAFT EQUIPMENT,1,LS,TUTOR PERINI CORPORATION,"$1,500,000.00","$1,500,000.00"
11111,111,0005,BRIDGE- LIFT SPAN SUBSTRUCTURE AND FENDER SYSTEM,0039,503003P,,FURNISHING DRILLED SHAFT EQUIPMENT,1,LS,J-V WEEKS/KIEWIT,"$2,000,000.00","$2,000,000.00"
11111,111,0005,BRIDGE- LIFT SPAN SUBSTRUCTURE AND FENDER SYSTEM,0039,503003P,,FURNISHING DRILLED SHAFT EQUIPMENT,1,LS,"GEORGE HARMS CONSTRUCTION COMPANY, INC.","$9,000,000.00","$9,000,000.00"
11111,111,0005,BRIDGE- LIFT SPAN SUBSTRUCTURE AND FENDER SYSTEM,0039,503003P,,FURNISHING DRILLED SHAFT EQUIPMENT,1,LS,"AGATE CONSTRUCTION CO., INC.","$19,306,461.43","$19,306,461.43"
11111,111,0005,BRIDGE- LIFT SPAN SUBSTRUCTURE AND FENDER SYSTEM,0039,503003P,,FURNISHING DRILLED SHAFT EQUIPMENT,1,LS,J-V EE CRUZ & FLATIRON CONSTRUCTORS,"$6,000,000.00","$6,000,000.00"
11111,111,0005,BRIDGE- LIFT SPAN SUBSTRUCTURE AND FENDER SYSTEM,0039,503003P,,FURNISHING DRILLED SHAFT EQUIPMENT,1,LS,J H REID GENERAL CONTRACTOR,"$5,000,000.00","$5,000,000.00"
11111,111,0005,BRIDGE- LIFT SPAN SUBSTRUCTURE AND FENDER SYSTEM,0039,503003P,,FURNISHING DRILLED SHAFT EQUIPMENT,1,LS,DRISCOLL  J/V  PIERSON,"$4,000,000.00","$4,000,000.00"
11111,111,0005,BRIDGE- LIFT SPAN SUBSTRUCTURE AND FENDER SYSTEM,0040,503006M,,DEMONSTRATION DRILLED SHAFT,130,LF,"CONTI ENTERPRISES, INC.","$7,000.00","$910,000.00"
11111,111,0005,BRIDGE- LIFT SPAN SUBSTRUCTURE AND FENDER SYSTEM,0040,503006M,,DEMONSTRATION DRILLED SHAFT,130,LF,"UNION PAVING & CONSTRUCTION CO., INC.","$5,000.00","$650,000.00"
11111,111,0005,BRIDGE- LIFT SPAN SUBSTRUCTURE AND FENDER SYSTEM,0040,503006M,,DEMONSTRATION DRILLED SHAFT,130,LF,TUTOR PERINI CORPORATION,"$5,000.00","$650,000.00"
11111,111,0005,BRIDGE- LIFT SPAN SUBSTRUCTURE AND FENDER SYSTEM,0040,503006M,,DEMONSTRATION DRILLED SHAFT,130,LF,J-V WEEKS/KIEWIT,"$3,000.00","$390,000.00"
11111,111,0005,BRIDGE- LIFT SPAN SUBSTRUCTURE AND FENDER SYSTEM,0040,503006M,,DEMONSTRATION DRILLED SHAFT,130,LF,"GEORGE HARMS CONSTRUCTION COMPANY, INC.","$3,100.00","$403,000.00"
11111,111,0005,BRIDGE- LIFT SPAN SUBSTRUCTURE AND FENDER SYSTEM,0040,503006M,,DEMONSTRATION DRILLED SHAFT,130,LF,"AGATE CONSTRUCTION CO., INC.","$3,575.00","$464,750.00"
11111,111,0005,BRIDGE- LIFT SPAN SUBSTRUCTURE AND FENDER SYSTEM,0040,503006M,,DEMONSTRATION DRILLED SHAFT,130,LF,J-V EE CRUZ & FLATIRON CONSTRUCTORS,"$6,000.00","$780,000.00"
11111,111,0005,BRIDGE- LIFT SPAN SUBSTRUCTURE AND FENDER SYSTEM,0040,503006M,,DEMONSTRATION DRILLED SHAFT,130,LF,J H REID GENERAL CONTRACTOR,"$3,850.00","$500,500.00"
11111,111,0005,BRIDGE- LIFT SPAN SUBSTRUCTURE AND FENDER SYSTEM,0040,503006M,,DEMONSTRATION DRILLED SHAFT,130,LF,DRISCOLL  J/V  PIERSON,"$10,000.00","$1,300,000.00"
11111,111,0005,BRIDGE- LIFT SPAN SUBSTRUCTURE AND FENDER SYSTEM,0041,503009M,,LOAD TEST,1,U,"CONTI ENTERPRISES, INC.","$400,000.00","$400,000.00"
11111,111,0005,BRIDGE- LIFT SPAN SUBSTRUCTURE AND FENDER SYSTEM,0041,503009M,,LOAD TEST,1,U,"UNION PAVING & CONSTRUCTION CO., INC.","$1,000,000.00","$1,000,000.00"
11111,111,0005,BRIDGE- LIFT SPAN SUBSTRUCTURE AND FENDER SYSTEM,0041,503009M,,LOAD TEST,1,U,TUTOR PERINI CORPORATION,"$617,000.00","$617,000.00"
11111,111,0005,BRIDGE- LIFT SPAN SUBSTRUCTURE AND FENDER SYSTEM,0041,503009M,,LOAD TEST,1,U,J-V WEEKS/KIEWIT,"$750,000.00","$750,000.00"
11111,111,0005,BRIDGE- LIFT SPAN SUBSTRUCTURE AND FENDER SYSTEM,0041,503009M,,LOAD TEST,1,U,"GEORGE HARMS CONSTRUCTION COMPANY, INC.","$650,000.00","$650,000.00"
11111,111,0005,BRIDGE- LIFT SPAN SUBSTRUCTURE AND FENDER SYSTEM,0041,503009M,,LOAD TEST,1,U,"AGATE CONSTRUCTION CO., INC.","$2,000,000.00","$2,000,000.00"
11111,111,0005,BRIDGE- LIFT SPAN SUBSTRUCTURE AND FENDER SYSTEM,0041,503009M,,LOAD TEST,1,U,J-V EE CRUZ & FLATIRON CONSTRUCTORS,"$1,200,000.00","$1,200,000.00"
11111,111,0005,BRIDGE- LIFT SPAN SUBSTRUCTURE AND FENDER SYSTEM,0041,503009M,,LOAD TEST,1,U,J H REID GENERAL CONTRACTOR,"$750,000.00","$750,000.00"
11111,111,0005,BRIDGE- LIFT SPAN SUBSTRUCTURE AND FENDER SYSTEM,0041,503009M,,LOAD TEST,1,U,DRISCOLL  J/V  PIERSON,"$1,000,000.00","$1,000,000.00"
11111,111,0005,BRIDGE- LIFT SPAN SUBSTRUCTURE AND FENDER SYSTEM,0042,503012M,,CROSSHOLE SONIC LOGGING,73,U,"CONTI ENTERPRISES, INC.","$5,000.00","$365,000.00"
11111,111,0005,BRIDGE- LIFT SPAN SUBSTRUCTURE AND FENDER SYSTEM,0042,503012M,,CROSSHOLE SONIC LOGGING,73,U,"UNION PAVING & CONSTRUCTION CO., INC.","$3,000.00","$219,000.00"
11111,111,0005,BRIDGE- LIFT SPAN SUBSTRUCTURE AND FENDER SYSTEM,0042,503012M,,CROSSHOLE SONIC LOGGING,73,U,TUTOR PERINI CORPORATION,"$3,600.00","$262,800.00"
11111,111,0005,BRIDGE- LIFT SPAN SUBSTRUCTURE AND FENDER SYSTEM,0042,503012M,,CROSSHOLE SONIC LOGGING,73,U,J-V WEEKS/KIEWIT,"$4,000.00","$292,000.00"
11111,111,0005,BRIDGE- LIFT SPAN SUBSTRUCTURE AND FENDER SYSTEM,0042,503012M,,CROSSHOLE SONIC LOGGING,73,U,"GEORGE HARMS CONSTRUCTION COMPANY, INC.","$1,200.00","$87,600.00"
11111,111,0005,BRIDGE- LIFT SPAN SUBSTRUCTURE AND FENDER SYSTEM,0042,503012M,,CROSSHOLE SONIC LOGGING,73,U,"AGATE CONSTRUCTION CO., INC.","$1,850.00","$135,050.00"
11111,111,0005,BRIDGE- LIFT SPAN SUBSTRUCTURE AND FENDER SYSTEM,0042,503012M,,CROSSHOLE SONIC LOGGING,73,U,J-V EE CRUZ & FLATIRON CONSTRUCTORS,"$1,750.00","$127,750.00"
11111,111,0005,BRIDGE- LIFT SPAN SUBSTRUCTURE AND FENDER SYSTEM,0042,503012M,,CROSSHOLE SONIC LOGGING,73,U,J H REID GENERAL CONTRACTOR,"$1,600.00","$116,800.00"
11111,111,0005,BRIDGE- LIFT SPAN SUBSTRUCTURE AND FENDER SYSTEM,0042,503012M,,CROSSHOLE SONIC LOGGING,73,U,DRISCOLL  J/V  PIERSON,"$1,500.00","$109,500.00"
11111,111,0005,BRIDGE- LIFT SPAN SUBSTRUCTURE AND FENDER SYSTEM,0043,503015M,,SHAFT CORING,600,LF,"CONTI ENTERPRISES, INC.",$100.00,"$60,000.00"
11111,111,0005,BRIDGE- LIFT SPAN SUBSTRUCTURE AND FENDER SYSTEM,0043,503015M,,SHAFT CORING,600,LF,"UNION PAVING & CONSTRUCTION CO., INC.",$125.00,"$75,000.00"
11111,111,0005,BRIDGE- LIFT SPAN SUBSTRUCTURE AND FENDER SYSTEM,0043,503015M,,SHAFT CORING,600,LF,TUTOR PERINI CORPORATION,$40.00,"$24,000.00"
11111,111,0005,BRIDGE- LIFT SPAN SUBSTRUCTURE AND FENDER SYSTEM,0043,503015M,,SHAFT CORING,600,LF,J-V WEEKS/KIEWIT,$125.00,"$75,000.00"
11111,111,0005,BRIDGE- LIFT SPAN SUBSTRUCTURE AND FENDER SYSTEM,0043,503015M,,SHAFT CORING,600,LF,"GEORGE HARMS CONSTRUCTION COMPANY, INC.",$225.00,"$135,000.00"
11111,111,0005,BRIDGE- LIFT SPAN SUBSTRUCTURE AND FENDER SYSTEM,0043,503015M,,SHAFT CORING,600,LF,"AGATE CONSTRUCTION CO., INC.",$250.00,"$150,000.00"
11111,111,0005,BRIDGE- LIFT SPAN SUBSTRUCTURE AND FENDER SYSTEM,0043,503015M,,SHAFT CORING,600,LF,J-V EE CRUZ & FLATIRON CONSTRUCTORS,$150.00,"$90,000.00"
11111,111,0005,BRIDGE- LIFT SPAN SUBSTRUCTURE AND FENDER SYSTEM,0043,503015M,,SHAFT CORING,600,LF,J H REID GENERAL CONTRACTOR,$5.00,"$3,000.00"
11111,111,0005,BRIDGE- LIFT SPAN SUBSTRUCTURE AND FENDER SYSTEM,0043,503015M,,SHAFT CORING,600,LF,DRISCOLL  J/V  PIERSON,$175.00,"$105,000.00"
11111,111,0005,BRIDGE- LIFT SPAN SUBSTRUCTURE AND FENDER SYSTEM,0044,503031M,,"DRILLED SHAFT IN SOIL, 96"" DIAMETER","7,383",LF,"CONTI ENTERPRISES, INC.","$1,950.00","$14,396,850.00"
11111,111,0005,BRIDGE- LIFT SPAN SUBSTRUCTURE AND FENDER SYSTEM,0044,503031M,,"DRILLED SHAFT IN SOIL, 96"" DIAMETER","7,383",LF,"UNION PAVING & CONSTRUCTION CO., INC.","$2,300.00","$16,980,900.00"
11111,111,0005,BRIDGE- LIFT SPAN SUBSTRUCTURE AND FENDER SYSTEM,0044,503031M,,"DRILLED SHAFT IN SOIL, 96"" DIAMETER","7,383",LF,TUTOR PERINI CORPORATION,"$2,600.00","$19,195,800.00"
11111,111,0005,BRIDGE- LIFT SPAN SUBSTRUCTURE AND FENDER SYSTEM,0044,503031M,,"DRILLED SHAFT IN SOIL, 96"" DIAMETER","7,383",LF,J-V WEEKS/KIEWIT,"$1,700.00","$12,551,100.00"
11111,111,0005,BRIDGE- LIFT SPAN SUBSTRUCTURE AND FENDER SYSTEM,0044,503031M,,"DRILLED SHAFT IN SOIL, 96"" DIAMETER","7,383",LF,"GEORGE HARMS CONSTRUCTION COMPANY, INC.","$2,265.00","$16,722,495.00"
11111,111,0005,BRIDGE- LIFT SPAN SUBSTRUCTURE AND FENDER SYSTEM,0044,503031M,,"DRILLED SHAFT IN SOIL, 96"" DIAMETER","7,383",LF,"AGATE CONSTRUCTION CO., INC.","$2,160.00","$15,947,280.00"
11111,111,0005,BRIDGE- LIFT SPAN SUBSTRUCTURE AND FENDER SYSTEM,0044,503031M,,"DRILLED SHAFT IN SOIL, 96"" DIAMETER","7,383",LF,J-V EE CRUZ & FLATIRON CONSTRUCTORS,"$2,097.00","$15,482,151.00"
11111,111,0005,BRIDGE- LIFT SPAN SUBSTRUCTURE AND FENDER SYSTEM,0044,503031M,,"DRILLED SHAFT IN SOIL, 96"" DIAMETER","7,383",LF,J H REID GENERAL CONTRACTOR,"$2,900.00","$21,410,700.00"
11111,111,0005,BRIDGE- LIFT SPAN SUBSTRUCTURE AND FENDER SYSTEM,0044,503031M,,"DRILLED SHAFT IN SOIL, 96"" DIAMETER","7,383",LF,DRISCOLL  J/V  PIERSON,"$1,700.00","$12,551,100.00"
11111,111,0005,BRIDGE- LIFT SPAN SUBSTRUCTURE AND FENDER SYSTEM,0045,503046M,,"DRILLED SHAFT IN ROCK, 90"" DIAMETER","1,095",LF,"CONTI ENTERPRISES, INC.","$5,500.00","$6,022,500.00"
11111,111,0005,BRIDGE- LIFT SPAN SUBSTRUCTURE AND FENDER SYSTEM,0045,503046M,,"DRILLED SHAFT IN ROCK, 90"" DIAMETER","1,095",LF,"UNION PAVING & CONSTRUCTION CO., INC.","$3,700.00","$4,051,500.00"
11111,111,0005,BRIDGE- LIFT SPAN SUBSTRUCTURE AND FENDER SYSTEM,0045,503046M,,"DRILLED SHAFT IN ROCK, 90"" DIAMETER","1,095",LF,TUTOR PERINI CORPORATION,"$2,400.00","$2,628,000.00"
11111,111,0005,BRIDGE- LIFT SPAN SUBSTRUCTURE AND FENDER SYSTEM,0045,503046M,,"DRILLED SHAFT IN ROCK, 90"" DIAMETER","1,095",LF,J-V WEEKS/KIEWIT,"$3,400.00","$3,723,000.00"
11111,111,0005,BRIDGE- LIFT SPAN SUBSTRUCTURE AND FENDER SYSTEM,0045,503046M,,"DRILLED SHAFT IN ROCK, 90"" DIAMETER","1,095",LF,"GEORGE HARMS CONSTRUCTION COMPANY, INC.","$3,250.00","$3,558,750.00"
11111,111,0005,BRIDGE- LIFT SPAN SUBSTRUCTURE AND FENDER SYSTEM,0045,503046M,,"DRILLED SHAFT IN ROCK, 90"" DIAMETER","1,095",LF,"AGATE CONSTRUCTION CO., INC.","$3,300.00","$3,613,500.00"
11111,111,0005,BRIDGE- LIFT SPAN SUBSTRUCTURE AND FENDER SYSTEM,0045,503046M,,"DRILLED SHAFT IN ROCK, 90"" DIAMETER","1,095",LF,J-V EE CRUZ & FLATIRON CONSTRUCTORS,"$5,250.00","$5,748,750.00"
11111,111,0005,BRIDGE- LIFT SPAN SUBSTRUCTURE AND FENDER SYSTEM,0045,503046M,,"DRILLED SHAFT IN ROCK, 90"" DIAMETER","1,095",LF,J H REID GENERAL CONTRACTOR,"$3,200.00","$3,504,000.00"
11111,111,0005,BRIDGE- LIFT SPAN SUBSTRUCTURE AND FENDER SYSTEM,0045,503046M,,"DRILLED SHAFT IN ROCK, 90"" DIAMETER","1,095",LF,DRISCOLL  J/V  PIERSON,"$6,500.00","$7,117,500.00"
11111,111,0005,BRIDGE- LIFT SPAN SUBSTRUCTURE AND FENDER SYSTEM,0046,503048M,,OBSTRUCTION,100,LF,"CONTI ENTERPRISES, INC.","$1,000.00","$100,000.00"
11111,111,0005,BRIDGE- LIFT SPAN SUBSTRUCTURE AND FENDER SYSTEM,0046,503048M,,OBSTRUCTION,100,LF,"UNION PAVING & CONSTRUCTION CO., INC.","$4,200.00","$420,000.00"
11111,111,0005,BRIDGE- LIFT SPAN SUBSTRUCTURE AND FENDER SYSTEM,0046,503048M,,OBSTRUCTION,100,LF,TUTOR PERINI CORPORATION,"$4,000.00","$400,000.00"
11111,111,0005,BRIDGE- LIFT SPAN SUBSTRUCTURE AND FENDER SYSTEM,0046,503048M,,OBSTRUCTION,100,LF,J-V WEEKS/KIEWIT,"$8,000.00","$800,000.00"
11111,111,0005,BRIDGE- LIFT SPAN SUBSTRUCTURE AND FENDER SYSTEM,0046,503048M,,OBSTRUCTION,100,LF,"GEORGE HARMS CONSTRUCTION COMPANY, INC.","$2,815.00","$281,500.00"
11111,111,0005,BRIDGE- LIFT SPAN SUBSTRUCTURE AND FENDER SYSTEM,0046,503048M,,OBSTRUCTION,100,LF,"AGATE CONSTRUCTION CO., INC.","$6,000.00","$600,000.00"
11111,111,0005,BRIDGE- LIFT SPAN SUBSTRUCTURE AND FENDER SYSTEM,0046,503048M,,OBSTRUCTION,100,LF,J-V EE CRUZ & FLATIRON CONSTRUCTORS,"$1,750.00","$175,000.00"
11111,111,0005,BRIDGE- LIFT SPAN SUBSTRUCTURE AND FENDER SYSTEM,0046,503048M,,OBSTRUCTION,100,LF,J H REID GENERAL CONTRACTOR,"$3,550.00","$355,000.00"
11111,111,0005,BRIDGE- LIFT SPAN SUBSTRUCTURE AND FENDER SYSTEM,0046,503048M,,OBSTRUCTION,100,LF,DRISCOLL  J/V  PIERSON,"$3,500.00","$350,000.00"
11111,111,0005,BRIDGE- LIFT SPAN SUBSTRUCTURE AND FENDER SYSTEM,0047,503051M,,TOMOGRAPHY,8,U,"CONTI ENTERPRISES, INC.","$3,500.00","$28,000.00"
11111,111,0005,BRIDGE- LIFT SPAN SUBSTRUCTURE AND FENDER SYSTEM,0047,503051M,,TOMOGRAPHY,8,U,"UNION PAVING & CONSTRUCTION CO., INC.","$2,200.00","$17,600.00"
11111,111,0005,BRIDGE- LIFT SPAN SUBSTRUCTURE AND FENDER SYSTEM,0047,503051M,,TOMOGRAPHY,8,U,TUTOR PERINI CORPORATION,"$7,000.00","$56,000.00"
11111,111,0005,BRIDGE- LIFT SPAN SUBSTRUCTURE AND FENDER SYSTEM,0047,503051M,,TOMOGRAPHY,8,U,J-V WEEKS/KIEWIT,"$2,500.00","$20,000.00"
11111,111,0005,BRIDGE- LIFT SPAN SUBSTRUCTURE AND FENDER SYSTEM,0047,503051M,,TOMOGRAPHY,8,U,"GEORGE HARMS CONSTRUCTION COMPANY, INC.","$12,000.00","$96,000.00"
11111,111,0005,BRIDGE- LIFT SPAN SUBSTRUCTURE AND FENDER SYSTEM,0047,503051M,,TOMOGRAPHY,8,U,"AGATE CONSTRUCTION CO., INC.","$2,500.00","$20,000.00"
11111,111,0005,BRIDGE- LIFT SPAN SUBSTRUCTURE AND FENDER SYSTEM,0047,503051M,,TOMOGRAPHY,8,U,J-V EE CRUZ & FLATIRON CONSTRUCTORS,"$4,000.00","$32,000.00"
11111,111,0005,BRIDGE- LIFT SPAN SUBSTRUCTURE AND FENDER SYSTEM,0047,503051M,,TOMOGRAPHY,8,U,J H REID GENERAL CONTRACTOR,"$2,100.00","$16,800.00"
11111,111,0005,BRIDGE- LIFT SPAN SUBSTRUCTURE AND FENDER SYSTEM,0047,503051M,,TOMOGRAPHY,8,U,DRISCOLL  J/V  PIERSON,"$2,000.00","$16,000.00"
11111,111,0005,BRIDGE- LIFT SPAN SUBSTRUCTURE AND FENDER SYSTEM,0048,503060M,,"PERMANENT STEEL CASING, 96"" DIAMETER","7,383",LF,"CONTI ENTERPRISES, INC.",$700.00,"$5,168,100.00"
11111,111,0005,BRIDGE- LIFT SPAN SUBSTRUCTURE AND FENDER SYSTEM,0048,503060M,,"PERMANENT STEEL CASING, 96"" DIAMETER","7,383",LF,"UNION PAVING & CONSTRUCTION CO., INC.","$1,150.00","$8,490,450.00"
11111,111,0005,BRIDGE- LIFT SPAN SUBSTRUCTURE AND FENDER SYSTEM,0048,503060M,,"PERMANENT STEEL CASING, 96"" DIAMETER","7,383",LF,TUTOR PERINI CORPORATION,$500.00,"$3,691,500.00"
11111,111,0005,BRIDGE- LIFT SPAN SUBSTRUCTURE AND FENDER SYSTEM,0048,503060M,,"PERMANENT STEEL CASING, 96"" DIAMETER","7,383",LF,J-V WEEKS/KIEWIT,"$1,100.00","$8,121,300.00"
11111,111,0005,BRIDGE- LIFT SPAN SUBSTRUCTURE AND FENDER SYSTEM,0048,503060M,,"PERMANENT STEEL CASING, 96"" DIAMETER","7,383",LF,"GEORGE HARMS CONSTRUCTION COMPANY, INC.",$965.00,"$7,124,595.00"
11111,111,0005,BRIDGE- LIFT SPAN SUBSTRUCTURE AND FENDER SYSTEM,0048,503060M,,"PERMANENT STEEL CASING, 96"" DIAMETER","7,383",LF,"AGATE CONSTRUCTION CO., INC.","$1,150.00","$8,490,450.00"
11111,111,0005,BRIDGE- LIFT SPAN SUBSTRUCTURE AND FENDER SYSTEM,0048,503060M,,"PERMANENT STEEL CASING, 96"" DIAMETER","7,383",LF,J-V EE CRUZ & FLATIRON CONSTRUCTORS,"$1,750.00","$12,920,250.00"
11111,111,0005,BRIDGE- LIFT SPAN SUBSTRUCTURE AND FENDER SYSTEM,0048,503060M,,"PERMANENT STEEL CASING, 96"" DIAMETER","7,383",LF,J H REID GENERAL CONTRACTOR,"$1,000.00","$7,383,000.00"
11111,111,0005,BRIDGE- LIFT SPAN SUBSTRUCTURE AND FENDER SYSTEM,0048,503060M,,"PERMANENT STEEL CASING, 96"" DIAMETER","7,383",LF,DRISCOLL  J/V  PIERSON,"$1,000.00","$7,383,000.00"
11111,111,0005,BRIDGE- LIFT SPAN SUBSTRUCTURE AND FENDER SYSTEM,0049,504006P,,"REINFORCEMENT STEEL, EPOXY-COATED","3,417,163",LB,"CONTI ENTERPRISES, INC.",$2.00,"$6,834,326.00"
11111,111,0005,BRIDGE- LIFT SPAN SUBSTRUCTURE AND FENDER SYSTEM,0049,504006P,,"REINFORCEMENT STEEL, EPOXY-COATED","3,417,163",LB,"UNION PAVING & CONSTRUCTION CO., INC.",$2.00,"$6,834,326.00"
11111,111,0005,BRIDGE- LIFT SPAN SUBSTRUCTURE AND FENDER SYSTEM,0049,504006P,,"REINFORCEMENT STEEL, EPOXY-COATED","3,417,163",LB,TUTOR PERINI CORPORATION,$2.00,"$6,834,326.00"
11111,111,0005,BRIDGE- LIFT SPAN SUBSTRUCTURE AND FENDER SYSTEM,0049,504006P,,"REINFORCEMENT STEEL, EPOXY-COATED","3,417,163",LB,J-V WEEKS/KIEWIT,$3.80,"$12,985,219.40"
11111,111,0005,BRIDGE- LIFT SPAN SUBSTRUCTURE AND FENDER SYSTEM,0049,504006P,,"REINFORCEMENT STEEL, EPOXY-COATED","3,417,163",LB,"GEORGE HARMS CONSTRUCTION COMPANY, INC.",$1.90,"$6,492,609.70"
11111,111,0005,BRIDGE- LIFT SPAN SUBSTRUCTURE AND FENDER SYSTEM,0049,504006P,,"REINFORCEMENT STEEL, EPOXY-COATED","3,417,163",LB,"AGATE CONSTRUCTION CO., INC.",$1.60,"$5,467,460.80"
11111,111,0005,BRIDGE- LIFT SPAN SUBSTRUCTURE AND FENDER SYSTEM,0049,504006P,,"REINFORCEMENT STEEL, EPOXY-COATED","3,417,163",LB,J-V EE CRUZ & FLATIRON CONSTRUCTORS,$2.50,"$8,542,907.50"
11111,111,0005,BRIDGE- LIFT SPAN SUBSTRUCTURE AND FENDER SYSTEM,0049,504006P,,"REINFORCEMENT STEEL, EPOXY-COATED","3,417,163",LB,J H REID GENERAL CONTRACTOR,$2.25,"$7,688,616.75"
11111,111,0005,BRIDGE- LIFT SPAN SUBSTRUCTURE AND FENDER SYSTEM,0049,504006P,,"REINFORCEMENT STEEL, EPOXY-COATED","3,417,163",LB,DRISCOLL  J/V  PIERSON,$2.00,"$6,834,326.00"
11111,111,0005,BRIDGE- LIFT SPAN SUBSTRUCTURE AND FENDER SYSTEM,0050,504015P,,CONCRETE FOOTING,"14,051",CY,"CONTI ENTERPRISES, INC.",$300.00,"$4,215,300.00"
11111,111,0005,BRIDGE- LIFT SPAN SUBSTRUCTURE AND FENDER SYSTEM,0050,504015P,,CONCRETE FOOTING,"14,051",CY,"UNION PAVING & CONSTRUCTION CO., INC.",$200.00,"$2,810,200.00"
11111,111,0005,BRIDGE- LIFT SPAN SUBSTRUCTURE AND FENDER SYSTEM,0050,504015P,,CONCRETE FOOTING,"14,051",CY,TUTOR PERINI CORPORATION,$265.00,"$3,723,515.00"
11111,111,0005,BRIDGE- LIFT SPAN SUBSTRUCTURE AND FENDER SYSTEM,0050,504015P,,CONCRETE FOOTING,"14,051",CY,J-V WEEKS/KIEWIT,$500.00,"$7,025,500.00"
11111,111,0005,BRIDGE- LIFT SPAN SUBSTRUCTURE AND FENDER SYSTEM,0050,504015P,,CONCRETE FOOTING,"14,051",CY,"GEORGE HARMS CONSTRUCTION COMPANY, INC.",$230.00,"$3,231,730.00"
11111,111,0005,BRIDGE- LIFT SPAN SUBSTRUCTURE AND FENDER SYSTEM,0050,504015P,,CONCRETE FOOTING,"14,051",CY,"AGATE CONSTRUCTION CO., INC.",$200.00,"$2,810,200.00"
11111,111,0005,BRIDGE- LIFT SPAN SUBSTRUCTURE AND FENDER SYSTEM,0050,504015P,,CONCRETE FOOTING,"14,051",CY,J-V EE CRUZ & FLATIRON CONSTRUCTORS,$350.00,"$4,917,850.00"
11111,111,0005,BRIDGE- LIFT SPAN SUBSTRUCTURE AND FENDER SYSTEM,0050,504015P,,CONCRETE FOOTING,"14,051",CY,J H REID GENERAL CONTRACTOR,$450.00,"$6,322,950.00"
11111,111,0005,BRIDGE- LIFT SPAN SUBSTRUCTURE AND FENDER SYSTEM,0050,504015P,,CONCRETE FOOTING,"14,051",CY,DRISCOLL  J/V  PIERSON,$350.00,"$4,917,850.00"
11111,111,0005,BRIDGE- LIFT SPAN SUBSTRUCTURE AND FENDER SYSTEM,0051,504027P,,CONCRETE PIER COLUMN AND CAP,"12,300",CY,"CONTI ENTERPRISES, INC.",$600.00,"$7,380,000.00"
11111,111,0005,BRIDGE- LIFT SPAN SUBSTRUCTURE AND FENDER SYSTEM,0051,504027P,,CONCRETE PIER COLUMN AND CAP,"12,300",CY,"UNION PAVING & CONSTRUCTION CO., INC.",$525.00,"$6,457,500.00"
11111,111,0005,BRIDGE- LIFT SPAN SUBSTRUCTURE AND FENDER SYSTEM,0051,504027P,,CONCRETE PIER COLUMN AND CAP,"12,300",CY,TUTOR PERINI CORPORATION,$620.00,"$7,626,000.00"
11111,111,0005,BRIDGE- LIFT SPAN SUBSTRUCTURE AND FENDER SYSTEM,0051,504027P,,CONCRETE PIER COLUMN AND CAP,"12,300",CY,J-V WEEKS/KIEWIT,$985.00,"$12,115,500.00"
11111,111,0005,BRIDGE- LIFT SPAN SUBSTRUCTURE AND FENDER SYSTEM,0051,504027P,,CONCRETE PIER COLUMN AND CAP,"12,300",CY,"GEORGE HARMS CONSTRUCTION COMPANY, INC.",$515.00,"$6,334,500.00"
11111,111,0005,BRIDGE- LIFT SPAN SUBSTRUCTURE AND FENDER SYSTEM,0051,504027P,,CONCRETE PIER COLUMN AND CAP,"12,300",CY,"AGATE CONSTRUCTION CO., INC.",$325.00,"$3,997,500.00"
11111,111,0005,BRIDGE- LIFT SPAN SUBSTRUCTURE AND FENDER SYSTEM,0051,504027P,,CONCRETE PIER COLUMN AND CAP,"12,300",CY,J-V EE CRUZ & FLATIRON CONSTRUCTORS,$800.00,"$9,840,000.00"
11111,111,0005,BRIDGE- LIFT SPAN SUBSTRUCTURE AND FENDER SYSTEM,0051,504027P,,CONCRETE PIER COLUMN AND CAP,"12,300",CY,J H REID GENERAL CONTRACTOR,$620.00,"$7,626,000.00"
11111,111,0005,BRIDGE- LIFT SPAN SUBSTRUCTURE AND FENDER SYSTEM,0051,504027P,,CONCRETE PIER COLUMN AND CAP,"12,300",CY,DRISCOLL  J/V  PIERSON,$525.00,"$6,457,500.00"
11111,111,0005,BRIDGE- LIFT SPAN SUBSTRUCTURE AND FENDER SYSTEM,0052,504036P,,EPOXY WATERPROOFING,"1,707",SY,"CONTI ENTERPRISES, INC.",$50.00,"$85,350.00"
11111,111,0005,BRIDGE- LIFT SPAN SUBSTRUCTURE AND FENDER SYSTEM,0052,504036P,,EPOXY WATERPROOFING,"1,707",SY,"UNION PAVING & CONSTRUCTION CO., INC.",$25.00,"$42,675.00"
11111,111,0005,BRIDGE- LIFT SPAN SUBSTRUCTURE AND FENDER SYSTEM,0052,504036P,,EPOXY WATERPROOFING,"1,707",SY,TUTOR PERINI CORPORATION,$45.00,"$76,815.00"
11111,111,0005,BRIDGE- LIFT SPAN SUBSTRUCTURE AND FENDER SYSTEM,0052,504036P,,EPOXY WATERPROOFING,"1,707",SY,J-V WEEKS/KIEWIT,$100.00,"$170,700.00"
11111,111,0005,BRIDGE- LIFT SPAN SUBSTRUCTURE AND FENDER SYSTEM,0052,504036P,,EPOXY WATERPROOFING,"1,707",SY,"GEORGE HARMS CONSTRUCTION COMPANY, INC.",$45.00,"$76,815.00"
11111,111,0005,BRIDGE- LIFT SPAN SUBSTRUCTURE AND FENDER SYSTEM,0052,504036P,,EPOXY WATERPROOFING,"1,707",SY,"AGATE CONSTRUCTION CO., INC.",$45.00,"$76,815.00"
11111,111,0005,BRIDGE- LIFT SPAN SUBSTRUCTURE AND FENDER SYSTEM,0052,504036P,,EPOXY WATERPROOFING,"1,707",SY,J-V EE CRUZ & FLATIRON CONSTRUCTORS,$47.00,"$80,229.00"
11111,111,0005,BRIDGE- LIFT SPAN SUBSTRUCTURE AND FENDER SYSTEM,0052,504036P,,EPOXY WATERPROOFING,"1,707",SY,J H REID GENERAL CONTRACTOR,$35.00,"$59,745.00"
11111,111,0005,BRIDGE- LIFT SPAN SUBSTRUCTURE AND FENDER SYSTEM,0052,504036P,,EPOXY WATERPROOFING,"1,707",SY,DRISCOLL  J/V  PIERSON,$65.00,"$110,955.00"
11111,111,0005,BRIDGE- LIFT SPAN SUBSTRUCTURE AND FENDER SYSTEM,0053,506003P,,STRUCTURAL STEEL,1,LS,"CONTI ENTERPRISES, INC.","$500,000.00","$500,000.00"
11111,111,0005,BRIDGE- LIFT SPAN SUBSTRUCTURE AND FENDER SYSTEM,0053,506003P,,STRUCTURAL STEEL,1,LS,"UNION PAVING & CONSTRUCTION CO., INC.","$95,000.00","$95,000.00"
11111,111,0005,BRIDGE- LIFT SPAN SUBSTRUCTURE AND FENDER SYSTEM,0053,506003P,,STRUCTURAL STEEL,1,LS,TUTOR PERINI CORPORATION,"$440,000.00","$440,000.00"
11111,111,0005,BRIDGE- LIFT SPAN SUBSTRUCTURE AND FENDER SYSTEM,0053,506003P,,STRUCTURAL STEEL,1,LS,J-V WEEKS/KIEWIT,"$200,000.00","$200,000.00"
11111,111,0005,BRIDGE- LIFT SPAN SUBSTRUCTURE AND FENDER SYSTEM,0053,506003P,,STRUCTURAL STEEL,1,LS,"GEORGE HARMS CONSTRUCTION COMPANY, INC.","$495,000.00","$495,000.00"
11111,111,0005,BRIDGE- LIFT SPAN SUBSTRUCTURE AND FENDER SYSTEM,0053,506003P,,STRUCTURAL STEEL,1,LS,"AGATE CONSTRUCTION CO., INC.","$240,000.00","$240,000.00"
11111,111,0005,BRIDGE- LIFT SPAN SUBSTRUCTURE AND FENDER SYSTEM,0053,506003P,,STRUCTURAL STEEL,1,LS,J-V EE CRUZ & FLATIRON CONSTRUCTORS,"$300,000.00","$300,000.00"
11111,111,0005,BRIDGE- LIFT SPAN SUBSTRUCTURE AND FENDER SYSTEM,0053,506003P,,STRUCTURAL STEEL,1,LS,J H REID GENERAL CONTRACTOR,"$350,000.00","$350,000.00"
11111,111,0005,BRIDGE- LIFT SPAN SUBSTRUCTURE AND FENDER SYSTEM,0053,506003P,,STRUCTURAL STEEL,1,LS,DRISCOLL  J/V  PIERSON,"$400,000.00","$400,000.00"
11111,111,0005,BRIDGE- LIFT SPAN SUBSTRUCTURE AND FENDER SYSTEM,0054,511019M,,TIDE CLEARANCE GAUGE,1,U,"CONTI ENTERPRISES, INC.","$10,000.00","$10,000.00"
11111,111,0005,BRIDGE- LIFT SPAN SUBSTRUCTURE AND FENDER SYSTEM,0054,511019M,,TIDE CLEARANCE GAUGE,1,U,"UNION PAVING & CONSTRUCTION CO., INC.","$20,000.00","$20,000.00"
11111,111,0005,BRIDGE- LIFT SPAN SUBSTRUCTURE AND FENDER SYSTEM,0054,511019M,,TIDE CLEARANCE GAUGE,1,U,TUTOR PERINI CORPORATION,"$18,000.00","$18,000.00"
11111,111,0005,BRIDGE- LIFT SPAN SUBSTRUCTURE AND FENDER SYSTEM,0054,511019M,,TIDE CLEARANCE GAUGE,1,U,J-V WEEKS/KIEWIT,"$5,000.00","$5,000.00"
11111,111,0005,BRIDGE- LIFT SPAN SUBSTRUCTURE AND FENDER SYSTEM,0054,511019M,,TIDE CLEARANCE GAUGE,1,U,"GEORGE HARMS CONSTRUCTION COMPANY, INC.","$5,900.00","$5,900.00"
11111,111,0005,BRIDGE- LIFT SPAN SUBSTRUCTURE AND FENDER SYSTEM,0054,511019M,,TIDE CLEARANCE GAUGE,1,U,"AGATE CONSTRUCTION CO., INC.","$10,000.00","$10,000.00"
11111,111,0005,BRIDGE- LIFT SPAN SUBSTRUCTURE AND FENDER SYSTEM,0054,511019M,,TIDE CLEARANCE GAUGE,1,U,J-V EE CRUZ & FLATIRON CONSTRUCTORS,"$10,000.00","$10,000.00"
11111,111,0005,BRIDGE- LIFT SPAN SUBSTRUCTURE AND FENDER SYSTEM,0054,511019M,,TIDE CLEARANCE GAUGE,1,U,J H REID GENERAL CONTRACTOR,"$17,000.00","$17,000.00"
11111,111,0005,BRIDGE- LIFT SPAN SUBSTRUCTURE AND FENDER SYSTEM,0054,511019M,,TIDE CLEARANCE GAUGE,1,U,DRISCOLL  J/V  PIERSON,"$7,500.00","$7,500.00"
11111,111,0005,BRIDGE- LIFT SPAN SUBSTRUCTURE AND FENDER SYSTEM,0055,511020P,,FENDER SYSTEM,"6,840",LF,"CONTI ENTERPRISES, INC.",$100.00,"$684,000.00"
11111,111,0005,BRIDGE- LIFT SPAN SUBSTRUCTURE AND FENDER SYSTEM,0055,511020P,,FENDER SYSTEM,"6,840",LF,"UNION PAVING & CONSTRUCTION CO., INC.",$295.00,"$2,017,800.00"
11111,111,0005,BRIDGE- LIFT SPAN SUBSTRUCTURE AND FENDER SYSTEM,0055,511020P,,FENDER SYSTEM,"6,840",LF,TUTOR PERINI CORPORATION,$460.00,"$3,146,400.00"
11111,111,0005,BRIDGE- LIFT SPAN SUBSTRUCTURE AND FENDER SYSTEM,0055,511020P,,FENDER SYSTEM,"6,840",LF,J-V WEEKS/KIEWIT,$110.00,"$752,400.00"
11111,111,0005,BRIDGE- LIFT SPAN SUBSTRUCTURE AND FENDER SYSTEM,0055,511020P,,FENDER SYSTEM,"6,840",LF,"GEORGE HARMS CONSTRUCTION COMPANY, INC.",$325.00,"$2,223,000.00"
11111,111,0005,BRIDGE- LIFT SPAN SUBSTRUCTURE AND FENDER SYSTEM,0055,511020P,,FENDER SYSTEM,"6,840",LF,"AGATE CONSTRUCTION CO., INC.",$100.00,"$684,000.00"
11111,111,0005,BRIDGE- LIFT SPAN SUBSTRUCTURE AND FENDER SYSTEM,0055,511020P,,FENDER SYSTEM,"6,840",LF,J-V EE CRUZ & FLATIRON CONSTRUCTORS,$414.00,"$2,831,760.00"
11111,111,0005,BRIDGE- LIFT SPAN SUBSTRUCTURE AND FENDER SYSTEM,0055,511020P,,FENDER SYSTEM,"6,840",LF,J H REID GENERAL CONTRACTOR,$270.00,"$1,846,800.00"
11111,111,0005,BRIDGE- LIFT SPAN SUBSTRUCTURE AND FENDER SYSTEM,0055,511020P,,FENDER SYSTEM,"6,840",LF,DRISCOLL  J/V  PIERSON,$325.00,"$2,223,000.00"
11111,111,0005,BRIDGE- LIFT SPAN SUBSTRUCTURE AND FENDER SYSTEM,0056,518043P,,GROUNDING AND BONDING SYSTEM,1,LS,"CONTI ENTERPRISES, INC.","$25,000.00","$25,000.00"
11111,111,0005,BRIDGE- LIFT SPAN SUBSTRUCTURE AND FENDER SYSTEM,0056,518043P,,GROUNDING AND BONDING SYSTEM,1,LS,"UNION PAVING & CONSTRUCTION CO., INC.","$110,000.00","$110,000.00"
11111,111,0005,BRIDGE- LIFT SPAN SUBSTRUCTURE AND FENDER SYSTEM,0056,518043P,,GROUNDING AND BONDING SYSTEM,1,LS,TUTOR PERINI CORPORATION,"$90,000.00","$90,000.00"
11111,111,0005,BRIDGE- LIFT SPAN SUBSTRUCTURE AND FENDER SYSTEM,0056,518043P,,GROUNDING AND BONDING SYSTEM,1,LS,J-V WEEKS/KIEWIT,"$60,000.00","$60,000.00"
11111,111,0005,BRIDGE- LIFT SPAN SUBSTRUCTURE AND FENDER SYSTEM,0056,518043P,,GROUNDING AND BONDING SYSTEM,1,LS,"GEORGE HARMS CONSTRUCTION COMPANY, INC.","$98,000.00","$98,000.00"
11111,111,0005,BRIDGE- LIFT SPAN SUBSTRUCTURE AND FENDER SYSTEM,0056,518043P,,GROUNDING AND BONDING SYSTEM,1,LS,"AGATE CONSTRUCTION CO., INC.","$100,000.00","$100,000.00"
11111,111,0005,BRIDGE- LIFT SPAN SUBSTRUCTURE AND FENDER SYSTEM,0056,518043P,,GROUNDING AND BONDING SYSTEM,1,LS,J-V EE CRUZ & FLATIRON CONSTRUCTORS,"$75,000.00","$75,000.00"
11111,111,0005,BRIDGE- LIFT SPAN SUBSTRUCTURE AND FENDER SYSTEM,0056,518043P,,GROUNDING AND BONDING SYSTEM,1,LS,J H REID GENERAL CONTRACTOR,"$90,000.00","$90,000.00"
11111,111,0005,BRIDGE- LIFT SPAN SUBSTRUCTURE AND FENDER SYSTEM,0056,518043P,,GROUNDING AND BONDING SYSTEM,1,LS,DRISCOLL  J/V  PIERSON,"$94,000.00","$94,000.00"
11111,111,0005,BRIDGE- LIFT SPAN SUBSTRUCTURE AND FENDER SYSTEM,0057,605193P,,HANDRAIL,"1,597",LF,"CONTI ENTERPRISES, INC.",$100.00,"$159,700.00"
11111,111,0005,BRIDGE- LIFT SPAN SUBSTRUCTURE AND FENDER SYSTEM,0057,605193P,,HANDRAIL,"1,597",LF,"UNION PAVING & CONSTRUCTION CO., INC.",$95.00,"$151,715.00"
11111,111,0005,BRIDGE- LIFT SPAN SUBSTRUCTURE AND FENDER SYSTEM,0057,605193P,,HANDRAIL,"1,597",LF,TUTOR PERINI CORPORATION,$116.00,"$185,252.00"
11111,111,0005,BRIDGE- LIFT SPAN SUBSTRUCTURE AND FENDER SYSTEM,0057,605193P,,HANDRAIL,"1,597",LF,J-V WEEKS/KIEWIT,$225.00,"$359,325.00"
11111,111,0005,BRIDGE- LIFT SPAN SUBSTRUCTURE AND FENDER SYSTEM,0057,605193P,,HANDRAIL,"1,597",LF,"GEORGE HARMS CONSTRUCTION COMPANY, INC.",$142.00,"$226,774.00"
11111,111,0005,BRIDGE- LIFT SPAN SUBSTRUCTURE AND FENDER SYSTEM,0057,605193P,,HANDRAIL,"1,597",LF,"AGATE CONSTRUCTION CO., INC.",$75.00,"$119,775.00"
11111,111,0005,BRIDGE- LIFT SPAN SUBSTRUCTURE AND FENDER SYSTEM,0057,605193P,,HANDRAIL,"1,597",LF,J-V EE CRUZ & FLATIRON CONSTRUCTORS,$200.00,"$319,400.00"
11111,111,0005,BRIDGE- LIFT SPAN SUBSTRUCTURE AND FENDER SYSTEM,0057,605193P,,HANDRAIL,"1,597",LF,J H REID GENERAL CONTRACTOR,$150.00,"$239,550.00"
11111,111,0005,BRIDGE- LIFT SPAN SUBSTRUCTURE AND FENDER SYSTEM,0057,605193P,,HANDRAIL,"1,597",LF,DRISCOLL  J/V  PIERSON,$110.00,"$175,670.00"
11111,111,0005,BRIDGE- LIFT SPAN SUBSTRUCTURE AND FENDER SYSTEM,0058,703034P,,NAVIGATIONAL LIGHTING SYSTEM,8,U,"CONTI ENTERPRISES, INC.","$10,000.00","$80,000.00"
11111,111,0005,BRIDGE- LIFT SPAN SUBSTRUCTURE AND FENDER SYSTEM,0058,703034P,,NAVIGATIONAL LIGHTING SYSTEM,8,U,"UNION PAVING & CONSTRUCTION CO., INC.","$10,000.00","$80,000.00"
11111,111,0005,BRIDGE- LIFT SPAN SUBSTRUCTURE AND FENDER SYSTEM,0058,703034P,,NAVIGATIONAL LIGHTING SYSTEM,8,U,TUTOR PERINI CORPORATION,"$9,000.00","$72,000.00"
11111,111,0005,BRIDGE- LIFT SPAN SUBSTRUCTURE AND FENDER SYSTEM,0058,703034P,,NAVIGATIONAL LIGHTING SYSTEM,8,U,J-V WEEKS/KIEWIT,"$15,000.00","$120,000.00"
11111,111,0005,BRIDGE- LIFT SPAN SUBSTRUCTURE AND FENDER SYSTEM,0058,703034P,,NAVIGATIONAL LIGHTING SYSTEM,8,U,"GEORGE HARMS CONSTRUCTION COMPANY, INC.","$9,800.00","$78,400.00"
11111,111,0005,BRIDGE- LIFT SPAN SUBSTRUCTURE AND FENDER SYSTEM,0058,703034P,,NAVIGATIONAL LIGHTING SYSTEM,8,U,"AGATE CONSTRUCTION CO., INC.","$10,000.00","$80,000.00"
11111,111,0005,BRIDGE- LIFT SPAN SUBSTRUCTURE AND FENDER SYSTEM,0058,703034P,,NAVIGATIONAL LIGHTING SYSTEM,8,U,J-V EE CRUZ & FLATIRON CONSTRUCTORS,"$14,000.00","$112,000.00"
11111,111,0005,BRIDGE- LIFT SPAN SUBSTRUCTURE AND FENDER SYSTEM,0058,703034P,,NAVIGATIONAL LIGHTING SYSTEM,8,U,J H REID GENERAL CONTRACTOR,"$9,000.00","$72,000.00"
11111,111,0005,BRIDGE- LIFT SPAN SUBSTRUCTURE AND FENDER SYSTEM,0058,703034P,,NAVIGATIONAL LIGHTING SYSTEM,8,U,DRISCOLL  J/V  PIERSON,"$10,000.00","$80,000.00"
11111,111,0002,CONSTRUCTION ENGINEERING,0059,156003M,,MATERIALS FIELD LABORATORY SET-UP,1,U,"CONTI ENTERPRISES, INC.","$100,000.00","$100,000.00"
11111,111,0002,CONSTRUCTION ENGINEERING,0059,156003M,,MATERIALS FIELD LABORATORY SET-UP,1,U,"UNION PAVING & CONSTRUCTION CO., INC.","$25,000.00","$25,000.00"
11111,111,0002,CONSTRUCTION ENGINEERING,0059,156003M,,MATERIALS FIELD LABORATORY SET-UP,1,U,TUTOR PERINI CORPORATION,"$45,000.00","$45,000.00"
11111,111,0002,CONSTRUCTION ENGINEERING,0059,156003M,,MATERIALS FIELD LABORATORY SET-UP,1,U,J-V WEEKS/KIEWIT,"$200,000.00","$200,000.00"
11111,111,0002,CONSTRUCTION ENGINEERING,0059,156003M,,MATERIALS FIELD LABORATORY SET-UP,1,U,"GEORGE HARMS CONSTRUCTION COMPANY, INC.","$55,000.00","$55,000.00"
11111,111,0002,CONSTRUCTION ENGINEERING,0059,156003M,,MATERIALS FIELD LABORATORY SET-UP,1,U,"AGATE CONSTRUCTION CO., INC.","$30,000.00","$30,000.00"
11111,111,0002,CONSTRUCTION ENGINEERING,0059,156003M,,MATERIALS FIELD LABORATORY SET-UP,1,U,J-V EE CRUZ & FLATIRON CONSTRUCTORS,"$200,000.00","$200,000.00"
11111,111,0002,CONSTRUCTION ENGINEERING,0059,156003M,,MATERIALS FIELD LABORATORY SET-UP,1,U,J H REID GENERAL CONTRACTOR,"$150,000.00","$150,000.00"
11111,111,0002,CONSTRUCTION ENGINEERING,0059,156003M,,MATERIALS FIELD LABORATORY SET-UP,1,U,DRISCOLL  J/V  PIERSON,"$100,000.00","$100,000.00"
11111,111,0002,CONSTRUCTION ENGINEERING,0060,156006M,,MATERIALS FIELD LABORATORY MAINTENANCE,32,MO,"CONTI ENTERPRISES, INC.","$7,000.00","$224,000.00"
11111,111,0002,CONSTRUCTION ENGINEERING,0060,156006M,,MATERIALS FIELD LABORATORY MAINTENANCE,32,MO,"UNION PAVING & CONSTRUCTION CO., INC.","$1,000.00","$32,000.00"
11111,111,0002,CONSTRUCTION ENGINEERING,0060,156006M,,MATERIALS FIELD LABORATORY MAINTENANCE,32,MO,TUTOR PERINI CORPORATION,"$2,700.00","$86,400.00"
11111,111,0002,CONSTRUCTION ENGINEERING,0060,156006M,,MATERIALS FIELD LABORATORY MAINTENANCE,32,MO,J-V WEEKS/KIEWIT,"$3,000.00","$96,000.00"
11111,111,0002,CONSTRUCTION ENGINEERING,0060,156006M,,MATERIALS FIELD LABORATORY MAINTENANCE,32,MO,"GEORGE HARMS CONSTRUCTION COMPANY, INC.","$1,500.00","$48,000.00"
11111,111,0002,CONSTRUCTION ENGINEERING,0060,156006M,,MATERIALS FIELD LABORATORY MAINTENANCE,32,MO,"AGATE CONSTRUCTION CO., INC.","$2,900.00","$92,800.00"
11111,111,0002,CONSTRUCTION ENGINEERING,0060,156006M,,MATERIALS FIELD LABORATORY MAINTENANCE,32,MO,J-V EE CRUZ & FLATIRON CONSTRUCTORS,"$2,000.00","$64,000.00"
11111,111,0002,CONSTRUCTION ENGINEERING,0060,156006M,,MATERIALS FIELD LABORATORY MAINTENANCE,32,MO,J H REID GENERAL CONTRACTOR,"$3,000.00","$96,000.00"
11111,111,0002,CONSTRUCTION ENGINEERING,0060,156006M,,MATERIALS FIELD LABORATORY MAINTENANCE,32,MO,DRISCOLL  J/V  PIERSON,"$1,000.00","$32,000.00"
11111,111,0002,CONSTRUCTION ENGINEERING,0061,156015M,,NUCLEAR DENSITY GAUGE,1,U,"CONTI ENTERPRISES, INC.","$4,000.00","$4,000.00"
11111,111,0002,CONSTRUCTION ENGINEERING,0061,156015M,,NUCLEAR DENSITY GAUGE,1,U,"UNION PAVING & CONSTRUCTION CO., INC.",$0.01,$0.01
11111,111,0002,CONSTRUCTION ENGINEERING,0061,156015M,,NUCLEAR DENSITY GAUGE,1,U,TUTOR PERINI CORPORATION,"$5,000.00","$5,000.00"
11111,111,0002,CONSTRUCTION ENGINEERING,0061,156015M,,NUCLEAR DENSITY GAUGE,1,U,J-V WEEKS/KIEWIT,"$7,500.00","$7,500.00"
11111,111,0002,CONSTRUCTION ENGINEERING,0061,156015M,,NUCLEAR DENSITY GAUGE,1,U,"GEORGE HARMS CONSTRUCTION COMPANY, INC.","$6,800.00","$6,800.00"
11111,111,0002,CONSTRUCTION ENGINEERING,0061,156015M,,NUCLEAR DENSITY GAUGE,1,U,"AGATE CONSTRUCTION CO., INC.","$12,000.00","$12,000.00"
11111,111,0002,CONSTRUCTION ENGINEERING,0061,156015M,,NUCLEAR DENSITY GAUGE,1,U,J-V EE CRUZ & FLATIRON CONSTRUCTORS,"$20,000.00","$20,000.00"
11111,111,0002,CONSTRUCTION ENGINEERING,0061,156015M,,NUCLEAR DENSITY GAUGE,1,U,J H REID GENERAL CONTRACTOR,"$10,757.67","$10,757.67"
11111,111,0002,CONSTRUCTION ENGINEERING,0061,156015M,,NUCLEAR DENSITY GAUGE,1,U,DRISCOLL  J/V  PIERSON,"$15,000.00","$15,000.00"