Proposal,Call Order,Section Number,Section Description,Line,Item,Alternate Code,Item Description,Quantity,Unit,Vendor Name,Unit Price,Extension
14129,129,0001,ROADWAY,0001,151006M,,PERFORMANCE BOND AND PAYMENT BOND,1,DOLL,CCA CIVIL INC,"$700,000.00","$700,000.00"
14129,129,0003,NON-PARTICIPATING (ROADWAY),0002,152004P,,OWNER'S AND CONTRACTOR'S PROTECTIVE LIABILITY INSURANCE,1,DOLL,CCA CIVIL INC,"$175,000.00","$175,000.00"
14129,129,0003,NON-PARTICIPATING (ROADWAY),0003,152012P,,RAILROAD PROTECTIVE LIABILITY INSURANCE,1,DOLL,CCA CIVIL INC,"$70,000.00","$70,000.00"
14129,129,0003,NON-PARTICIPATING (ROADWAY),0004,152015P,,POLLUTION LIABILITY INSURANCE,1,DOLL,CCA CIVIL INC,"$10,000.00","$10,000.00"
14129,129,0001,ROADWAY,0005,153003P,,PROGRESS SCHEDULE,1,LS,CCA CIVIL INC,"$30,000.00","$30,000.00"
14129,129,0001,ROADWAY,0006,153006P,,PROGRESS SCHEDULE UPDATE,18,U,CCA CIVIL INC,"$2,000.00","$36,000.00"
14129,129,0001,ROADWAY,0007,154003P,,MOBILIZATION,1,LS,CCA CIVIL INC,"$16,400,000.00","$16,400,000.00"
14129,129,0002,CONSTRUCTION ENGINEERING,0008,155018M,,FIELD OFFICE TYPE F SET UP,1,U,CCA CIVIL INC,"$150,000.00","$150,000.00"
14129,129,0002,CONSTRUCTION ENGINEERING,0009,155036M,,FIELD OFFICE TYPE F MAINTENANCE,39,MO,CCA CIVIL INC,"$10,000.00","$390,000.00"
14129,129,0002,CONSTRUCTION ENGINEERING,0010,156021M,,CONCRETE COMPRESSION TESTING EQUIPMENT,1,U,CCA CIVIL INC,"$12,000.00","$12,000.00"
14129,129,0001,ROADWAY,0011,157004M,,CONSTRUCTION LAYOUT,1,DOLL,CCA CIVIL INC,"$1,000,000.00","$1,000,000.00"
14129,129,0004,EROSION CONTROL,0012,158009M,,"HEAVY DUTY SILT FENCE, ORANGE","1,195",LF,CCA CIVIL INC,$7.00,"$8,365.00"
14129,129,0004,EROSION CONTROL,0013,158012M,,"HEAVY DUTY SILT FENCE, BLACK",840,LF,CCA CIVIL INC,$12.00,"$10,080.00"
14129,129,0004,EROSION CONTROL,0014,158015M,,HAYBALE,150,U,CCA CIVIL INC,$20.00,"$3,000.00"
14129,129,0004,EROSION CONTROL,0015,158030M,,"INLET FILTER TYPE 2, 2' X 4'",1,U,CCA CIVIL INC,$500.00,$500.00
14129,129,0004,EROSION CONTROL,0016,158033M,,"INLET FILTER TYPE 2, 4' X 4'",2,U,CCA CIVIL INC,$500.00,"$1,000.00"
14129,129,0004,EROSION CONTROL,0017,158048M,,"FLOATING TURBIDITY BARRIER, TYPE 3","1,300",LF,CCA CIVIL INC,$50.00,"$65,000.00"
14129,129,0004,EROSION CONTROL,0018,158051M,,DEWATERING BASIN,1,U,CCA CIVIL INC,"$5,000.00","$5,000.00"
14129,129,0004,EROSION CONTROL,0019,158053M,,RECHARGE BASIN,5,U,CCA CIVIL INC,"$5,000.00","$25,000.00"
14129,129,0004,EROSION CONTROL,0020,158055M,,SEDIMENT CONTROL BAG,10,U,CCA CIVIL INC,"$1,500.00","$15,000.00"
14129,129,0004,EROSION CONTROL,0021,158057M,,SEDIMENT CONTROL TANK,5,U,CCA CIVIL INC,$100.00,$500.00
14129,129,0004,EROSION CONTROL,0022,158060M,,CONSTRUCTION DRIVEWAY,170,T,CCA CIVIL INC,$100.00,"$17,000.00"
14129,129,0004,EROSION CONTROL,0023,158063P,,CONCRETE WASHOUT SYSTEM,1,LS,CCA CIVIL INC,"$25,000.00","$25,000.00"
14129,129,0004,EROSION CONTROL,0024,158066M,,ABSORBENT BOOM,"1,200",LF,CCA CIVIL INC,$5.25,"$6,300.00"
14129,129,0004,EROSION CONTROL,0025,158069M,,OIL-WATER SEPARATOR,2,U,CCA CIVIL INC,"$1,000.00","$2,000.00"
14129,129,0004,EROSION CONTROL,0026,158072M,,"OIL ONLY EMERGENCY SPILL KIT, TYPE 1",2,U,CCA CIVIL INC,"$2,500.00","$5,000.00"
14129,129,0004,EROSION CONTROL,0027,158084M,,EROSION CONTROL SEDIMENT REMOVAL,"3,060",CY,CCA CIVIL INC,$1.00,"$3,060.00"
14129,129,0001,ROADWAY,0028,159003M,,BREAKAWAY BARRICADE,50,U,CCA CIVIL INC,$200.00,"$10,000.00"
14129,129,0001,ROADWAY,0029,159006M,,DRUM,50,U,CCA CIVIL INC,$100.00,"$5,000.00"
14129,129,0001,ROADWAY,0030,159009M,,TRAFFIC CONE,50,U,CCA CIVIL INC,$25.00,"$1,250.00"
14129,129,0001,ROADWAY,0031,159012M,,CONSTRUCTION SIGNS,422,SF,CCA CIVIL INC,$30.00,"$12,660.00"
14129,129,0001,ROADWAY,0032,159015M,,"CONSTRUCTION IDENTIFICATION SIGN, 4' X 8'",2,U,CCA CIVIL INC,"$2,000.00","$4,000.00"
14129,129,0001,ROADWAY,0033,159021P,,CONSTRUCTION BARRIER CURB (LEFT IN PLACE),430,LF,CCA CIVIL INC,$75.00,"$32,250.00"
14129,129,0001,ROADWAY,0034,159029M,,PORTABLE VARIABLE MESSAGE SIGN W/REMOTE COMMUNICATION,3,U,CCA CIVIL INC,"$20,000.00","$60,000.00"
14129,129,0001,ROADWAY,0035,159141M,,"TRAFFIC DIRECTOR, FLAGGER",200,HOUR,CCA CIVIL INC,$50.00,"$10,000.00"
14129,129,0001,ROADWAY,0036,160004M,,FUEL PRICE ADJUSTMENT,1,DOLL,CCA CIVIL INC,"$30,000.00","$30,000.00"
14129,129,0001,ROADWAY,0037,161003P,,FINAL CLEANUP,1,LS,CCA CIVIL INC,"$7,500.00","$7,500.00"
14129,129,0001,ROADWAY,0038,162005P,,VIBRATION MONITORING,1,LS,CCA CIVIL INC,"$100,000.00","$100,000.00"
14129,129,0001,ROADWAY,0039,201003P,,CLEARING SITE,1,LS,CCA CIVIL INC,"$10,000.00","$10,000.00"
14129,129,0001,ROADWAY,0040,202006M,,"EXCAVATION, TEST PIT",360,CY,CCA CIVIL INC,$125.00,"$45,000.00"
14129,129,0001,ROADWAY,0041,202021P,,REMOVAL OF PAVEMENT,115,SY,CCA CIVIL INC,$25.00,"$2,875.00"
14129,129,0001,ROADWAY,0042,202024M,,DISPOSAL OF REGULATED MATERIAL,"11,778",T,CCA CIVIL INC,$50.00,"$588,900.00"
14129,129,0001,ROADWAY,0043,202030M,,"SOIL SAMPLING AND ANALYSES, REGULATED",68,U,CCA CIVIL INC,"$1,000.00","$68,000.00"
14129,129,0001,ROADWAY,0044,202060M,,FRAC TANK,10,U,CCA CIVIL INC,"$2,500.00","$25,000.00"
14129,129,0001,ROADWAY,0045,203021P,,I-14 SOIL AGGREGATE,"1,335",CY,CCA CIVIL INC,$50.00,"$66,750.00"
14129,129,0001,ROADWAY,0046,302036P,,"DENSE-GRADED AGGREGATE BASE COURSE, 6"" THICK",364,SY,CCA CIVIL INC,$25.00,"$9,100.00"
14129,129,0001,ROADWAY,0047,603036P,,"RIPRAP STONE CHANNEL PROTECTION, 12"" THICK (D50=6"")",9,SY,CCA CIVIL INC,$100.00,$900.00
14129,129,0001,ROADWAY,0048,605048P,,"CHAIN-LINK FENCE, 7' HIGH",222,LF,CCA CIVIL INC,$50.00,"$11,100.00"
14129,129,0001,ROADWAY,0049,605165M,,"GATE, CHAIN-LINK FENCE, 20' WIDE",1,U,CCA CIVIL INC,"$1,250.00","$1,250.00"
14129,129,0001,ROADWAY,0050,651059P,,"8"" DUCTILE IRON WATER PIPE, CLASS 53","1,340",LF,CCA CIVIL INC,$150.00,"$201,000.00"
14129,129,0001,ROADWAY,0051,651241P,,"2"" COPPER WATER PIPE",160,LF,CCA CIVIL INC,$95.00,"$15,200.00"
14129,129,0001,ROADWAY,0052,651246M,,FIRE HYDRANT,2,U,CCA CIVIL INC,"$6,000.00","$12,000.00"
14129,129,0001,ROADWAY,0053,651258M,,WATER AS-BUILT PLAN,1,LS,CCA CIVIL INC,"$1,800.00","$1,800.00"
14129,129,0001,ROADWAY,0054,651285P,,WATER METER PIT,1,LS,CCA CIVIL INC,"$22,500.00","$22,500.00"
14129,129,0001,ROADWAY,0055,652002P,,"6"" DUCTILE IRON SEWER PIPE",123,LF,CCA CIVIL INC,$175.00,"$21,525.00"
14129,129,0001,ROADWAY,0056,652417M,,SANITARY SEWER SERVICE CONNECTION,1,U,CCA CIVIL INC,$260.00,$260.00
14129,129,0001,ROADWAY,0057,652441M,,SEWER AS-BUILT PLAN,1,LS,CCA CIVIL INC,"$1,000.00","$1,000.00"
14129,129,0001,ROADWAY,0058,655003P,,TELECOMMUNICATION CONDUIT,680,LF,CCA CIVIL INC,$37.00,"$25,160.00"
14129,129,0001,ROADWAY,0059,702015M,,"TRAFFIC SIGNAL STANDARD, STEEL",4,U,CCA CIVIL INC,"$16,000.00","$64,000.00"
14129,129,0001,ROADWAY,0060,702024M,,"TRAFFIC SIGNAL MAST ARM, STEEL",4,U,CCA CIVIL INC,"$10,000.00","$40,000.00"
14129,129,0001,ROADWAY,0061,702036M,,TRAFFIC SIGNAL HEAD,12,U,CCA CIVIL INC,"$1,350.00","$16,200.00"
14129,129,0005,BRIDGE,0062,201006P,,"CLEARING SITE, BRIDGE (___) STRUCTURE NO. 0909-202",1,LS,CCA CIVIL INC,"$30,000.00","$30,000.00"
14129,129,0005,BRIDGE,0063,202015P,,"EXCAVATION, REGULATED MATERIAL","2,595",CY,CCA CIVIL INC,$35.00,"$90,825.00"
14129,129,0005,BRIDGE,0064,406008M,,THIN EPOXY POLYMER OVERLAY WEARING COURSE,"35,640",SF,CCA CIVIL INC,$8.00,"$285,120.00"
14129,129,0005,BRIDGE,0065,501003P,,TEMPORARY SHEETING,"4,255",SF,CCA CIVIL INC,$25.00,"$106,375.00"
14129,129,0005,BRIDGE,0066,501006P,,PERMANENT SHEETING (FOOTINGS),"7,583",SF,CCA CIVIL INC,$35.00,"$265,405.00"
14129,129,0005,BRIDGE,0067,502003P,,FURNISHING EQUIPMENT FOR DRIVING PILES,1,LS,CCA CIVIL INC,"$2,000,000.00","$2,000,000.00"
14129,129,0005,BRIDGE,0068,502009M,,"TEST PILE, FURNISHED","1,356",LF,CCA CIVIL INC,$100.00,"$135,600.00"
14129,129,0005,BRIDGE,0069,502012M,,"TEST PILE, DRIVEN","1,236",LF,CCA CIVIL INC,$45.00,"$55,620.00"
14129,129,0005,BRIDGE,0070,502018M,,DYNAMIC PILE LOAD TEST,12,U,CCA CIVIL INC,"$2,500.00","$30,000.00"
14129,129,0005,BRIDGE,0071,502174M,,"STEEL H-PILE, FURNISHED, HP 14 X 117","11,966",LF,CCA CIVIL INC,$80.00,"$957,280.00"
14129,129,0005,BRIDGE,0072,502192M,,"STEEL H-PILE, DRIVEN, HP 14 X 117","11,966",LF,CCA CIVIL INC,$25.00,"$299,150.00"
14129,129,0005,BRIDGE,0073,502204M,,SPLICE STEEL H-PILE,128,U,CCA CIVIL INC,"$1,500.00","$192,000.00"
14129,129,0005,BRIDGE,0074,502207M,,PILE SHOE,128,U,CCA CIVIL INC,$150.00,"$19,200.00"
14129,129,0005,BRIDGE,0075,504006P,,"REINFORCEMENT STEEL, EPOXY-COATED","1,596,639",LB,CCA CIVIL INC,$1.50,"$2,394,958.50"
14129,129,0005,BRIDGE,0076,504015P,,CONCRETE FOOTING,"1,200",CY,CCA CIVIL INC,"$2,000.00","$2,400,000.00"
14129,129,0005,BRIDGE,0077,504027P,,CONCRETE PIER COLUMN AND CAP,"1,857",CY,CCA CIVIL INC,"$2,000.00","$3,714,000.00"
14129,129,0005,BRIDGE,0078,504036P,,EPOXY WATERPROOFING,601,SY,CCA CIVIL INC,$52.00,"$31,252.00"
14129,129,0005,BRIDGE,0079,506003P,,"STRUCTURAL STEEL (UNITS 2 AND 3) (APPROX 7,031,000 LBS)",1,LS,CCA CIVIL INC,"$21,000,000.00","$21,000,000.00"
14129,129,0005,BRIDGE,0080,506003P,,"STRUCTURAL STEEL (LIFT SPAN) (APPROX 2,227,000 LBS)",1,LS,CCA CIVIL INC,"$10,150,000.00","$10,150,000.00"
14129,129,0005,BRIDGE,0081,506003P,,"STRUCTURAL STEEL (FINGER JOINTS) (APPROX 126,000 LBS)",1,LS,CCA CIVIL INC,"$1,000,000.00","$1,000,000.00"
14129,129,0005,BRIDGE,0082,506003P,,"STRUCTURAL STEEL (TOWERS) (APPROX 2,826,000 LBS)",1,LS,CCA CIVIL INC,"$9,300,000.00","$9,300,000.00"
14129,129,0005,BRIDGE,0083,506003P,,"STRUCTURAL STEEL (MISCELLANEOUS) (APPROX 43,000 LBS)",1,LS,CCA CIVIL INC,"$100,000.00","$100,000.00"
14129,129,0005,BRIDGE,0084,506010M,,HIGH LOAD MULTIROTATIONAL BEARING ASSEMBLY (UNITS 2 AND 3),69,U,CCA CIVIL INC,"$5,000.00","$345,000.00"
14129,129,0005,BRIDGE,0085,506010M,,HIGH LOAD MULTIROTATIONAL BEARING ASSEMBLY (LIFT SPAN),4,U,CCA CIVIL INC,"$30,000.00","$120,000.00"
14129,129,0005,BRIDGE,0086,506012P,,SHEAR CONNECTOR,"16,836",U,CCA CIVIL INC,$4.50,"$75,762.00"
14129,129,0005,BRIDGE,0087,507018P,,MODULAR EXPANSION JOINT ASSEMBLY,114,LF,CCA CIVIL INC,$800.00,"$91,200.00"
14129,129,0005,BRIDGE,0088,506019P,,STEEL ORTHOTROPIC DECK,"35,640",SF,CCA CIVIL INC,"$1,000.00","$35,640,000.00"
14129,129,0005,BRIDGE,0089,507024P,,"CONCRETE BRIDGE DECK, HPC","3,440",CY,CCA CIVIL INC,"$1,200.00","$4,128,000.00"
14129,129,0005,BRIDGE,0090,507029P,,BRIDGE SIDEWALK,"1,944",SF,CCA CIVIL INC,$200.00,"$388,800.00"
14129,129,0005,BRIDGE,0091,507033P,,"CONCRETE BRIDGE SIDEWALK, HPC",127,CY,CCA CIVIL INC,"$1,150.00","$146,050.00"
14129,129,0005,BRIDGE,0092,507039P,,"CONCRETE BRIDGE PARAPET, HPC (F SHAPE)",877,LF,CCA CIVIL INC,$175.00,"$153,475.00"
14129,129,0005,BRIDGE,0093,507039P,,"CONCRETE BRIDGE PARAPET, HPC (FLAT FACE)",933,LF,CCA CIVIL INC,$150.00,"$139,950.00"
14129,129,0005,BRIDGE,0094,507055P,,FIVE BAR OPEN STEEL PARAPET,329,LF,CCA CIVIL INC,$900.00,"$296,100.00"
14129,129,0005,BRIDGE,0095,507059P,,"CONCRETE MEDIAN BARRIER, HPC",845,LF,CCA CIVIL INC,$150.00,"$126,750.00"
14129,129,0005,BRIDGE,0096,508006M,,SCUPPER (TYPE SCA),12,U,CCA CIVIL INC,"$1,800.00","$21,600.00"
14129,129,0005,BRIDGE,0097,508006M,,SCUPPER (TYPE SCB),2,U,CCA CIVIL INC,"$1,700.00","$3,400.00"
14129,129,0005,BRIDGE,0098,508008P,,"6"" STEEL ALLOY PIPE (TOWER)",60,LF,CCA CIVIL INC,$300.00,"$18,000.00"
14129,129,0005,BRIDGE,0099,508008P,,"6"" STEEL ALLOY PIPE (APPROACH SPAN)",12,LF,CCA CIVIL INC,$300.00,"$3,600.00"
14129,129,0005,BRIDGE,0100,508009P,,"8"" STEEL ALLOY PIPE",689,LF,CCA CIVIL INC,$325.00,"$223,925.00"
14129,129,0005,BRIDGE,0101,508010P,,"4"" STEEL ALLOY PIPE",471,LF,CCA CIVIL INC,$250.00,"$117,750.00"
14129,129,0005,BRIDGE,0102,508011P,,"5"" STEEL ALLOY PIPE",161,LF,CCA CIVIL INC,$260.00,"$41,860.00"
14129,129,0005,BRIDGE,0103,508012P,,"10"" STEEL ALLOY PIPE",180,LF,CCA CIVIL INC,$280.00,"$50,400.00"
14129,129,0005,BRIDGE,0104,508025P,,14 GAUGE STAINLESS STEEL GUTTER,863,LF,CCA CIVIL INC,$300.00,"$258,900.00"
14129,129,0005,BRIDGE,0105,509012P,,"BRIDGE RAILING (2 RAIL, STEEL)",933,LF,CCA CIVIL INC,$250.00,"$233,250.00"
14129,129,0005,BRIDGE,0106,509130P,,METAL PARAPET,343,LF,CCA CIVIL INC,$950.00,"$325,850.00"
14129,129,0005,BRIDGE,0107,509131P,,METAL MEDIAN BARRIER,349,LF,CCA CIVIL INC,$825.00,"$287,925.00"
14129,129,0005,BRIDGE,0108,511019M,,TIDE CLEARANCE GAUGE,1,U,CCA CIVIL INC,"$5,000.00","$5,000.00"
14129,129,0005,BRIDGE,0109,518065P,,TEMPORARY BRIDGE OPERATION,1,LS,CCA CIVIL INC,"$50,000.00","$50,000.00"
14129,129,0005,BRIDGE,0110,520011P,,COUNTERWEIGHT,1,L S,CCA CIVIL INC,"$4,750,000.00","$4,750,000.00"
14129,129,0005,BRIDGE,0111,521003P,,SPAN BALANCE,1,L S,CCA CIVIL INC,"$125,000.00","$125,000.00"
14129,129,0005,BRIDGE,0112,522003M,,SHEAVE AND TRUNION ASSEMBLY,4,U,CCA CIVIL INC,"$1,600,000.00","$6,400,000.00"
14129,129,0005,BRIDGE,0113,522004M,,BEARINGS,8,U,CCA CIVIL INC,"$150,000.00","$1,200,000.00"
14129,129,0005,BRIDGE,0114,523003M,,FIXED END SPAN GUIDES,2,U,CCA CIVIL INC,"$45,000.00","$90,000.00"
14129,129,0005,BRIDGE,0115,523004M,,EXPANSION END SPAN GUIDES,2,U,CCA CIVIL INC,"$45,000.00","$90,000.00"
14129,129,0005,BRIDGE,0116,523005M,,COUNTERWEIGHT GUIDES,8,U,CCA CIVIL INC,"$65,000.00","$520,000.00"
14129,129,0005,BRIDGE,0117,524003M,,SPAN LOCK ASSEMBLY,4,U,CCA CIVIL INC,"$250,000.00","$1,000,000.00"
14129,129,0005,BRIDGE,0118,525003P,,SPAN OPERATING MACHINERY,1,L S,CCA CIVIL INC,"$4,500,000.00","$4,500,000.00"
14129,129,0005,BRIDGE,0119,526003M,,WIRE ROPES AND ATTACHMENTS,80,U,CCA CIVIL INC,"$40,000.00","$3,200,000.00"
14129,129,0005,BRIDGE,0120,527003M,,BUFFERS AND CENTERING DEVICES (BUFFERS),4,U,CCA CIVIL INC,"$25,000.00","$100,000.00"
14129,129,0005,BRIDGE,0121,527003M,,BUFFERS AND CENTERING DEVICES (FIXED END CENTERING DEVICE),1,U,CCA CIVIL INC,"$65,000.00","$65,000.00"
14129,129,0005,BRIDGE,0122,527003M,,BUFFERS AND CENTERING DEVICES (EXPANSION END CENTERING DEVICE),1,U,CCA CIVIL INC,"$65,000.00","$65,000.00"
14129,129,0005,BRIDGE,0123,605193P,,HANDRAIL,"6,844",LF,CCA CIVIL INC,$150.00,"$1,026,600.00"
14129,129,0005,BRIDGE,0124,605193P,,HANDRAIL (LIFT SPAN INSPECTION WALKWAY),"1,296",LF,CCA CIVIL INC,$200.00,"$259,200.00"
14129,129,0005,BRIDGE,0125,610045M,,BOLLARD,12,U,CCA CIVIL INC,"$2,000.00","$24,000.00"
14129,129,0005,BRIDGE,0126,651350P,,"1 1/2"" STEEL WATER PIPE, BRIDGE-SCHEDULE 40",526,LF,CCA CIVIL INC,$250.00,"$131,500.00"
14129,129,0005,BRIDGE,0127,652001P,,"4"" DUCTILE IRON SEWER PIPE",327,LF,CCA CIVIL INC,$325.00,"$106,275.00"
14129,129,0005,BRIDGE,0128,701012P,,"1 1/2"" RIGID METALLIC CONDUIT",72,LF,CCA CIVIL INC,$190.00,"$13,680.00"
14129,129,0005,BRIDGE,0129,701021P,,"3"" RIGID METALLIC CONDUIT","1,502",LF,CCA CIVIL INC,$38.00,"$57,076.00"
14129,129,0005,BRIDGE,0130,701096M,,"10"" X 36"" JUNCTION BOX",6,U,CCA CIVIL INC,"$1,500.00","$9,000.00"
14129,129,0005,BRIDGE,0131,701102M,,"18"" X 36"" JUNCTION BOX",6,U,CCA CIVIL INC,$850.00,"$5,100.00"
14129,129,0005,BRIDGE,0132,706006M,,"REMOVAL, RELOCATION, AND INSTALLATION OF MISCELLANEOUS ELECTRICAL",1,DOLL,CCA CIVIL INC,"$100,000.00","$100,000.00"
14129,129,0005,BRIDGE,0133,750050P,,ELECTRICAL WORK (BRIDGE CONTROLS),1,LS,CCA CIVIL INC,"$7,000,000.00","$7,000,000.00"
14129,129,0005,BRIDGE,0134,750050P,,ELECTRICAL WORK (MAINTENANCE LIGHTING),1,LS,CCA CIVIL INC,"$1,130,000.00","$1,130,000.00"
14129,129,0005,BRIDGE,0135,750050P,,ELECTRICAL WORK (COMMUNICATIONS),1,LS,CCA CIVIL INC,"$395,000.00","$395,000.00"
14129,129,0005,BRIDGE,0136,750050P,,ELECTRICAL WORK (POWER),1,LS,CCA CIVIL INC,"$1,500,000.00","$1,500,000.00"
14129,129,0005,BRIDGE,0137,750065P,,"TESTING, FINAL ACCEPTANCE",1,L S,CCA CIVIL INC,"$72,000.00","$72,000.00"
14129,129,0005,BRIDGE,0138,751003P,,STANDBY ENGINE GENERATOR,1,L S,CCA CIVIL INC,"$830,000.00","$830,000.00"
14129,129,0005,BRIDGE,0139,752003P,,CONTROL HOUSE,1,L S,CCA CIVIL INC,"$1,600,000.00","$1,600,000.00"
14129,129,0005,BRIDGE,0140,753003P,,MACHINERY HOUSE,1,L S,CCA CIVIL INC,"$3,500,000.00","$3,500,000.00"
14129,129,0005,BRIDGE,0141,754003P,,GENERATOR HOUSE,1,L S,CCA CIVIL INC,"$200,000.00","$200,000.00"
14129,129,0005,BRIDGE,0142,755003P,,TOWER ELEVATORS,1,L S,CCA CIVIL INC,"$700,000.00","$700,000.00"
14129,129,0005,BRIDGE,0143,756003P,,TOWER STAIRS,1,L S,CCA CIVIL INC,"$1,300,000.00","$1,300,000.00"
14129,129,0005,BRIDGE,0144,757003P,,LIGHTNING PROTECTION SYSTEM,1,L S,CCA CIVIL INC,"$78,000.00","$78,000.00"
14129,129,0005,BRIDGE,0145,758003P,,INTRUSION ALARM SYSTEM,1,L S,CCA CIVIL INC,"$90,000.00","$90,000.00"
14129,129,0005,BRIDGE,0146,759003P,,FIRE DETECTION AND FIRE ALARM SYSTEM,1,L S,CCA CIVIL INC,"$125,000.00","$125,000.00"
14129,129,0005,BRIDGE,0147,760003M,,BARRIER GATE,2,U,CCA CIVIL INC,"$650,000.00","$1,300,000.00"
14129,129,0005,BRIDGE,0148,761003M,,WARNING GATE,2,U,CCA CIVIL INC,"$375,000.00","$750,000.00"
14129,129,0005,BRIDGE,0149,762003P,,BRIDGE SECURITY SYSTEM,1,L S,CCA CIVIL INC,"$2,050,000.00","$2,050,000.00"
14129,129,0005,BRIDGE,0150,760006M,,BARRIER GATE CRASH TESTING,1,L S,CCA CIVIL INC,"$1,000,000.00","$1,000,000.00"