Proposal,Call Order,Section Number,Section Description,Line,Item,Alternate Code,Item Description,Quantity,Unit,Vendor Name,Unit Price,Extension
18123,123,0001,Roadway,0001,151006M,,PERFORMANCE BOND AND PAYMENT BOND,1,DOLL,"RITACCO CONSTRUCTION, INC.","$21,000.00","$21,000.00"
18123,123,0001,Roadway,0001,151006M,,PERFORMANCE BOND AND PAYMENT BOND,1,DOLL,"MARBRO, INC.","$21,942.33","$21,942.33"
18123,123,0001,Roadway,0001,151006M,,PERFORMANCE BOND AND PAYMENT BOND,1,DOLL,"IEW CONSTRUCTION GROUP, INC.","$27,809.81","$27,809.81"
18123,123,0003,Non-Participating,0002,152004P,,OWNER'S AND CONTRACTOR'S PROTECTIVE LIABILITY INSURANCE,1,DOLL,"RITACCO CONSTRUCTION, INC.","$4,500.00","$4,500.00"
18123,123,0003,Non-Participating,0002,152004P,,OWNER'S AND CONTRACTOR'S PROTECTIVE LIABILITY INSURANCE,1,DOLL,"MARBRO, INC.","$7,000.00","$7,000.00"
18123,123,0003,Non-Participating,0002,152004P,,OWNER'S AND CONTRACTOR'S PROTECTIVE LIABILITY INSURANCE,1,DOLL,"IEW CONSTRUCTION GROUP, INC.","$5,138.97","$5,138.97"
18123,123,0003,Non-Participating,0003,152015P,,POLLUTION LIABILITY INSURANCE,1,DOLL,"RITACCO CONSTRUCTION, INC.","$17,000.00","$17,000.00"
18123,123,0003,Non-Participating,0003,152015P,,POLLUTION LIABILITY INSURANCE,1,DOLL,"MARBRO, INC.",$2.50,$2.50
18123,123,0003,Non-Participating,0003,152015P,,POLLUTION LIABILITY INSURANCE,1,DOLL,"IEW CONSTRUCTION GROUP, INC.","$11,562.68","$11,562.68"
18123,123,0001,Roadway,0004,153003P,,PROGRESS SCHEDULE,1,LS,"RITACCO CONSTRUCTION, INC.","$4,000.00","$4,000.00"
18123,123,0001,Roadway,0004,153003P,,PROGRESS SCHEDULE,1,LS,"MARBRO, INC.","$8,450.00","$8,450.00"
18123,123,0001,Roadway,0004,153003P,,PROGRESS SCHEDULE,1,LS,"IEW CONSTRUCTION GROUP, INC.","$25,000.00","$25,000.00"
18123,123,0001,Roadway,0005,153005M,,PROGRESS SCHEDULE UPDATE,9,U,"RITACCO CONSTRUCTION, INC.",$250.00,"$2,250.00"
18123,123,0001,Roadway,0005,153005M,,PROGRESS SCHEDULE UPDATE,9,U,"MARBRO, INC.",$610.00,"$5,490.00"
18123,123,0001,Roadway,0005,153005M,,PROGRESS SCHEDULE UPDATE,9,U,"IEW CONSTRUCTION GROUP, INC.",$450.00,"$4,050.00"
18123,123,0001,Roadway,0006,153011M,,TRAINEES,750,HOUR,"RITACCO CONSTRUCTION, INC.",$1.00,$750.00
18123,123,0001,Roadway,0006,153011M,,TRAINEES,750,HOUR,"MARBRO, INC.",$0.01,$7.50
18123,123,0001,Roadway,0006,153011M,,TRAINEES,750,HOUR,"IEW CONSTRUCTION GROUP, INC.",$1.00,$750.00
18123,123,0001,Roadway,0007,154003P,,MOBILIZATION,1,LS,"RITACCO CONSTRUCTION, INC.","$372,100.00","$372,100.00"
18123,123,0001,Roadway,0007,154003P,,MOBILIZATION,1,LS,"MARBRO, INC.","$385,000.00","$385,000.00"
18123,123,0001,Roadway,0007,154003P,,MOBILIZATION,1,LS,"IEW CONSTRUCTION GROUP, INC.","$510,000.00","$510,000.00"
18123,123,0002,Construction Engineering,0008,155009M,,FIELD OFFICE TYPE C SET UP,1,U,"RITACCO CONSTRUCTION, INC.","$11,000.00","$11,000.00"
18123,123,0002,Construction Engineering,0008,155009M,,FIELD OFFICE TYPE C SET UP,1,U,"MARBRO, INC.","$35,000.00","$35,000.00"
18123,123,0002,Construction Engineering,0008,155009M,,FIELD OFFICE TYPE C SET UP,1,U,"IEW CONSTRUCTION GROUP, INC.","$34,145.29","$34,145.29"
18123,123,0002,Construction Engineering,0009,155027M,,FIELD OFFICE TYPE C MAINTENANCE,23,MO,"RITACCO CONSTRUCTION, INC.","$1,750.00","$40,250.00"
18123,123,0002,Construction Engineering,0009,155027M,,FIELD OFFICE TYPE C MAINTENANCE,23,MO,"MARBRO, INC.","$2,500.00","$57,500.00"
18123,123,0002,Construction Engineering,0009,155027M,,FIELD OFFICE TYPE C MAINTENANCE,23,MO,"IEW CONSTRUCTION GROUP, INC.","$3,648.55","$83,916.65"
18123,123,0001,Roadway,0010,157004M,,CONSTRUCTION LAYOUT,1,DOLL,"RITACCO CONSTRUCTION, INC.","$55,000.00","$55,000.00"
18123,123,0001,Roadway,0010,157004M,,CONSTRUCTION LAYOUT,1,DOLL,"MARBRO, INC.","$20,000.00","$20,000.00"
18123,123,0001,Roadway,0010,157004M,,CONSTRUCTION LAYOUT,1,DOLL,"IEW CONSTRUCTION GROUP, INC.","$66,792.77","$66,792.77"
18123,123,0001,Roadway,0011,157006M,,MONUMENT,2,U,"RITACCO CONSTRUCTION, INC.","$1,000.00","$2,000.00"
18123,123,0001,Roadway,0011,157006M,,MONUMENT,2,U,"MARBRO, INC.",$725.00,"$1,450.00"
18123,123,0001,Roadway,0011,157006M,,MONUMENT,2,U,"IEW CONSTRUCTION GROUP, INC.","$2,353.09","$4,706.18"
18123,123,0004,Erosion Control,0012,158009M,,"HEAVY DUTY SILT FENCE, ORANGE",446,LF,"RITACCO CONSTRUCTION, INC.",$7.00,"$3,122.00"
18123,123,0004,Erosion Control,0012,158009M,,"HEAVY DUTY SILT FENCE, ORANGE",446,LF,"MARBRO, INC.",$8.00,"$3,568.00"
18123,123,0004,Erosion Control,0012,158009M,,"HEAVY DUTY SILT FENCE, ORANGE",446,LF,"IEW CONSTRUCTION GROUP, INC.",$15.24,"$6,797.04"
18123,123,0004,Erosion Control,0013,158048M,,"FLOATING TURBIDITY BARRIER, TYPE 3",495,LF,"RITACCO CONSTRUCTION, INC.",$25.00,"$12,375.00"
18123,123,0004,Erosion Control,0013,158048M,,"FLOATING TURBIDITY BARRIER, TYPE 3",495,LF,"MARBRO, INC.",$30.00,"$14,850.00"
18123,123,0004,Erosion Control,0013,158048M,,"FLOATING TURBIDITY BARRIER, TYPE 3",495,LF,"IEW CONSTRUCTION GROUP, INC.",$61.79,"$30,586.05"
18123,123,0004,Erosion Control,0014,158054M,,SEDIMENT CONTROL BAG,36,SF,"RITACCO CONSTRUCTION, INC.",$10.00,$360.00
18123,123,0004,Erosion Control,0014,158054M,,SEDIMENT CONTROL BAG,36,SF,"MARBRO, INC.",$4.00,$144.00
18123,123,0004,Erosion Control,0014,158054M,,SEDIMENT CONTROL BAG,36,SF,"IEW CONSTRUCTION GROUP, INC.",$174.66,"$6,287.76"
18123,123,0004,Erosion Control,0015,158063P,,CONCRETE WASHOUT SYSTEM,1,LS,"RITACCO CONSTRUCTION, INC.","$2,500.00","$2,500.00"
18123,123,0004,Erosion Control,0015,158063P,,CONCRETE WASHOUT SYSTEM,1,LS,"MARBRO, INC.","$5,000.00","$5,000.00"
18123,123,0004,Erosion Control,0015,158063P,,CONCRETE WASHOUT SYSTEM,1,LS,"IEW CONSTRUCTION GROUP, INC.","$6,423.71","$6,423.71"
18123,123,0004,Erosion Control,0016,158072M,,"OIL ONLY EMERGENCY SPILL KIT, TYPE 1",2,U,"RITACCO CONSTRUCTION, INC.",$500.00,"$1,000.00"
18123,123,0004,Erosion Control,0016,158072M,,"OIL ONLY EMERGENCY SPILL KIT, TYPE 1",2,U,"MARBRO, INC.",$900.00,"$1,800.00"
18123,123,0004,Erosion Control,0016,158072M,,"OIL ONLY EMERGENCY SPILL KIT, TYPE 1",2,U,"IEW CONSTRUCTION GROUP, INC.","$1,670.17","$3,340.34"
18123,123,0004,Erosion Control,0017,158084M,,EROSION CONTROL SEDIMENT REMOVAL,10,CY,"RITACCO CONSTRUCTION, INC.",$50.00,$500.00
18123,123,0004,Erosion Control,0017,158084M,,EROSION CONTROL SEDIMENT REMOVAL,10,CY,"MARBRO, INC.",$48.00,$480.00
18123,123,0004,Erosion Control,0017,158084M,,EROSION CONTROL SEDIMENT REMOVAL,10,CY,"IEW CONSTRUCTION GROUP, INC.",$100.94,"$1,009.40"
18123,123,0001,Roadway,0018,159003M,,BREAKAWAY BARRICADE,20,U,"RITACCO CONSTRUCTION, INC.",$25.00,$500.00
18123,123,0001,Roadway,0018,159003M,,BREAKAWAY BARRICADE,20,U,"MARBRO, INC.",$100.00,"$2,000.00"
18123,123,0001,Roadway,0018,159003M,,BREAKAWAY BARRICADE,20,U,"IEW CONSTRUCTION GROUP, INC.",$126.55,"$2,531.00"
18123,123,0001,Roadway,0019,159006M,,DRUM,30,U,"RITACCO CONSTRUCTION, INC.",$10.00,$300.00
18123,123,0001,Roadway,0019,159006M,,DRUM,30,U,"MARBRO, INC.",$75.00,"$2,250.00"
18123,123,0001,Roadway,0019,159006M,,DRUM,30,U,"IEW CONSTRUCTION GROUP, INC.",$63.60,"$1,908.00"
18123,123,0001,Roadway,0020,159009M,,TRAFFIC CONE,25,U,"RITACCO CONSTRUCTION, INC.",$5.00,$125.00
18123,123,0001,Roadway,0020,159009M,,TRAFFIC CONE,25,U,"MARBRO, INC.",$25.00,$625.00
18123,123,0001,Roadway,0020,159009M,,TRAFFIC CONE,25,U,"IEW CONSTRUCTION GROUP, INC.",$19.21,$480.25
18123,123,0001,Roadway,0021,159012M,,CONSTRUCTION SIGNS,800,SF,"RITACCO CONSTRUCTION, INC.",$11.00,"$8,800.00"
18123,123,0001,Roadway,0021,159012M,,CONSTRUCTION SIGNS,800,SF,"MARBRO, INC.",$12.00,"$9,600.00"
18123,123,0001,Roadway,0021,159012M,,CONSTRUCTION SIGNS,800,SF,"IEW CONSTRUCTION GROUP, INC.",$12.01,"$9,608.00"
18123,123,0001,Roadway,0022,159015M,,"CONSTRUCTION IDENTIFICATION SIGN, 4' X 8'",5,U,"RITACCO CONSTRUCTION, INC.",$500.00,"$2,500.00"
18123,123,0001,Roadway,0022,159015M,,"CONSTRUCTION IDENTIFICATION SIGN, 4' X 8'",5,U,"MARBRO, INC.",$900.00,"$4,500.00"
18123,123,0001,Roadway,0022,159015M,,"CONSTRUCTION IDENTIFICATION SIGN, 4' X 8'",5,U,"IEW CONSTRUCTION GROUP, INC.",$960.56,"$4,802.80"
18123,123,0001,Roadway,0023,159021P,,CONSTRUCTION BARRIER CURB,560,LF,"RITACCO CONSTRUCTION, INC.",$10.00,"$5,600.00"
18123,123,0001,Roadway,0023,159021P,,CONSTRUCTION BARRIER CURB,560,LF,"MARBRO, INC.",$70.00,"$39,200.00"
18123,123,0001,Roadway,0023,159021P,,CONSTRUCTION BARRIER CURB,560,LF,"IEW CONSTRUCTION GROUP, INC.",$115.60,"$64,736.00"
18123,123,0001,Roadway,0024,159027M,,"FLASHING ARROW BOARD, 4' X 8'",2,U,"RITACCO CONSTRUCTION, INC.",$250.00,$500.00
18123,123,0001,Roadway,0024,159027M,,"FLASHING ARROW BOARD, 4' X 8'",2,U,"MARBRO, INC.","$5,000.00","$10,000.00"
18123,123,0001,Roadway,0024,159027M,,"FLASHING ARROW BOARD, 4' X 8'",2,U,"IEW CONSTRUCTION GROUP, INC.","$1,200.70","$2,401.40"
18123,123,0001,Roadway,0025,159029M,,PORTABLE VARIABLE MESSAGE SIGN W/REMOTE COMMUNICATION,3,U,"RITACCO CONSTRUCTION, INC.",$500.00,"$1,500.00"
18123,123,0001,Roadway,0025,159029M,,PORTABLE VARIABLE MESSAGE SIGN W/REMOTE COMMUNICATION,3,U,"MARBRO, INC.","$15,000.00","$45,000.00"
18123,123,0001,Roadway,0025,159029M,,PORTABLE VARIABLE MESSAGE SIGN W/REMOTE COMMUNICATION,3,U,"IEW CONSTRUCTION GROUP, INC.","$7,284.15","$21,852.45"
18123,123,0001,Roadway,0026,159042M,,"TEMPORARY CRASH CUSHION, INERTIAL BARRIER SYSTEM, 10 MODULES",1,U,"RITACCO CONSTRUCTION, INC.","$5,000.00","$5,000.00"
18123,123,0001,Roadway,0026,159042M,,"TEMPORARY CRASH CUSHION, INERTIAL BARRIER SYSTEM, 10 MODULES",1,U,"MARBRO, INC.","$4,500.00","$4,500.00"
18123,123,0001,Roadway,0026,159042M,,"TEMPORARY CRASH CUSHION, INERTIAL BARRIER SYSTEM, 10 MODULES",1,U,"IEW CONSTRUCTION GROUP, INC.","$10,028.56","$10,028.56"
18123,123,0001,Roadway,0027,159120M,,"TEMPORARY PAVEMENT MARKING TAPE, 4""",700,LF,"RITACCO CONSTRUCTION, INC.",$2.00,"$1,400.00"
18123,123,0001,Roadway,0027,159120M,,"TEMPORARY PAVEMENT MARKING TAPE, 4""",700,LF,"MARBRO, INC.",$3.00,"$2,100.00"
18123,123,0001,Roadway,0027,159120M,,"TEMPORARY PAVEMENT MARKING TAPE, 4""",700,LF,"IEW CONSTRUCTION GROUP, INC.",$2.40,"$1,680.00"
18123,123,0001,Roadway,0028,159138M,,HMA PATCH,50,T,"RITACCO CONSTRUCTION, INC.",$50.00,"$2,500.00"
18123,123,0001,Roadway,0028,159138M,,HMA PATCH,50,T,"MARBRO, INC.",$150.00,"$7,500.00"
18123,123,0001,Roadway,0028,159138M,,HMA PATCH,50,T,"IEW CONSTRUCTION GROUP, INC.",$694.96,"$34,748.00"
18123,123,0001,Roadway,0029,159141M,,"TRAFFIC DIRECTOR, FLAGGER",80,HOUR,"RITACCO CONSTRUCTION, INC.",$80.00,"$6,400.00"
18123,123,0001,Roadway,0029,159141M,,"TRAFFIC DIRECTOR, FLAGGER",80,HOUR,"MARBRO, INC.",$93.35,"$7,468.00"
18123,123,0001,Roadway,0029,159141M,,"TRAFFIC DIRECTOR, FLAGGER",80,HOUR,"IEW CONSTRUCTION GROUP, INC.",$104.46,"$8,356.80"
18123,123,0001,Roadway,0030,159144M,,EMERGENCY TOWING SERVICE,2,U,"RITACCO CONSTRUCTION, INC.",$100.00,$200.00
18123,123,0001,Roadway,0030,159144M,,EMERGENCY TOWING SERVICE,2,U,"MARBRO, INC.",$250.00,$500.00
18123,123,0001,Roadway,0030,159144M,,EMERGENCY TOWING SERVICE,2,U,"IEW CONSTRUCTION GROUP, INC.",$600.35,"$1,200.70"
18123,123,0001,Roadway,0031,159200M,,"TEMPORARY CRASH CUSHION, COMPRESSIVE BARRIER, TYPE 2, WIDTH NARROW",1,U,"RITACCO CONSTRUCTION, INC.","$20,500.00","$20,500.00"
18123,123,0001,Roadway,0031,159200M,,"TEMPORARY CRASH CUSHION, COMPRESSIVE BARRIER, TYPE 2, WIDTH NARROW",1,U,"MARBRO, INC.","$16,500.00","$16,500.00"
18123,123,0001,Roadway,0031,159200M,,"TEMPORARY CRASH CUSHION, COMPRESSIVE BARRIER, TYPE 2, WIDTH NARROW",1,U,"IEW CONSTRUCTION GROUP, INC.","$34,004.50","$34,004.50"
18123,123,0001,Roadway,0032,159300M,,"TRAFFIC STRIPES, LATEX, 4""","7,200",LF,"RITACCO CONSTRUCTION, INC.",$0.50,"$3,600.00"
18123,123,0001,Roadway,0032,159300M,,"TRAFFIC STRIPES, LATEX, 4""","7,200",LF,"MARBRO, INC.",$1.00,"$7,200.00"
18123,123,0001,Roadway,0032,159300M,,"TRAFFIC STRIPES, LATEX, 4""","7,200",LF,"IEW CONSTRUCTION GROUP, INC.",$0.72,"$5,184.00"
18123,123,0001,Roadway,0033,160004M,,FUEL PRICE ADJUSTMENT,1,DOLL,"RITACCO CONSTRUCTION, INC.",$700.00,$700.00
18123,123,0001,Roadway,0033,160004M,,FUEL PRICE ADJUSTMENT,1,DOLL,"MARBRO, INC.",$700.00,$700.00
18123,123,0001,Roadway,0033,160004M,,FUEL PRICE ADJUSTMENT,1,DOLL,"IEW CONSTRUCTION GROUP, INC.",$700.00,$700.00
18123,123,0001,Roadway,0034,161003P,,FINAL CLEANUP,1,LS,"RITACCO CONSTRUCTION, INC.","$5,000.00","$5,000.00"
18123,123,0001,Roadway,0034,161003P,,FINAL CLEANUP,1,LS,"MARBRO, INC.","$5,000.00","$5,000.00"
18123,123,0001,Roadway,0034,161003P,,FINAL CLEANUP,1,LS,"IEW CONSTRUCTION GROUP, INC.","$6,461.55","$6,461.55"
18123,123,0001,Roadway,0035,201003P,,CLEARING SITE,1,LS,"RITACCO CONSTRUCTION, INC.","$45,000.00","$45,000.00"
18123,123,0001,Roadway,0035,201003P,,CLEARING SITE,1,LS,"MARBRO, INC.","$45,000.00","$45,000.00"
18123,123,0001,Roadway,0035,201003P,,CLEARING SITE,1,LS,"IEW CONSTRUCTION GROUP, INC.","$45,000.00","$45,000.00"
18123,123,0001,Roadway,0036,202006M,,"EXCAVATION, TEST PIT",10,CY,"RITACCO CONSTRUCTION, INC.",$100.00,"$1,000.00"
18123,123,0001,Roadway,0036,202006M,,"EXCAVATION, TEST PIT",10,CY,"MARBRO, INC.",$160.00,"$1,600.00"
18123,123,0001,Roadway,0036,202006M,,"EXCAVATION, TEST PIT",10,CY,"IEW CONSTRUCTION GROUP, INC.",$524.46,"$5,244.60"
18123,123,0001,Roadway,0037,202009P,,"EXCAVATION, UNCLASSIFIED",157,CY,"RITACCO CONSTRUCTION, INC.",$50.00,"$7,850.00"
18123,123,0001,Roadway,0037,202009P,,"EXCAVATION, UNCLASSIFIED",157,CY,"MARBRO, INC.",$80.00,"$12,560.00"
18123,123,0001,Roadway,0037,202009P,,"EXCAVATION, UNCLASSIFIED",157,CY,"IEW CONSTRUCTION GROUP, INC.",$88.23,"$13,852.11"
18123,123,0001,Roadway,0038,202021P,,REMOVAL OF PAVEMENT,275,SY,"RITACCO CONSTRUCTION, INC.",$40.00,"$11,000.00"
18123,123,0001,Roadway,0038,202021P,,REMOVAL OF PAVEMENT,275,SY,"MARBRO, INC.",$70.00,"$19,250.00"
18123,123,0001,Roadway,0038,202021P,,REMOVAL OF PAVEMENT,275,SY,"IEW CONSTRUCTION GROUP, INC.",$73.74,"$20,278.50"
18123,123,0001,Roadway,0039,203021P,,I-14 SOIL AGGREGATE,14,CY,"RITACCO CONSTRUCTION, INC.",$50.00,$700.00
18123,123,0001,Roadway,0039,203021P,,I-14 SOIL AGGREGATE,14,CY,"MARBRO, INC.",$90.00,"$1,260.00"
18123,123,0001,Roadway,0039,203021P,,I-14 SOIL AGGREGATE,14,CY,"IEW CONSTRUCTION GROUP, INC.",$123.41,"$1,727.74"
18123,123,0001,Roadway,0040,301006P,,SUBBASE,71,CY,"RITACCO CONSTRUCTION, INC.",$50.00,"$3,550.00"
18123,123,0001,Roadway,0040,301006P,,SUBBASE,71,CY,"MARBRO, INC.",$82.00,"$5,822.00"
18123,123,0001,Roadway,0040,301006P,,SUBBASE,71,CY,"IEW CONSTRUCTION GROUP, INC.",$93.17,"$6,615.07"
18123,123,0001,Roadway,0041,302042P,,"DENSE-GRADED AGGREGATE BASE COURSE, 8"" THICK",47,SY,"RITACCO CONSTRUCTION, INC.",$50.00,"$2,350.00"
18123,123,0001,Roadway,0041,302042P,,"DENSE-GRADED AGGREGATE BASE COURSE, 8"" THICK",47,SY,"MARBRO, INC.",$70.00,"$3,290.00"
18123,123,0001,Roadway,0041,302042P,,"DENSE-GRADED AGGREGATE BASE COURSE, 8"" THICK",47,SY,"IEW CONSTRUCTION GROUP, INC.",$35.69,"$1,677.43"
18123,123,0001,Roadway,0042,304003P,,"CONCRETE BASE COURSE, 8"" THICK",90,SY,"RITACCO CONSTRUCTION, INC.",$60.00,"$5,400.00"
18123,123,0001,Roadway,0042,304003P,,"CONCRETE BASE COURSE, 8"" THICK",90,SY,"MARBRO, INC.",$64.00,"$5,760.00"
18123,123,0001,Roadway,0042,304003P,,"CONCRETE BASE COURSE, 8"" THICK",90,SY,"IEW CONSTRUCTION GROUP, INC.",$265.35,"$23,881.50"
18123,123,0001,Roadway,0043,401009P,,"HMA MILLING, 3"" OR LESS","4,452",SY,"RITACCO CONSTRUCTION, INC.",$12.00,"$53,424.00"
18123,123,0001,Roadway,0043,401009P,,"HMA MILLING, 3"" OR LESS","4,452",SY,"MARBRO, INC.",$6.00,"$26,712.00"
18123,123,0001,Roadway,0043,401009P,,"HMA MILLING, 3"" OR LESS","4,452",SY,"IEW CONSTRUCTION GROUP, INC.",$9.22,"$41,047.44"
18123,123,0001,Roadway,0044,401027M,,POLYMERIZED JOINT ADHESIVE,"3,000",LF,"RITACCO CONSTRUCTION, INC.",$2.00,"$6,000.00"
18123,123,0001,Roadway,0044,401027M,,POLYMERIZED JOINT ADHESIVE,"3,000",LF,"MARBRO, INC.",$1.00,"$3,000.00"
18123,123,0001,Roadway,0044,401027M,,POLYMERIZED JOINT ADHESIVE,"3,000",LF,"IEW CONSTRUCTION GROUP, INC.",$12.29,"$36,870.00"
18123,123,0001,Roadway,0045,401030M,,TACK COAT,420,GAL,"RITACCO CONSTRUCTION, INC.",$6.00,"$2,520.00"
18123,123,0001,Roadway,0045,401030M,,TACK COAT,420,GAL,"MARBRO, INC.",$5.00,"$2,100.00"
18123,123,0001,Roadway,0045,401030M,,TACK COAT,420,GAL,"IEW CONSTRUCTION GROUP, INC.",$12.29,"$5,161.80"
18123,123,0001,Roadway,0046,401054M,,HOT MIX ASPHALT 12.5 M 64 SURFACE COURSE,516,T,"RITACCO CONSTRUCTION, INC.",$165.00,"$85,140.00"
18123,123,0001,Roadway,0046,401054M,,HOT MIX ASPHALT 12.5 M 64 SURFACE COURSE,516,T,"MARBRO, INC.",$115.00,"$59,340.00"
18123,123,0001,Roadway,0046,401054M,,HOT MIX ASPHALT 12.5 M 64 SURFACE COURSE,516,T,"IEW CONSTRUCTION GROUP, INC.",$159.76,"$82,436.16"
18123,123,0001,Roadway,0047,401099M,,HOT MIX ASPHALT 25 M 64 BASE COURSE,116,T,"RITACCO CONSTRUCTION, INC.",$145.00,"$16,820.00"
18123,123,0001,Roadway,0047,401099M,,HOT MIX ASPHALT 25 M 64 BASE COURSE,116,T,"MARBRO, INC.",$175.00,"$20,300.00"
18123,123,0001,Roadway,0047,401099M,,HOT MIX ASPHALT 25 M 64 BASE COURSE,116,T,"IEW CONSTRUCTION GROUP, INC.",$157.30,"$18,246.80"
18123,123,0001,Roadway,0048,401108M,,"CORE SAMPLES, HOT MIX ASPHALT",10,U,"RITACCO CONSTRUCTION, INC.",$325.00,"$3,250.00"
18123,123,0001,Roadway,0048,401108M,,"CORE SAMPLES, HOT MIX ASPHALT",10,U,"MARBRO, INC.",$250.00,"$2,500.00"
18123,123,0001,Roadway,0048,401108M,,"CORE SAMPLES, HOT MIX ASPHALT",10,U,"IEW CONSTRUCTION GROUP, INC.",$122.89,"$1,228.90"
18123,123,0001,Roadway,0049,405003P,,UNDERLAYER PREPARATION,90,SY,"RITACCO CONSTRUCTION, INC.",$8.00,$720.00
18123,123,0001,Roadway,0049,405003P,,UNDERLAYER PREPARATION,90,SY,"MARBRO, INC.",$23.00,"$2,070.00"
18123,123,0001,Roadway,0049,405003P,,UNDERLAYER PREPARATION,90,SY,"IEW CONSTRUCTION GROUP, INC.",$26.47,"$2,382.30"
18123,123,0001,Roadway,0050,406005M,,HIGH PERFORMANCE THIN OVERLAY,52,T,"RITACCO CONSTRUCTION, INC.",$300.00,"$15,600.00"
18123,123,0001,Roadway,0050,406005M,,HIGH PERFORMANCE THIN OVERLAY,52,T,"MARBRO, INC.",$300.00,"$15,600.00"
18123,123,0001,Roadway,0050,406005M,,HIGH PERFORMANCE THIN OVERLAY,52,T,"IEW CONSTRUCTION GROUP, INC.","$1,320.76","$68,679.52"
18123,123,0001,Roadway,0051,603021P,,"RIPRAP STONE SLOPE PROTECTION, 18"" THICK (D50=9"")",46,SY,"RITACCO CONSTRUCTION, INC.",$40.00,"$1,840.00"
18123,123,0001,Roadway,0051,603021P,,"RIPRAP STONE SLOPE PROTECTION, 18"" THICK (D50=9"")",46,SY,"MARBRO, INC.",$135.00,"$6,210.00"
18123,123,0001,Roadway,0051,603021P,,"RIPRAP STONE SLOPE PROTECTION, 18"" THICK (D50=9"")",46,SY,"IEW CONSTRUCTION GROUP, INC.",$227.37,"$10,459.02"
18123,123,0001,Roadway,0052,606012P,,"CONCRETE SIDEWALK, 4"" THICK",8,SY,"RITACCO CONSTRUCTION, INC.",$150.00,"$1,200.00"
18123,123,0001,Roadway,0052,606012P,,"CONCRETE SIDEWALK, 4"" THICK",8,SY,"MARBRO, INC.",$143.00,"$1,144.00"
18123,123,0001,Roadway,0052,606012P,,"CONCRETE SIDEWALK, 4"" THICK",8,SY,"IEW CONSTRUCTION GROUP, INC.",$171.70,"$1,373.60"
18123,123,0001,Roadway,0053,606075P,,"CONCRETE ISLAND, 4"" THICK",39,SY,"RITACCO CONSTRUCTION, INC.",$90.00,"$3,510.00"
18123,123,0001,Roadway,0053,606075P,,"CONCRETE ISLAND, 4"" THICK",39,SY,"MARBRO, INC.",$129.00,"$5,031.00"
18123,123,0001,Roadway,0053,606075P,,"CONCRETE ISLAND, 4"" THICK",39,SY,"IEW CONSTRUCTION GROUP, INC.",$154.89,"$6,040.71"
18123,123,0001,Roadway,0054,606084P,,DETECTABLE WARNING SURFACE,3,SY,"RITACCO CONSTRUCTION, INC.",$250.00,$750.00
18123,123,0001,Roadway,0054,606084P,,DETECTABLE WARNING SURFACE,3,SY,"MARBRO, INC.",$260.00,$780.00
18123,123,0001,Roadway,0054,606084P,,DETECTABLE WARNING SURFACE,3,SY,"IEW CONSTRUCTION GROUP, INC.",$312.18,$936.54
18123,123,0001,Roadway,0055,606093P,,IMPRINT RESIN ISLAND,39,SY,"RITACCO CONSTRUCTION, INC.",$150.00,"$5,850.00"
18123,123,0001,Roadway,0055,606093P,,IMPRINT RESIN ISLAND,39,SY,"MARBRO, INC.",$320.00,"$12,480.00"
18123,123,0001,Roadway,0055,606093P,,IMPRINT RESIN ISLAND,39,SY,"IEW CONSTRUCTION GROUP, INC.",$492.28,"$19,198.92"
18123,123,0001,Roadway,0056,607018P,,"9"" X 16"" CONCRETE VERTICAL CURB",168,LF,"RITACCO CONSTRUCTION, INC.",$40.00,"$6,720.00"
18123,123,0001,Roadway,0056,607018P,,"9"" X 16"" CONCRETE VERTICAL CURB",168,LF,"MARBRO, INC.",$58.00,"$9,744.00"
18123,123,0001,Roadway,0056,607018P,,"9"" X 16"" CONCRETE VERTICAL CURB",168,LF,"IEW CONSTRUCTION GROUP, INC.",$69.64,"$11,699.52"
18123,123,0001,Roadway,0057,607030P,,"12"" X 13"" CONCRETE SLOPING CURB",129,LF,"RITACCO CONSTRUCTION, INC.",$50.00,"$6,450.00"
18123,123,0001,Roadway,0057,607030P,,"12"" X 13"" CONCRETE SLOPING CURB",129,LF,"MARBRO, INC.",$72.00,"$9,288.00"
18123,123,0001,Roadway,0057,607030P,,"12"" X 13"" CONCRETE SLOPING CURB",129,LF,"IEW CONSTRUCTION GROUP, INC.",$86.45,"$11,152.05"
18123,123,0001,Roadway,0058,608003P,,"NONVEGETATIVE SURFACE, HOT MIX ASPHALT",245,SY,"RITACCO CONSTRUCTION, INC.",$50.00,"$12,250.00"
18123,123,0001,Roadway,0058,608003P,,"NONVEGETATIVE SURFACE, HOT MIX ASPHALT",245,SY,"MARBRO, INC.",$35.00,"$8,575.00"
18123,123,0001,Roadway,0058,608003P,,"NONVEGETATIVE SURFACE, HOT MIX ASPHALT",245,SY,"IEW CONSTRUCTION GROUP, INC.",$42.02,"$10,294.90"
18123,123,0001,Roadway,0059,609003M,,BEAM GUIDE RAIL,241,LF,"RITACCO CONSTRUCTION, INC.",$30.00,"$7,230.00"
18123,123,0001,Roadway,0059,609003M,,BEAM GUIDE RAIL,241,LF,"MARBRO, INC.",$36.00,"$8,676.00"
18123,123,0001,Roadway,0059,609003M,,BEAM GUIDE RAIL,241,LF,"IEW CONSTRUCTION GROUP, INC.",$43.22,"$10,416.02"
18123,123,0001,Roadway,0060,609036M,,CONTROLLED RELEASE TERMINAL ANCHORAGE,1,U,"RITACCO CONSTRUCTION, INC.",$900.00,$900.00
18123,123,0001,Roadway,0060,609036M,,CONTROLLED RELEASE TERMINAL ANCHORAGE,1,U,"MARBRO, INC.","$1,850.00","$1,850.00"
18123,123,0001,Roadway,0060,609036M,,CONTROLLED RELEASE TERMINAL ANCHORAGE,1,U,"IEW CONSTRUCTION GROUP, INC.","$2,221.28","$2,221.28"
18123,123,0001,Roadway,0061,609039M,,BEAM GUIDE RAIL ANCHORAGE,2,U,"RITACCO CONSTRUCTION, INC.",$800.00,"$1,600.00"
18123,123,0001,Roadway,0061,609039M,,BEAM GUIDE RAIL ANCHORAGE,2,U,"MARBRO, INC.","$1,500.00","$3,000.00"
18123,123,0001,Roadway,0061,609039M,,BEAM GUIDE RAIL ANCHORAGE,2,U,"IEW CONSTRUCTION GROUP, INC.","$1,801.04","$3,602.08"
18123,123,0001,Roadway,0062,609058M,,APPROACH GUIDE RAIL TRANSITION TL-2,4,U,"RITACCO CONSTRUCTION, INC.","$1,500.00","$6,000.00"
18123,123,0001,Roadway,0062,609058M,,APPROACH GUIDE RAIL TRANSITION TL-2,4,U,"MARBRO, INC.","$2,300.00","$9,200.00"
18123,123,0001,Roadway,0062,609058M,,APPROACH GUIDE RAIL TRANSITION TL-2,4,U,"IEW CONSTRUCTION GROUP, INC.","$2,761.60","$11,046.40"
18123,123,0001,Roadway,0063,609063M,,RESET BEAM GUIDE RAIL WITH EXISTING POSTS,556,LF,"RITACCO CONSTRUCTION, INC.",$12.00,"$6,672.00"
18123,123,0001,Roadway,0063,609063M,,RESET BEAM GUIDE RAIL WITH EXISTING POSTS,556,LF,"MARBRO, INC.",$20.00,"$11,120.00"
18123,123,0001,Roadway,0063,609063M,,RESET BEAM GUIDE RAIL WITH EXISTING POSTS,556,LF,"IEW CONSTRUCTION GROUP, INC.",$23.11,"$12,849.16"
18123,123,0001,Roadway,0064,609075M,,REMOVAL OF BEAM GUIDE RAIL,355,LF,"RITACCO CONSTRUCTION, INC.",$1.00,$355.00
18123,123,0001,Roadway,0064,609075M,,REMOVAL OF BEAM GUIDE RAIL,355,LF,"MARBRO, INC.",$1.00,$355.00
18123,123,0001,Roadway,0064,609075M,,REMOVAL OF BEAM GUIDE RAIL,355,LF,"IEW CONSTRUCTION GROUP, INC.",$1.20,$426.00
18123,123,0001,Roadway,0065,610003M,,"TRAFFIC STRIPES, 4""","3,940",LF,"RITACCO CONSTRUCTION, INC.",$0.50,"$1,970.00"
18123,123,0001,Roadway,0065,610003M,,"TRAFFIC STRIPES, 4""","3,940",LF,"MARBRO, INC.",$0.91,"$3,585.40"
18123,123,0001,Roadway,0065,610003M,,"TRAFFIC STRIPES, 4""","3,940",LF,"IEW CONSTRUCTION GROUP, INC.",$0.72,"$2,836.80"
18123,123,0001,Roadway,0066,610007M,,"TRAFFIC STRIPES, 8""",460,LF,"RITACCO CONSTRUCTION, INC.",$1.00,$460.00
18123,123,0001,Roadway,0066,610007M,,"TRAFFIC STRIPES, 8""",460,LF,"MARBRO, INC.",$2.54,"$1,168.40"
18123,123,0001,Roadway,0066,610007M,,"TRAFFIC STRIPES, 8""",460,LF,"IEW CONSTRUCTION GROUP, INC.",$1.44,$662.40
18123,123,0001,Roadway,0067,610008M,,"TRAFFIC MARKINGS, SYMBOLS",120,SF,"RITACCO CONSTRUCTION, INC.",$10.00,"$1,200.00"
18123,123,0001,Roadway,0067,610008M,,"TRAFFIC MARKINGS, SYMBOLS",120,SF,"MARBRO, INC.",$10.50,"$1,260.00"
18123,123,0001,Roadway,0067,610008M,,"TRAFFIC MARKINGS, SYMBOLS",120,SF,"IEW CONSTRUCTION GROUP, INC.",$12.61,"$1,513.20"
18123,123,0001,Roadway,0068,610016M,,"TRAFFIC MARKING LINES, 12""",40,LF,"RITACCO CONSTRUCTION, INC.",$6.00,$240.00
18123,123,0001,Roadway,0068,610016M,,"TRAFFIC MARKING LINES, 12""",40,LF,"MARBRO, INC.",$6.00,$240.00
18123,123,0001,Roadway,0068,610016M,,"TRAFFIC MARKING LINES, 12""",40,LF,"IEW CONSTRUCTION GROUP, INC.",$7.20,$288.00
18123,123,0001,Roadway,0069,610017M,,"TRAFFIC MARKING LINES, 24""",130,LF,"RITACCO CONSTRUCTION, INC.",$8.00,"$1,040.00"
18123,123,0001,Roadway,0069,610017M,,"TRAFFIC MARKING LINES, 24""",130,LF,"MARBRO, INC.",$8.00,"$1,040.00"
18123,123,0001,Roadway,0069,610017M,,"TRAFFIC MARKING LINES, 24""",130,LF,"IEW CONSTRUCTION GROUP, INC.",$9.61,"$1,249.30"
18123,123,0001,Roadway,0070,610021M,,"RPM, BI-DIRECTIONAL, AMBER LENS",18,U,"RITACCO CONSTRUCTION, INC.",$90.00,"$1,620.00"
18123,123,0001,Roadway,0070,610021M,,"RPM, BI-DIRECTIONAL, AMBER LENS",18,U,"MARBRO, INC.",$90.00,"$1,620.00"
18123,123,0001,Roadway,0070,610021M,,"RPM, BI-DIRECTIONAL, AMBER LENS",18,U,"IEW CONSTRUCTION GROUP, INC.",$108.06,"$1,945.08"
18123,123,0001,Roadway,0071,610024M,,REMOVAL OF RPM,18,U,"RITACCO CONSTRUCTION, INC.",$35.00,$630.00
18123,123,0001,Roadway,0071,610024M,,REMOVAL OF RPM,18,U,"MARBRO, INC.",$51.74,$931.32
18123,123,0001,Roadway,0071,610024M,,REMOVAL OF RPM,18,U,"IEW CONSTRUCTION GROUP, INC.",$57.99,"$1,043.82"
18123,123,0001,Roadway,0072,610036M,,REMOVAL OF TRAFFIC STRIPES,"7,000",LF,"RITACCO CONSTRUCTION, INC.",$0.85,"$5,950.00"
18123,123,0001,Roadway,0072,610036M,,REMOVAL OF TRAFFIC STRIPES,"7,000",LF,"MARBRO, INC.",$1.52,"$10,640.00"
18123,123,0001,Roadway,0072,610036M,,REMOVAL OF TRAFFIC STRIPES,"7,000",LF,"IEW CONSTRUCTION GROUP, INC.",$1.02,"$7,140.00"
18123,123,0001,Roadway,0073,611300M,,"CRASH CUSHION, COMPRESSIVE BARRIER, TYPE 2, WIDTH NARROW",1,U,"RITACCO CONSTRUCTION, INC.","$22,500.00","$22,500.00"
18123,123,0001,Roadway,0073,611300M,,"CRASH CUSHION, COMPRESSIVE BARRIER, TYPE 2, WIDTH NARROW",1,U,"MARBRO, INC.","$44,000.00","$44,000.00"
18123,123,0001,Roadway,0073,611300M,,"CRASH CUSHION, COMPRESSIVE BARRIER, TYPE 2, WIDTH NARROW",1,U,"IEW CONSTRUCTION GROUP, INC.","$49,228.45","$49,228.45"
18123,123,0001,Roadway,0074,612003P,,REGULATORY AND WARNING SIGN,100,SF,"RITACCO CONSTRUCTION, INC.",$33.00,"$3,300.00"
18123,123,0001,Roadway,0074,612003P,,REGULATORY AND WARNING SIGN,100,SF,"MARBRO, INC.",$35.00,"$3,500.00"
18123,123,0001,Roadway,0074,612003P,,REGULATORY AND WARNING SIGN,100,SF,"IEW CONSTRUCTION GROUP, INC.",$39.62,"$3,962.00"
18123,123,0001,Roadway,0075,612006P,,"GUIDE SIGN, TYPE GA, STEEL ""U"" POST SUPPORTS",18,SF,"RITACCO CONSTRUCTION, INC.",$24.00,$432.00
18123,123,0001,Roadway,0075,612006P,,"GUIDE SIGN, TYPE GA, STEEL ""U"" POST SUPPORTS",18,SF,"MARBRO, INC.",$35.00,$630.00
18123,123,0001,Roadway,0075,612006P,,"GUIDE SIGN, TYPE GA, STEEL ""U"" POST SUPPORTS",18,SF,"IEW CONSTRUCTION GROUP, INC.",$28.82,$518.76
18123,123,0001,Roadway,0076,701021P,,"3"" RIGID METALLIC CONDUIT",9,LF,"RITACCO CONSTRUCTION, INC.",$125.00,"$1,125.00"
18123,123,0001,Roadway,0076,701021P,,"3"" RIGID METALLIC CONDUIT",9,LF,"MARBRO, INC.",$150.00,"$1,350.00"
18123,123,0001,Roadway,0076,701021P,,"3"" RIGID METALLIC CONDUIT",9,LF,"IEW CONSTRUCTION GROUP, INC.",$150.09,"$1,350.81"
18123,123,0001,Roadway,0077,701102M,,"18"" X 36"" JUNCTION BOX",4,U,"RITACCO CONSTRUCTION, INC.","$1,800.00","$7,200.00"
18123,123,0001,Roadway,0077,701102M,,"18"" X 36"" JUNCTION BOX",4,U,"MARBRO, INC.","$3,180.00","$12,720.00"
18123,123,0001,Roadway,0077,701102M,,"18"" X 36"" JUNCTION BOX",4,U,"IEW CONSTRUCTION GROUP, INC.","$2,185.26","$8,741.04"
18123,123,0001,Roadway,0078,701135M,,"FOUNDATION, TYPE SPF",2,U,"RITACCO CONSTRUCTION, INC.","$1,200.00","$2,400.00"
18123,123,0001,Roadway,0078,701135M,,"FOUNDATION, TYPE SPF",2,U,"MARBRO, INC.",$800.00,"$1,600.00"
18123,123,0001,Roadway,0078,701135M,,"FOUNDATION, TYPE SPF",2,U,"IEW CONSTRUCTION GROUP, INC.","$1,500.87","$3,001.74"
18123,123,0001,Roadway,0079,701144M,,"FOUNDATION, TYPE SFK",1,U,"RITACCO CONSTRUCTION, INC.","$1,800.00","$1,800.00"
18123,123,0001,Roadway,0079,701144M,,"FOUNDATION, TYPE SFK",1,U,"MARBRO, INC.","$3,650.00","$3,650.00"
18123,123,0001,Roadway,0079,701144M,,"FOUNDATION, TYPE SFK",1,U,"IEW CONSTRUCTION GROUP, INC.","$2,257.30","$2,257.30"
18123,123,0001,Roadway,0080,701192P,,"GROUND WIRE, NO. 8 AWG",12,LF,"RITACCO CONSTRUCTION, INC.",$18.00,$216.00
18123,123,0001,Roadway,0080,701192P,,"GROUND WIRE, NO. 8 AWG",12,LF,"MARBRO, INC.",$8.50,$102.00
18123,123,0001,Roadway,0080,701192P,,"GROUND WIRE, NO. 8 AWG",12,LF,"IEW CONSTRUCTION GROUP, INC.",$21.61,$259.32
18123,123,0001,Roadway,0081,702012M,,"TRAFFIC SIGNAL STANDARD, ALUMINUM",1,U,"RITACCO CONSTRUCTION, INC.","$3,500.00","$3,500.00"
18123,123,0001,Roadway,0081,702012M,,"TRAFFIC SIGNAL STANDARD, ALUMINUM",1,U,"MARBRO, INC.","$4,500.00","$4,500.00"
18123,123,0001,Roadway,0081,702012M,,"TRAFFIC SIGNAL STANDARD, ALUMINUM",1,U,"IEW CONSTRUCTION GROUP, INC.","$4,520.62","$4,520.62"
18123,123,0001,Roadway,0082,702018M,,PEDESTRIAN SIGNAL STANDARD,2,U,"RITACCO CONSTRUCTION, INC.","$1,000.00","$2,000.00"
18123,123,0001,Roadway,0082,702018M,,PEDESTRIAN SIGNAL STANDARD,2,U,"MARBRO, INC.",$800.00,"$1,600.00"
18123,123,0001,Roadway,0082,702018M,,PEDESTRIAN SIGNAL STANDARD,2,U,"IEW CONSTRUCTION GROUP, INC.","$1,278.74","$2,557.48"
18123,123,0001,Roadway,0083,702021M,,"TRAFFIC SIGNAL MAST ARM, ALUMINUM",1,U,"RITACCO CONSTRUCTION, INC.","$3,300.00","$3,300.00"
18123,123,0001,Roadway,0083,702021M,,"TRAFFIC SIGNAL MAST ARM, ALUMINUM",1,U,"MARBRO, INC.","$3,600.00","$3,600.00"
18123,123,0001,Roadway,0083,702021M,,"TRAFFIC SIGNAL MAST ARM, ALUMINUM",1,U,"IEW CONSTRUCTION GROUP, INC.","$3,986.30","$3,986.30"
18123,123,0001,Roadway,0084,702027P,,"TRAFFIC SIGNAL CABLE, 2 CONDUCTOR",51,LF,"RITACCO CONSTRUCTION, INC.",$3.00,$153.00
18123,123,0001,Roadway,0084,702027P,,"TRAFFIC SIGNAL CABLE, 2 CONDUCTOR",51,LF,"MARBRO, INC.",$8.50,$433.50
18123,123,0001,Roadway,0084,702027P,,"TRAFFIC SIGNAL CABLE, 2 CONDUCTOR",51,LF,"IEW CONSTRUCTION GROUP, INC.",$3.60,$183.60
18123,123,0001,Roadway,0085,702030P,,"TRAFFIC SIGNAL CABLE, 5 CONDUCTOR",102,LF,"RITACCO CONSTRUCTION, INC.",$3.50,$357.00
18123,123,0001,Roadway,0085,702030P,,"TRAFFIC SIGNAL CABLE, 5 CONDUCTOR",102,LF,"MARBRO, INC.",$8.50,$867.00
18123,123,0001,Roadway,0085,702030P,,"TRAFFIC SIGNAL CABLE, 5 CONDUCTOR",102,LF,"IEW CONSTRUCTION GROUP, INC.",$4.44,$452.88
18123,123,0001,Roadway,0086,702033P,,"TRAFFIC SIGNAL CABLE, 10 CONDUCTOR",51,LF,"RITACCO CONSTRUCTION, INC.",$6.00,$306.00
18123,123,0001,Roadway,0086,702033P,,"TRAFFIC SIGNAL CABLE, 10 CONDUCTOR",51,LF,"MARBRO, INC.",$8.50,$433.50
18123,123,0001,Roadway,0086,702033P,,"TRAFFIC SIGNAL CABLE, 10 CONDUCTOR",51,LF,"IEW CONSTRUCTION GROUP, INC.",$7.44,$379.44
18123,123,0001,Roadway,0087,702036M,,TRAFFIC SIGNAL HEAD,2,U,"RITACCO CONSTRUCTION, INC.",$850.00,"$1,700.00"
18123,123,0001,Roadway,0087,702036M,,TRAFFIC SIGNAL HEAD,2,U,"MARBRO, INC.","$1,550.00","$3,100.00"
18123,123,0001,Roadway,0087,702036M,,TRAFFIC SIGNAL HEAD,2,U,"IEW CONSTRUCTION GROUP, INC.","$1,062.62","$2,125.24"
18123,123,0001,Roadway,0088,702039M,,PEDESTRIAN SIGNAL HEAD,1,U,"RITACCO CONSTRUCTION, INC.",$950.00,$950.00
18123,123,0001,Roadway,0088,702039M,,PEDESTRIAN SIGNAL HEAD,1,U,"MARBRO, INC.","$1,325.00","$1,325.00"
18123,123,0001,Roadway,0088,702039M,,PEDESTRIAN SIGNAL HEAD,1,U,"IEW CONSTRUCTION GROUP, INC.","$1,176.68","$1,176.68"
18123,123,0001,Roadway,0089,702042M,,PUSH BUTTON,2,U,"RITACCO CONSTRUCTION, INC.",$350.00,$700.00
18123,123,0001,Roadway,0089,702042M,,PUSH BUTTON,2,U,"MARBRO, INC.",$550.00,"$1,100.00"
18123,123,0001,Roadway,0089,702042M,,PUSH BUTTON,2,U,"IEW CONSTRUCTION GROUP, INC.",$438.26,$876.52
18123,123,0001,Roadway,0090,702045M,,IMAGE DETECTOR,1,U,"RITACCO CONSTRUCTION, INC.","$7,500.00","$7,500.00"
18123,123,0001,Roadway,0090,702045M,,IMAGE DETECTOR,1,U,"MARBRO, INC.","$7,000.00","$7,000.00"
18123,123,0001,Roadway,0090,702045M,,IMAGE DETECTOR,1,U,"IEW CONSTRUCTION GROUP, INC.","$9,275.37","$9,275.37"
18123,123,0001,Roadway,0091,702054M,,"TEMPORARY TRAFFIC SIGNAL SYSTEM, LOCATION NO. ___ 1",1,LS,"RITACCO CONSTRUCTION, INC.","$95,000.00","$95,000.00"
18123,123,0001,Roadway,0091,702054M,,"TEMPORARY TRAFFIC SIGNAL SYSTEM, LOCATION NO. ___ 1",1,LS,"MARBRO, INC.","$80,000.00","$80,000.00"
18123,123,0001,Roadway,0091,702054M,,"TEMPORARY TRAFFIC SIGNAL SYSTEM, LOCATION NO. ___ 1",1,LS,"IEW CONSTRUCTION GROUP, INC.","$86,930.24","$86,930.24"
18123,123,0005,General Landscape,0092,804006P,,"TOPSOILING, 4"" THICK",83,SY,"RITACCO CONSTRUCTION, INC.",$6.00,$498.00
18123,123,0005,General Landscape,0092,804006P,,"TOPSOILING, 4"" THICK",83,SY,"MARBRO, INC.",$20.00,"$1,660.00"
18123,123,0005,General Landscape,0092,804006P,,"TOPSOILING, 4"" THICK",83,SY,"IEW CONSTRUCTION GROUP, INC.",$60.03,"$4,982.49"
18123,123,0005,General Landscape,0093,804015P,,BORROW TOPSOIL,10,CY,"RITACCO CONSTRUCTION, INC.",$30.00,$300.00
18123,123,0005,General Landscape,0093,804015P,,BORROW TOPSOIL,10,CY,"MARBRO, INC.",$38.00,$380.00
18123,123,0005,General Landscape,0093,804015P,,BORROW TOPSOIL,10,CY,"IEW CONSTRUCTION GROUP, INC.",$120.07,"$1,200.70"
18123,123,0005,General Landscape,0094,806006P,,"FERTILIZING AND SEEDING, TYPE A-3",83,SY,"RITACCO CONSTRUCTION, INC.",$2.00,$166.00
18123,123,0005,General Landscape,0094,806006P,,"FERTILIZING AND SEEDING, TYPE A-3",83,SY,"MARBRO, INC.",$0.01,$0.83
18123,123,0005,General Landscape,0094,806006P,,"FERTILIZING AND SEEDING, TYPE A-3",83,SY,"IEW CONSTRUCTION GROUP, INC.",$6.00,$498.00
18123,123,0004,Erosion Control,0095,806018P,,"FERTILIZING AND SEEDING, TYPE F",10,SY,"RITACCO CONSTRUCTION, INC.",$10.00,$100.00
18123,123,0004,Erosion Control,0095,806018P,,"FERTILIZING AND SEEDING, TYPE F",10,SY,"MARBRO, INC.",$0.25,$2.50
18123,123,0004,Erosion Control,0095,806018P,,"FERTILIZING AND SEEDING, TYPE F",10,SY,"IEW CONSTRUCTION GROUP, INC.",$6.00,$60.00
18123,123,0005,General Landscape,0096,809003M,,STRAW MULCHING,93,SY,"RITACCO CONSTRUCTION, INC.",$2.00,$186.00
18123,123,0005,General Landscape,0096,809003M,,STRAW MULCHING,93,SY,"MARBRO, INC.",$5.00,$465.00
18123,123,0005,General Landscape,0096,809003M,,STRAW MULCHING,93,SY,"IEW CONSTRUCTION GROUP, INC.",$6.00,$558.00
18123,123,0006,Bridge No. 2117-160,0097,201006P,,"CLEARING SITE, BRIDGE (___) 2117-160",1,LS,"RITACCO CONSTRUCTION, INC.","$225,000.00","$225,000.00"
18123,123,0006,Bridge No. 2117-160,0097,201006P,,"CLEARING SITE, BRIDGE (___) 2117-160",1,LS,"MARBRO, INC.","$225,000.00","$225,000.00"
18123,123,0006,Bridge No. 2117-160,0097,201006P,,"CLEARING SITE, BRIDGE (___) 2117-160",1,LS,"IEW CONSTRUCTION GROUP, INC.","$225,000.00","$225,000.00"
18123,123,0006,Bridge No. 2117-160,0098,201039P,,TEMPORARY SHIELDING,1,LS,"RITACCO CONSTRUCTION, INC.","$1,110,637.00","$1,110,637.00"
18123,123,0006,Bridge No. 2117-160,0098,201039P,,TEMPORARY SHIELDING,1,LS,"MARBRO, INC.","$250,000.00","$250,000.00"
18123,123,0006,Bridge No. 2117-160,0098,201039P,,TEMPORARY SHIELDING,1,LS,"IEW CONSTRUCTION GROUP, INC.","$575,210.27","$575,210.27"
18123,123,0006,Bridge No. 2117-160,0099,202009P,,"EXCAVATION, UNCLASSIFIED",191,CY,"RITACCO CONSTRUCTION, INC.",$60.00,"$11,460.00"
18123,123,0006,Bridge No. 2117-160,0099,202009P,,"EXCAVATION, UNCLASSIFIED",191,CY,"MARBRO, INC.",$70.00,"$13,370.00"
18123,123,0006,Bridge No. 2117-160,0099,202009P,,"EXCAVATION, UNCLASSIFIED",191,CY,"IEW CONSTRUCTION GROUP, INC.",$84.00,"$16,044.00"
18123,123,0006,Bridge No. 2117-160,0100,203053M,,LIGHTWEIGHT FLOWABLE FILL,210,CY,"RITACCO CONSTRUCTION, INC.",$200.00,"$42,000.00"
18123,123,0006,Bridge No. 2117-160,0100,203053M,,LIGHTWEIGHT FLOWABLE FILL,210,CY,"MARBRO, INC.",$210.00,"$44,100.00"
18123,123,0006,Bridge No. 2117-160,0100,203053M,,LIGHTWEIGHT FLOWABLE FILL,210,CY,"IEW CONSTRUCTION GROUP, INC.",$232.03,"$48,726.30"
18123,123,0006,Bridge No. 2117-160,0101,501003P,,TEMPORARY SHEETING,"1,990",SF,"RITACCO CONSTRUCTION, INC.",$1.00,"$1,990.00"
18123,123,0006,Bridge No. 2117-160,0101,501003P,,TEMPORARY SHEETING,"1,990",SF,"MARBRO, INC.",$25.00,"$49,750.00"
18123,123,0006,Bridge No. 2117-160,0101,501003P,,TEMPORARY SHEETING,"1,990",SF,"IEW CONSTRUCTION GROUP, INC.",$106.53,"$211,994.70"
18123,123,0006,Bridge No. 2117-160,0102,501009P,,TEMPORARY COFFERDAM,1,LS,"RITACCO CONSTRUCTION, INC.","$90,000.00","$90,000.00"
18123,123,0006,Bridge No. 2117-160,0102,501009P,,TEMPORARY COFFERDAM,1,LS,"MARBRO, INC.","$253,423.52","$253,423.52"
18123,123,0006,Bridge No. 2117-160,0102,501009P,,TEMPORARY COFFERDAM,1,LS,"IEW CONSTRUCTION GROUP, INC.",$0.01,$0.01
18123,123,0006,Bridge No. 2117-160,0103,504006P,,"REINFORCEMENT STEEL, EPOXY-COATED","130,080",LB,"RITACCO CONSTRUCTION, INC.",$1.80,"$234,144.00"
18123,123,0006,Bridge No. 2117-160,0103,504006P,,"REINFORCEMENT STEEL, EPOXY-COATED","130,080",LB,"MARBRO, INC.",$1.89,"$245,851.20"
18123,123,0006,Bridge No. 2117-160,0103,504006P,,"REINFORCEMENT STEEL, EPOXY-COATED","130,080",LB,"IEW CONSTRUCTION GROUP, INC.",$2.03,"$264,062.40"
18123,123,0006,Bridge No. 2117-160,0104,504018P,,CONCRETE WING WALL,7,CY,"RITACCO CONSTRUCTION, INC.","$2,000.00","$14,000.00"
18123,123,0006,Bridge No. 2117-160,0104,504018P,,CONCRETE WING WALL,7,CY,"MARBRO, INC.","$2,150.00","$15,050.00"
18123,123,0006,Bridge No. 2117-160,0104,504018P,,CONCRETE WING WALL,7,CY,"IEW CONSTRUCTION GROUP, INC.","$2,926.11","$20,482.77"
18123,123,0006,Bridge No. 2117-160,0105,504024P,,CONCRETE ABUTMENT WALL,95,CY,"RITACCO CONSTRUCTION, INC.","$1,200.00","$114,000.00"
18123,123,0006,Bridge No. 2117-160,0105,504024P,,CONCRETE ABUTMENT WALL,95,CY,"MARBRO, INC.","$1,650.00","$156,750.00"
18123,123,0006,Bridge No. 2117-160,0105,504024P,,CONCRETE ABUTMENT WALL,95,CY,"IEW CONSTRUCTION GROUP, INC.","$2,579.69","$245,070.55"
18123,123,0006,Bridge No. 2117-160,0106,504030P,,CONCRETE PIER SHAFT,45,CY,"RITACCO CONSTRUCTION, INC.","$1,500.00","$67,500.00"
18123,123,0006,Bridge No. 2117-160,0106,504030P,,CONCRETE PIER SHAFT,45,CY,"MARBRO, INC.","$1,950.00","$87,750.00"
18123,123,0006,Bridge No. 2117-160,0106,504030P,,CONCRETE PIER SHAFT,45,CY,"IEW CONSTRUCTION GROUP, INC.","$2,851.94","$128,337.30"
18123,123,0006,Bridge No. 2117-160,0107,504036P,,EPOXY WATERPROOFING,87,SY,"RITACCO CONSTRUCTION, INC.",$25.00,"$2,175.00"
18123,123,0006,Bridge No. 2117-160,0107,504036P,,EPOXY WATERPROOFING,87,SY,"MARBRO, INC.",$70.00,"$6,090.00"
18123,123,0006,Bridge No. 2117-160,0107,504036P,,EPOXY WATERPROOFING,87,SY,"IEW CONSTRUCTION GROUP, INC.",$84.05,"$7,312.35"
18123,123,0006,Bridge No. 2117-160,0108,504047P,,CONCRETE STAIN AND ANTI-GRAFFITI TREATMENT,"6,330",SF,"RITACCO CONSTRUCTION, INC.",$3.00,"$18,990.00"
18123,123,0006,Bridge No. 2117-160,0108,504047P,,CONCRETE STAIN AND ANTI-GRAFFITI TREATMENT,"6,330",SF,"MARBRO, INC.",$4.75,"$30,067.50"
18123,123,0006,Bridge No. 2117-160,0108,504047P,,CONCRETE STAIN AND ANTI-GRAFFITI TREATMENT,"6,330",SF,"IEW CONSTRUCTION GROUP, INC.",$5.70,"$36,081.00"
18123,123,0006,Bridge No. 2117-160,0109,506003P,,"STRUCTURAL STEEL 193,000 LBS",1,LS,"RITACCO CONSTRUCTION, INC.","$150,000.00","$150,000.00"
18123,123,0006,Bridge No. 2117-160,0109,506003P,,"STRUCTURAL STEEL 193,000 LBS",1,LS,"MARBRO, INC.","$650,000.00","$650,000.00"
18123,123,0006,Bridge No. 2117-160,0109,506003P,,"STRUCTURAL STEEL 193,000 LBS",1,LS,"IEW CONSTRUCTION GROUP, INC.","$872,000.00","$872,000.00"
18123,123,0006,Bridge No. 2117-160,0110,506006P,,REINFORCED ELASTOMERIC BEARING ASSEMBLY,24,U,"RITACCO CONSTRUCTION, INC.","$2,000.00","$48,000.00"
18123,123,0006,Bridge No. 2117-160,0110,506006P,,REINFORCED ELASTOMERIC BEARING ASSEMBLY,24,U,"MARBRO, INC.","$1,700.00","$40,800.00"
18123,123,0006,Bridge No. 2117-160,0110,506006P,,REINFORCED ELASTOMERIC BEARING ASSEMBLY,24,U,"IEW CONSTRUCTION GROUP, INC.","$2,686.46","$64,475.04"
18123,123,0006,Bridge No. 2117-160,0111,506012P,,SHEAR CONNECTOR,"3,772",U,"RITACCO CONSTRUCTION, INC.",$6.00,"$22,632.00"
18123,123,0006,Bridge No. 2117-160,0111,506012P,,SHEAR CONNECTOR,"3,772",U,"MARBRO, INC.",$8.00,"$30,176.00"
18123,123,0006,Bridge No. 2117-160,0111,506012P,,SHEAR CONNECTOR,"3,772",U,"IEW CONSTRUCTION GROUP, INC.",$6.20,"$23,386.40"
18123,123,0006,Bridge No. 2117-160,0112,507015P,,STRIP SEAL EXPANSION JOINT ASSEMBLY,110,LF,"RITACCO CONSTRUCTION, INC.",$500.00,"$55,000.00"
18123,123,0006,Bridge No. 2117-160,0112,507015P,,STRIP SEAL EXPANSION JOINT ASSEMBLY,110,LF,"MARBRO, INC.",$380.00,"$41,800.00"
18123,123,0006,Bridge No. 2117-160,0112,507015P,,STRIP SEAL EXPANSION JOINT ASSEMBLY,110,LF,"IEW CONSTRUCTION GROUP, INC.",$508.85,"$55,973.50"
18123,123,0006,Bridge No. 2117-160,0113,507024P,,"CONCRETE BRIDGE DECK, HPC",245,CY,"RITACCO CONSTRUCTION, INC.","$1,000.00","$245,000.00"
18123,123,0006,Bridge No. 2117-160,0113,507024P,,"CONCRETE BRIDGE DECK, HPC",245,CY,"MARBRO, INC.","$1,550.00","$379,750.00"
18123,123,0006,Bridge No. 2117-160,0113,507024P,,"CONCRETE BRIDGE DECK, HPC",245,CY,"IEW CONSTRUCTION GROUP, INC.","$1,629.01","$399,107.45"
18123,123,0006,Bridge No. 2117-160,0114,507039P,,"CONCRETE BRIDGE PARAPET, HPC",334,LF,"RITACCO CONSTRUCTION, INC.",$325.00,"$108,550.00"
18123,123,0006,Bridge No. 2117-160,0114,507039P,,"CONCRETE BRIDGE PARAPET, HPC",334,LF,"MARBRO, INC.",$325.00,"$108,550.00"
18123,123,0006,Bridge No. 2117-160,0114,507039P,,"CONCRETE BRIDGE PARAPET, HPC",334,LF,"IEW CONSTRUCTION GROUP, INC.",$291.77,"$97,451.18"
18123,123,0006,Bridge No. 2117-160,0115,552003M,,"PRESSURE INJECTION, CONCRETE CRACKS",60,LF,"RITACCO CONSTRUCTION, INC.",$150.00,"$9,000.00"
18123,123,0006,Bridge No. 2117-160,0115,552003M,,"PRESSURE INJECTION, CONCRETE CRACKS",60,LF,"MARBRO, INC.",$25.00,"$1,500.00"
18123,123,0006,Bridge No. 2117-160,0115,552003M,,"PRESSURE INJECTION, CONCRETE CRACKS",60,LF,"IEW CONSTRUCTION GROUP, INC.",$189.71,"$11,382.60"
18123,123,0006,Bridge No. 2117-160,0116,553003M,,PNEUMATICALLY APPLIED MORTAR,110,SF,"RITACCO CONSTRUCTION, INC.",$200.00,"$22,000.00"
18123,123,0006,Bridge No. 2117-160,0116,553003M,,PNEUMATICALLY APPLIED MORTAR,110,SF,"MARBRO, INC.",$96.00,"$10,560.00"
18123,123,0006,Bridge No. 2117-160,0116,553003M,,PNEUMATICALLY APPLIED MORTAR,110,SF,"IEW CONSTRUCTION GROUP, INC.",$439.45,"$48,339.50"
18123,123,0006,Bridge No. 2117-160,0117,701021P,,"3"" RIGID METALLIC CONDUIT",708,LF,"RITACCO CONSTRUCTION, INC.",$30.00,"$21,240.00"
18123,123,0006,Bridge No. 2117-160,0117,701021P,,"3"" RIGID METALLIC CONDUIT",708,LF,"MARBRO, INC.",$47.50,"$33,630.00"
18123,123,0006,Bridge No. 2117-160,0117,701021P,,"3"" RIGID METALLIC CONDUIT",708,LF,"IEW CONSTRUCTION GROUP, INC.",$35.06,"$24,822.48"
18123,123,0006,Bridge No. 2117-160,0118,701120M,,JUNCTION BOX FRAME AND COVER,2,U,"RITACCO CONSTRUCTION, INC.","$1,200.00","$2,400.00"
18123,123,0006,Bridge No. 2117-160,0118,701120M,,JUNCTION BOX FRAME AND COVER,2,U,"MARBRO, INC.","$1,350.00","$2,700.00"
18123,123,0006,Bridge No. 2117-160,0118,701120M,,JUNCTION BOX FRAME AND COVER,2,U,"IEW CONSTRUCTION GROUP, INC.","$1,488.86","$2,977.72"