Proposal,Call Order,Section Number,Section Description,Line,Item,Alternate Code,Item Description,Quantity,Unit,Vendor Name,Unit Price,Extension
18145,145,0004,NON-PARTICIPATING (ROADWAY),0001,151006M,,PERFORMANCE BOND AND PAYMENT BOND,1,DOLL,"RITACCO CONSTRUCTION, INC.","$25,000.00","$25,000.00"
18145,145,0004,NON-PARTICIPATING (ROADWAY),0001,151006M,,PERFORMANCE BOND AND PAYMENT BOND,1,DOLL,"SPARWICK CONTRACTING, INC.","$34,000.00","$34,000.00"
18145,145,0004,NON-PARTICIPATING (ROADWAY),0001,151006M,,PERFORMANCE BOND AND PAYMENT BOND,1,DOLL,"ANSELMI & DECICCO, INC.","$30,000.00","$30,000.00"
18145,145,0004,NON-PARTICIPATING (ROADWAY),0001,151006M,,PERFORMANCE BOND AND PAYMENT BOND,1,DOLL,"IEW CONSTRUCTION GROUP, INC.","$31,353.30","$31,353.30"
18145,145,0004,NON-PARTICIPATING (ROADWAY),0001,151006M,,PERFORMANCE BOND AND PAYMENT BOND,1,DOLL,"MARBRO, INC.","$37,000.00","$37,000.00"
18145,145,0004,NON-PARTICIPATING (ROADWAY),0002,152004P,,OWNER'S AND CONTRACTOR'S PROTECTIVE LIABILITY INSURANCE,1,DOLL,"RITACCO CONSTRUCTION, INC.","$9,000.00","$9,000.00"
18145,145,0004,NON-PARTICIPATING (ROADWAY),0002,152004P,,OWNER'S AND CONTRACTOR'S PROTECTIVE LIABILITY INSURANCE,1,DOLL,"SPARWICK CONTRACTING, INC.","$5,500.00","$5,500.00"
18145,145,0004,NON-PARTICIPATING (ROADWAY),0002,152004P,,OWNER'S AND CONTRACTOR'S PROTECTIVE LIABILITY INSURANCE,1,DOLL,"ANSELMI & DECICCO, INC.","$10,000.00","$10,000.00"
18145,145,0004,NON-PARTICIPATING (ROADWAY),0002,152004P,,OWNER'S AND CONTRACTOR'S PROTECTIVE LIABILITY INSURANCE,1,DOLL,"IEW CONSTRUCTION GROUP, INC.","$6,982.04","$6,982.04"
18145,145,0004,NON-PARTICIPATING (ROADWAY),0002,152004P,,OWNER'S AND CONTRACTOR'S PROTECTIVE LIABILITY INSURANCE,1,DOLL,"MARBRO, INC.","$15,000.00","$15,000.00"
18145,145,0004,NON-PARTICIPATING (ROADWAY),0003,152015P,,POLLUTION LIABILITY INSURANCE,1,DOLL,"RITACCO CONSTRUCTION, INC.","$18,000.00","$18,000.00"
18145,145,0004,NON-PARTICIPATING (ROADWAY),0003,152015P,,POLLUTION LIABILITY INSURANCE,1,DOLL,"SPARWICK CONTRACTING, INC.","$12,500.00","$12,500.00"
18145,145,0004,NON-PARTICIPATING (ROADWAY),0003,152015P,,POLLUTION LIABILITY INSURANCE,1,DOLL,"ANSELMI & DECICCO, INC.","$10,000.00","$10,000.00"
18145,145,0004,NON-PARTICIPATING (ROADWAY),0003,152015P,,POLLUTION LIABILITY INSURANCE,1,DOLL,"IEW CONSTRUCTION GROUP, INC.","$15,584.92","$15,584.92"
18145,145,0004,NON-PARTICIPATING (ROADWAY),0003,152015P,,POLLUTION LIABILITY INSURANCE,1,DOLL,"MARBRO, INC.",$1.00,$1.00
18145,145,0003,CONSTRUCTION ENGINEERING,0004,153003P,,PROGRESS SCHEDULE,1,LS,"RITACCO CONSTRUCTION, INC.","$2,500.00","$2,500.00"
18145,145,0003,CONSTRUCTION ENGINEERING,0004,153003P,,PROGRESS SCHEDULE,1,LS,"SPARWICK CONTRACTING, INC.","$3,000.00","$3,000.00"
18145,145,0003,CONSTRUCTION ENGINEERING,0004,153003P,,PROGRESS SCHEDULE,1,LS,"ANSELMI & DECICCO, INC.","$10,000.00","$10,000.00"
18145,145,0003,CONSTRUCTION ENGINEERING,0004,153003P,,PROGRESS SCHEDULE,1,LS,"IEW CONSTRUCTION GROUP, INC.","$5,000.00","$5,000.00"
18145,145,0003,CONSTRUCTION ENGINEERING,0004,153003P,,PROGRESS SCHEDULE,1,LS,"MARBRO, INC.","$10,000.00","$10,000.00"
18145,145,0003,CONSTRUCTION ENGINEERING,0005,153005M,,PROGRESS SCHEDULE UPDATE,11,U,"RITACCO CONSTRUCTION, INC.",$250.00,"$2,750.00"
18145,145,0003,CONSTRUCTION ENGINEERING,0005,153005M,,PROGRESS SCHEDULE UPDATE,11,U,"SPARWICK CONTRACTING, INC.",$400.00,"$4,400.00"
18145,145,0003,CONSTRUCTION ENGINEERING,0005,153005M,,PROGRESS SCHEDULE UPDATE,11,U,"ANSELMI & DECICCO, INC.",$400.00,"$4,400.00"
18145,145,0003,CONSTRUCTION ENGINEERING,0005,153005M,,PROGRESS SCHEDULE UPDATE,11,U,"IEW CONSTRUCTION GROUP, INC.",$200.00,"$2,200.00"
18145,145,0003,CONSTRUCTION ENGINEERING,0005,153005M,,PROGRESS SCHEDULE UPDATE,11,U,"MARBRO, INC.",$650.00,"$7,150.00"
18145,145,0003,CONSTRUCTION ENGINEERING,0006,154003P,,MOBILIZATION,1,LS,"RITACCO CONSTRUCTION, INC.","$484,800.00","$484,800.00"
18145,145,0003,CONSTRUCTION ENGINEERING,0006,154003P,,MOBILIZATION,1,LS,"SPARWICK CONTRACTING, INC.","$540,000.00","$540,000.00"
18145,145,0003,CONSTRUCTION ENGINEERING,0006,154003P,,MOBILIZATION,1,LS,"ANSELMI & DECICCO, INC.","$550,000.00","$550,000.00"
18145,145,0003,CONSTRUCTION ENGINEERING,0006,154003P,,MOBILIZATION,1,LS,"IEW CONSTRUCTION GROUP, INC.","$455,000.00","$455,000.00"
18145,145,0003,CONSTRUCTION ENGINEERING,0006,154003P,,MOBILIZATION,1,LS,"MARBRO, INC.","$658,998.92","$658,998.92"
18145,145,0003,CONSTRUCTION ENGINEERING,0007,155009M,,FIELD OFFICE TYPE C SET UP,1,U,"RITACCO CONSTRUCTION, INC.","$8,000.00","$8,000.00"
18145,145,0003,CONSTRUCTION ENGINEERING,0007,155009M,,FIELD OFFICE TYPE C SET UP,1,U,"SPARWICK CONTRACTING, INC.","$20,000.00","$20,000.00"
18145,145,0003,CONSTRUCTION ENGINEERING,0007,155009M,,FIELD OFFICE TYPE C SET UP,1,U,"ANSELMI & DECICCO, INC.","$50,000.00","$50,000.00"
18145,145,0003,CONSTRUCTION ENGINEERING,0007,155009M,,FIELD OFFICE TYPE C SET UP,1,U,"IEW CONSTRUCTION GROUP, INC.","$33,233.43","$33,233.43"
18145,145,0003,CONSTRUCTION ENGINEERING,0007,155009M,,FIELD OFFICE TYPE C SET UP,1,U,"MARBRO, INC.","$70,000.00","$70,000.00"
18145,145,0003,CONSTRUCTION ENGINEERING,0008,155027M,,FIELD OFFICE TYPE C MAINTENANCE,19,MO,"RITACCO CONSTRUCTION, INC.","$2,000.00","$38,000.00"
18145,145,0003,CONSTRUCTION ENGINEERING,0008,155027M,,FIELD OFFICE TYPE C MAINTENANCE,19,MO,"SPARWICK CONTRACTING, INC.","$1,500.00","$28,500.00"
18145,145,0003,CONSTRUCTION ENGINEERING,0008,155027M,,FIELD OFFICE TYPE C MAINTENANCE,19,MO,"ANSELMI & DECICCO, INC.","$3,000.00","$57,000.00"
18145,145,0003,CONSTRUCTION ENGINEERING,0008,155027M,,FIELD OFFICE TYPE C MAINTENANCE,19,MO,"IEW CONSTRUCTION GROUP, INC.","$3,039.21","$57,744.99"
18145,145,0003,CONSTRUCTION ENGINEERING,0008,155027M,,FIELD OFFICE TYPE C MAINTENANCE,19,MO,"MARBRO, INC.","$3,000.00","$57,000.00"
18145,145,0003,CONSTRUCTION ENGINEERING,0009,156003M,,MATERIALS FIELD LABORATORY SET-UP,1,U,"RITACCO CONSTRUCTION, INC.","$16,000.00","$16,000.00"
18145,145,0003,CONSTRUCTION ENGINEERING,0009,156003M,,MATERIALS FIELD LABORATORY SET-UP,1,U,"SPARWICK CONTRACTING, INC.","$4,000.00","$4,000.00"
18145,145,0003,CONSTRUCTION ENGINEERING,0009,156003M,,MATERIALS FIELD LABORATORY SET-UP,1,U,"ANSELMI & DECICCO, INC.","$5,000.00","$5,000.00"
18145,145,0003,CONSTRUCTION ENGINEERING,0009,156003M,,MATERIALS FIELD LABORATORY SET-UP,1,U,"IEW CONSTRUCTION GROUP, INC.","$38,767.85","$38,767.85"
18145,145,0003,CONSTRUCTION ENGINEERING,0009,156003M,,MATERIALS FIELD LABORATORY SET-UP,1,U,"MARBRO, INC.","$30,000.00","$30,000.00"
18145,145,0003,CONSTRUCTION ENGINEERING,0010,156006M,,MATERIALS FIELD LABORATORY MAINTENANCE,13,MO,"RITACCO CONSTRUCTION, INC.","$2,000.00","$26,000.00"
18145,145,0003,CONSTRUCTION ENGINEERING,0010,156006M,,MATERIALS FIELD LABORATORY MAINTENANCE,13,MO,"SPARWICK CONTRACTING, INC.",$500.00,"$6,500.00"
18145,145,0003,CONSTRUCTION ENGINEERING,0010,156006M,,MATERIALS FIELD LABORATORY MAINTENANCE,13,MO,"ANSELMI & DECICCO, INC.",$500.00,"$6,500.00"
18145,145,0003,CONSTRUCTION ENGINEERING,0010,156006M,,MATERIALS FIELD LABORATORY MAINTENANCE,13,MO,"IEW CONSTRUCTION GROUP, INC.","$2,796.55","$36,355.15"
18145,145,0003,CONSTRUCTION ENGINEERING,0010,156006M,,MATERIALS FIELD LABORATORY MAINTENANCE,13,MO,"MARBRO, INC.","$2,000.00","$26,000.00"
18145,145,0003,CONSTRUCTION ENGINEERING,0011,157004M,,CONSTRUCTION LAYOUT,1,DOLL,"RITACCO CONSTRUCTION, INC.","$70,000.00","$70,000.00"
18145,145,0003,CONSTRUCTION ENGINEERING,0011,157004M,,CONSTRUCTION LAYOUT,1,DOLL,"SPARWICK CONTRACTING, INC.","$20,000.00","$20,000.00"
18145,145,0003,CONSTRUCTION ENGINEERING,0011,157004M,,CONSTRUCTION LAYOUT,1,DOLL,"ANSELMI & DECICCO, INC.","$60,436.44","$60,436.44"
18145,145,0003,CONSTRUCTION ENGINEERING,0011,157004M,,CONSTRUCTION LAYOUT,1,DOLL,"IEW CONSTRUCTION GROUP, INC.","$63,896.78","$63,896.78"
18145,145,0003,CONSTRUCTION ENGINEERING,0011,157004M,,CONSTRUCTION LAYOUT,1,DOLL,"MARBRO, INC.","$75,000.00","$75,000.00"
18145,145,0001,ROADWAY,0012,157006M,,MONUMENT,1,U,"RITACCO CONSTRUCTION, INC.",$500.00,$500.00
18145,145,0001,ROADWAY,0012,157006M,,MONUMENT,1,U,"SPARWICK CONTRACTING, INC.",$750.00,$750.00
18145,145,0001,ROADWAY,0012,157006M,,MONUMENT,1,U,"ANSELMI & DECICCO, INC.","$1,000.00","$1,000.00"
18145,145,0001,ROADWAY,0012,157006M,,MONUMENT,1,U,"IEW CONSTRUCTION GROUP, INC.","$1,719.12","$1,719.12"
18145,145,0001,ROADWAY,0012,157006M,,MONUMENT,1,U,"MARBRO, INC.","$1,500.00","$1,500.00"
18145,145,0005,EROSION CONTROL,0013,158009M,,"HEAVY DUTY SILT FENCE, ORANGE","1,936",LF,"RITACCO CONSTRUCTION, INC.",$5.00,"$9,680.00"
18145,145,0005,EROSION CONTROL,0013,158009M,,"HEAVY DUTY SILT FENCE, ORANGE","1,936",LF,"SPARWICK CONTRACTING, INC.",$4.00,"$7,744.00"
18145,145,0005,EROSION CONTROL,0013,158009M,,"HEAVY DUTY SILT FENCE, ORANGE","1,936",LF,"ANSELMI & DECICCO, INC.",$5.00,"$9,680.00"
18145,145,0005,EROSION CONTROL,0013,158009M,,"HEAVY DUTY SILT FENCE, ORANGE","1,936",LF,"IEW CONSTRUCTION GROUP, INC.",$12.08,"$23,386.88"
18145,145,0005,EROSION CONTROL,0013,158009M,,"HEAVY DUTY SILT FENCE, ORANGE","1,936",LF,"MARBRO, INC.",$9.00,"$17,424.00"
18145,145,0005,EROSION CONTROL,0014,158030M,,"INLET FILTER TYPE 2, 2' X 4'",2,U,"RITACCO CONSTRUCTION, INC.",$200.00,$400.00
18145,145,0005,EROSION CONTROL,0014,158030M,,"INLET FILTER TYPE 2, 2' X 4'",2,U,"SPARWICK CONTRACTING, INC.",$115.00,$230.00
18145,145,0005,EROSION CONTROL,0014,158030M,,"INLET FILTER TYPE 2, 2' X 4'",2,U,"ANSELMI & DECICCO, INC.",$200.00,$400.00
18145,145,0005,EROSION CONTROL,0014,158030M,,"INLET FILTER TYPE 2, 2' X 4'",2,U,"IEW CONSTRUCTION GROUP, INC.",$341.29,$682.58
18145,145,0005,EROSION CONTROL,0014,158030M,,"INLET FILTER TYPE 2, 2' X 4'",2,U,"MARBRO, INC.",$175.00,$350.00
18145,145,0005,EROSION CONTROL,0015,158048M,,"FLOATING TURBIDITY BARRIER, TYPE 3",200,LF,"RITACCO CONSTRUCTION, INC.",$15.00,"$3,000.00"
18145,145,0005,EROSION CONTROL,0015,158048M,,"FLOATING TURBIDITY BARRIER, TYPE 3",200,LF,"SPARWICK CONTRACTING, INC.",$15.00,"$3,000.00"
18145,145,0005,EROSION CONTROL,0015,158048M,,"FLOATING TURBIDITY BARRIER, TYPE 3",200,LF,"ANSELMI & DECICCO, INC.",$10.00,"$2,000.00"
18145,145,0005,EROSION CONTROL,0015,158048M,,"FLOATING TURBIDITY BARRIER, TYPE 3",200,LF,"IEW CONSTRUCTION GROUP, INC.",$69.43,"$13,886.00"
18145,145,0005,EROSION CONTROL,0015,158048M,,"FLOATING TURBIDITY BARRIER, TYPE 3",200,LF,"MARBRO, INC.",$30.00,"$6,000.00"
18145,145,0005,EROSION CONTROL,0016,158060M,,CONSTRUCTION DRIVEWAY,50,T,"RITACCO CONSTRUCTION, INC.",$20.00,"$1,000.00"
18145,145,0005,EROSION CONTROL,0016,158060M,,CONSTRUCTION DRIVEWAY,50,T,"SPARWICK CONTRACTING, INC.",$50.00,"$2,500.00"
18145,145,0005,EROSION CONTROL,0016,158060M,,CONSTRUCTION DRIVEWAY,50,T,"ANSELMI & DECICCO, INC.",$40.00,"$2,000.00"
18145,145,0005,EROSION CONTROL,0016,158060M,,CONSTRUCTION DRIVEWAY,50,T,"IEW CONSTRUCTION GROUP, INC.",$77.64,"$3,882.00"
18145,145,0005,EROSION CONTROL,0016,158060M,,CONSTRUCTION DRIVEWAY,50,T,"MARBRO, INC.",$60.00,"$3,000.00"
18145,145,0005,EROSION CONTROL,0017,158063P,,CONCRETE WASHOUT SYSTEM,1,LS,"RITACCO CONSTRUCTION, INC.","$3,500.00","$3,500.00"
18145,145,0005,EROSION CONTROL,0017,158063P,,CONCRETE WASHOUT SYSTEM,1,LS,"SPARWICK CONTRACTING, INC.","$3,500.00","$3,500.00"
18145,145,0005,EROSION CONTROL,0017,158063P,,CONCRETE WASHOUT SYSTEM,1,LS,"ANSELMI & DECICCO, INC.","$8,000.00","$8,000.00"
18145,145,0005,EROSION CONTROL,0017,158063P,,CONCRETE WASHOUT SYSTEM,1,LS,"IEW CONSTRUCTION GROUP, INC.","$6,233.97","$6,233.97"
18145,145,0005,EROSION CONTROL,0017,158063P,,CONCRETE WASHOUT SYSTEM,1,LS,"MARBRO, INC.","$5,000.00","$5,000.00"
18145,145,0005,EROSION CONTROL,0018,158072M,,"OIL ONLY EMERGENCY SPILL KIT, TYPE 1",2,U,"RITACCO CONSTRUCTION, INC.",$500.00,"$1,000.00"
18145,145,0005,EROSION CONTROL,0018,158072M,,"OIL ONLY EMERGENCY SPILL KIT, TYPE 1",2,U,"SPARWICK CONTRACTING, INC.",$300.00,$600.00
18145,145,0005,EROSION CONTROL,0018,158072M,,"OIL ONLY EMERGENCY SPILL KIT, TYPE 1",2,U,"ANSELMI & DECICCO, INC.",$800.00,"$1,600.00"
18145,145,0005,EROSION CONTROL,0018,158072M,,"OIL ONLY EMERGENCY SPILL KIT, TYPE 1",2,U,"IEW CONSTRUCTION GROUP, INC.","$1,246.80","$2,493.60"
18145,145,0005,EROSION CONTROL,0018,158072M,,"OIL ONLY EMERGENCY SPILL KIT, TYPE 1",2,U,"MARBRO, INC.","$1,200.00","$2,400.00"
18145,145,0005,EROSION CONTROL,0019,158084M,,EROSION CONTROL SEDIMENT REMOVAL,175,CY,"RITACCO CONSTRUCTION, INC.",$1.00,$175.00
18145,145,0005,EROSION CONTROL,0019,158084M,,EROSION CONTROL SEDIMENT REMOVAL,175,CY,"SPARWICK CONTRACTING, INC.",$10.00,"$1,750.00"
18145,145,0005,EROSION CONTROL,0019,158084M,,EROSION CONTROL SEDIMENT REMOVAL,175,CY,"ANSELMI & DECICCO, INC.",$1.00,$175.00
18145,145,0005,EROSION CONTROL,0019,158084M,,EROSION CONTROL SEDIMENT REMOVAL,175,CY,"IEW CONSTRUCTION GROUP, INC.",$25.23,"$4,415.25"
18145,145,0005,EROSION CONTROL,0019,158084M,,EROSION CONTROL SEDIMENT REMOVAL,175,CY,"MARBRO, INC.",$35.00,"$6,125.00"
18145,145,0001,ROADWAY,0020,159003M,,BREAKAWAY BARRICADE,20,U,"RITACCO CONSTRUCTION, INC.",$25.00,$500.00
18145,145,0001,ROADWAY,0020,159003M,,BREAKAWAY BARRICADE,20,U,"SPARWICK CONTRACTING, INC.",$60.00,"$1,200.00"
18145,145,0001,ROADWAY,0020,159003M,,BREAKAWAY BARRICADE,20,U,"ANSELMI & DECICCO, INC.",$125.00,"$2,500.00"
18145,145,0001,ROADWAY,0020,159003M,,BREAKAWAY BARRICADE,20,U,"IEW CONSTRUCTION GROUP, INC.",$114.71,"$2,294.20"
18145,145,0001,ROADWAY,0020,159003M,,BREAKAWAY BARRICADE,20,U,"MARBRO, INC.",$100.00,"$2,000.00"
18145,145,0001,ROADWAY,0021,159006M,,DRUM,50,U,"RITACCO CONSTRUCTION, INC.",$10.00,$500.00
18145,145,0001,ROADWAY,0021,159006M,,DRUM,50,U,"SPARWICK CONTRACTING, INC.",$40.00,"$2,000.00"
18145,145,0001,ROADWAY,0021,159006M,,DRUM,50,U,"ANSELMI & DECICCO, INC.",$50.00,"$2,500.00"
18145,145,0001,ROADWAY,0021,159006M,,DRUM,50,U,"IEW CONSTRUCTION GROUP, INC.",$67.95,"$3,397.50"
18145,145,0001,ROADWAY,0021,159006M,,DRUM,50,U,"MARBRO, INC.",$75.00,"$3,750.00"
18145,145,0001,ROADWAY,0022,159009M,,TRAFFIC CONE,50,U,"RITACCO CONSTRUCTION, INC.",$5.00,$250.00
18145,145,0001,ROADWAY,0022,159009M,,TRAFFIC CONE,50,U,"SPARWICK CONTRACTING, INC.",$20.00,"$1,000.00"
18145,145,0001,ROADWAY,0022,159009M,,TRAFFIC CONE,50,U,"ANSELMI & DECICCO, INC.",$10.00,$500.00
18145,145,0001,ROADWAY,0022,159009M,,TRAFFIC CONE,50,U,"IEW CONSTRUCTION GROUP, INC.",$17.27,$863.50
18145,145,0001,ROADWAY,0022,159009M,,TRAFFIC CONE,50,U,"MARBRO, INC.",$25.00,"$1,250.00"
18145,145,0001,ROADWAY,0023,159012M,,CONSTRUCTION SIGNS,"1,020",SF,"RITACCO CONSTRUCTION, INC.",$15.00,"$15,300.00"
18145,145,0001,ROADWAY,0023,159012M,,CONSTRUCTION SIGNS,"1,020",SF,"SPARWICK CONTRACTING, INC.",$20.00,"$20,400.00"
18145,145,0001,ROADWAY,0023,159012M,,CONSTRUCTION SIGNS,"1,020",SF,"ANSELMI & DECICCO, INC.",$20.00,"$20,400.00"
18145,145,0001,ROADWAY,0023,159012M,,CONSTRUCTION SIGNS,"1,020",SF,"IEW CONSTRUCTION GROUP, INC.",$12.82,"$13,076.40"
18145,145,0001,ROADWAY,0023,159012M,,CONSTRUCTION SIGNS,"1,020",SF,"MARBRO, INC.",$40.00,"$40,800.00"
18145,145,0001,ROADWAY,0024,159015M,,"CONSTRUCTION IDENTIFICATION SIGN, 4' X 8'",2,U,"RITACCO CONSTRUCTION, INC.",$600.00,"$1,200.00"
18145,145,0001,ROADWAY,0024,159015M,,"CONSTRUCTION IDENTIFICATION SIGN, 4' X 8'",2,U,"SPARWICK CONTRACTING, INC.",$800.00,"$1,600.00"
18145,145,0001,ROADWAY,0024,159015M,,"CONSTRUCTION IDENTIFICATION SIGN, 4' X 8'",2,U,"ANSELMI & DECICCO, INC.","$2,000.00","$4,000.00"
18145,145,0001,ROADWAY,0024,159015M,,"CONSTRUCTION IDENTIFICATION SIGN, 4' X 8'",2,U,"IEW CONSTRUCTION GROUP, INC.",$932.18,"$1,864.36"
18145,145,0001,ROADWAY,0024,159015M,,"CONSTRUCTION IDENTIFICATION SIGN, 4' X 8'",2,U,"MARBRO, INC.","$1,000.00","$2,000.00"
18145,145,0001,ROADWAY,0025,159021P,,CONSTRUCTION BARRIER CURB,80,LF,"RITACCO CONSTRUCTION, INC.",$50.00,"$4,000.00"
18145,145,0001,ROADWAY,0025,159021P,,CONSTRUCTION BARRIER CURB,80,LF,"SPARWICK CONTRACTING, INC.",$30.00,"$2,400.00"
18145,145,0001,ROADWAY,0025,159021P,,CONSTRUCTION BARRIER CURB,80,LF,"ANSELMI & DECICCO, INC.",$100.00,"$8,000.00"
18145,145,0001,ROADWAY,0025,159021P,,CONSTRUCTION BARRIER CURB,80,LF,"IEW CONSTRUCTION GROUP, INC.",$45.46,"$3,636.80"
18145,145,0001,ROADWAY,0025,159021P,,CONSTRUCTION BARRIER CURB,80,LF,"MARBRO, INC.",$65.00,"$5,200.00"
18145,145,0001,ROADWAY,0026,159027M,,"FLASHING ARROW BOARD, 4' X 8'",1,U,"RITACCO CONSTRUCTION, INC.",$500.00,$500.00
18145,145,0001,ROADWAY,0026,159027M,,"FLASHING ARROW BOARD, 4' X 8'",1,U,"SPARWICK CONTRACTING, INC.","$3,500.00","$3,500.00"
18145,145,0001,ROADWAY,0026,159027M,,"FLASHING ARROW BOARD, 4' X 8'",1,U,"ANSELMI & DECICCO, INC.","$1,000.00","$1,000.00"
18145,145,0001,ROADWAY,0026,159027M,,"FLASHING ARROW BOARD, 4' X 8'",1,U,"IEW CONSTRUCTION GROUP, INC.","$1,870.19","$1,870.19"
18145,145,0001,ROADWAY,0026,159027M,,"FLASHING ARROW BOARD, 4' X 8'",1,U,"MARBRO, INC.","$1,000.00","$1,000.00"
18145,145,0001,ROADWAY,0027,159030M,,PORTABLE VARIABLE MESSAGE SIGN,5,U,"RITACCO CONSTRUCTION, INC.","$1,000.00","$5,000.00"
18145,145,0001,ROADWAY,0027,159030M,,PORTABLE VARIABLE MESSAGE SIGN,5,U,"SPARWICK CONTRACTING, INC.","$10,000.00","$50,000.00"
18145,145,0001,ROADWAY,0027,159030M,,PORTABLE VARIABLE MESSAGE SIGN,5,U,"ANSELMI & DECICCO, INC.","$10,000.00","$50,000.00"
18145,145,0001,ROADWAY,0027,159030M,,PORTABLE VARIABLE MESSAGE SIGN,5,U,"IEW CONSTRUCTION GROUP, INC.","$6,233.97","$31,169.85"
18145,145,0001,ROADWAY,0027,159030M,,PORTABLE VARIABLE MESSAGE SIGN,5,U,"MARBRO, INC.","$14,000.00","$70,000.00"
18145,145,0001,ROADWAY,0028,159108M,,TRAFFIC CONTROL TRUCK WITH MOUNTED CRASH CUSHION,1,U,"RITACCO CONSTRUCTION, INC.","$1,500.00","$1,500.00"
18145,145,0001,ROADWAY,0028,159108M,,TRAFFIC CONTROL TRUCK WITH MOUNTED CRASH CUSHION,1,U,"SPARWICK CONTRACTING, INC.","$15,000.00","$15,000.00"
18145,145,0001,ROADWAY,0028,159108M,,TRAFFIC CONTROL TRUCK WITH MOUNTED CRASH CUSHION,1,U,"ANSELMI & DECICCO, INC.","$1,000.00","$1,000.00"
18145,145,0001,ROADWAY,0028,159108M,,TRAFFIC CONTROL TRUCK WITH MOUNTED CRASH CUSHION,1,U,"IEW CONSTRUCTION GROUP, INC.","$18,701.91","$18,701.91"
18145,145,0001,ROADWAY,0028,159108M,,TRAFFIC CONTROL TRUCK WITH MOUNTED CRASH CUSHION,1,U,"MARBRO, INC.","$7,500.00","$7,500.00"
18145,145,0001,ROADWAY,0029,160004M,,FUEL PRICE ADJUSTMENT,1,DOLL,"RITACCO CONSTRUCTION, INC.",$800.00,$800.00
18145,145,0001,ROADWAY,0029,160004M,,FUEL PRICE ADJUSTMENT,1,DOLL,"SPARWICK CONTRACTING, INC.",$800.00,$800.00
18145,145,0001,ROADWAY,0029,160004M,,FUEL PRICE ADJUSTMENT,1,DOLL,"ANSELMI & DECICCO, INC.",$800.00,$800.00
18145,145,0001,ROADWAY,0029,160004M,,FUEL PRICE ADJUSTMENT,1,DOLL,"IEW CONSTRUCTION GROUP, INC.",$800.00,$800.00
18145,145,0001,ROADWAY,0029,160004M,,FUEL PRICE ADJUSTMENT,1,DOLL,"MARBRO, INC.",$800.00,$800.00
18145,145,0001,ROADWAY,0030,160007M,,ASPHALT PRICE ADJUSTMENT,1,DOLL,"RITACCO CONSTRUCTION, INC.","$1,700.00","$1,700.00"
18145,145,0001,ROADWAY,0030,160007M,,ASPHALT PRICE ADJUSTMENT,1,DOLL,"SPARWICK CONTRACTING, INC.","$1,700.00","$1,700.00"
18145,145,0001,ROADWAY,0030,160007M,,ASPHALT PRICE ADJUSTMENT,1,DOLL,"ANSELMI & DECICCO, INC.","$1,700.00","$1,700.00"
18145,145,0001,ROADWAY,0030,160007M,,ASPHALT PRICE ADJUSTMENT,1,DOLL,"IEW CONSTRUCTION GROUP, INC.","$1,700.00","$1,700.00"
18145,145,0001,ROADWAY,0030,160007M,,ASPHALT PRICE ADJUSTMENT,1,DOLL,"MARBRO, INC.","$1,700.00","$1,700.00"
18145,145,0001,ROADWAY,0031,161003P,,FINAL CLEANUP,1,LS,"RITACCO CONSTRUCTION, INC.","$6,000.00","$6,000.00"
18145,145,0001,ROADWAY,0031,161003P,,FINAL CLEANUP,1,LS,"SPARWICK CONTRACTING, INC.","$6,000.00","$6,000.00"
18145,145,0001,ROADWAY,0031,161003P,,FINAL CLEANUP,1,LS,"ANSELMI & DECICCO, INC.","$5,000.00","$5,000.00"
18145,145,0001,ROADWAY,0031,161003P,,FINAL CLEANUP,1,LS,"IEW CONSTRUCTION GROUP, INC.","$8,806.30","$8,806.30"
18145,145,0001,ROADWAY,0031,161003P,,FINAL CLEANUP,1,LS,"MARBRO, INC.","$7,500.00","$7,500.00"
18145,145,0001,ROADWAY,0032,162005P,,VIBRATION MONITORING,1,LS,"RITACCO CONSTRUCTION, INC.","$30,000.00","$30,000.00"
18145,145,0001,ROADWAY,0032,162005P,,VIBRATION MONITORING,1,LS,"SPARWICK CONTRACTING, INC.","$28,000.00","$28,000.00"
18145,145,0001,ROADWAY,0032,162005P,,VIBRATION MONITORING,1,LS,"ANSELMI & DECICCO, INC.","$10,000.00","$10,000.00"
18145,145,0001,ROADWAY,0032,162005P,,VIBRATION MONITORING,1,LS,"IEW CONSTRUCTION GROUP, INC.","$179,503.33","$179,503.33"
18145,145,0001,ROADWAY,0032,162005P,,VIBRATION MONITORING,1,LS,"MARBRO, INC.","$60,000.00","$60,000.00"
18145,145,0001,ROADWAY,0033,201003P,,CLEARING SITE,1,LS,"RITACCO CONSTRUCTION, INC.","$115,000.00","$115,000.00"
18145,145,0001,ROADWAY,0033,201003P,,CLEARING SITE,1,LS,"SPARWICK CONTRACTING, INC.","$115,000.00","$115,000.00"
18145,145,0001,ROADWAY,0033,201003P,,CLEARING SITE,1,LS,"ANSELMI & DECICCO, INC.","$115,000.00","$115,000.00"
18145,145,0001,ROADWAY,0033,201003P,,CLEARING SITE,1,LS,"IEW CONSTRUCTION GROUP, INC.","$25,000.00","$25,000.00"
18145,145,0001,ROADWAY,0033,201003P,,CLEARING SITE,1,LS,"MARBRO, INC.","$115,000.00","$115,000.00"
18145,145,0001,ROADWAY,0034,202003P,,STRIPPING,1,ACRE,"RITACCO CONSTRUCTION, INC.","$2,500.00","$2,500.00"
18145,145,0001,ROADWAY,0034,202003P,,STRIPPING,1,ACRE,"SPARWICK CONTRACTING, INC.","$2,500.00","$2,500.00"
18145,145,0001,ROADWAY,0034,202003P,,STRIPPING,1,ACRE,"ANSELMI & DECICCO, INC.","$1,000.00","$1,000.00"
18145,145,0001,ROADWAY,0034,202003P,,STRIPPING,1,ACRE,"IEW CONSTRUCTION GROUP, INC.","$10,606.59","$10,606.59"
18145,145,0001,ROADWAY,0034,202003P,,STRIPPING,1,ACRE,"MARBRO, INC.","$5,000.00","$5,000.00"
18145,145,0001,ROADWAY,0035,202006M,,"EXCAVATION, TEST PIT",14,CY,"RITACCO CONSTRUCTION, INC.",$100.00,"$1,400.00"
18145,145,0001,ROADWAY,0035,202006M,,"EXCAVATION, TEST PIT",14,CY,"SPARWICK CONTRACTING, INC.",$115.00,"$1,610.00"
18145,145,0001,ROADWAY,0035,202006M,,"EXCAVATION, TEST PIT",14,CY,"ANSELMI & DECICCO, INC.","$1,000.00","$14,000.00"
18145,145,0001,ROADWAY,0035,202006M,,"EXCAVATION, TEST PIT",14,CY,"IEW CONSTRUCTION GROUP, INC.",$617.14,"$8,639.96"
18145,145,0001,ROADWAY,0035,202006M,,"EXCAVATION, TEST PIT",14,CY,"MARBRO, INC.",$175.00,"$2,450.00"
18145,145,0001,ROADWAY,0036,202009P,,"EXCAVATION, UNCLASSIFIED","1,161",CY,"RITACCO CONSTRUCTION, INC.",$30.00,"$34,830.00"
18145,145,0001,ROADWAY,0036,202009P,,"EXCAVATION, UNCLASSIFIED","1,161",CY,"SPARWICK CONTRACTING, INC.",$35.00,"$40,635.00"
18145,145,0001,ROADWAY,0036,202009P,,"EXCAVATION, UNCLASSIFIED","1,161",CY,"ANSELMI & DECICCO, INC.",$150.00,"$174,150.00"
18145,145,0001,ROADWAY,0036,202009P,,"EXCAVATION, UNCLASSIFIED","1,161",CY,"IEW CONSTRUCTION GROUP, INC.",$99.87,"$115,949.07"
18145,145,0001,ROADWAY,0036,202009P,,"EXCAVATION, UNCLASSIFIED","1,161",CY,"MARBRO, INC.",$40.00,"$46,440.00"
18145,145,0001,ROADWAY,0037,202021P,,REMOVAL OF PAVEMENT,"1,947",SY,"RITACCO CONSTRUCTION, INC.",$20.00,"$38,940.00"
18145,145,0001,ROADWAY,0037,202021P,,REMOVAL OF PAVEMENT,"1,947",SY,"SPARWICK CONTRACTING, INC.",$15.00,"$29,205.00"
18145,145,0001,ROADWAY,0037,202021P,,REMOVAL OF PAVEMENT,"1,947",SY,"ANSELMI & DECICCO, INC.",$35.00,"$68,145.00"
18145,145,0001,ROADWAY,0037,202021P,,REMOVAL OF PAVEMENT,"1,947",SY,"IEW CONSTRUCTION GROUP, INC.",$32.59,"$63,452.73"
18145,145,0001,ROADWAY,0037,202021P,,REMOVAL OF PAVEMENT,"1,947",SY,"MARBRO, INC.",$21.00,"$40,887.00"
18145,145,0001,ROADWAY,0038,203009P,,I-9 SOIL AGGREGATE,500,CY,"RITACCO CONSTRUCTION, INC.",$50.00,"$25,000.00"
18145,145,0001,ROADWAY,0038,203009P,,I-9 SOIL AGGREGATE,500,CY,"SPARWICK CONTRACTING, INC.",$50.00,"$25,000.00"
18145,145,0001,ROADWAY,0038,203009P,,I-9 SOIL AGGREGATE,500,CY,"ANSELMI & DECICCO, INC.",$25.00,"$12,500.00"
18145,145,0001,ROADWAY,0038,203009P,,I-9 SOIL AGGREGATE,500,CY,"IEW CONSTRUCTION GROUP, INC.",$78.67,"$39,335.00"
18145,145,0001,ROADWAY,0038,203009P,,I-9 SOIL AGGREGATE,500,CY,"MARBRO, INC.",$60.00,"$30,000.00"
18145,145,0001,ROADWAY,0039,999999P,,NO ITEM,1,U,"RITACCO CONSTRUCTION, INC.",$0.00,$0.00
18145,145,0001,ROADWAY,0039,999999P,,NO ITEM,1,U,"SPARWICK CONTRACTING, INC.",$0.00,$0.00
18145,145,0001,ROADWAY,0039,999999P,,NO ITEM,1,U,"ANSELMI & DECICCO, INC.",$0.00,$0.00
18145,145,0001,ROADWAY,0039,999999P,,NO ITEM,1,U,"IEW CONSTRUCTION GROUP, INC.",$0.00,$0.00
18145,145,0001,ROADWAY,0039,999999P,,NO ITEM,1,U,"MARBRO, INC.",$0.00,$0.00
18145,145,0001,ROADWAY,0040,203043P,,GEOGRID REINFORCEMENT,"4,425",SY,"RITACCO CONSTRUCTION, INC.",$6.00,"$26,550.00"
18145,145,0001,ROADWAY,0040,203043P,,GEOGRID REINFORCEMENT,"4,425",SY,"SPARWICK CONTRACTING, INC.",$10.00,"$44,250.00"
18145,145,0001,ROADWAY,0040,203043P,,GEOGRID REINFORCEMENT,"4,425",SY,"ANSELMI & DECICCO, INC.",$5.00,"$22,125.00"
18145,145,0001,ROADWAY,0040,203043P,,GEOGRID REINFORCEMENT,"4,425",SY,"IEW CONSTRUCTION GROUP, INC.",$17.35,"$76,773.75"
18145,145,0001,ROADWAY,0040,203043P,,GEOGRID REINFORCEMENT,"4,425",SY,"MARBRO, INC.",$24.03,"$106,332.75"
18145,145,0001,ROADWAY,0041,301006P,,SUBBASE,490,CY,"RITACCO CONSTRUCTION, INC.",$50.00,"$24,500.00"
18145,145,0001,ROADWAY,0041,301006P,,SUBBASE,490,CY,"SPARWICK CONTRACTING, INC.",$45.00,"$22,050.00"
18145,145,0001,ROADWAY,0041,301006P,,SUBBASE,490,CY,"ANSELMI & DECICCO, INC.",$75.00,"$36,750.00"
18145,145,0001,ROADWAY,0041,301006P,,SUBBASE,490,CY,"IEW CONSTRUCTION GROUP, INC.",$61.18,"$29,978.20"
18145,145,0001,ROADWAY,0041,301006P,,SUBBASE,490,CY,"MARBRO, INC.",$65.00,"$31,850.00"
18145,145,0001,ROADWAY,0042,302036P,,"DENSE-GRADED AGGREGATE BASE COURSE, 6"" THICK","1,550",SY,"RITACCO CONSTRUCTION, INC.",$15.00,"$23,250.00"
18145,145,0001,ROADWAY,0042,302036P,,"DENSE-GRADED AGGREGATE BASE COURSE, 6"" THICK","1,550",SY,"SPARWICK CONTRACTING, INC.",$8.00,"$12,400.00"
18145,145,0001,ROADWAY,0042,302036P,,"DENSE-GRADED AGGREGATE BASE COURSE, 6"" THICK","1,550",SY,"ANSELMI & DECICCO, INC.",$14.00,"$21,700.00"
18145,145,0001,ROADWAY,0042,302036P,,"DENSE-GRADED AGGREGATE BASE COURSE, 6"" THICK","1,550",SY,"IEW CONSTRUCTION GROUP, INC.",$14.19,"$21,994.50"
18145,145,0001,ROADWAY,0042,302036P,,"DENSE-GRADED AGGREGATE BASE COURSE, 6"" THICK","1,550",SY,"MARBRO, INC.",$14.00,"$21,700.00"
18145,145,0001,ROADWAY,0043,401021M,,HOT MIX ASPHALT PAVEMENT REPAIR,"2,000",SY,"RITACCO CONSTRUCTION, INC.",$0.01,$20.00
18145,145,0001,ROADWAY,0043,401021M,,HOT MIX ASPHALT PAVEMENT REPAIR,"2,000",SY,"SPARWICK CONTRACTING, INC.",$10.00,"$20,000.00"
18145,145,0001,ROADWAY,0043,401021M,,HOT MIX ASPHALT PAVEMENT REPAIR,"2,000",SY,"ANSELMI & DECICCO, INC.",$5.00,"$10,000.00"
18145,145,0001,ROADWAY,0043,401021M,,HOT MIX ASPHALT PAVEMENT REPAIR,"2,000",SY,"IEW CONSTRUCTION GROUP, INC.",$35.00,"$70,000.00"
18145,145,0001,ROADWAY,0043,401021M,,HOT MIX ASPHALT PAVEMENT REPAIR,"2,000",SY,"MARBRO, INC.",$30.00,"$60,000.00"
18145,145,0001,ROADWAY,0044,401027M,,POLYMERIZED JOINT ADHESIVE,775,LF,"RITACCO CONSTRUCTION, INC.",$2.00,"$1,550.00"
18145,145,0001,ROADWAY,0044,401027M,,POLYMERIZED JOINT ADHESIVE,775,LF,"SPARWICK CONTRACTING, INC.",$4.00,"$3,100.00"
18145,145,0001,ROADWAY,0044,401027M,,POLYMERIZED JOINT ADHESIVE,775,LF,"ANSELMI & DECICCO, INC.",$2.50,"$1,937.50"
18145,145,0001,ROADWAY,0044,401027M,,POLYMERIZED JOINT ADHESIVE,775,LF,"IEW CONSTRUCTION GROUP, INC.",$0.01,$7.75
18145,145,0001,ROADWAY,0044,401027M,,POLYMERIZED JOINT ADHESIVE,775,LF,"MARBRO, INC.",$2.00,"$1,550.00"
18145,145,0001,ROADWAY,0045,401030M,,TACK COAT,222,GAL,"RITACCO CONSTRUCTION, INC.",$7.50,"$1,665.00"
18145,145,0001,ROADWAY,0045,401030M,,TACK COAT,222,GAL,"SPARWICK CONTRACTING, INC.",$5.00,"$1,110.00"
18145,145,0001,ROADWAY,0045,401030M,,TACK COAT,222,GAL,"ANSELMI & DECICCO, INC.",$6.00,"$1,332.00"
18145,145,0001,ROADWAY,0045,401030M,,TACK COAT,222,GAL,"IEW CONSTRUCTION GROUP, INC.",$8.74,"$1,940.28"
18145,145,0001,ROADWAY,0045,401030M,,TACK COAT,222,GAL,"MARBRO, INC.",$5.00,"$1,110.00"
18145,145,0001,ROADWAY,0046,401036M,,PRIME COAT,503,GAL,"RITACCO CONSTRUCTION, INC.",$0.01,$5.03
18145,145,0001,ROADWAY,0046,401036M,,PRIME COAT,503,GAL,"SPARWICK CONTRACTING, INC.",$1.00,$503.00
18145,145,0001,ROADWAY,0046,401036M,,PRIME COAT,503,GAL,"ANSELMI & DECICCO, INC.",$0.02,$10.06
18145,145,0001,ROADWAY,0046,401036M,,PRIME COAT,503,GAL,"IEW CONSTRUCTION GROUP, INC.",$0.01,$5.03
18145,145,0001,ROADWAY,0046,401036M,,PRIME COAT,503,GAL,"MARBRO, INC.",$0.01,$5.03
18145,145,0001,ROADWAY,0047,401054M,,HOT MIX ASPHALT 12.5 M 64 SURFACE COURSE,160,T,"RITACCO CONSTRUCTION, INC.",$120.00,"$19,200.00"
18145,145,0001,ROADWAY,0047,401054M,,HOT MIX ASPHALT 12.5 M 64 SURFACE COURSE,160,T,"SPARWICK CONTRACTING, INC.",$130.00,"$20,800.00"
18145,145,0001,ROADWAY,0047,401054M,,HOT MIX ASPHALT 12.5 M 64 SURFACE COURSE,160,T,"ANSELMI & DECICCO, INC.",$140.00,"$22,400.00"
18145,145,0001,ROADWAY,0047,401054M,,HOT MIX ASPHALT 12.5 M 64 SURFACE COURSE,160,T,"IEW CONSTRUCTION GROUP, INC.",$121.18,"$19,388.80"
18145,145,0001,ROADWAY,0047,401054M,,HOT MIX ASPHALT 12.5 M 64 SURFACE COURSE,160,T,"MARBRO, INC.",$150.00,"$24,000.00"
18145,145,0001,ROADWAY,0048,401084M,,HOT MIX ASPHALT 19 M 64 INTERMEDIATE COURSE,248,T,"RITACCO CONSTRUCTION, INC.",$105.00,"$26,040.00"
18145,145,0001,ROADWAY,0048,401084M,,HOT MIX ASPHALT 19 M 64 INTERMEDIATE COURSE,248,T,"SPARWICK CONTRACTING, INC.",$130.00,"$32,240.00"
18145,145,0001,ROADWAY,0048,401084M,,HOT MIX ASPHALT 19 M 64 INTERMEDIATE COURSE,248,T,"ANSELMI & DECICCO, INC.",$140.00,"$34,720.00"
18145,145,0001,ROADWAY,0048,401084M,,HOT MIX ASPHALT 19 M 64 INTERMEDIATE COURSE,248,T,"IEW CONSTRUCTION GROUP, INC.",$118.85,"$29,474.80"
18145,145,0001,ROADWAY,0048,401084M,,HOT MIX ASPHALT 19 M 64 INTERMEDIATE COURSE,248,T,"MARBRO, INC.",$150.00,"$37,200.00"
18145,145,0001,ROADWAY,0049,401099M,,HOT MIX ASPHALT 25 M 64 BASE COURSE,345,T,"RITACCO CONSTRUCTION, INC.",$100.00,"$34,500.00"
18145,145,0001,ROADWAY,0049,401099M,,HOT MIX ASPHALT 25 M 64 BASE COURSE,345,T,"SPARWICK CONTRACTING, INC.",$130.00,"$44,850.00"
18145,145,0001,ROADWAY,0049,401099M,,HOT MIX ASPHALT 25 M 64 BASE COURSE,345,T,"ANSELMI & DECICCO, INC.",$140.00,"$48,300.00"
18145,145,0001,ROADWAY,0049,401099M,,HOT MIX ASPHALT 25 M 64 BASE COURSE,345,T,"IEW CONSTRUCTION GROUP, INC.",$116.52,"$40,199.40"
18145,145,0001,ROADWAY,0049,401099M,,HOT MIX ASPHALT 25 M 64 BASE COURSE,345,T,"MARBRO, INC.",$135.00,"$46,575.00"
18145,145,0001,ROADWAY,0050,401108M,,"CORE SAMPLES, HOT MIX ASPHALT",15,U,"RITACCO CONSTRUCTION, INC.",$150.00,"$2,250.00"
18145,145,0001,ROADWAY,0050,401108M,,"CORE SAMPLES, HOT MIX ASPHALT",15,U,"SPARWICK CONTRACTING, INC.",$250.00,"$3,750.00"
18145,145,0001,ROADWAY,0050,401108M,,"CORE SAMPLES, HOT MIX ASPHALT",15,U,"ANSELMI & DECICCO, INC.",$140.00,"$2,100.00"
18145,145,0001,ROADWAY,0050,401108M,,"CORE SAMPLES, HOT MIX ASPHALT",15,U,"IEW CONSTRUCTION GROUP, INC.",$116.52,"$1,747.80"
18145,145,0001,ROADWAY,0050,401108M,,"CORE SAMPLES, HOT MIX ASPHALT",15,U,"MARBRO, INC.",$250.00,"$3,750.00"
18145,145,0001,ROADWAY,0051,603024P,,"RIPRAP STONE SLOPE PROTECTION, 24"" THICK (D50=12"")",215,SY,"RITACCO CONSTRUCTION, INC.",$70.00,"$15,050.00"
18145,145,0001,ROADWAY,0051,603024P,,"RIPRAP STONE SLOPE PROTECTION, 24"" THICK (D50=12"")",215,SY,"SPARWICK CONTRACTING, INC.",$42.00,"$9,030.00"
18145,145,0001,ROADWAY,0051,603024P,,"RIPRAP STONE SLOPE PROTECTION, 24"" THICK (D50=12"")",215,SY,"ANSELMI & DECICCO, INC.",$150.00,"$32,250.00"
18145,145,0001,ROADWAY,0051,603024P,,"RIPRAP STONE SLOPE PROTECTION, 24"" THICK (D50=12"")",215,SY,"IEW CONSTRUCTION GROUP, INC.",$86.00,"$18,490.00"
18145,145,0001,ROADWAY,0051,603024P,,"RIPRAP STONE SLOPE PROTECTION, 24"" THICK (D50=12"")",215,SY,"MARBRO, INC.",$83.00,"$17,845.00"
18145,145,0005,EROSION CONTROL,0052,603036P,,"RIPRAP STONE CHANNEL PROTECTION, 12"" THICK (D50=6"")",41,SY,"RITACCO CONSTRUCTION, INC.",$50.00,"$2,050.00"
18145,145,0005,EROSION CONTROL,0052,603036P,,"RIPRAP STONE CHANNEL PROTECTION, 12"" THICK (D50=6"")",41,SY,"SPARWICK CONTRACTING, INC.",$20.00,$820.00
18145,145,0005,EROSION CONTROL,0052,603036P,,"RIPRAP STONE CHANNEL PROTECTION, 12"" THICK (D50=6"")",41,SY,"ANSELMI & DECICCO, INC.",$125.00,"$5,125.00"
18145,145,0005,EROSION CONTROL,0052,603036P,,"RIPRAP STONE CHANNEL PROTECTION, 12"" THICK (D50=6"")",41,SY,"IEW CONSTRUCTION GROUP, INC.",$158.00,"$6,478.00"
18145,145,0005,EROSION CONTROL,0052,603036P,,"RIPRAP STONE CHANNEL PROTECTION, 12"" THICK (D50=6"")",41,SY,"MARBRO, INC.",$90.00,"$3,690.00"
18145,145,0001,ROADWAY,0053,607018P,,"9"" X 16"" CONCRETE VERTICAL CURB",68,LF,"RITACCO CONSTRUCTION, INC.",$40.00,"$2,720.00"
18145,145,0001,ROADWAY,0053,607018P,,"9"" X 16"" CONCRETE VERTICAL CURB",68,LF,"SPARWICK CONTRACTING, INC.",$30.00,"$2,040.00"
18145,145,0001,ROADWAY,0053,607018P,,"9"" X 16"" CONCRETE VERTICAL CURB",68,LF,"ANSELMI & DECICCO, INC.",$90.00,"$6,120.00"
18145,145,0001,ROADWAY,0053,607018P,,"9"" X 16"" CONCRETE VERTICAL CURB",68,LF,"IEW CONSTRUCTION GROUP, INC.",$115.36,"$7,844.48"
18145,145,0001,ROADWAY,0053,607018P,,"9"" X 16"" CONCRETE VERTICAL CURB",68,LF,"MARBRO, INC.",$60.00,"$4,080.00"
18145,145,0001,ROADWAY,0054,608003P,,"NONVEGETATIVE SURFACE, HOT MIX ASPHALT",395,SY,"RITACCO CONSTRUCTION, INC.",$35.00,"$13,825.00"
18145,145,0001,ROADWAY,0054,608003P,,"NONVEGETATIVE SURFACE, HOT MIX ASPHALT",395,SY,"SPARWICK CONTRACTING, INC.",$40.00,"$15,800.00"
18145,145,0001,ROADWAY,0054,608003P,,"NONVEGETATIVE SURFACE, HOT MIX ASPHALT",395,SY,"ANSELMI & DECICCO, INC.",$40.00,"$15,800.00"
18145,145,0001,ROADWAY,0054,608003P,,"NONVEGETATIVE SURFACE, HOT MIX ASPHALT",395,SY,"IEW CONSTRUCTION GROUP, INC.",$50.10,"$19,789.50"
18145,145,0001,ROADWAY,0054,608003P,,"NONVEGETATIVE SURFACE, HOT MIX ASPHALT",395,SY,"MARBRO, INC.",$40.00,"$15,800.00"
18145,145,0001,ROADWAY,0055,609003M,,BEAM GUIDE RAIL,"1,250",LF,"RITACCO CONSTRUCTION, INC.",$22.00,"$27,500.00"
18145,145,0001,ROADWAY,0055,609003M,,BEAM GUIDE RAIL,"1,250",LF,"SPARWICK CONTRACTING, INC.",$25.00,"$31,250.00"
18145,145,0001,ROADWAY,0055,609003M,,BEAM GUIDE RAIL,"1,250",LF,"ANSELMI & DECICCO, INC.",$35.00,"$43,750.00"
18145,145,0001,ROADWAY,0055,609003M,,BEAM GUIDE RAIL,"1,250",LF,"IEW CONSTRUCTION GROUP, INC.",$27.97,"$34,962.50"
18145,145,0001,ROADWAY,0055,609003M,,BEAM GUIDE RAIL,"1,250",LF,"MARBRO, INC.",$26.00,"$32,500.00"
18145,145,0001,ROADWAY,0056,609024M,,FLARED GUIDE RAIL TERMINAL,1,U,"RITACCO CONSTRUCTION, INC.","$2,000.00","$2,000.00"
18145,145,0001,ROADWAY,0056,609024M,,FLARED GUIDE RAIL TERMINAL,1,U,"SPARWICK CONTRACTING, INC.","$2,500.00","$2,500.00"
18145,145,0001,ROADWAY,0056,609024M,,FLARED GUIDE RAIL TERMINAL,1,U,"ANSELMI & DECICCO, INC.","$2,500.00","$2,500.00"
18145,145,0001,ROADWAY,0056,609024M,,FLARED GUIDE RAIL TERMINAL,1,U,"IEW CONSTRUCTION GROUP, INC.","$3,146.11","$3,146.11"
18145,145,0001,ROADWAY,0056,609024M,,FLARED GUIDE RAIL TERMINAL,1,U,"MARBRO, INC.","$3,000.00","$3,000.00"
18145,145,0001,ROADWAY,0057,609033M,,CONTROLLED RELEASE TERMINAL,1,U,"RITACCO CONSTRUCTION, INC.",$750.00,$750.00
18145,145,0001,ROADWAY,0057,609033M,,CONTROLLED RELEASE TERMINAL,1,U,"SPARWICK CONTRACTING, INC.","$1,000.00","$1,000.00"
18145,145,0001,ROADWAY,0057,609033M,,CONTROLLED RELEASE TERMINAL,1,U,"ANSELMI & DECICCO, INC.","$2,500.00","$2,500.00"
18145,145,0001,ROADWAY,0057,609033M,,CONTROLLED RELEASE TERMINAL,1,U,"IEW CONSTRUCTION GROUP, INC.","$1,747.84","$1,747.84"
18145,145,0001,ROADWAY,0057,609033M,,CONTROLLED RELEASE TERMINAL,1,U,"MARBRO, INC.","$2,000.00","$2,000.00"
18145,145,0001,ROADWAY,0058,609036M,,CONTROLLED RELEASE TERMINAL ANCHORAGE,1,U,"RITACCO CONSTRUCTION, INC.",$950.00,$950.00
18145,145,0001,ROADWAY,0058,609036M,,CONTROLLED RELEASE TERMINAL ANCHORAGE,1,U,"SPARWICK CONTRACTING, INC.","$1,000.00","$1,000.00"
18145,145,0001,ROADWAY,0058,609036M,,CONTROLLED RELEASE TERMINAL ANCHORAGE,1,U,"ANSELMI & DECICCO, INC.","$2,500.00","$2,500.00"
18145,145,0001,ROADWAY,0058,609036M,,CONTROLLED RELEASE TERMINAL ANCHORAGE,1,U,"IEW CONSTRUCTION GROUP, INC.","$1,747.84","$1,747.84"
18145,145,0001,ROADWAY,0058,609036M,,CONTROLLED RELEASE TERMINAL ANCHORAGE,1,U,"MARBRO, INC.","$2,000.00","$2,000.00"
18145,145,0001,ROADWAY,0059,609039M,,BEAM GUIDE RAIL ANCHORAGE,1,U,"RITACCO CONSTRUCTION, INC.","$1,000.00","$1,000.00"
18145,145,0001,ROADWAY,0059,609039M,,BEAM GUIDE RAIL ANCHORAGE,1,U,"SPARWICK CONTRACTING, INC.","$1,200.00","$1,200.00"
18145,145,0001,ROADWAY,0059,609039M,,BEAM GUIDE RAIL ANCHORAGE,1,U,"ANSELMI & DECICCO, INC.",$900.00,$900.00
18145,145,0001,ROADWAY,0059,609039M,,BEAM GUIDE RAIL ANCHORAGE,1,U,"IEW CONSTRUCTION GROUP, INC.","$1,398.27","$1,398.27"
18145,145,0001,ROADWAY,0059,609039M,,BEAM GUIDE RAIL ANCHORAGE,1,U,"MARBRO, INC.","$1,800.00","$1,800.00"
18145,145,0001,ROADWAY,0060,609051M,,"BEAM GUIDE RAIL POST, 10' LONG",220,U,"RITACCO CONSTRUCTION, INC.",$45.00,"$9,900.00"
18145,145,0001,ROADWAY,0060,609051M,,"BEAM GUIDE RAIL POST, 10' LONG",220,U,"SPARWICK CONTRACTING, INC.",$50.00,"$11,000.00"
18145,145,0001,ROADWAY,0060,609051M,,"BEAM GUIDE RAIL POST, 10' LONG",220,U,"ANSELMI & DECICCO, INC.",$110.00,"$24,200.00"
18145,145,0001,ROADWAY,0060,609051M,,"BEAM GUIDE RAIL POST, 10' LONG",220,U,"IEW CONSTRUCTION GROUP, INC.",$39.62,"$8,716.40"
18145,145,0001,ROADWAY,0060,609051M,,"BEAM GUIDE RAIL POST, 10' LONG",220,U,"MARBRO, INC.",$75.00,"$16,500.00"
18145,145,0001,ROADWAY,0061,609059M,,APPROACH GUIDE RAIL TRANSITION TL-3,4,U,"RITACCO CONSTRUCTION, INC.","$3,000.00","$12,000.00"
18145,145,0001,ROADWAY,0061,609059M,,APPROACH GUIDE RAIL TRANSITION TL-3,4,U,"SPARWICK CONTRACTING, INC.","$3,500.00","$14,000.00"
18145,145,0001,ROADWAY,0061,609059M,,APPROACH GUIDE RAIL TRANSITION TL-3,4,U,"ANSELMI & DECICCO, INC.","$2,500.00","$10,000.00"
18145,145,0001,ROADWAY,0061,609059M,,APPROACH GUIDE RAIL TRANSITION TL-3,4,U,"IEW CONSTRUCTION GROUP, INC.","$4,311.34","$17,245.36"
18145,145,0001,ROADWAY,0061,609059M,,APPROACH GUIDE RAIL TRANSITION TL-3,4,U,"MARBRO, INC.","$4,000.00","$16,000.00"
18145,145,0001,ROADWAY,0062,609075M,,REMOVAL OF BEAM GUIDE RAIL,"1,874",LF,"RITACCO CONSTRUCTION, INC.",$1.00,"$1,874.00"
18145,145,0001,ROADWAY,0062,609075M,,REMOVAL OF BEAM GUIDE RAIL,"1,874",LF,"SPARWICK CONTRACTING, INC.",$5.00,"$9,370.00"
18145,145,0001,ROADWAY,0062,609075M,,REMOVAL OF BEAM GUIDE RAIL,"1,874",LF,"ANSELMI & DECICCO, INC.",$10.00,"$18,740.00"
18145,145,0001,ROADWAY,0062,609075M,,REMOVAL OF BEAM GUIDE RAIL,"1,874",LF,"IEW CONSTRUCTION GROUP, INC.",$3.50,"$6,559.00"
18145,145,0001,ROADWAY,0062,609075M,,REMOVAL OF BEAM GUIDE RAIL,"1,874",LF,"MARBRO, INC.",$3.00,"$5,622.00"
18145,145,0001,ROADWAY,0063,610003M,,"TRAFFIC STRIPES, 4""","2,200",LF,"RITACCO CONSTRUCTION, INC.",$1.00,"$2,200.00"
18145,145,0001,ROADWAY,0063,610003M,,"TRAFFIC STRIPES, 4""","2,200",LF,"SPARWICK CONTRACTING, INC.",$1.25,"$2,750.00"
18145,145,0001,ROADWAY,0063,610003M,,"TRAFFIC STRIPES, 4""","2,200",LF,"ANSELMI & DECICCO, INC.",$1.10,"$2,420.00"
18145,145,0001,ROADWAY,0063,610003M,,"TRAFFIC STRIPES, 4""","2,200",LF,"IEW CONSTRUCTION GROUP, INC.",$1.34,"$2,948.00"
18145,145,0001,ROADWAY,0063,610003M,,"TRAFFIC STRIPES, 4""","2,200",LF,"MARBRO, INC.",$1.25,"$2,750.00"
18145,145,0001,ROADWAY,0064,610017M,,"TRAFFIC MARKING LINES, 24""",12,LF,"RITACCO CONSTRUCTION, INC.",$50.00,$600.00
18145,145,0001,ROADWAY,0064,610017M,,"TRAFFIC MARKING LINES, 24""",12,LF,"SPARWICK CONTRACTING, INC.",$7.00,$84.00
18145,145,0001,ROADWAY,0064,610017M,,"TRAFFIC MARKING LINES, 24""",12,LF,"ANSELMI & DECICCO, INC.",$12.00,$144.00
18145,145,0001,ROADWAY,0064,610017M,,"TRAFFIC MARKING LINES, 24""",12,LF,"IEW CONSTRUCTION GROUP, INC.",$8.04,$96.48
18145,145,0001,ROADWAY,0064,610017M,,"TRAFFIC MARKING LINES, 24""",12,LF,"MARBRO, INC.",$100.00,"$1,200.00"
18145,145,0001,ROADWAY,0065,611312M,,"CRASH CUSHION, COMPRESSIVE BARRIER, TYPE 3, WIDTH NARROW",1,U,"RITACCO CONSTRUCTION, INC.","$30,000.00","$30,000.00"
18145,145,0001,ROADWAY,0065,611312M,,"CRASH CUSHION, COMPRESSIVE BARRIER, TYPE 3, WIDTH NARROW",1,U,"SPARWICK CONTRACTING, INC.","$20,000.00","$20,000.00"
18145,145,0001,ROADWAY,0065,611312M,,"CRASH CUSHION, COMPRESSIVE BARRIER, TYPE 3, WIDTH NARROW",1,U,"ANSELMI & DECICCO, INC.","$10,000.00","$10,000.00"
18145,145,0001,ROADWAY,0065,611312M,,"CRASH CUSHION, COMPRESSIVE BARRIER, TYPE 3, WIDTH NARROW",1,U,"IEW CONSTRUCTION GROUP, INC.","$48,939.56","$48,939.56"
18145,145,0001,ROADWAY,0065,611312M,,"CRASH CUSHION, COMPRESSIVE BARRIER, TYPE 3, WIDTH NARROW",1,U,"MARBRO, INC.","$27,500.00","$27,500.00"
18145,145,0001,ROADWAY,0066,612003P,,REGULATORY AND WARNING SIGN,18,SF,"RITACCO CONSTRUCTION, INC.",$40.00,$720.00
18145,145,0001,ROADWAY,0066,612003P,,REGULATORY AND WARNING SIGN,18,SF,"SPARWICK CONTRACTING, INC.",$40.00,$720.00
18145,145,0001,ROADWAY,0066,612003P,,REGULATORY AND WARNING SIGN,18,SF,"ANSELMI & DECICCO, INC.",$50.00,$900.00
18145,145,0001,ROADWAY,0066,612003P,,REGULATORY AND WARNING SIGN,18,SF,"IEW CONSTRUCTION GROUP, INC.",$40.78,$734.04
18145,145,0001,ROADWAY,0066,612003P,,REGULATORY AND WARNING SIGN,18,SF,"MARBRO, INC.",$35.00,$630.00
18145,145,0004,NON-PARTICIPATING (ROADWAY),0067,801003M,,SELECTIVE THINNING,1,ACRE,"RITACCO CONSTRUCTION, INC.","$2,500.00","$2,500.00"
18145,145,0004,NON-PARTICIPATING (ROADWAY),0067,801003M,,SELECTIVE THINNING,1,ACRE,"SPARWICK CONTRACTING, INC.","$5,000.00","$5,000.00"
18145,145,0004,NON-PARTICIPATING (ROADWAY),0067,801003M,,SELECTIVE THINNING,1,ACRE,"ANSELMI & DECICCO, INC.",$1.00,$1.00
18145,145,0004,NON-PARTICIPATING (ROADWAY),0067,801003M,,SELECTIVE THINNING,1,ACRE,"IEW CONSTRUCTION GROUP, INC.","$11,652.28","$11,652.28"
18145,145,0004,NON-PARTICIPATING (ROADWAY),0067,801003M,,SELECTIVE THINNING,1,ACRE,"MARBRO, INC.","$15,000.00","$15,000.00"
18145,145,0004,NON-PARTICIPATING (ROADWAY),0068,802036M,,"TREE REMOVAL, OVER 36"" DIAMETER",1,U,"RITACCO CONSTRUCTION, INC.","$2,000.00","$2,000.00"
18145,145,0004,NON-PARTICIPATING (ROADWAY),0068,802036M,,"TREE REMOVAL, OVER 36"" DIAMETER",1,U,"SPARWICK CONTRACTING, INC.","$3,000.00","$3,000.00"
18145,145,0004,NON-PARTICIPATING (ROADWAY),0068,802036M,,"TREE REMOVAL, OVER 36"" DIAMETER",1,U,"ANSELMI & DECICCO, INC.","$7,500.00","$7,500.00"
18145,145,0004,NON-PARTICIPATING (ROADWAY),0068,802036M,,"TREE REMOVAL, OVER 36"" DIAMETER",1,U,"IEW CONSTRUCTION GROUP, INC.","$11,069.66","$11,069.66"
18145,145,0004,NON-PARTICIPATING (ROADWAY),0068,802036M,,"TREE REMOVAL, OVER 36"" DIAMETER",1,U,"MARBRO, INC.","$7,500.00","$7,500.00"
18145,145,0006,GENERAL LANDSCAPING,0069,804009P,,"TOPSOILING, 6"" THICK",774,SY,"RITACCO CONSTRUCTION, INC.",$3.00,"$2,322.00"
18145,145,0006,GENERAL LANDSCAPING,0069,804009P,,"TOPSOILING, 6"" THICK",774,SY,"SPARWICK CONTRACTING, INC.",$12.00,"$9,288.00"
18145,145,0006,GENERAL LANDSCAPING,0069,804009P,,"TOPSOILING, 6"" THICK",774,SY,"ANSELMI & DECICCO, INC.",$5.00,"$3,870.00"
18145,145,0006,GENERAL LANDSCAPING,0069,804009P,,"TOPSOILING, 6"" THICK",774,SY,"IEW CONSTRUCTION GROUP, INC.",$13.40,"$10,371.60"
18145,145,0006,GENERAL LANDSCAPING,0069,804009P,,"TOPSOILING, 6"" THICK",774,SY,"MARBRO, INC.",$15.00,"$11,610.00"
18145,145,0006,GENERAL LANDSCAPING,0070,806021P,,"FERTILIZING AND SEEDING, TYPE S",774,SY,"RITACCO CONSTRUCTION, INC.",$2.00,"$1,548.00"
18145,145,0006,GENERAL LANDSCAPING,0070,806021P,,"FERTILIZING AND SEEDING, TYPE S",774,SY,"SPARWICK CONTRACTING, INC.",$1.00,$774.00
18145,145,0006,GENERAL LANDSCAPING,0070,806021P,,"FERTILIZING AND SEEDING, TYPE S",774,SY,"ANSELMI & DECICCO, INC.",$1.00,$774.00
18145,145,0006,GENERAL LANDSCAPING,0070,806021P,,"FERTILIZING AND SEEDING, TYPE S",774,SY,"IEW CONSTRUCTION GROUP, INC.",$7.75,"$5,998.50"
18145,145,0006,GENERAL LANDSCAPING,0070,806021P,,"FERTILIZING AND SEEDING, TYPE S",774,SY,"MARBRO, INC.",$1.00,$774.00
18145,145,0006,GENERAL LANDSCAPING,0071,807012M,,"TOPSOIL STABILIZATION, TYPE 4 MAT","2,970",SY,"RITACCO CONSTRUCTION, INC.",$5.00,"$14,850.00"
18145,145,0006,GENERAL LANDSCAPING,0071,807012M,,"TOPSOIL STABILIZATION, TYPE 4 MAT","2,970",SY,"SPARWICK CONTRACTING, INC.",$3.00,"$8,910.00"
18145,145,0006,GENERAL LANDSCAPING,0071,807012M,,"TOPSOIL STABILIZATION, TYPE 4 MAT","2,970",SY,"ANSELMI & DECICCO, INC.",$6.00,"$17,820.00"
18145,145,0006,GENERAL LANDSCAPING,0071,807012M,,"TOPSOIL STABILIZATION, TYPE 4 MAT","2,970",SY,"IEW CONSTRUCTION GROUP, INC.",$13.75,"$40,837.50"
18145,145,0006,GENERAL LANDSCAPING,0071,807012M,,"TOPSOIL STABILIZATION, TYPE 4 MAT","2,970",SY,"MARBRO, INC.",$3.00,"$8,910.00"
18145,145,0005,EROSION CONTROL,0072,809003M,,STRAW MULCHING,190,SY,"RITACCO CONSTRUCTION, INC.",$2.00,$380.00
18145,145,0005,EROSION CONTROL,0072,809003M,,STRAW MULCHING,190,SY,"SPARWICK CONTRACTING, INC.",$1.00,$190.00
18145,145,0005,EROSION CONTROL,0072,809003M,,STRAW MULCHING,190,SY,"ANSELMI & DECICCO, INC.",$2.00,$380.00
18145,145,0005,EROSION CONTROL,0072,809003M,,STRAW MULCHING,190,SY,"IEW CONSTRUCTION GROUP, INC.",$5.83,"$1,107.70"
18145,145,0005,EROSION CONTROL,0072,809003M,,STRAW MULCHING,190,SY,"MARBRO, INC.",$5.00,$950.00
18145,145,0002,BRIDGE,0073,201006P,,"CLEARING SITE, BRIDGE (___) STR NO. 2103-152",1,LS,"RITACCO CONSTRUCTION, INC.","$480,000.00","$480,000.00"
18145,145,0002,BRIDGE,0073,201006P,,"CLEARING SITE, BRIDGE (___) STR NO. 2103-152",1,LS,"SPARWICK CONTRACTING, INC.","$480,000.00","$480,000.00"
18145,145,0002,BRIDGE,0073,201006P,,"CLEARING SITE, BRIDGE (___) STR NO. 2103-152",1,LS,"ANSELMI & DECICCO, INC.","$480,000.00","$480,000.00"
18145,145,0002,BRIDGE,0073,201006P,,"CLEARING SITE, BRIDGE (___) STR NO. 2103-152",1,LS,"IEW CONSTRUCTION GROUP, INC.","$480,000.00","$480,000.00"
18145,145,0002,BRIDGE,0073,201006P,,"CLEARING SITE, BRIDGE (___) STR NO. 2103-152",1,LS,"MARBRO, INC.","$480,000.00","$480,000.00"
18145,145,0002,BRIDGE,0074,201039P,,TEMPORARY SHIELDING,1,LS,"RITACCO CONSTRUCTION, INC.","$245,000.00","$245,000.00"
18145,145,0002,BRIDGE,0074,201039P,,TEMPORARY SHIELDING,1,LS,"SPARWICK CONTRACTING, INC.","$200,000.00","$200,000.00"
18145,145,0002,BRIDGE,0074,201039P,,TEMPORARY SHIELDING,1,LS,"ANSELMI & DECICCO, INC.","$269,610.17","$269,610.17"
18145,145,0002,BRIDGE,0074,201039P,,TEMPORARY SHIELDING,1,LS,"IEW CONSTRUCTION GROUP, INC.","$223,000.00","$223,000.00"
18145,145,0002,BRIDGE,0074,201039P,,TEMPORARY SHIELDING,1,LS,"MARBRO, INC.","$317,000.00","$317,000.00"
18145,145,0002,BRIDGE,0075,202009P,,"EXCAVATION, UNCLASSIFIED","2,528",CY,"RITACCO CONSTRUCTION, INC.",$50.00,"$126,400.00"
18145,145,0002,BRIDGE,0075,202009P,,"EXCAVATION, UNCLASSIFIED","2,528",CY,"SPARWICK CONTRACTING, INC.",$34.00,"$85,952.00"
18145,145,0002,BRIDGE,0075,202009P,,"EXCAVATION, UNCLASSIFIED","2,528",CY,"ANSELMI & DECICCO, INC.",$100.00,"$252,800.00"
18145,145,0002,BRIDGE,0075,202009P,,"EXCAVATION, UNCLASSIFIED","2,528",CY,"IEW CONSTRUCTION GROUP, INC.",$81.82,"$206,840.96"
18145,145,0002,BRIDGE,0075,202009P,,"EXCAVATION, UNCLASSIFIED","2,528",CY,"MARBRO, INC.",$40.00,"$101,120.00"
18145,145,0002,BRIDGE,0076,501003P,,TEMPORARY SHEETING,"5,483",SF,"RITACCO CONSTRUCTION, INC.",$1.00,"$5,483.00"
18145,145,0002,BRIDGE,0076,501003P,,TEMPORARY SHEETING,"5,483",SF,"SPARWICK CONTRACTING, INC.",$20.00,"$109,660.00"
18145,145,0002,BRIDGE,0076,501003P,,TEMPORARY SHEETING,"5,483",SF,"ANSELMI & DECICCO, INC.",$0.01,$54.83
18145,145,0002,BRIDGE,0076,501003P,,TEMPORARY SHEETING,"5,483",SF,"IEW CONSTRUCTION GROUP, INC.",$106.70,"$585,036.10"
18145,145,0002,BRIDGE,0076,501003P,,TEMPORARY SHEETING,"5,483",SF,"MARBRO, INC.",$80.00,"$438,640.00"
18145,145,0002,BRIDGE,0077,501009P,,TEMPORARY COFFERDAM,1,LS,"RITACCO CONSTRUCTION, INC.","$35,000.00","$35,000.00"
18145,145,0002,BRIDGE,0077,501009P,,TEMPORARY COFFERDAM,1,LS,"SPARWICK CONTRACTING, INC.","$260,000.00","$260,000.00"
18145,145,0002,BRIDGE,0077,501009P,,TEMPORARY COFFERDAM,1,LS,"ANSELMI & DECICCO, INC.",$1.00,$1.00
18145,145,0002,BRIDGE,0077,501009P,,TEMPORARY COFFERDAM,1,LS,"IEW CONSTRUCTION GROUP, INC.",$1.00,$1.00
18145,145,0002,BRIDGE,0077,501009P,,TEMPORARY COFFERDAM,1,LS,"MARBRO, INC.","$525,000.00","$525,000.00"
18145,145,0002,BRIDGE,0078,502003P,,FURNISHING EQUIPMENT FOR DRIVING PILES,1,LS,"RITACCO CONSTRUCTION, INC.","$295,489.24","$295,489.24"
18145,145,0002,BRIDGE,0078,502003P,,FURNISHING EQUIPMENT FOR DRIVING PILES,1,LS,"SPARWICK CONTRACTING, INC.","$260,000.00","$260,000.00"
18145,145,0002,BRIDGE,0078,502003P,,FURNISHING EQUIPMENT FOR DRIVING PILES,1,LS,"ANSELMI & DECICCO, INC.","$150,000.00","$150,000.00"
18145,145,0002,BRIDGE,0078,502003P,,FURNISHING EQUIPMENT FOR DRIVING PILES,1,LS,"IEW CONSTRUCTION GROUP, INC.","$85,000.00","$85,000.00"
18145,145,0002,BRIDGE,0078,502003P,,FURNISHING EQUIPMENT FOR DRIVING PILES,1,LS,"MARBRO, INC.","$517,000.00","$517,000.00"
18145,145,0002,BRIDGE,0079,502009M,,"TEST PILE, FURNISHED",176,LF,"RITACCO CONSTRUCTION, INC.",$45.00,"$7,920.00"
18145,145,0002,BRIDGE,0079,502009M,,"TEST PILE, FURNISHED",176,LF,"SPARWICK CONTRACTING, INC.",$70.00,"$12,320.00"
18145,145,0002,BRIDGE,0079,502009M,,"TEST PILE, FURNISHED",176,LF,"ANSELMI & DECICCO, INC.",$45.00,"$7,920.00"
18145,145,0002,BRIDGE,0079,502009M,,"TEST PILE, FURNISHED",176,LF,"IEW CONSTRUCTION GROUP, INC.",$48.72,"$8,574.72"
18145,145,0002,BRIDGE,0079,502009M,,"TEST PILE, FURNISHED",176,LF,"MARBRO, INC.",$36.00,"$6,336.00"
18145,145,0002,BRIDGE,0080,502012M,,"TEST PILE, DRIVEN",176,LF,"RITACCO CONSTRUCTION, INC.",$110.00,"$19,360.00"
18145,145,0002,BRIDGE,0080,502012M,,"TEST PILE, DRIVEN",176,LF,"SPARWICK CONTRACTING, INC.",$30.00,"$5,280.00"
18145,145,0002,BRIDGE,0080,502012M,,"TEST PILE, DRIVEN",176,LF,"ANSELMI & DECICCO, INC.",$200.00,"$35,200.00"
18145,145,0002,BRIDGE,0080,502012M,,"TEST PILE, DRIVEN",176,LF,"IEW CONSTRUCTION GROUP, INC.",$94.04,"$16,551.04"
18145,145,0002,BRIDGE,0080,502012M,,"TEST PILE, DRIVEN",176,LF,"MARBRO, INC.",$90.00,"$15,840.00"
18145,145,0002,BRIDGE,0081,502018M,,DYNAMIC PILE LOAD TEST,4,U,"RITACCO CONSTRUCTION, INC.","$2,000.00","$8,000.00"
18145,145,0002,BRIDGE,0081,502018M,,DYNAMIC PILE LOAD TEST,4,U,"SPARWICK CONTRACTING, INC.","$3,000.00","$12,000.00"
18145,145,0002,BRIDGE,0081,502018M,,DYNAMIC PILE LOAD TEST,4,U,"ANSELMI & DECICCO, INC.","$2,000.00","$8,000.00"
18145,145,0002,BRIDGE,0081,502018M,,DYNAMIC PILE LOAD TEST,4,U,"IEW CONSTRUCTION GROUP, INC.","$2,621.76","$10,487.04"
18145,145,0002,BRIDGE,0081,502018M,,DYNAMIC PILE LOAD TEST,4,U,"MARBRO, INC.","$3,000.00","$12,000.00"
18145,145,0002,BRIDGE,0082,502168M,,"STEEL H-PILE, FURNISHED, HP 12 X 74","4,382",LF,"RITACCO CONSTRUCTION, INC.",$42.00,"$184,044.00"
18145,145,0002,BRIDGE,0082,502168M,,"STEEL H-PILE, FURNISHED, HP 12 X 74","4,382",LF,"SPARWICK CONTRACTING, INC.",$40.00,"$175,280.00"
18145,145,0002,BRIDGE,0082,502168M,,"STEEL H-PILE, FURNISHED, HP 12 X 74","4,382",LF,"ANSELMI & DECICCO, INC.",$36.00,"$157,752.00"
18145,145,0002,BRIDGE,0082,502168M,,"STEEL H-PILE, FURNISHED, HP 12 X 74","4,382",LF,"IEW CONSTRUCTION GROUP, INC.",$49.64,"$217,522.48"
18145,145,0002,BRIDGE,0082,502168M,,"STEEL H-PILE, FURNISHED, HP 12 X 74","4,382",LF,"MARBRO, INC.",$36.00,"$157,752.00"
18145,145,0002,BRIDGE,0083,502186M,,"STEEL H-PILE, DRIVEN, HP 12 X 74","4,382",LF,"RITACCO CONSTRUCTION, INC.",$28.00,"$122,696.00"
18145,145,0002,BRIDGE,0083,502186M,,"STEEL H-PILE, DRIVEN, HP 12 X 74","4,382",LF,"SPARWICK CONTRACTING, INC.",$30.00,"$131,460.00"
18145,145,0002,BRIDGE,0083,502186M,,"STEEL H-PILE, DRIVEN, HP 12 X 74","4,382",LF,"ANSELMI & DECICCO, INC.",$23.00,"$100,786.00"
18145,145,0002,BRIDGE,0083,502186M,,"STEEL H-PILE, DRIVEN, HP 12 X 74","4,382",LF,"IEW CONSTRUCTION GROUP, INC.",$41.55,"$182,072.10"
18145,145,0002,BRIDGE,0083,502186M,,"STEEL H-PILE, DRIVEN, HP 12 X 74","4,382",LF,"MARBRO, INC.",$27.00,"$118,314.00"
18145,145,0002,BRIDGE,0084,502207M,,PILE SHOE,132,U,"RITACCO CONSTRUCTION, INC.",$125.00,"$16,500.00"
18145,145,0002,BRIDGE,0084,502207M,,PILE SHOE,132,U,"SPARWICK CONTRACTING, INC.",$150.00,"$19,800.00"
18145,145,0002,BRIDGE,0084,502207M,,PILE SHOE,132,U,"ANSELMI & DECICCO, INC.",$100.00,"$13,200.00"
18145,145,0002,BRIDGE,0084,502207M,,PILE SHOE,132,U,"IEW CONSTRUCTION GROUP, INC.",$110.70,"$14,612.40"
18145,145,0002,BRIDGE,0084,502207M,,PILE SHOE,132,U,"MARBRO, INC.",$100.00,"$13,200.00"
18145,145,0002,BRIDGE,0085,504006P,,"REINFORCEMENT STEEL, EPOXY-COATED","220,387",LB,"RITACCO CONSTRUCTION, INC.",$1.55,"$341,599.85"
18145,145,0002,BRIDGE,0085,504006P,,"REINFORCEMENT STEEL, EPOXY-COATED","220,387",LB,"SPARWICK CONTRACTING, INC.",$2.00,"$440,774.00"
18145,145,0002,BRIDGE,0085,504006P,,"REINFORCEMENT STEEL, EPOXY-COATED","220,387",LB,"ANSELMI & DECICCO, INC.",$3.00,"$661,161.00"
18145,145,0002,BRIDGE,0085,504006P,,"REINFORCEMENT STEEL, EPOXY-COATED","220,387",LB,"IEW CONSTRUCTION GROUP, INC.",$1.83,"$403,308.21"
18145,145,0002,BRIDGE,0085,504006P,,"REINFORCEMENT STEEL, EPOXY-COATED","220,387",LB,"MARBRO, INC.",$1.90,"$418,735.30"
18145,145,0002,BRIDGE,0086,504015P,,CONCRETE FOOTING,227,CY,"RITACCO CONSTRUCTION, INC.",$440.00,"$99,880.00"
18145,145,0002,BRIDGE,0086,504015P,,CONCRETE FOOTING,227,CY,"SPARWICK CONTRACTING, INC.",$500.00,"$113,500.00"
18145,145,0002,BRIDGE,0086,504015P,,CONCRETE FOOTING,227,CY,"ANSELMI & DECICCO, INC.","$1,000.00","$227,000.00"
18145,145,0002,BRIDGE,0086,504015P,,CONCRETE FOOTING,227,CY,"IEW CONSTRUCTION GROUP, INC.",$481.49,"$109,298.23"
18145,145,0002,BRIDGE,0086,504015P,,CONCRETE FOOTING,227,CY,"MARBRO, INC.",$475.00,"$107,825.00"
18145,145,0002,BRIDGE,0087,504018P,,CONCRETE WING WALL,122,CY,"RITACCO CONSTRUCTION, INC.","$1,240.00","$151,280.00"
18145,145,0002,BRIDGE,0087,504018P,,CONCRETE WING WALL,122,CY,"SPARWICK CONTRACTING, INC.","$1,500.00","$183,000.00"
18145,145,0002,BRIDGE,0087,504018P,,CONCRETE WING WALL,122,CY,"ANSELMI & DECICCO, INC.","$1,000.00","$122,000.00"
18145,145,0002,BRIDGE,0087,504018P,,CONCRETE WING WALL,122,CY,"IEW CONSTRUCTION GROUP, INC.","$1,069.71","$130,504.62"
18145,145,0002,BRIDGE,0087,504018P,,CONCRETE WING WALL,122,CY,"MARBRO, INC.","$1,100.00","$134,200.00"
18145,145,0002,BRIDGE,0088,504024P,,CONCRETE ABUTMENT WALL,269,CY,"RITACCO CONSTRUCTION, INC.",$800.00,"$215,200.00"
18145,145,0002,BRIDGE,0088,504024P,,CONCRETE ABUTMENT WALL,269,CY,"SPARWICK CONTRACTING, INC.","$1,000.00","$269,000.00"
18145,145,0002,BRIDGE,0088,504024P,,CONCRETE ABUTMENT WALL,269,CY,"ANSELMI & DECICCO, INC.","$1,000.00","$269,000.00"
18145,145,0002,BRIDGE,0088,504024P,,CONCRETE ABUTMENT WALL,269,CY,"IEW CONSTRUCTION GROUP, INC.",$900.51,"$242,237.19"
18145,145,0002,BRIDGE,0088,504024P,,CONCRETE ABUTMENT WALL,269,CY,"MARBRO, INC.",$900.00,"$242,100.00"
18145,145,0002,BRIDGE,0089,504036P,,EPOXY WATERPROOFING,81,SY,"RITACCO CONSTRUCTION, INC.",$30.00,"$2,430.00"
18145,145,0002,BRIDGE,0089,504036P,,EPOXY WATERPROOFING,81,SY,"SPARWICK CONTRACTING, INC.",$50.00,"$4,050.00"
18145,145,0002,BRIDGE,0089,504036P,,EPOXY WATERPROOFING,81,SY,"ANSELMI & DECICCO, INC.",$100.00,"$8,100.00"
18145,145,0002,BRIDGE,0089,504036P,,EPOXY WATERPROOFING,81,SY,"IEW CONSTRUCTION GROUP, INC.",$129.47,"$10,487.07"
18145,145,0002,BRIDGE,0089,504036P,,EPOXY WATERPROOFING,81,SY,"MARBRO, INC.",$30.00,"$2,430.00"
18145,145,0002,BRIDGE,0090,505009P,,"PRETENSIONED PRESTRESSED CONCRETE BEAM, 63""",656,LF,"RITACCO CONSTRUCTION, INC.",$950.00,"$623,200.00"
18145,145,0002,BRIDGE,0090,505009P,,"PRETENSIONED PRESTRESSED CONCRETE BEAM, 63""",656,LF,"SPARWICK CONTRACTING, INC.",$900.00,"$590,400.00"
18145,145,0002,BRIDGE,0090,505009P,,"PRETENSIONED PRESTRESSED CONCRETE BEAM, 63""",656,LF,"ANSELMI & DECICCO, INC.",$550.00,"$360,800.00"
18145,145,0002,BRIDGE,0090,505009P,,"PRETENSIONED PRESTRESSED CONCRETE BEAM, 63""",656,LF,"IEW CONSTRUCTION GROUP, INC.",$641.12,"$420,574.72"
18145,145,0002,BRIDGE,0090,505009P,,"PRETENSIONED PRESTRESSED CONCRETE BEAM, 63""",656,LF,"MARBRO, INC.",$900.00,"$590,400.00"
18145,145,0002,BRIDGE,0091,506003P,,"STRUCTURAL STEEL 7,000 LBS",1,LS,"RITACCO CONSTRUCTION, INC.","$50,000.00","$50,000.00"
18145,145,0002,BRIDGE,0091,506003P,,"STRUCTURAL STEEL 7,000 LBS",1,LS,"SPARWICK CONTRACTING, INC.","$50,000.00","$50,000.00"
18145,145,0002,BRIDGE,0091,506003P,,"STRUCTURAL STEEL 7,000 LBS",1,LS,"ANSELMI & DECICCO, INC.","$100,000.00","$100,000.00"
18145,145,0002,BRIDGE,0091,506003P,,"STRUCTURAL STEEL 7,000 LBS",1,LS,"IEW CONSTRUCTION GROUP, INC.","$34,368.39","$34,368.39"
18145,145,0002,BRIDGE,0091,506003P,,"STRUCTURAL STEEL 7,000 LBS",1,LS,"MARBRO, INC.","$30,000.00","$30,000.00"
18145,145,0002,BRIDGE,0092,506006P,,REINFORCED ELASTOMERIC BEARING ASSEMBLY,12,U,"RITACCO CONSTRUCTION, INC.","$6,000.00","$72,000.00"
18145,145,0002,BRIDGE,0092,506006P,,REINFORCED ELASTOMERIC BEARING ASSEMBLY,12,U,"SPARWICK CONTRACTING, INC.","$3,400.00","$40,800.00"
18145,145,0002,BRIDGE,0092,506006P,,REINFORCED ELASTOMERIC BEARING ASSEMBLY,12,U,"ANSELMI & DECICCO, INC.","$3,000.00","$36,000.00"
18145,145,0002,BRIDGE,0092,506006P,,REINFORCED ELASTOMERIC BEARING ASSEMBLY,12,U,"IEW CONSTRUCTION GROUP, INC.","$2,975.53","$35,706.36"
18145,145,0002,BRIDGE,0092,506006P,,REINFORCED ELASTOMERIC BEARING ASSEMBLY,12,U,"MARBRO, INC.","$4,000.00","$48,000.00"
18145,145,0002,BRIDGE,0093,507015P,,STRIP SEAL EXPANSION JOINT ASSEMBLY,120,LF,"RITACCO CONSTRUCTION, INC.",$400.00,"$48,000.00"
18145,145,0002,BRIDGE,0093,507015P,,STRIP SEAL EXPANSION JOINT ASSEMBLY,120,LF,"SPARWICK CONTRACTING, INC.",$400.00,"$48,000.00"
18145,145,0002,BRIDGE,0093,507015P,,STRIP SEAL EXPANSION JOINT ASSEMBLY,120,LF,"ANSELMI & DECICCO, INC.",$400.00,"$48,000.00"
18145,145,0002,BRIDGE,0093,507015P,,STRIP SEAL EXPANSION JOINT ASSEMBLY,120,LF,"IEW CONSTRUCTION GROUP, INC.",$547.53,"$65,703.60"
18145,145,0002,BRIDGE,0093,507015P,,STRIP SEAL EXPANSION JOINT ASSEMBLY,120,LF,"MARBRO, INC.",$600.00,"$72,000.00"
18145,145,0002,BRIDGE,0094,507024P,,"CONCRETE BRIDGE DECK, HPC",133,CY,"RITACCO CONSTRUCTION, INC.",$940.00,"$125,020.00"
18145,145,0002,BRIDGE,0094,507024P,,"CONCRETE BRIDGE DECK, HPC",133,CY,"SPARWICK CONTRACTING, INC.","$1,600.00","$212,800.00"
18145,145,0002,BRIDGE,0094,507024P,,"CONCRETE BRIDGE DECK, HPC",133,CY,"ANSELMI & DECICCO, INC.","$1,500.00","$199,500.00"
18145,145,0002,BRIDGE,0094,507024P,,"CONCRETE BRIDGE DECK, HPC",133,CY,"IEW CONSTRUCTION GROUP, INC.","$1,779.81","$236,714.73"
18145,145,0002,BRIDGE,0094,507024P,,"CONCRETE BRIDGE DECK, HPC",133,CY,"MARBRO, INC.","$2,000.00","$266,000.00"
18145,145,0002,BRIDGE,0095,507027M,,DATE PANEL,2,U,"RITACCO CONSTRUCTION, INC.",$666.94,"$1,333.88"
18145,145,0002,BRIDGE,0095,507027M,,DATE PANEL,2,U,"SPARWICK CONTRACTING, INC.",$1.00,$2.00
18145,145,0002,BRIDGE,0095,507027M,,DATE PANEL,2,U,"ANSELMI & DECICCO, INC.","$2,000.00","$4,000.00"
18145,145,0002,BRIDGE,0095,507027M,,DATE PANEL,2,U,"IEW CONSTRUCTION GROUP, INC.","$2,495.23","$4,990.46"
18145,145,0002,BRIDGE,0095,507027M,,DATE PANEL,2,U,"MARBRO, INC.","$3,000.00","$6,000.00"
18145,145,0002,BRIDGE,0096,507039P,,"CONCRETE BRIDGE PARAPET, HPC",324,LF,"RITACCO CONSTRUCTION, INC.",$350.00,"$113,400.00"
18145,145,0002,BRIDGE,0096,507039P,,"CONCRETE BRIDGE PARAPET, HPC",324,LF,"SPARWICK CONTRACTING, INC.",$345.00,"$111,780.00"
18145,145,0002,BRIDGE,0096,507039P,,"CONCRETE BRIDGE PARAPET, HPC",324,LF,"ANSELMI & DECICCO, INC.",$290.00,"$93,960.00"
18145,145,0002,BRIDGE,0096,507039P,,"CONCRETE BRIDGE PARAPET, HPC",324,LF,"IEW CONSTRUCTION GROUP, INC.",$434.63,"$140,820.12"
18145,145,0002,BRIDGE,0096,507039P,,"CONCRETE BRIDGE PARAPET, HPC",324,LF,"MARBRO, INC.",$400.00,"$129,600.00"
18145,145,0002,BRIDGE,0097,507051P,,CONCRETE BRIDGE APPROACH,194,CY,"RITACCO CONSTRUCTION, INC.",$550.00,"$106,700.00"
18145,145,0002,BRIDGE,0097,507051P,,CONCRETE BRIDGE APPROACH,194,CY,"SPARWICK CONTRACTING, INC.",$740.00,"$143,560.00"
18145,145,0002,BRIDGE,0097,507051P,,CONCRETE BRIDGE APPROACH,194,CY,"ANSELMI & DECICCO, INC.",$750.00,"$145,500.00"
18145,145,0002,BRIDGE,0097,507051P,,CONCRETE BRIDGE APPROACH,194,CY,"IEW CONSTRUCTION GROUP, INC.",$893.73,"$173,383.62"
18145,145,0002,BRIDGE,0097,507051P,,CONCRETE BRIDGE APPROACH,194,CY,"MARBRO, INC.",$875.00,"$169,750.00"
18145,145,0002,BRIDGE,0098,601419P,,"8"" PERFORATED HIGH DENSITY POLYETHYLENE PIPE",189,LF,"RITACCO CONSTRUCTION, INC.",$30.00,"$5,670.00"
18145,145,0002,BRIDGE,0098,601419P,,"8"" PERFORATED HIGH DENSITY POLYETHYLENE PIPE",189,LF,"SPARWICK CONTRACTING, INC.",$20.00,"$3,780.00"
18145,145,0002,BRIDGE,0098,601419P,,"8"" PERFORATED HIGH DENSITY POLYETHYLENE PIPE",189,LF,"ANSELMI & DECICCO, INC.",$50.00,"$9,450.00"
18145,145,0002,BRIDGE,0098,601419P,,"8"" PERFORATED HIGH DENSITY POLYETHYLENE PIPE",189,LF,"IEW CONSTRUCTION GROUP, INC.",$41.59,"$7,860.51"
18145,145,0002,BRIDGE,0098,601419P,,"8"" PERFORATED HIGH DENSITY POLYETHYLENE PIPE",189,LF,"MARBRO, INC.",$35.00,"$6,615.00"
18145,145,0002,BRIDGE,0099,701021P,,"3"" RIGID METALLIC CONDUIT",740,LF,"RITACCO CONSTRUCTION, INC.",$45.00,"$33,300.00"
18145,145,0002,BRIDGE,0099,701021P,,"3"" RIGID METALLIC CONDUIT",740,LF,"SPARWICK CONTRACTING, INC.",$35.00,"$25,900.00"
18145,145,0002,BRIDGE,0099,701021P,,"3"" RIGID METALLIC CONDUIT",740,LF,"ANSELMI & DECICCO, INC.",$55.00,"$40,700.00"
18145,145,0002,BRIDGE,0099,701021P,,"3"" RIGID METALLIC CONDUIT",740,LF,"IEW CONSTRUCTION GROUP, INC.",$56.51,"$41,817.40"
18145,145,0002,BRIDGE,0099,701021P,,"3"" RIGID METALLIC CONDUIT",740,LF,"MARBRO, INC.",$50.00,"$37,000.00"
18145,145,0001,ROADWAY,0100,601249P,,"6"" HIGH DENSITY POLYETHYLENE PIPE",50,LF,"RITACCO CONSTRUCTION, INC.",$20.00,"$1,000.00"
18145,145,0001,ROADWAY,0100,601249P,,"6"" HIGH DENSITY POLYETHYLENE PIPE",50,LF,"SPARWICK CONTRACTING, INC.",$20.00,"$1,000.00"
18145,145,0001,ROADWAY,0100,601249P,,"6"" HIGH DENSITY POLYETHYLENE PIPE",50,LF,"ANSELMI & DECICCO, INC.",$75.00,"$3,750.00"
18145,145,0001,ROADWAY,0100,601249P,,"6"" HIGH DENSITY POLYETHYLENE PIPE",50,LF,"IEW CONSTRUCTION GROUP, INC.",$46.83,"$2,341.50"
18145,145,0001,ROADWAY,0100,601249P,,"6"" HIGH DENSITY POLYETHYLENE PIPE",50,LF,"MARBRO, INC.",$50.00,"$2,500.00"
18145,145,0001,ROADWAY,0101,601404P,,SUBBASE OUTLET DRAIN,80,LF,"RITACCO CONSTRUCTION, INC.",$20.00,"$1,600.00"
18145,145,0001,ROADWAY,0101,601404P,,SUBBASE OUTLET DRAIN,80,LF,"SPARWICK CONTRACTING, INC.",$30.00,"$2,400.00"
18145,145,0001,ROADWAY,0101,601404P,,SUBBASE OUTLET DRAIN,80,LF,"ANSELMI & DECICCO, INC.",$60.00,"$4,800.00"
18145,145,0001,ROADWAY,0101,601404P,,SUBBASE OUTLET DRAIN,80,LF,"IEW CONSTRUCTION GROUP, INC.",$59.79,"$4,783.20"
18145,145,0001,ROADWAY,0101,601404P,,SUBBASE OUTLET DRAIN,80,LF,"MARBRO, INC.",$35.00,"$2,800.00"