Proposal,Call Order,Section Number,Section Description,Line,Item,Alternate Code,Item Description,Quantity,Unit,Vendor Name,Unit Price,Extension
18142,142,0001,Roadway,0001,151006M,,PERFORMANCE BOND AND PAYMENT BOND,1,DOLL,"J.F.CREAMER & SON A JOINT VENTURE WITH JOSEPH M. SANZARI,INC","$51,000.00","$51,000.00"
18142,142,0001,Roadway,0001,151006M,,PERFORMANCE BOND AND PAYMENT BOND,1,DOLL,"IEW CONSTRUCTION GROUP, INC.","$44,000.00","$44,000.00"
18142,142,0001,Roadway,0001,151006M,,PERFORMANCE BOND AND PAYMENT BOND,1,DOLL,"ANSELMI & DECICCO, INC.","$53,000.00","$53,000.00"
18142,142,0001,Roadway,0001,151006M,,PERFORMANCE BOND AND PAYMENT BOND,1,DOLL,"GEORGE HARMS CONSTRUCTION COMPANY, INC.","$50,000.00","$50,000.00"
18142,142,0003,Non Participating (Roadway),0002,152004P,,OWNER'S AND CONTRACTOR'S PROTECTIVE LIABILITY INSURANCE,1,DOLL,"J.F.CREAMER & SON A JOINT VENTURE WITH JOSEPH M. SANZARI,INC","$9,000.00","$9,000.00"
18142,142,0003,Non Participating (Roadway),0002,152004P,,OWNER'S AND CONTRACTOR'S PROTECTIVE LIABILITY INSURANCE,1,DOLL,"IEW CONSTRUCTION GROUP, INC.","$9,350.89","$9,350.89"
18142,142,0003,Non Participating (Roadway),0002,152004P,,OWNER'S AND CONTRACTOR'S PROTECTIVE LIABILITY INSURANCE,1,DOLL,"ANSELMI & DECICCO, INC.","$10,000.00","$10,000.00"
18142,142,0003,Non Participating (Roadway),0002,152004P,,OWNER'S AND CONTRACTOR'S PROTECTIVE LIABILITY INSURANCE,1,DOLL,"GEORGE HARMS CONSTRUCTION COMPANY, INC.","$14,000.00","$14,000.00"
18142,142,0001,Roadway,0003,153003P,,PROGRESS SCHEDULE,1,LS,"J.F.CREAMER & SON A JOINT VENTURE WITH JOSEPH M. SANZARI,INC","$6,000.00","$6,000.00"
18142,142,0001,Roadway,0003,153003P,,PROGRESS SCHEDULE,1,LS,"IEW CONSTRUCTION GROUP, INC.","$45,000.00","$45,000.00"
18142,142,0001,Roadway,0003,153003P,,PROGRESS SCHEDULE,1,LS,"ANSELMI & DECICCO, INC.","$10,000.00","$10,000.00"
18142,142,0001,Roadway,0003,153003P,,PROGRESS SCHEDULE,1,LS,"GEORGE HARMS CONSTRUCTION COMPANY, INC.","$15,000.00","$15,000.00"
18142,142,0001,Roadway,0004,153005M,,PROGRESS SCHEDULE UPDATE,9,U,"J.F.CREAMER & SON A JOINT VENTURE WITH JOSEPH M. SANZARI,INC",$200.00,"$1,800.00"
18142,142,0001,Roadway,0004,153005M,,PROGRESS SCHEDULE UPDATE,9,U,"IEW CONSTRUCTION GROUP, INC.",$400.00,"$3,600.00"
18142,142,0001,Roadway,0004,153005M,,PROGRESS SCHEDULE UPDATE,9,U,"ANSELMI & DECICCO, INC.",$500.00,"$4,500.00"
18142,142,0001,Roadway,0004,153005M,,PROGRESS SCHEDULE UPDATE,9,U,"GEORGE HARMS CONSTRUCTION COMPANY, INC.",$750.00,"$6,750.00"
18142,142,0001,Roadway,0005,153011M,,TRAINEES,"4,438",HOUR,"J.F.CREAMER & SON A JOINT VENTURE WITH JOSEPH M. SANZARI,INC",$1.00,"$4,438.00"
18142,142,0001,Roadway,0005,153011M,,TRAINEES,"4,438",HOUR,"IEW CONSTRUCTION GROUP, INC.",$0.01,$44.38
18142,142,0001,Roadway,0005,153011M,,TRAINEES,"4,438",HOUR,"ANSELMI & DECICCO, INC.",$1.00,"$4,438.00"
18142,142,0001,Roadway,0005,153011M,,TRAINEES,"4,438",HOUR,"GEORGE HARMS CONSTRUCTION COMPANY, INC.",$1.50,"$6,657.00"
18142,142,0001,Roadway,0006,154003P,,MOBILIZATION,1,LS,"J.F.CREAMER & SON A JOINT VENTURE WITH JOSEPH M. SANZARI,INC","$870,000.00","$870,000.00"
18142,142,0001,Roadway,0006,154003P,,MOBILIZATION,1,LS,"IEW CONSTRUCTION GROUP, INC.","$870,000.00","$870,000.00"
18142,142,0001,Roadway,0006,154003P,,MOBILIZATION,1,LS,"ANSELMI & DECICCO, INC.","$1,000,000.00","$1,000,000.00"
18142,142,0001,Roadway,0006,154003P,,MOBILIZATION,1,LS,"GEORGE HARMS CONSTRUCTION COMPANY, INC.","$1,250,000.00","$1,250,000.00"
18142,142,0002,Construction Engineering,0007,155012M,,FIELD OFFICE TYPE D SET UP,1,U,"J.F.CREAMER & SON A JOINT VENTURE WITH JOSEPH M. SANZARI,INC","$33,000.00","$33,000.00"
18142,142,0002,Construction Engineering,0007,155012M,,FIELD OFFICE TYPE D SET UP,1,U,"IEW CONSTRUCTION GROUP, INC.","$50,000.00","$50,000.00"
18142,142,0002,Construction Engineering,0007,155012M,,FIELD OFFICE TYPE D SET UP,1,U,"ANSELMI & DECICCO, INC.","$50,000.00","$50,000.00"
18142,142,0002,Construction Engineering,0007,155012M,,FIELD OFFICE TYPE D SET UP,1,U,"GEORGE HARMS CONSTRUCTION COMPANY, INC.","$150,000.00","$150,000.00"
18142,142,0002,Construction Engineering,0008,155030M,,FIELD OFFICE TYPE D MAINTENANCE,21,MO,"J.F.CREAMER & SON A JOINT VENTURE WITH JOSEPH M. SANZARI,INC","$2,600.00","$54,600.00"
18142,142,0002,Construction Engineering,0008,155030M,,FIELD OFFICE TYPE D MAINTENANCE,21,MO,"IEW CONSTRUCTION GROUP, INC.","$3,628.03","$76,188.63"
18142,142,0002,Construction Engineering,0008,155030M,,FIELD OFFICE TYPE D MAINTENANCE,21,MO,"ANSELMI & DECICCO, INC.","$3,000.00","$63,000.00"
18142,142,0002,Construction Engineering,0008,155030M,,FIELD OFFICE TYPE D MAINTENANCE,21,MO,"GEORGE HARMS CONSTRUCTION COMPANY, INC.","$4,700.00","$98,700.00"
18142,142,0001,Roadway,0009,157004M,,CONSTRUCTION LAYOUT,1,DOLL,"J.F.CREAMER & SON A JOINT VENTURE WITH JOSEPH M. SANZARI,INC","$100,000.00","$100,000.00"
18142,142,0001,Roadway,0009,157004M,,CONSTRUCTION LAYOUT,1,DOLL,"IEW CONSTRUCTION GROUP, INC.","$78,000.00","$78,000.00"
18142,142,0001,Roadway,0009,157004M,,CONSTRUCTION LAYOUT,1,DOLL,"ANSELMI & DECICCO, INC.","$476,000.00","$476,000.00"
18142,142,0001,Roadway,0009,157004M,,CONSTRUCTION LAYOUT,1,DOLL,"GEORGE HARMS CONSTRUCTION COMPANY, INC.","$225,000.00","$225,000.00"
18142,142,0001,Roadway,0010,157006M,,MONUMENT,2,U,"J.F.CREAMER & SON A JOINT VENTURE WITH JOSEPH M. SANZARI,INC","$1,200.00","$2,400.00"
18142,142,0001,Roadway,0010,157006M,,MONUMENT,2,U,"IEW CONSTRUCTION GROUP, INC.","$1,659.06","$3,318.12"
18142,142,0001,Roadway,0010,157006M,,MONUMENT,2,U,"ANSELMI & DECICCO, INC.",$800.00,"$1,600.00"
18142,142,0001,Roadway,0010,157006M,,MONUMENT,2,U,"GEORGE HARMS CONSTRUCTION COMPANY, INC.",$640.00,"$1,280.00"
18142,142,0004,Erosion Control,0011,158009M,,"HEAVY DUTY SILT FENCE, ORANGE",187,LF,"J.F.CREAMER & SON A JOINT VENTURE WITH JOSEPH M. SANZARI,INC",$10.00,"$1,870.00"
18142,142,0004,Erosion Control,0011,158009M,,"HEAVY DUTY SILT FENCE, ORANGE",187,LF,"IEW CONSTRUCTION GROUP, INC.",$11.20,"$2,094.40"
18142,142,0004,Erosion Control,0011,158009M,,"HEAVY DUTY SILT FENCE, ORANGE",187,LF,"ANSELMI & DECICCO, INC.",$10.00,"$1,870.00"
18142,142,0004,Erosion Control,0011,158009M,,"HEAVY DUTY SILT FENCE, ORANGE",187,LF,"GEORGE HARMS CONSTRUCTION COMPANY, INC.",$20.00,"$3,740.00"
18142,142,0004,Erosion Control,0012,158030M,,"INLET FILTER TYPE 2, 2' X 4'",3,U,"J.F.CREAMER & SON A JOINT VENTURE WITH JOSEPH M. SANZARI,INC",$200.00,$600.00
18142,142,0004,Erosion Control,0012,158030M,,"INLET FILTER TYPE 2, 2' X 4'",3,U,"IEW CONSTRUCTION GROUP, INC.",$377.52,"$1,132.56"
18142,142,0004,Erosion Control,0012,158030M,,"INLET FILTER TYPE 2, 2' X 4'",3,U,"ANSELMI & DECICCO, INC.",$200.00,$600.00
18142,142,0004,Erosion Control,0012,158030M,,"INLET FILTER TYPE 2, 2' X 4'",3,U,"GEORGE HARMS CONSTRUCTION COMPANY, INC.",$300.00,$900.00
18142,142,0004,Erosion Control,0013,158033M,,"INLET FILTER TYPE 2, 4' X 4'",7,U,"J.F.CREAMER & SON A JOINT VENTURE WITH JOSEPH M. SANZARI,INC",$225.00,"$1,575.00"
18142,142,0004,Erosion Control,0013,158033M,,"INLET FILTER TYPE 2, 4' X 4'",7,U,"IEW CONSTRUCTION GROUP, INC.",$377.33,"$2,641.31"
18142,142,0004,Erosion Control,0013,158033M,,"INLET FILTER TYPE 2, 4' X 4'",7,U,"ANSELMI & DECICCO, INC.",$300.00,"$2,100.00"
18142,142,0004,Erosion Control,0013,158033M,,"INLET FILTER TYPE 2, 4' X 4'",7,U,"GEORGE HARMS CONSTRUCTION COMPANY, INC.",$310.00,"$2,170.00"
18142,142,0004,Erosion Control,0014,158063P,,CONCRETE WASHOUT SYSTEM,1,LS,"J.F.CREAMER & SON A JOINT VENTURE WITH JOSEPH M. SANZARI,INC","$4,000.00","$4,000.00"
18142,142,0004,Erosion Control,0014,158063P,,CONCRETE WASHOUT SYSTEM,1,LS,"IEW CONSTRUCTION GROUP, INC.","$15,000.00","$15,000.00"
18142,142,0004,Erosion Control,0014,158063P,,CONCRETE WASHOUT SYSTEM,1,LS,"ANSELMI & DECICCO, INC.","$10,000.00","$10,000.00"
18142,142,0004,Erosion Control,0014,158063P,,CONCRETE WASHOUT SYSTEM,1,LS,"GEORGE HARMS CONSTRUCTION COMPANY, INC.","$20,000.00","$20,000.00"
18142,142,0004,Erosion Control,0015,158069M,,OIL-WATER SEPARATOR,2,U,"J.F.CREAMER & SON A JOINT VENTURE WITH JOSEPH M. SANZARI,INC",$100.00,$200.00
18142,142,0004,Erosion Control,0015,158069M,,OIL-WATER SEPARATOR,2,U,"IEW CONSTRUCTION GROUP, INC.",$0.01,$0.02
18142,142,0004,Erosion Control,0015,158069M,,OIL-WATER SEPARATOR,2,U,"ANSELMI & DECICCO, INC.","$1,000.00","$2,000.00"
18142,142,0004,Erosion Control,0015,158069M,,OIL-WATER SEPARATOR,2,U,"GEORGE HARMS CONSTRUCTION COMPANY, INC.","$5,000.00","$10,000.00"
18142,142,0004,Erosion Control,0016,158072M,,"OIL ONLY EMERGENCY SPILL KIT, TYPE 1",2,U,"J.F.CREAMER & SON A JOINT VENTURE WITH JOSEPH M. SANZARI,INC",$100.00,$200.00
18142,142,0004,Erosion Control,0016,158072M,,"OIL ONLY EMERGENCY SPILL KIT, TYPE 1",2,U,"IEW CONSTRUCTION GROUP, INC.","$1,246.79","$2,493.58"
18142,142,0004,Erosion Control,0016,158072M,,"OIL ONLY EMERGENCY SPILL KIT, TYPE 1",2,U,"ANSELMI & DECICCO, INC.","$1,000.00","$2,000.00"
18142,142,0004,Erosion Control,0016,158072M,,"OIL ONLY EMERGENCY SPILL KIT, TYPE 1",2,U,"GEORGE HARMS CONSTRUCTION COMPANY, INC.","$1,900.00","$3,800.00"
18142,142,0004,Erosion Control,0017,158084M,,EROSION CONTROL SEDIMENT REMOVAL,10,CY,"J.F.CREAMER & SON A JOINT VENTURE WITH JOSEPH M. SANZARI,INC",$1.00,$10.00
18142,142,0004,Erosion Control,0017,158084M,,EROSION CONTROL SEDIMENT REMOVAL,10,CY,"IEW CONSTRUCTION GROUP, INC.",$50.72,$507.20
18142,142,0004,Erosion Control,0017,158084M,,EROSION CONTROL SEDIMENT REMOVAL,10,CY,"ANSELMI & DECICCO, INC.",$1.00,$10.00
18142,142,0004,Erosion Control,0017,158084M,,EROSION CONTROL SEDIMENT REMOVAL,10,CY,"GEORGE HARMS CONSTRUCTION COMPANY, INC.",$25.00,$250.00
18142,142,0001,Roadway,0018,159003M,,BREAKAWAY BARRICADE,50,U,"J.F.CREAMER & SON A JOINT VENTURE WITH JOSEPH M. SANZARI,INC",$75.00,"$3,750.00"
18142,142,0001,Roadway,0018,159003M,,BREAKAWAY BARRICADE,50,U,"IEW CONSTRUCTION GROUP, INC.",$115.95,"$5,797.50"
18142,142,0001,Roadway,0018,159003M,,BREAKAWAY BARRICADE,50,U,"ANSELMI & DECICCO, INC.",$125.00,"$6,250.00"
18142,142,0001,Roadway,0018,159003M,,BREAKAWAY BARRICADE,50,U,"GEORGE HARMS CONSTRUCTION COMPANY, INC.",$125.00,"$6,250.00"
18142,142,0001,Roadway,0019,159006M,,DRUM,50,U,"J.F.CREAMER & SON A JOINT VENTURE WITH JOSEPH M. SANZARI,INC",$55.00,"$2,750.00"
18142,142,0001,Roadway,0019,159006M,,DRUM,50,U,"IEW CONSTRUCTION GROUP, INC.",$67.33,"$3,366.50"
18142,142,0001,Roadway,0019,159006M,,DRUM,50,U,"ANSELMI & DECICCO, INC.",$75.00,"$3,750.00"
18142,142,0001,Roadway,0019,159006M,,DRUM,50,U,"GEORGE HARMS CONSTRUCTION COMPANY, INC.",$80.00,"$4,000.00"
18142,142,0001,Roadway,0020,159009M,,TRAFFIC CONE,25,U,"J.F.CREAMER & SON A JOINT VENTURE WITH JOSEPH M. SANZARI,INC",$14.00,$350.00
18142,142,0001,Roadway,0020,159009M,,TRAFFIC CONE,25,U,"IEW CONSTRUCTION GROUP, INC.",$19.14,$478.50
18142,142,0001,Roadway,0020,159009M,,TRAFFIC CONE,25,U,"ANSELMI & DECICCO, INC.",$20.00,$500.00
18142,142,0001,Roadway,0020,159009M,,TRAFFIC CONE,25,U,"GEORGE HARMS CONSTRUCTION COMPANY, INC.",$40.00,"$1,000.00"
18142,142,0001,Roadway,0021,159012M,,CONSTRUCTION SIGNS,870,SF,"J.F.CREAMER & SON A JOINT VENTURE WITH JOSEPH M. SANZARI,INC",$16.00,"$13,920.00"
18142,142,0001,Roadway,0021,159012M,,CONSTRUCTION SIGNS,870,SF,"IEW CONSTRUCTION GROUP, INC.",$13.71,"$11,927.70"
18142,142,0001,Roadway,0021,159012M,,CONSTRUCTION SIGNS,870,SF,"ANSELMI & DECICCO, INC.",$25.00,"$21,750.00"
18142,142,0001,Roadway,0021,159012M,,CONSTRUCTION SIGNS,870,SF,"GEORGE HARMS CONSTRUCTION COMPANY, INC.",$29.00,"$25,230.00"
18142,142,0001,Roadway,0022,159015M,,"CONSTRUCTION IDENTIFICATION SIGN, 4' X 8'",2,U,"J.F.CREAMER & SON A JOINT VENTURE WITH JOSEPH M. SANZARI,INC","$1,800.00","$3,600.00"
18142,142,0001,Roadway,0022,159015M,,"CONSTRUCTION IDENTIFICATION SIGN, 4' X 8'",2,U,"IEW CONSTRUCTION GROUP, INC.",$997.43,"$1,994.86"
18142,142,0001,Roadway,0022,159015M,,"CONSTRUCTION IDENTIFICATION SIGN, 4' X 8'",2,U,"ANSELMI & DECICCO, INC.","$2,000.00","$4,000.00"
18142,142,0001,Roadway,0022,159015M,,"CONSTRUCTION IDENTIFICATION SIGN, 4' X 8'",2,U,"GEORGE HARMS CONSTRUCTION COMPANY, INC.","$1,900.00","$3,800.00"
18142,142,0001,Roadway,0023,159021P,,CONSTRUCTION BARRIER CURB,480,LF,"J.F.CREAMER & SON A JOINT VENTURE WITH JOSEPH M. SANZARI,INC",$80.00,"$38,400.00"
18142,142,0001,Roadway,0023,159021P,,CONSTRUCTION BARRIER CURB,480,LF,"IEW CONSTRUCTION GROUP, INC.",$116.27,"$55,809.60"
18142,142,0001,Roadway,0023,159021P,,CONSTRUCTION BARRIER CURB,480,LF,"ANSELMI & DECICCO, INC.",$100.00,"$48,000.00"
18142,142,0001,Roadway,0023,159021P,,CONSTRUCTION BARRIER CURB,480,LF,"GEORGE HARMS CONSTRUCTION COMPANY, INC.",$95.00,"$45,600.00"
18142,142,0001,Roadway,0024,159022P,,CONSTRUCTION HALF BARRIER CURB,290,LF,"J.F.CREAMER & SON A JOINT VENTURE WITH JOSEPH M. SANZARI,INC",$250.00,"$72,500.00"
18142,142,0001,Roadway,0024,159022P,,CONSTRUCTION HALF BARRIER CURB,290,LF,"IEW CONSTRUCTION GROUP, INC.",$214.03,"$62,068.70"
18142,142,0001,Roadway,0024,159022P,,CONSTRUCTION HALF BARRIER CURB,290,LF,"ANSELMI & DECICCO, INC.",$125.00,"$36,250.00"
18142,142,0001,Roadway,0024,159022P,,CONSTRUCTION HALF BARRIER CURB,290,LF,"GEORGE HARMS CONSTRUCTION COMPANY, INC.",$220.00,"$63,800.00"
18142,142,0001,Roadway,0025,159027M,,"FLASHING ARROW BOARD, 4' X 8'",4,U,"J.F.CREAMER & SON A JOINT VENTURE WITH JOSEPH M. SANZARI,INC","$2,000.00","$8,000.00"
18142,142,0001,Roadway,0025,159027M,,"FLASHING ARROW BOARD, 4' X 8'",4,U,"IEW CONSTRUCTION GROUP, INC.","$1,870.18","$7,480.72"
18142,142,0001,Roadway,0025,159027M,,"FLASHING ARROW BOARD, 4' X 8'",4,U,"ANSELMI & DECICCO, INC.","$4,000.00","$16,000.00"
18142,142,0001,Roadway,0025,159027M,,"FLASHING ARROW BOARD, 4' X 8'",4,U,"GEORGE HARMS CONSTRUCTION COMPANY, INC.","$6,500.00","$26,000.00"
18142,142,0001,Roadway,0026,159030M,,PORTABLE VARIABLE MESSAGE SIGN,5,U,"J.F.CREAMER & SON A JOINT VENTURE WITH JOSEPH M. SANZARI,INC",$500.00,"$2,500.00"
18142,142,0001,Roadway,0026,159030M,,PORTABLE VARIABLE MESSAGE SIGN,5,U,"IEW CONSTRUCTION GROUP, INC.","$7,081.11","$35,405.55"
18142,142,0001,Roadway,0026,159030M,,PORTABLE VARIABLE MESSAGE SIGN,5,U,"ANSELMI & DECICCO, INC.","$10,000.00","$50,000.00"
18142,142,0001,Roadway,0026,159030M,,PORTABLE VARIABLE MESSAGE SIGN,5,U,"GEORGE HARMS CONSTRUCTION COMPANY, INC.","$9,500.00","$47,500.00"
18142,142,0001,Roadway,0027,159108M,,TRAFFIC CONTROL TRUCK WITH MOUNTED CRASH CUSHION,5,U,"J.F.CREAMER & SON A JOINT VENTURE WITH JOSEPH M. SANZARI,INC",$500.00,"$2,500.00"
18142,142,0001,Roadway,0027,159108M,,TRAFFIC CONTROL TRUCK WITH MOUNTED CRASH CUSHION,5,U,"IEW CONSTRUCTION GROUP, INC.","$14,565.25","$72,826.25"
18142,142,0001,Roadway,0027,159108M,,TRAFFIC CONTROL TRUCK WITH MOUNTED CRASH CUSHION,5,U,"ANSELMI & DECICCO, INC.","$10,000.00","$50,000.00"
18142,142,0001,Roadway,0027,159108M,,TRAFFIC CONTROL TRUCK WITH MOUNTED CRASH CUSHION,5,U,"GEORGE HARMS CONSTRUCTION COMPANY, INC.","$14,000.00","$70,000.00"
18142,142,0001,Roadway,0028,159114M,,"REMOVABLE BLACK LINE MASKING TAPE, 6""","1,900",LF,"J.F.CREAMER & SON A JOINT VENTURE WITH JOSEPH M. SANZARI,INC",$3.00,"$5,700.00"
18142,142,0001,Roadway,0028,159114M,,"REMOVABLE BLACK LINE MASKING TAPE, 6""","1,900",LF,"IEW CONSTRUCTION GROUP, INC.",$2.85,"$5,415.00"
18142,142,0001,Roadway,0028,159114M,,"REMOVABLE BLACK LINE MASKING TAPE, 6""","1,900",LF,"ANSELMI & DECICCO, INC.",$7.00,"$13,300.00"
18142,142,0001,Roadway,0028,159114M,,"REMOVABLE BLACK LINE MASKING TAPE, 6""","1,900",LF,"GEORGE HARMS CONSTRUCTION COMPANY, INC.",$2.60,"$4,940.00"
18142,142,0001,Roadway,0029,159120M,,"TEMPORARY PAVEMENT MARKING TAPE, 4""","1,800",LF,"J.F.CREAMER & SON A JOINT VENTURE WITH JOSEPH M. SANZARI,INC",$2.00,"$3,600.00"
18142,142,0001,Roadway,0029,159120M,,"TEMPORARY PAVEMENT MARKING TAPE, 4""","1,800",LF,"IEW CONSTRUCTION GROUP, INC.",$1.92,"$3,456.00"
18142,142,0001,Roadway,0029,159120M,,"TEMPORARY PAVEMENT MARKING TAPE, 4""","1,800",LF,"ANSELMI & DECICCO, INC.",$6.00,"$10,800.00"
18142,142,0001,Roadway,0029,159120M,,"TEMPORARY PAVEMENT MARKING TAPE, 4""","1,800",LF,"GEORGE HARMS CONSTRUCTION COMPANY, INC.",$1.75,"$3,150.00"
18142,142,0001,Roadway,0030,159135M,,TEMPORARY PAVEMENT MARKERS,200,U,"J.F.CREAMER & SON A JOINT VENTURE WITH JOSEPH M. SANZARI,INC",$2.50,$500.00
18142,142,0001,Roadway,0030,159135M,,TEMPORARY PAVEMENT MARKERS,200,U,"IEW CONSTRUCTION GROUP, INC.",$2.91,$582.00
18142,142,0001,Roadway,0030,159135M,,TEMPORARY PAVEMENT MARKERS,200,U,"ANSELMI & DECICCO, INC.",$3.00,$600.00
18142,142,0001,Roadway,0030,159135M,,TEMPORARY PAVEMENT MARKERS,200,U,"GEORGE HARMS CONSTRUCTION COMPANY, INC.",$2.75,$550.00
18142,142,0001,Roadway,0031,159138M,,HMA PATCH,5,T,"J.F.CREAMER & SON A JOINT VENTURE WITH JOSEPH M. SANZARI,INC",$500.00,"$2,500.00"
18142,142,0001,Roadway,0031,159138M,,HMA PATCH,5,T,"IEW CONSTRUCTION GROUP, INC.",$617.46,"$3,087.30"
18142,142,0001,Roadway,0031,159138M,,HMA PATCH,5,T,"ANSELMI & DECICCO, INC.","$1,000.00","$5,000.00"
18142,142,0001,Roadway,0031,159138M,,HMA PATCH,5,T,"GEORGE HARMS CONSTRUCTION COMPANY, INC.",$950.00,"$4,750.00"
18142,142,0001,Roadway,0032,159141M,,"TRAFFIC DIRECTOR, FLAGGER",70,HOUR,"J.F.CREAMER & SON A JOINT VENTURE WITH JOSEPH M. SANZARI,INC",$115.00,"$8,050.00"
18142,142,0001,Roadway,0032,159141M,,"TRAFFIC DIRECTOR, FLAGGER",70,HOUR,"IEW CONSTRUCTION GROUP, INC.",$131.23,"$9,186.10"
18142,142,0001,Roadway,0032,159141M,,"TRAFFIC DIRECTOR, FLAGGER",70,HOUR,"ANSELMI & DECICCO, INC.",$85.00,"$5,950.00"
18142,142,0001,Roadway,0032,159141M,,"TRAFFIC DIRECTOR, FLAGGER",70,HOUR,"GEORGE HARMS CONSTRUCTION COMPANY, INC.",$95.00,"$6,650.00"
18142,142,0001,Roadway,0033,159144M,,EMERGENCY TOWING SERVICE,10,U,"J.F.CREAMER & SON A JOINT VENTURE WITH JOSEPH M. SANZARI,INC",$100.00,"$1,000.00"
18142,142,0001,Roadway,0033,159144M,,EMERGENCY TOWING SERVICE,10,U,"IEW CONSTRUCTION GROUP, INC.",$582.61,"$5,826.10"
18142,142,0001,Roadway,0033,159144M,,EMERGENCY TOWING SERVICE,10,U,"ANSELMI & DECICCO, INC.",$100.00,"$1,000.00"
18142,142,0001,Roadway,0033,159144M,,EMERGENCY TOWING SERVICE,10,U,"GEORGE HARMS CONSTRUCTION COMPANY, INC.",$160.00,"$1,600.00"
18142,142,0001,Roadway,0034,159200M,,"TEMPORARY CRASH CUSHION, COMPRESSIVE BARRIER, TYPE 2, WIDTH NARROW",3,U,"J.F.CREAMER & SON A JOINT VENTURE WITH JOSEPH M. SANZARI,INC","$11,000.00","$33,000.00"
18142,142,0001,Roadway,0034,159200M,,"TEMPORARY CRASH CUSHION, COMPRESSIVE BARRIER, TYPE 2, WIDTH NARROW",3,U,"IEW CONSTRUCTION GROUP, INC.","$19,962.62","$59,887.86"
18142,142,0001,Roadway,0034,159200M,,"TEMPORARY CRASH CUSHION, COMPRESSIVE BARRIER, TYPE 2, WIDTH NARROW",3,U,"ANSELMI & DECICCO, INC.","$15,000.00","$45,000.00"
18142,142,0001,Roadway,0034,159200M,,"TEMPORARY CRASH CUSHION, COMPRESSIVE BARRIER, TYPE 2, WIDTH NARROW",3,U,"GEORGE HARMS CONSTRUCTION COMPANY, INC.","$29,000.00","$87,000.00"
18142,142,0001,Roadway,0035,159300M,,"TRAFFIC STRIPES, LATEX, 4""","1,000",LF,"J.F.CREAMER & SON A JOINT VENTURE WITH JOSEPH M. SANZARI,INC",$1.65,"$1,650.00"
18142,142,0001,Roadway,0035,159300M,,"TRAFFIC STRIPES, LATEX, 4""","1,000",LF,"IEW CONSTRUCTION GROUP, INC.",$1.17,"$1,170.00"
18142,142,0001,Roadway,0035,159300M,,"TRAFFIC STRIPES, LATEX, 4""","1,000",LF,"ANSELMI & DECICCO, INC.",$2.00,"$2,000.00"
18142,142,0001,Roadway,0035,159300M,,"TRAFFIC STRIPES, LATEX, 4""","1,000",LF,"GEORGE HARMS CONSTRUCTION COMPANY, INC.",$1.10,"$1,100.00"
18142,142,0001,Roadway,0036,160004M,,FUEL PRICE ADJUSTMENT,1,DOLL,"J.F.CREAMER & SON A JOINT VENTURE WITH JOSEPH M. SANZARI,INC",$500.00,$500.00
18142,142,0001,Roadway,0036,160004M,,FUEL PRICE ADJUSTMENT,1,DOLL,"IEW CONSTRUCTION GROUP, INC.",$500.00,$500.00
18142,142,0001,Roadway,0036,160004M,,FUEL PRICE ADJUSTMENT,1,DOLL,"ANSELMI & DECICCO, INC.",$500.00,$500.00
18142,142,0001,Roadway,0036,160004M,,FUEL PRICE ADJUSTMENT,1,DOLL,"GEORGE HARMS CONSTRUCTION COMPANY, INC.",$500.00,$500.00
18142,142,0001,Roadway,0037,161003P,,FINAL CLEANUP,1,LS,"J.F.CREAMER & SON A JOINT VENTURE WITH JOSEPH M. SANZARI,INC","$1,000.00","$1,000.00"
18142,142,0001,Roadway,0037,161003P,,FINAL CLEANUP,1,LS,"IEW CONSTRUCTION GROUP, INC.","$1,000.00","$1,000.00"
18142,142,0001,Roadway,0037,161003P,,FINAL CLEANUP,1,LS,"ANSELMI & DECICCO, INC.","$5,000.00","$5,000.00"
18142,142,0001,Roadway,0037,161003P,,FINAL CLEANUP,1,LS,"GEORGE HARMS CONSTRUCTION COMPANY, INC.","$20,000.00","$20,000.00"
18142,142,0001,Roadway,0038,201003P,,CLEARING SITE,1,LS,"J.F.CREAMER & SON A JOINT VENTURE WITH JOSEPH M. SANZARI,INC","$115,000.00","$115,000.00"
18142,142,0001,Roadway,0038,201003P,,CLEARING SITE,1,LS,"IEW CONSTRUCTION GROUP, INC.","$50,000.00","$50,000.00"
18142,142,0001,Roadway,0038,201003P,,CLEARING SITE,1,LS,"ANSELMI & DECICCO, INC.","$115,000.00","$115,000.00"
18142,142,0001,Roadway,0038,201003P,,CLEARING SITE,1,LS,"GEORGE HARMS CONSTRUCTION COMPANY, INC.","$115,000.00","$115,000.00"
18142,142,0001,Roadway,0039,202006M,,"EXCAVATION, TEST PIT",4,CY,"J.F.CREAMER & SON A JOINT VENTURE WITH JOSEPH M. SANZARI,INC","$1,000.00","$4,000.00"
18142,142,0001,Roadway,0039,202006M,,"EXCAVATION, TEST PIT",4,CY,"IEW CONSTRUCTION GROUP, INC.","$2,000.00","$8,000.00"
18142,142,0001,Roadway,0039,202006M,,"EXCAVATION, TEST PIT",4,CY,"ANSELMI & DECICCO, INC.","$1,000.00","$4,000.00"
18142,142,0001,Roadway,0039,202006M,,"EXCAVATION, TEST PIT",4,CY,"GEORGE HARMS CONSTRUCTION COMPANY, INC.",$975.00,"$3,900.00"
18142,142,0001,Roadway,0040,202009P,,"EXCAVATION, UNCLASSIFIED",374,CY,"J.F.CREAMER & SON A JOINT VENTURE WITH JOSEPH M. SANZARI,INC",$80.00,"$29,920.00"
18142,142,0001,Roadway,0040,202009P,,"EXCAVATION, UNCLASSIFIED",374,CY,"IEW CONSTRUCTION GROUP, INC.",$46.03,"$17,215.22"
18142,142,0001,Roadway,0040,202009P,,"EXCAVATION, UNCLASSIFIED",374,CY,"ANSELMI & DECICCO, INC.",$250.00,"$93,500.00"
18142,142,0001,Roadway,0040,202009P,,"EXCAVATION, UNCLASSIFIED",374,CY,"GEORGE HARMS CONSTRUCTION COMPANY, INC.",$100.00,"$37,400.00"
18142,142,0001,Roadway,0041,202021P,,REMOVAL OF PAVEMENT,"1,166",SY,"J.F.CREAMER & SON A JOINT VENTURE WITH JOSEPH M. SANZARI,INC",$60.00,"$69,960.00"
18142,142,0001,Roadway,0041,202021P,,REMOVAL OF PAVEMENT,"1,166",SY,"IEW CONSTRUCTION GROUP, INC.",$66.94,"$78,052.04"
18142,142,0001,Roadway,0041,202021P,,REMOVAL OF PAVEMENT,"1,166",SY,"ANSELMI & DECICCO, INC.",$50.00,"$58,300.00"
18142,142,0001,Roadway,0041,202021P,,REMOVAL OF PAVEMENT,"1,166",SY,"GEORGE HARMS CONSTRUCTION COMPANY, INC.",$65.00,"$75,790.00"
18142,142,0001,Roadway,0042,203041P,,"GEOTEXTILE, ROADWAY STABILIZATION",405,SY,"J.F.CREAMER & SON A JOINT VENTURE WITH JOSEPH M. SANZARI,INC",$3.00,"$1,215.00"
18142,142,0001,Roadway,0042,203041P,,"GEOTEXTILE, ROADWAY STABILIZATION",405,SY,"IEW CONSTRUCTION GROUP, INC.",$7.86,"$3,183.30"
18142,142,0001,Roadway,0042,203041P,,"GEOTEXTILE, ROADWAY STABILIZATION",405,SY,"ANSELMI & DECICCO, INC.",$4.00,"$1,620.00"
18142,142,0001,Roadway,0042,203041P,,"GEOTEXTILE, ROADWAY STABILIZATION",405,SY,"GEORGE HARMS CONSTRUCTION COMPANY, INC.",$4.00,"$1,620.00"
18142,142,0001,Roadway,0043,301006P,,SUBBASE,91,CY,"J.F.CREAMER & SON A JOINT VENTURE WITH JOSEPH M. SANZARI,INC",$85.00,"$7,735.00"
18142,142,0001,Roadway,0043,301006P,,SUBBASE,91,CY,"IEW CONSTRUCTION GROUP, INC.",$83.58,"$7,605.78"
18142,142,0001,Roadway,0043,301006P,,SUBBASE,91,CY,"ANSELMI & DECICCO, INC.",$100.00,"$9,100.00"
18142,142,0001,Roadway,0043,301006P,,SUBBASE,91,CY,"GEORGE HARMS CONSTRUCTION COMPANY, INC.",$120.00,"$10,920.00"
18142,142,0001,Roadway,0044,302042P,,"DENSE-GRADED AGGREGATE BASE COURSE, 8"" THICK",773,SY,"J.F.CREAMER & SON A JOINT VENTURE WITH JOSEPH M. SANZARI,INC",$18.00,"$13,914.00"
18142,142,0001,Roadway,0044,302042P,,"DENSE-GRADED AGGREGATE BASE COURSE, 8"" THICK",773,SY,"IEW CONSTRUCTION GROUP, INC.",$19.94,"$15,413.62"
18142,142,0001,Roadway,0044,302042P,,"DENSE-GRADED AGGREGATE BASE COURSE, 8"" THICK",773,SY,"ANSELMI & DECICCO, INC.",$22.00,"$17,006.00"
18142,142,0001,Roadway,0044,302042P,,"DENSE-GRADED AGGREGATE BASE COURSE, 8"" THICK",773,SY,"GEORGE HARMS CONSTRUCTION COMPANY, INC.",$25.00,"$19,325.00"
18142,142,0001,Roadway,0045,304012P,,"CONCRETE BASE COURSE, 12"" THICK",67,SY,"J.F.CREAMER & SON A JOINT VENTURE WITH JOSEPH M. SANZARI,INC",$170.00,"$11,390.00"
18142,142,0001,Roadway,0045,304012P,,"CONCRETE BASE COURSE, 12"" THICK",67,SY,"IEW CONSTRUCTION GROUP, INC.",$290.16,"$19,440.72"
18142,142,0001,Roadway,0045,304012P,,"CONCRETE BASE COURSE, 12"" THICK",67,SY,"ANSELMI & DECICCO, INC.",$130.00,"$8,710.00"
18142,142,0001,Roadway,0045,304012P,,"CONCRETE BASE COURSE, 12"" THICK",67,SY,"GEORGE HARMS CONSTRUCTION COMPANY, INC.",$185.00,"$12,395.00"
18142,142,0001,Roadway,0046,401009P,,"HMA MILLING, 3"" OR LESS","2,524",SY,"J.F.CREAMER & SON A JOINT VENTURE WITH JOSEPH M. SANZARI,INC",$20.00,"$50,480.00"
18142,142,0001,Roadway,0046,401009P,,"HMA MILLING, 3"" OR LESS","2,524",SY,"IEW CONSTRUCTION GROUP, INC.",$20.97,"$52,928.28"
18142,142,0001,Roadway,0046,401009P,,"HMA MILLING, 3"" OR LESS","2,524",SY,"ANSELMI & DECICCO, INC.",$12.00,"$30,288.00"
18142,142,0001,Roadway,0046,401009P,,"HMA MILLING, 3"" OR LESS","2,524",SY,"GEORGE HARMS CONSTRUCTION COMPANY, INC.",$16.00,"$40,384.00"
18142,142,0001,Roadway,0047,401027M,,POLYMERIZED JOINT ADHESIVE,"3,000",LF,"J.F.CREAMER & SON A JOINT VENTURE WITH JOSEPH M. SANZARI,INC",$0.50,"$1,500.00"
18142,142,0001,Roadway,0047,401027M,,POLYMERIZED JOINT ADHESIVE,"3,000",LF,"IEW CONSTRUCTION GROUP, INC.",$0.12,$360.00
18142,142,0001,Roadway,0047,401027M,,POLYMERIZED JOINT ADHESIVE,"3,000",LF,"ANSELMI & DECICCO, INC.",$2.00,"$6,000.00"
18142,142,0001,Roadway,0047,401027M,,POLYMERIZED JOINT ADHESIVE,"3,000",LF,"GEORGE HARMS CONSTRUCTION COMPANY, INC.",$2.50,"$7,500.00"
18142,142,0001,Roadway,0048,401030M,,TACK COAT,240,GAL,"J.F.CREAMER & SON A JOINT VENTURE WITH JOSEPH M. SANZARI,INC",$9.00,"$2,160.00"
18142,142,0001,Roadway,0048,401030M,,TACK COAT,240,GAL,"IEW CONSTRUCTION GROUP, INC.",$9.32,"$2,236.80"
18142,142,0001,Roadway,0048,401030M,,TACK COAT,240,GAL,"ANSELMI & DECICCO, INC.",$10.00,"$2,400.00"
18142,142,0001,Roadway,0048,401030M,,TACK COAT,240,GAL,"GEORGE HARMS CONSTRUCTION COMPANY, INC.",$8.00,"$1,920.00"
18142,142,0001,Roadway,0049,401036M,,PRIME COAT,160,GAL,"J.F.CREAMER & SON A JOINT VENTURE WITH JOSEPH M. SANZARI,INC",$0.01,$1.60
18142,142,0001,Roadway,0049,401036M,,PRIME COAT,160,GAL,"IEW CONSTRUCTION GROUP, INC.",$0.01,$1.60
18142,142,0001,Roadway,0049,401036M,,PRIME COAT,160,GAL,"ANSELMI & DECICCO, INC.",$0.02,$3.20
18142,142,0001,Roadway,0049,401036M,,PRIME COAT,160,GAL,"GEORGE HARMS CONSTRUCTION COMPANY, INC.",$0.01,$1.60
18142,142,0001,Roadway,0050,401054M,,HOT MIX ASPHALT 12.5 M 64 SURFACE COURSE,611,T,"J.F.CREAMER & SON A JOINT VENTURE WITH JOSEPH M. SANZARI,INC",$140.00,"$85,540.00"
18142,142,0001,Roadway,0050,401054M,,HOT MIX ASPHALT 12.5 M 64 SURFACE COURSE,611,T,"IEW CONSTRUCTION GROUP, INC.",$155.56,"$95,047.16"
18142,142,0001,Roadway,0050,401054M,,HOT MIX ASPHALT 12.5 M 64 SURFACE COURSE,611,T,"ANSELMI & DECICCO, INC.",$175.00,"$106,925.00"
18142,142,0001,Roadway,0050,401054M,,HOT MIX ASPHALT 12.5 M 64 SURFACE COURSE,611,T,"GEORGE HARMS CONSTRUCTION COMPANY, INC.",$160.00,"$97,760.00"
18142,142,0001,Roadway,0051,401099M,,HOT MIX ASPHALT 25 M 64 BASE COURSE,192,T,"J.F.CREAMER & SON A JOINT VENTURE WITH JOSEPH M. SANZARI,INC",$175.00,"$33,600.00"
18142,142,0001,Roadway,0051,401099M,,HOT MIX ASPHALT 25 M 64 BASE COURSE,192,T,"IEW CONSTRUCTION GROUP, INC.",$198.96,"$38,200.32"
18142,142,0001,Roadway,0051,401099M,,HOT MIX ASPHALT 25 M 64 BASE COURSE,192,T,"ANSELMI & DECICCO, INC.",$175.00,"$33,600.00"
18142,142,0001,Roadway,0051,401099M,,HOT MIX ASPHALT 25 M 64 BASE COURSE,192,T,"GEORGE HARMS CONSTRUCTION COMPANY, INC.",$180.00,"$34,560.00"
18142,142,0001,Roadway,0052,401108M,,"CORE SAMPLES, HOT MIX ASPHALT",6,U,"J.F.CREAMER & SON A JOINT VENTURE WITH JOSEPH M. SANZARI,INC",$400.00,"$2,400.00"
18142,142,0001,Roadway,0052,401108M,,"CORE SAMPLES, HOT MIX ASPHALT",6,U,"IEW CONSTRUCTION GROUP, INC.",$436.96,"$2,621.76"
18142,142,0001,Roadway,0052,401108M,,"CORE SAMPLES, HOT MIX ASPHALT",6,U,"ANSELMI & DECICCO, INC.",$450.00,"$2,700.00"
18142,142,0001,Roadway,0052,401108M,,"CORE SAMPLES, HOT MIX ASPHALT",6,U,"GEORGE HARMS CONSTRUCTION COMPANY, INC.",$118.00,$708.00
18142,142,0001,Roadway,0053,601249P,,"6"" HIGH DENSITY POLYETHYLENE PIPE",106,LF,"J.F.CREAMER & SON A JOINT VENTURE WITH JOSEPH M. SANZARI,INC",$60.00,"$6,360.00"
18142,142,0001,Roadway,0053,601249P,,"6"" HIGH DENSITY POLYETHYLENE PIPE",106,LF,"IEW CONSTRUCTION GROUP, INC.",$37.41,"$3,965.46"
18142,142,0001,Roadway,0053,601249P,,"6"" HIGH DENSITY POLYETHYLENE PIPE",106,LF,"ANSELMI & DECICCO, INC.",$100.00,"$10,600.00"
18142,142,0001,Roadway,0053,601249P,,"6"" HIGH DENSITY POLYETHYLENE PIPE",106,LF,"GEORGE HARMS CONSTRUCTION COMPANY, INC.",$120.00,"$12,720.00"
18142,142,0001,Roadway,0054,601404P,,SUBBASE OUTLET DRAIN,80,LF,"J.F.CREAMER & SON A JOINT VENTURE WITH JOSEPH M. SANZARI,INC",$45.00,"$3,600.00"
18142,142,0001,Roadway,0054,601404P,,SUBBASE OUTLET DRAIN,80,LF,"IEW CONSTRUCTION GROUP, INC.",$31.81,"$2,544.80"
18142,142,0001,Roadway,0054,601404P,,SUBBASE OUTLET DRAIN,80,LF,"ANSELMI & DECICCO, INC.",$75.00,"$6,000.00"
18142,142,0001,Roadway,0054,601404P,,SUBBASE OUTLET DRAIN,80,LF,"GEORGE HARMS CONSTRUCTION COMPANY, INC.",$90.00,"$7,200.00"
18142,142,0003,Non Participating (Roadway),0055,601670M,,"CLEANING EXISTING PIPE, 12"" TO 24"" DIAMETER",100,LF,"J.F.CREAMER & SON A JOINT VENTURE WITH JOSEPH M. SANZARI,INC",$30.00,"$3,000.00"
18142,142,0003,Non Participating (Roadway),0055,601670M,,"CLEANING EXISTING PIPE, 12"" TO 24"" DIAMETER",100,LF,"IEW CONSTRUCTION GROUP, INC.",$20.97,"$2,097.00"
18142,142,0003,Non Participating (Roadway),0055,601670M,,"CLEANING EXISTING PIPE, 12"" TO 24"" DIAMETER",100,LF,"ANSELMI & DECICCO, INC.",$50.00,"$5,000.00"
18142,142,0003,Non Participating (Roadway),0055,601670M,,"CLEANING EXISTING PIPE, 12"" TO 24"" DIAMETER",100,LF,"GEORGE HARMS CONSTRUCTION COMPANY, INC.",$30.00,"$3,000.00"
18142,142,0001,Roadway,0056,602099M,,RESET EXISTING CASTING,2,U,"J.F.CREAMER & SON A JOINT VENTURE WITH JOSEPH M. SANZARI,INC",$600.00,"$1,200.00"
18142,142,0001,Roadway,0056,602099M,,RESET EXISTING CASTING,2,U,"IEW CONSTRUCTION GROUP, INC.","$1,978.09","$3,956.18"
18142,142,0001,Roadway,0056,602099M,,RESET EXISTING CASTING,2,U,"ANSELMI & DECICCO, INC.","$1,000.00","$2,000.00"
18142,142,0001,Roadway,0056,602099M,,RESET EXISTING CASTING,2,U,"GEORGE HARMS CONSTRUCTION COMPANY, INC.",$500.00,"$1,000.00"
18142,142,0001,Roadway,0057,602105M,,"SET INLET TYPE B, CASTING",3,U,"J.F.CREAMER & SON A JOINT VENTURE WITH JOSEPH M. SANZARI,INC","$1,800.00","$5,400.00"
18142,142,0001,Roadway,0057,602105M,,"SET INLET TYPE B, CASTING",3,U,"IEW CONSTRUCTION GROUP, INC.","$2,822.88","$8,468.64"
18142,142,0001,Roadway,0057,602105M,,"SET INLET TYPE B, CASTING",3,U,"ANSELMI & DECICCO, INC.","$2,500.00","$7,500.00"
18142,142,0001,Roadway,0057,602105M,,"SET INLET TYPE B, CASTING",3,U,"GEORGE HARMS CONSTRUCTION COMPANY, INC.","$1,250.00","$3,750.00"
18142,142,0001,Roadway,0058,602108M,,"SET INLET TYPE E, CASTING",4,U,"J.F.CREAMER & SON A JOINT VENTURE WITH JOSEPH M. SANZARI,INC","$1,850.00","$7,400.00"
18142,142,0001,Roadway,0058,602108M,,"SET INLET TYPE E, CASTING",4,U,"IEW CONSTRUCTION GROUP, INC.","$2,875.31","$11,501.24"
18142,142,0001,Roadway,0058,602108M,,"SET INLET TYPE E, CASTING",4,U,"ANSELMI & DECICCO, INC.","$2,500.00","$10,000.00"
18142,142,0001,Roadway,0058,602108M,,"SET INLET TYPE E, CASTING",4,U,"GEORGE HARMS CONSTRUCTION COMPANY, INC.","$1,300.00","$5,200.00"
18142,142,0001,Roadway,0059,602114M,,SET MANHOLE CASTING,4,U,"J.F.CREAMER & SON A JOINT VENTURE WITH JOSEPH M. SANZARI,INC","$1,250.00","$5,000.00"
18142,142,0001,Roadway,0059,602114M,,SET MANHOLE CASTING,4,U,"IEW CONSTRUCTION GROUP, INC.","$2,345.14","$9,380.56"
18142,142,0001,Roadway,0059,602114M,,SET MANHOLE CASTING,4,U,"ANSELMI & DECICCO, INC.","$2,000.00","$8,000.00"
18142,142,0001,Roadway,0059,602114M,,SET MANHOLE CASTING,4,U,"GEORGE HARMS CONSTRUCTION COMPANY, INC.",$700.00,"$2,800.00"
18142,142,0003,Non Participating (Roadway),0060,602216M,,CLEANING DRAINAGE STRUCTURE,3,U,"J.F.CREAMER & SON A JOINT VENTURE WITH JOSEPH M. SANZARI,INC",$700.00,"$2,100.00"
18142,142,0003,Non Participating (Roadway),0060,602216M,,CLEANING DRAINAGE STRUCTURE,3,U,"IEW CONSTRUCTION GROUP, INC.",$407.83,"$1,223.49"
18142,142,0003,Non Participating (Roadway),0060,602216M,,CLEANING DRAINAGE STRUCTURE,3,U,"ANSELMI & DECICCO, INC.","$1,000.00","$3,000.00"
18142,142,0003,Non Participating (Roadway),0060,602216M,,CLEANING DRAINAGE STRUCTURE,3,U,"GEORGE HARMS CONSTRUCTION COMPANY, INC.",$800.00,"$2,400.00"
18142,142,0001,Roadway,0061,605045P,,"CHAIN-LINK FENCE, 6' HIGH",89,LF,"J.F.CREAMER & SON A JOINT VENTURE WITH JOSEPH M. SANZARI,INC",$40.00,"$3,560.00"
18142,142,0001,Roadway,0061,605045P,,"CHAIN-LINK FENCE, 6' HIGH",89,LF,"IEW CONSTRUCTION GROUP, INC.",$36.12,"$3,214.68"
18142,142,0001,Roadway,0061,605045P,,"CHAIN-LINK FENCE, 6' HIGH",89,LF,"ANSELMI & DECICCO, INC.",$55.00,"$4,895.00"
18142,142,0001,Roadway,0061,605045P,,"CHAIN-LINK FENCE, 6' HIGH",89,LF,"GEORGE HARMS CONSTRUCTION COMPANY, INC.",$110.00,"$9,790.00"
18142,142,0001,Roadway,0062,605168M,,"GATE, CHAIN-LINK FENCE, 24' WIDE",1,U,"J.F.CREAMER & SON A JOINT VENTURE WITH JOSEPH M. SANZARI,INC","$3,000.00","$3,000.00"
18142,142,0001,Roadway,0062,605168M,,"GATE, CHAIN-LINK FENCE, 24' WIDE",1,U,"IEW CONSTRUCTION GROUP, INC.","$3,262.62","$3,262.62"
18142,142,0001,Roadway,0062,605168M,,"GATE, CHAIN-LINK FENCE, 24' WIDE",1,U,"ANSELMI & DECICCO, INC.","$1,400.00","$1,400.00"
18142,142,0001,Roadway,0062,605168M,,"GATE, CHAIN-LINK FENCE, 24' WIDE",1,U,"GEORGE HARMS CONSTRUCTION COMPANY, INC.","$2,100.00","$2,100.00"
18142,142,0001,Roadway,0063,605212P,,RESET FENCE,167,LF,"J.F.CREAMER & SON A JOINT VENTURE WITH JOSEPH M. SANZARI,INC",$35.00,"$5,845.00"
18142,142,0001,Roadway,0063,605212P,,RESET FENCE,167,LF,"IEW CONSTRUCTION GROUP, INC.",$32.63,"$5,449.21"
18142,142,0001,Roadway,0063,605212P,,RESET FENCE,167,LF,"ANSELMI & DECICCO, INC.",$22.00,"$3,674.00"
18142,142,0001,Roadway,0063,605212P,,RESET FENCE,167,LF,"GEORGE HARMS CONSTRUCTION COMPANY, INC.",$65.00,"$10,855.00"
18142,142,0001,Roadway,0064,606006P,,"HOT MIX ASPHALT SIDEWALK, 5"" THICK",194,SY,"J.F.CREAMER & SON A JOINT VENTURE WITH JOSEPH M. SANZARI,INC",$55.00,"$10,670.00"
18142,142,0001,Roadway,0064,606006P,,"HOT MIX ASPHALT SIDEWALK, 5"" THICK",194,SY,"IEW CONSTRUCTION GROUP, INC.",$54.77,"$10,625.38"
18142,142,0001,Roadway,0064,606006P,,"HOT MIX ASPHALT SIDEWALK, 5"" THICK",194,SY,"ANSELMI & DECICCO, INC.",$100.00,"$19,400.00"
18142,142,0001,Roadway,0064,606006P,,"HOT MIX ASPHALT SIDEWALK, 5"" THICK",194,SY,"GEORGE HARMS CONSTRUCTION COMPANY, INC.",$65.00,"$12,610.00"
18142,142,0001,Roadway,0065,606012P,,"CONCRETE SIDEWALK, 4"" THICK",224,SY,"J.F.CREAMER & SON A JOINT VENTURE WITH JOSEPH M. SANZARI,INC",$85.00,"$19,040.00"
18142,142,0001,Roadway,0065,606012P,,"CONCRETE SIDEWALK, 4"" THICK",224,SY,"IEW CONSTRUCTION GROUP, INC.",$94.67,"$21,206.08"
18142,142,0001,Roadway,0065,606012P,,"CONCRETE SIDEWALK, 4"" THICK",224,SY,"ANSELMI & DECICCO, INC.",$125.00,"$28,000.00"
18142,142,0001,Roadway,0065,606012P,,"CONCRETE SIDEWALK, 4"" THICK",224,SY,"GEORGE HARMS CONSTRUCTION COMPANY, INC.",$95.00,"$21,280.00"
18142,142,0001,Roadway,0066,606039P,,"HOT MIX ASPHALT DRIVEWAY, 6"" THICK",40,SY,"J.F.CREAMER & SON A JOINT VENTURE WITH JOSEPH M. SANZARI,INC",$55.00,"$2,200.00"
18142,142,0001,Roadway,0066,606039P,,"HOT MIX ASPHALT DRIVEWAY, 6"" THICK",40,SY,"IEW CONSTRUCTION GROUP, INC.",$58.26,"$2,330.40"
18142,142,0001,Roadway,0066,606039P,,"HOT MIX ASPHALT DRIVEWAY, 6"" THICK",40,SY,"ANSELMI & DECICCO, INC.",$125.00,"$5,000.00"
18142,142,0001,Roadway,0066,606039P,,"HOT MIX ASPHALT DRIVEWAY, 6"" THICK",40,SY,"GEORGE HARMS CONSTRUCTION COMPANY, INC.",$80.00,"$3,200.00"
18142,142,0001,Roadway,0067,606051P,,"CONCRETE DRIVEWAY, 6"" THICK",55,SY,"J.F.CREAMER & SON A JOINT VENTURE WITH JOSEPH M. SANZARI,INC",$100.00,"$5,500.00"
18142,142,0001,Roadway,0067,606051P,,"CONCRETE DRIVEWAY, 6"" THICK",55,SY,"IEW CONSTRUCTION GROUP, INC.",$107.20,"$5,896.00"
18142,142,0001,Roadway,0067,606051P,,"CONCRETE DRIVEWAY, 6"" THICK",55,SY,"ANSELMI & DECICCO, INC.",$135.00,"$7,425.00"
18142,142,0001,Roadway,0067,606051P,,"CONCRETE DRIVEWAY, 6"" THICK",55,SY,"GEORGE HARMS CONSTRUCTION COMPANY, INC.",$105.00,"$5,775.00"
18142,142,0001,Roadway,0068,606084P,,DETECTABLE WARNING SURFACE,1,SY,"J.F.CREAMER & SON A JOINT VENTURE WITH JOSEPH M. SANZARI,INC",$300.00,$300.00
18142,142,0001,Roadway,0068,606084P,,DETECTABLE WARNING SURFACE,1,SY,"IEW CONSTRUCTION GROUP, INC.",$272.66,$272.66
18142,142,0001,Roadway,0068,606084P,,DETECTABLE WARNING SURFACE,1,SY,"ANSELMI & DECICCO, INC.",$400.00,$400.00
18142,142,0001,Roadway,0068,606084P,,DETECTABLE WARNING SURFACE,1,SY,"GEORGE HARMS CONSTRUCTION COMPANY, INC.",$260.00,$260.00
18142,142,0001,Roadway,0069,607018P,,"9"" X 16"" CONCRETE VERTICAL CURB",149,LF,"J.F.CREAMER & SON A JOINT VENTURE WITH JOSEPH M. SANZARI,INC",$40.00,"$5,960.00"
18142,142,0001,Roadway,0069,607018P,,"9"" X 16"" CONCRETE VERTICAL CURB",149,LF,"IEW CONSTRUCTION GROUP, INC.",$40.49,"$6,033.01"
18142,142,0001,Roadway,0069,607018P,,"9"" X 16"" CONCRETE VERTICAL CURB",149,LF,"ANSELMI & DECICCO, INC.",$55.00,"$8,195.00"
18142,142,0001,Roadway,0069,607018P,,"9"" X 16"" CONCRETE VERTICAL CURB",149,LF,"GEORGE HARMS CONSTRUCTION COMPANY, INC.",$40.00,"$5,960.00"
18142,142,0001,Roadway,0070,607021P,,"9"" X 18"" CONCRETE VERTICAL CURB",210,LF,"J.F.CREAMER & SON A JOINT VENTURE WITH JOSEPH M. SANZARI,INC",$41.00,"$8,610.00"
18142,142,0001,Roadway,0070,607021P,,"9"" X 18"" CONCRETE VERTICAL CURB",210,LF,"IEW CONSTRUCTION GROUP, INC.",$40.78,"$8,563.80"
18142,142,0001,Roadway,0070,607021P,,"9"" X 18"" CONCRETE VERTICAL CURB",210,LF,"ANSELMI & DECICCO, INC.",$55.00,"$11,550.00"
18142,142,0001,Roadway,0070,607021P,,"9"" X 18"" CONCRETE VERTICAL CURB",210,LF,"GEORGE HARMS CONSTRUCTION COMPANY, INC.",$40.00,"$8,400.00"
18142,142,0001,Roadway,0071,607034P,,"9"" X 14"" CONCRETE VERTICAL CURB",160,LF,"J.F.CREAMER & SON A JOINT VENTURE WITH JOSEPH M. SANZARI,INC",$39.00,"$6,240.00"
18142,142,0001,Roadway,0071,607034P,,"9"" X 14"" CONCRETE VERTICAL CURB",160,LF,"IEW CONSTRUCTION GROUP, INC.",$37.87,"$6,059.20"
18142,142,0001,Roadway,0071,607034P,,"9"" X 14"" CONCRETE VERTICAL CURB",160,LF,"ANSELMI & DECICCO, INC.",$55.00,"$8,800.00"
18142,142,0001,Roadway,0071,607034P,,"9"" X 14"" CONCRETE VERTICAL CURB",160,LF,"GEORGE HARMS CONSTRUCTION COMPANY, INC.",$38.00,"$6,080.00"
18142,142,0001,Roadway,0072,608003P,,"NONVEGETATIVE SURFACE, HOT MIX ASPHALT",77,SY,"J.F.CREAMER & SON A JOINT VENTURE WITH JOSEPH M. SANZARI,INC",$40.00,"$3,080.00"
18142,142,0001,Roadway,0072,608003P,,"NONVEGETATIVE SURFACE, HOT MIX ASPHALT",77,SY,"IEW CONSTRUCTION GROUP, INC.",$58.26,"$4,486.02"
18142,142,0001,Roadway,0072,608003P,,"NONVEGETATIVE SURFACE, HOT MIX ASPHALT",77,SY,"ANSELMI & DECICCO, INC.",$55.00,"$4,235.00"
18142,142,0001,Roadway,0072,608003P,,"NONVEGETATIVE SURFACE, HOT MIX ASPHALT",77,SY,"GEORGE HARMS CONSTRUCTION COMPANY, INC.",$70.00,"$5,390.00"
18142,142,0001,Roadway,0073,609027M,,TANGENT GUIDE RAIL TERMINAL,1,U,"J.F.CREAMER & SON A JOINT VENTURE WITH JOSEPH M. SANZARI,INC","$6,000.00","$6,000.00"
18142,142,0001,Roadway,0073,609027M,,TANGENT GUIDE RAIL TERMINAL,1,U,"IEW CONSTRUCTION GROUP, INC.","$7,107.84","$7,107.84"
18142,142,0001,Roadway,0073,609027M,,TANGENT GUIDE RAIL TERMINAL,1,U,"ANSELMI & DECICCO, INC.","$5,000.00","$5,000.00"
18142,142,0001,Roadway,0073,609027M,,TANGENT GUIDE RAIL TERMINAL,1,U,"GEORGE HARMS CONSTRUCTION COMPANY, INC.","$4,100.00","$4,100.00"
18142,142,0001,Roadway,0074,609058M,,APPROACH GUIDE RAIL TRANSITION TL-2,1,U,"J.F.CREAMER & SON A JOINT VENTURE WITH JOSEPH M. SANZARI,INC","$6,000.00","$6,000.00"
18142,142,0001,Roadway,0074,609058M,,APPROACH GUIDE RAIL TRANSITION TL-2,1,U,"IEW CONSTRUCTION GROUP, INC.","$5,709.58","$5,709.58"
18142,142,0001,Roadway,0074,609058M,,APPROACH GUIDE RAIL TRANSITION TL-2,1,U,"ANSELMI & DECICCO, INC.","$5,000.00","$5,000.00"
18142,142,0001,Roadway,0074,609058M,,APPROACH GUIDE RAIL TRANSITION TL-2,1,U,"GEORGE HARMS CONSTRUCTION COMPANY, INC.","$3,900.00","$3,900.00"
18142,142,0001,Roadway,0075,610003M,,"TRAFFIC STRIPES, 4""","10,300",LF,"J.F.CREAMER & SON A JOINT VENTURE WITH JOSEPH M. SANZARI,INC",$0.50,"$5,150.00"
18142,142,0001,Roadway,0075,610003M,,"TRAFFIC STRIPES, 4""","10,300",LF,"IEW CONSTRUCTION GROUP, INC.",$0.47,"$4,841.00"
18142,142,0001,Roadway,0075,610003M,,"TRAFFIC STRIPES, 4""","10,300",LF,"ANSELMI & DECICCO, INC.",$0.70,"$7,210.00"
18142,142,0001,Roadway,0075,610003M,,"TRAFFIC STRIPES, 4""","10,300",LF,"GEORGE HARMS CONSTRUCTION COMPANY, INC.",$0.45,"$4,635.00"
18142,142,0001,Roadway,0076,610006M,,"TRAFFIC STRIPES, 6""","1,300",LF,"J.F.CREAMER & SON A JOINT VENTURE WITH JOSEPH M. SANZARI,INC",$0.70,$910.00
18142,142,0001,Roadway,0076,610006M,,"TRAFFIC STRIPES, 6""","1,300",LF,"IEW CONSTRUCTION GROUP, INC.",$0.70,$910.00
18142,142,0001,Roadway,0076,610006M,,"TRAFFIC STRIPES, 6""","1,300",LF,"ANSELMI & DECICCO, INC.",$0.80,"$1,040.00"
18142,142,0001,Roadway,0076,610006M,,"TRAFFIC STRIPES, 6""","1,300",LF,"GEORGE HARMS CONSTRUCTION COMPANY, INC.",$0.65,$845.00
18142,142,0001,Roadway,0077,610007M,,"TRAFFIC STRIPES, 8""",100,LF,"J.F.CREAMER & SON A JOINT VENTURE WITH JOSEPH M. SANZARI,INC",$2.30,$230.00
18142,142,0001,Roadway,0077,610007M,,"TRAFFIC STRIPES, 8""",100,LF,"IEW CONSTRUCTION GROUP, INC.",$0.93,$93.00
18142,142,0001,Roadway,0077,610007M,,"TRAFFIC STRIPES, 8""",100,LF,"ANSELMI & DECICCO, INC.",$2.00,$200.00
18142,142,0001,Roadway,0077,610007M,,"TRAFFIC STRIPES, 8""",100,LF,"GEORGE HARMS CONSTRUCTION COMPANY, INC.",$0.90,$90.00
18142,142,0001,Roadway,0078,610008M,,"TRAFFIC MARKINGS, SYMBOLS",110,SF,"J.F.CREAMER & SON A JOINT VENTURE WITH JOSEPH M. SANZARI,INC",$6.00,$660.00
18142,142,0001,Roadway,0078,610008M,,"TRAFFIC MARKINGS, SYMBOLS",110,SF,"IEW CONSTRUCTION GROUP, INC.",$8.16,$897.60
18142,142,0001,Roadway,0078,610008M,,"TRAFFIC MARKINGS, SYMBOLS",110,SF,"ANSELMI & DECICCO, INC.",$20.00,"$2,200.00"
18142,142,0001,Roadway,0078,610008M,,"TRAFFIC MARKINGS, SYMBOLS",110,SF,"GEORGE HARMS CONSTRUCTION COMPANY, INC.",$7.50,$825.00
18142,142,0001,Roadway,0079,610009M,,TRAFFIC MARKINGS,50,SF,"J.F.CREAMER & SON A JOINT VENTURE WITH JOSEPH M. SANZARI,INC",$4.00,$200.00
18142,142,0001,Roadway,0079,610009M,,TRAFFIC MARKINGS,50,SF,"IEW CONSTRUCTION GROUP, INC.",$3.50,$175.00
18142,142,0001,Roadway,0079,610009M,,TRAFFIC MARKINGS,50,SF,"ANSELMI & DECICCO, INC.",$20.00,"$1,000.00"
18142,142,0001,Roadway,0079,610009M,,TRAFFIC MARKINGS,50,SF,"GEORGE HARMS CONSTRUCTION COMPANY, INC.",$3.25,$162.50
18142,142,0001,Roadway,0080,610016M,,"TRAFFIC MARKING LINES, 12""",100,LF,"J.F.CREAMER & SON A JOINT VENTURE WITH JOSEPH M. SANZARI,INC",$4.00,$400.00
18142,142,0001,Roadway,0080,610016M,,"TRAFFIC MARKING LINES, 12""",100,LF,"IEW CONSTRUCTION GROUP, INC.",$3.50,$350.00
18142,142,0001,Roadway,0080,610016M,,"TRAFFIC MARKING LINES, 12""",100,LF,"ANSELMI & DECICCO, INC.",$6.00,$600.00
18142,142,0001,Roadway,0080,610016M,,"TRAFFIC MARKING LINES, 12""",100,LF,"GEORGE HARMS CONSTRUCTION COMPANY, INC.",$3.25,$325.00
18142,142,0001,Roadway,0081,610017M,,"TRAFFIC MARKING LINES, 24""",300,LF,"J.F.CREAMER & SON A JOINT VENTURE WITH JOSEPH M. SANZARI,INC",$6.50,"$1,950.00"
18142,142,0001,Roadway,0081,610017M,,"TRAFFIC MARKING LINES, 24""",300,LF,"IEW CONSTRUCTION GROUP, INC.",$6.99,"$2,097.00"
18142,142,0001,Roadway,0081,610017M,,"TRAFFIC MARKING LINES, 24""",300,LF,"ANSELMI & DECICCO, INC.",$9.00,"$2,700.00"
18142,142,0001,Roadway,0081,610017M,,"TRAFFIC MARKING LINES, 24""",300,LF,"GEORGE HARMS CONSTRUCTION COMPANY, INC.",$6.50,"$1,950.00"
18142,142,0001,Roadway,0082,610021M,,"RPM, BI-DIRECTIONAL, AMBER LENS",7,U,"J.F.CREAMER & SON A JOINT VENTURE WITH JOSEPH M. SANZARI,INC",$150.00,"$1,050.00"
18142,142,0001,Roadway,0082,610021M,,"RPM, BI-DIRECTIONAL, AMBER LENS",7,U,"IEW CONSTRUCTION GROUP, INC.",$413.65,"$2,895.55"
18142,142,0001,Roadway,0082,610021M,,"RPM, BI-DIRECTIONAL, AMBER LENS",7,U,"ANSELMI & DECICCO, INC.",$250.00,"$1,750.00"
18142,142,0001,Roadway,0082,610021M,,"RPM, BI-DIRECTIONAL, AMBER LENS",7,U,"GEORGE HARMS CONSTRUCTION COMPANY, INC.",$375.00,"$2,625.00"
18142,142,0001,Roadway,0083,610024M,,REMOVAL OF RPM,10,U,"J.F.CREAMER & SON A JOINT VENTURE WITH JOSEPH M. SANZARI,INC",$15.00,$150.00
18142,142,0001,Roadway,0083,610024M,,REMOVAL OF RPM,10,U,"IEW CONSTRUCTION GROUP, INC.",$54.99,$549.90
18142,142,0001,Roadway,0083,610024M,,REMOVAL OF RPM,10,U,"ANSELMI & DECICCO, INC.",$100.00,"$1,000.00"
18142,142,0001,Roadway,0083,610024M,,REMOVAL OF RPM,10,U,"GEORGE HARMS CONSTRUCTION COMPANY, INC.",$20.00,$200.00
18142,142,0001,Roadway,0084,610036M,,REMOVAL OF TRAFFIC STRIPES,"10,900",LF,"J.F.CREAMER & SON A JOINT VENTURE WITH JOSEPH M. SANZARI,INC",$0.60,"$6,540.00"
18142,142,0001,Roadway,0084,610036M,,REMOVAL OF TRAFFIC STRIPES,"10,900",LF,"IEW CONSTRUCTION GROUP, INC.",$0.87,"$9,483.00"
18142,142,0001,Roadway,0084,610036M,,REMOVAL OF TRAFFIC STRIPES,"10,900",LF,"ANSELMI & DECICCO, INC.",$0.75,"$8,175.00"
18142,142,0001,Roadway,0084,610036M,,REMOVAL OF TRAFFIC STRIPES,"10,900",LF,"GEORGE HARMS CONSTRUCTION COMPANY, INC.",$0.80,"$8,720.00"
18142,142,0001,Roadway,0085,610039M,,REMOVAL OF TRAFFIC MARKINGS,50,SF,"J.F.CREAMER & SON A JOINT VENTURE WITH JOSEPH M. SANZARI,INC",$3.00,$150.00
18142,142,0001,Roadway,0085,610039M,,REMOVAL OF TRAFFIC MARKINGS,50,SF,"IEW CONSTRUCTION GROUP, INC.",$3.50,$175.00
18142,142,0001,Roadway,0085,610039M,,REMOVAL OF TRAFFIC MARKINGS,50,SF,"ANSELMI & DECICCO, INC.",$6.00,$300.00
18142,142,0001,Roadway,0085,610039M,,REMOVAL OF TRAFFIC MARKINGS,50,SF,"GEORGE HARMS CONSTRUCTION COMPANY, INC.",$3.25,$162.50
18142,142,0001,Roadway,0086,611300M,,"CRASH CUSHION, COMPRESSIVE BARRIER, TYPE 2, WIDTH NARROW",1,U,"J.F.CREAMER & SON A JOINT VENTURE WITH JOSEPH M. SANZARI,INC","$35,000.00","$35,000.00"
18142,142,0001,Roadway,0086,611300M,,"CRASH CUSHION, COMPRESSIVE BARRIER, TYPE 2, WIDTH NARROW",1,U,"IEW CONSTRUCTION GROUP, INC.","$47,191.43","$47,191.43"
18142,142,0001,Roadway,0086,611300M,,"CRASH CUSHION, COMPRESSIVE BARRIER, TYPE 2, WIDTH NARROW",1,U,"ANSELMI & DECICCO, INC.","$20,000.00","$20,000.00"
18142,142,0001,Roadway,0086,611300M,,"CRASH CUSHION, COMPRESSIVE BARRIER, TYPE 2, WIDTH NARROW",1,U,"GEORGE HARMS CONSTRUCTION COMPANY, INC.","$27,500.00","$27,500.00"
18142,142,0001,Roadway,0087,612003P,,REGULATORY AND WARNING SIGN,71,SF,"J.F.CREAMER & SON A JOINT VENTURE WITH JOSEPH M. SANZARI,INC",$40.00,"$2,840.00"
18142,142,0001,Roadway,0087,612003P,,REGULATORY AND WARNING SIGN,71,SF,"IEW CONSTRUCTION GROUP, INC.",$72.24,"$5,129.04"
18142,142,0001,Roadway,0087,612003P,,REGULATORY AND WARNING SIGN,71,SF,"ANSELMI & DECICCO, INC.",$65.00,"$4,615.00"
18142,142,0001,Roadway,0087,612003P,,REGULATORY AND WARNING SIGN,71,SF,"GEORGE HARMS CONSTRUCTION COMPANY, INC.",$39.00,"$2,769.00"
18142,142,0001,Roadway,0088,612006P,,"GUIDE SIGN, TYPE GA, STEEL ""U"" POST SUPPORTS",61,SF,"J.F.CREAMER & SON A JOINT VENTURE WITH JOSEPH M. SANZARI,INC",$40.00,"$2,440.00"
18142,142,0001,Roadway,0088,612006P,,"GUIDE SIGN, TYPE GA, STEEL ""U"" POST SUPPORTS",61,SF,"IEW CONSTRUCTION GROUP, INC.",$38.45,"$2,345.45"
18142,142,0001,Roadway,0088,612006P,,"GUIDE SIGN, TYPE GA, STEEL ""U"" POST SUPPORTS",61,SF,"ANSELMI & DECICCO, INC.",$30.00,"$1,830.00"
18142,142,0001,Roadway,0088,612006P,,"GUIDE SIGN, TYPE GA, STEEL ""U"" POST SUPPORTS",61,SF,"GEORGE HARMS CONSTRUCTION COMPANY, INC.",$51.00,"$3,111.00"
18142,142,0001,Roadway,0089,612021M,,RELOCATE SIGN,1,U,"J.F.CREAMER & SON A JOINT VENTURE WITH JOSEPH M. SANZARI,INC",$700.00,$700.00
18142,142,0001,Roadway,0089,612021M,,RELOCATE SIGN,1,U,"IEW CONSTRUCTION GROUP, INC.",$728.26,$728.26
18142,142,0001,Roadway,0089,612021M,,RELOCATE SIGN,1,U,"ANSELMI & DECICCO, INC.",$600.00,$600.00
18142,142,0001,Roadway,0089,612021M,,RELOCATE SIGN,1,U,"GEORGE HARMS CONSTRUCTION COMPANY, INC.",$265.00,$265.00
18142,142,0001,Roadway,0090,612024M,,RESET SIGN USING EXISTING POSTS,8,U,"J.F.CREAMER & SON A JOINT VENTURE WITH JOSEPH M. SANZARI,INC",$200.00,"$1,600.00"
18142,142,0001,Roadway,0090,612024M,,RESET SIGN USING EXISTING POSTS,8,U,"IEW CONSTRUCTION GROUP, INC.",$349.57,"$2,796.56"
18142,142,0001,Roadway,0090,612024M,,RESET SIGN USING EXISTING POSTS,8,U,"ANSELMI & DECICCO, INC.",$290.00,"$2,320.00"
18142,142,0001,Roadway,0090,612024M,,RESET SIGN USING EXISTING POSTS,8,U,"GEORGE HARMS CONSTRUCTION COMPANY, INC.",$265.00,"$2,120.00"
18142,142,0001,Roadway,0091,651064P,,"12"" DUCTILE IRON WATER PIPE, CLASS 54",195,LF,"J.F.CREAMER & SON A JOINT VENTURE WITH JOSEPH M. SANZARI,INC",$375.00,"$73,125.00"
18142,142,0001,Roadway,0091,651064P,,"12"" DUCTILE IRON WATER PIPE, CLASS 54",195,LF,"IEW CONSTRUCTION GROUP, INC.",$341.08,"$66,510.60"
18142,142,0001,Roadway,0091,651064P,,"12"" DUCTILE IRON WATER PIPE, CLASS 54",195,LF,"ANSELMI & DECICCO, INC.",$250.00,"$48,750.00"
18142,142,0001,Roadway,0091,651064P,,"12"" DUCTILE IRON WATER PIPE, CLASS 54",195,LF,"GEORGE HARMS CONSTRUCTION COMPANY, INC.",$300.00,"$58,500.00"
18142,142,0001,Roadway,0092,651146P,,"12"" DUCTILE IRON WATER PIPE BRIDGE, CLASS 54",160,LF,"J.F.CREAMER & SON A JOINT VENTURE WITH JOSEPH M. SANZARI,INC",$800.00,"$128,000.00"
18142,142,0001,Roadway,0092,651146P,,"12"" DUCTILE IRON WATER PIPE BRIDGE, CLASS 54",160,LF,"IEW CONSTRUCTION GROUP, INC.","$1,182.66","$189,225.60"
18142,142,0001,Roadway,0092,651146P,,"12"" DUCTILE IRON WATER PIPE BRIDGE, CLASS 54",160,LF,"ANSELMI & DECICCO, INC.",$350.00,"$56,000.00"
18142,142,0001,Roadway,0092,651146P,,"12"" DUCTILE IRON WATER PIPE BRIDGE, CLASS 54",160,LF,"GEORGE HARMS CONSTRUCTION COMPANY, INC.","$1,050.00","$168,000.00"
18142,142,0001,Roadway,0093,651246M,,FIRE HYDRANT,1,U,"J.F.CREAMER & SON A JOINT VENTURE WITH JOSEPH M. SANZARI,INC","$11,900.00","$11,900.00"
18142,142,0001,Roadway,0093,651246M,,FIRE HYDRANT,1,U,"IEW CONSTRUCTION GROUP, INC.","$10,852.45","$10,852.45"
18142,142,0001,Roadway,0093,651246M,,FIRE HYDRANT,1,U,"ANSELMI & DECICCO, INC.","$15,000.00","$15,000.00"
18142,142,0001,Roadway,0093,651246M,,FIRE HYDRANT,1,U,"GEORGE HARMS CONSTRUCTION COMPANY, INC.","$11,100.00","$11,100.00"
18142,142,0001,Roadway,0094,651255M,,RESET WATER VALVE BOX,6,U,"J.F.CREAMER & SON A JOINT VENTURE WITH JOSEPH M. SANZARI,INC",$350.00,"$2,100.00"
18142,142,0001,Roadway,0094,651255M,,RESET WATER VALVE BOX,6,U,"IEW CONSTRUCTION GROUP, INC.","$1,894.20","$11,365.20"
18142,142,0001,Roadway,0094,651255M,,RESET WATER VALVE BOX,6,U,"ANSELMI & DECICCO, INC.",$400.00,"$2,400.00"
18142,142,0001,Roadway,0094,651255M,,RESET WATER VALVE BOX,6,U,"GEORGE HARMS CONSTRUCTION COMPANY, INC.",$375.00,"$2,250.00"
18142,142,0001,Roadway,0095,651261M,,INSERTION VALVES AND BOXES,2,U,"J.F.CREAMER & SON A JOINT VENTURE WITH JOSEPH M. SANZARI,INC","$20,250.00","$40,500.00"
18142,142,0001,Roadway,0095,651261M,,INSERTION VALVES AND BOXES,2,U,"IEW CONSTRUCTION GROUP, INC.","$17,530.88","$35,061.76"
18142,142,0001,Roadway,0095,651261M,,INSERTION VALVES AND BOXES,2,U,"ANSELMI & DECICCO, INC.","$25,000.00","$50,000.00"
18142,142,0001,Roadway,0095,651261M,,INSERTION VALVES AND BOXES,2,U,"GEORGE HARMS CONSTRUCTION COMPANY, INC.","$17,500.00","$35,000.00"
18142,142,0001,Roadway,0096,653012P,,"8"" GAS MAIN",215,LF,"J.F.CREAMER & SON A JOINT VENTURE WITH JOSEPH M. SANZARI,INC",$725.00,"$155,875.00"
18142,142,0001,Roadway,0096,653012P,,"8"" GAS MAIN",215,LF,"IEW CONSTRUCTION GROUP, INC.",$268.00,"$57,620.00"
18142,142,0001,Roadway,0096,653012P,,"8"" GAS MAIN",215,LF,"ANSELMI & DECICCO, INC.",$225.00,"$48,375.00"
18142,142,0001,Roadway,0096,653012P,,"8"" GAS MAIN",215,LF,"GEORGE HARMS CONSTRUCTION COMPANY, INC.",$250.00,"$53,750.00"
18142,142,0001,Roadway,0097,653051P,,"8"" GAS MAIN, BRIDGE",160,LF,"J.F.CREAMER & SON A JOINT VENTURE WITH JOSEPH M. SANZARI,INC",$725.00,"$116,000.00"
18142,142,0001,Roadway,0097,653051P,,"8"" GAS MAIN, BRIDGE",160,LF,"IEW CONSTRUCTION GROUP, INC.",$314.61,"$50,337.60"
18142,142,0001,Roadway,0097,653051P,,"8"" GAS MAIN, BRIDGE",160,LF,"ANSELMI & DECICCO, INC.",$275.00,"$44,000.00"
18142,142,0001,Roadway,0097,653051P,,"8"" GAS MAIN, BRIDGE",160,LF,"GEORGE HARMS CONSTRUCTION COMPANY, INC.",$280.00,"$44,800.00"
18142,142,0001,Roadway,0098,653081M,,GAS SERVICE CONNECTION,1,U,"J.F.CREAMER & SON A JOINT VENTURE WITH JOSEPH M. SANZARI,INC","$5,000.00","$5,000.00"
18142,142,0001,Roadway,0098,653081M,,GAS SERVICE CONNECTION,1,U,"IEW CONSTRUCTION GROUP, INC.","$7,340.89","$7,340.89"
18142,142,0001,Roadway,0098,653081M,,GAS SERVICE CONNECTION,1,U,"ANSELMI & DECICCO, INC.","$6,000.00","$6,000.00"
18142,142,0001,Roadway,0098,653081M,,GAS SERVICE CONNECTION,1,U,"GEORGE HARMS CONSTRUCTION COMPANY, INC.","$3,800.00","$3,800.00"
18142,142,0001,Roadway,0099,653084M,,RESET GAS VALVE BOX,4,U,"J.F.CREAMER & SON A JOINT VENTURE WITH JOSEPH M. SANZARI,INC",$400.00,"$1,600.00"
18142,142,0001,Roadway,0099,653084M,,RESET GAS VALVE BOX,4,U,"IEW CONSTRUCTION GROUP, INC.","$1,894.20","$7,576.80"
18142,142,0001,Roadway,0099,653084M,,RESET GAS VALVE BOX,4,U,"ANSELMI & DECICCO, INC.","$2,400.00","$9,600.00"
18142,142,0001,Roadway,0099,653084M,,RESET GAS VALVE BOX,4,U,"GEORGE HARMS CONSTRUCTION COMPANY, INC.","$1,600.00","$6,400.00"
18142,142,0001,Roadway,0100,653091M,,"GAS MAIN INSTALLATION, BORROW EXCAVATION, SELECTED MATERIAL",625,CY,"J.F.CREAMER & SON A JOINT VENTURE WITH JOSEPH M. SANZARI,INC",$1.00,$625.00
18142,142,0001,Roadway,0100,653091M,,"GAS MAIN INSTALLATION, BORROW EXCAVATION, SELECTED MATERIAL",625,CY,"IEW CONSTRUCTION GROUP, INC.",$41.95,"$26,218.75"
18142,142,0001,Roadway,0100,653091M,,"GAS MAIN INSTALLATION, BORROW EXCAVATION, SELECTED MATERIAL",625,CY,"ANSELMI & DECICCO, INC.",$35.00,"$21,875.00"
18142,142,0001,Roadway,0100,653091M,,"GAS MAIN INSTALLATION, BORROW EXCAVATION, SELECTED MATERIAL",625,CY,"GEORGE HARMS CONSTRUCTION COMPANY, INC.",$72.00,"$45,000.00"
18142,142,0001,Roadway,0101,653096M,,GAS EXPANSION CHAMBER,1,U,"J.F.CREAMER & SON A JOINT VENTURE WITH JOSEPH M. SANZARI,INC","$10,000.00","$10,000.00"
18142,142,0001,Roadway,0101,653096M,,GAS EXPANSION CHAMBER,1,U,"IEW CONSTRUCTION GROUP, INC.","$21,789.62","$21,789.62"
18142,142,0001,Roadway,0101,653096M,,GAS EXPANSION CHAMBER,1,U,"ANSELMI & DECICCO, INC.","$20,000.00","$20,000.00"
18142,142,0001,Roadway,0101,653096M,,GAS EXPANSION CHAMBER,1,U,"GEORGE HARMS CONSTRUCTION COMPANY, INC.","$19,500.00","$19,500.00"
18142,142,0001,Roadway,0102,654003P,,ELECTRICAL CONDUIT,"5,520",LF,"J.F.CREAMER & SON A JOINT VENTURE WITH JOSEPH M. SANZARI,INC",$5.00,"$27,600.00"
18142,142,0001,Roadway,0102,654003P,,ELECTRICAL CONDUIT,"5,520",LF,"IEW CONSTRUCTION GROUP, INC.",$20.10,"$110,952.00"
18142,142,0001,Roadway,0102,654003P,,ELECTRICAL CONDUIT,"5,520",LF,"ANSELMI & DECICCO, INC.",$16.00,"$88,320.00"
18142,142,0001,Roadway,0102,654003P,,ELECTRICAL CONDUIT,"5,520",LF,"GEORGE HARMS CONSTRUCTION COMPANY, INC.",$18.00,"$99,360.00"
18142,142,0001,Roadway,0103,654012P,,CONCRETE ENCASED DUCT BANK,300,LF,"J.F.CREAMER & SON A JOINT VENTURE WITH JOSEPH M. SANZARI,INC",$770.00,"$231,000.00"
18142,142,0001,Roadway,0103,654012P,,CONCRETE ENCASED DUCT BANK,300,LF,"IEW CONSTRUCTION GROUP, INC.",$297.13,"$89,139.00"
18142,142,0001,Roadway,0103,654012P,,CONCRETE ENCASED DUCT BANK,300,LF,"ANSELMI & DECICCO, INC.",$250.00,"$75,000.00"
18142,142,0001,Roadway,0103,654012P,,CONCRETE ENCASED DUCT BANK,300,LF,"GEORGE HARMS CONSTRUCTION COMPANY, INC.",$270.00,"$81,000.00"
18142,142,0001,Roadway,0104,654029M,,RESET ELECTRIC MANHOLE,2,U,"J.F.CREAMER & SON A JOINT VENTURE WITH JOSEPH M. SANZARI,INC","$2,000.00","$4,000.00"
18142,142,0001,Roadway,0104,654029M,,RESET ELECTRIC MANHOLE,2,U,"IEW CONSTRUCTION GROUP, INC.","$1,747.83","$3,495.66"
18142,142,0001,Roadway,0104,654029M,,RESET ELECTRIC MANHOLE,2,U,"ANSELMI & DECICCO, INC.","$1,600.00","$3,200.00"
18142,142,0001,Roadway,0104,654029M,,RESET ELECTRIC MANHOLE,2,U,"GEORGE HARMS CONSTRUCTION COMPANY, INC.","$1,600.00","$3,200.00"
18142,142,0001,Roadway,0105,655007P,,TELEPHONE UTILITY RELOCATION,1,LS,"J.F.CREAMER & SON A JOINT VENTURE WITH JOSEPH M. SANZARI,INC","$698,000.00","$698,000.00"
18142,142,0001,Roadway,0105,655007P,,TELEPHONE UTILITY RELOCATION,1,LS,"IEW CONSTRUCTION GROUP, INC.","$700,000.00","$700,000.00"
18142,142,0001,Roadway,0105,655007P,,TELEPHONE UTILITY RELOCATION,1,LS,"ANSELMI & DECICCO, INC.","$730,000.00","$730,000.00"
18142,142,0001,Roadway,0105,655007P,,TELEPHONE UTILITY RELOCATION,1,LS,"GEORGE HARMS CONSTRUCTION COMPANY, INC.","$879,000.00","$879,000.00"
18142,142,0001,Roadway,0106,655020P,,FIBER OPTIC UTILITY RELOCATION,260,LF,"J.F.CREAMER & SON A JOINT VENTURE WITH JOSEPH M. SANZARI,INC",$50.00,"$13,000.00"
18142,142,0001,Roadway,0106,655020P,,FIBER OPTIC UTILITY RELOCATION,260,LF,"IEW CONSTRUCTION GROUP, INC.",$0.01,$2.60
18142,142,0001,Roadway,0106,655020P,,FIBER OPTIC UTILITY RELOCATION,260,LF,"ANSELMI & DECICCO, INC.",$1.00,$260.00
18142,142,0001,Roadway,0106,655020P,,FIBER OPTIC UTILITY RELOCATION,260,LF,"GEORGE HARMS CONSTRUCTION COMPANY, INC.","$1,400.00","$364,000.00"
18142,142,0005,General Landscape,0107,804006P,,"TOPSOILING, 4"" THICK",255,SY,"J.F.CREAMER & SON A JOINT VENTURE WITH JOSEPH M. SANZARI,INC",$4.00,"$1,020.00"
18142,142,0005,General Landscape,0107,804006P,,"TOPSOILING, 4"" THICK",255,SY,"IEW CONSTRUCTION GROUP, INC.",$11.65,"$2,970.75"
18142,142,0005,General Landscape,0107,804006P,,"TOPSOILING, 4"" THICK",255,SY,"ANSELMI & DECICCO, INC.",$10.00,"$2,550.00"
18142,142,0005,General Landscape,0107,804006P,,"TOPSOILING, 4"" THICK",255,SY,"GEORGE HARMS CONSTRUCTION COMPANY, INC.",$15.00,"$3,825.00"
18142,142,0005,General Landscape,0108,804015P,,BORROW TOPSOIL,55,CY,"J.F.CREAMER & SON A JOINT VENTURE WITH JOSEPH M. SANZARI,INC",$65.00,"$3,575.00"
18142,142,0005,General Landscape,0108,804015P,,BORROW TOPSOIL,55,CY,"IEW CONSTRUCTION GROUP, INC.",$58.26,"$3,204.30"
18142,142,0005,General Landscape,0108,804015P,,BORROW TOPSOIL,55,CY,"ANSELMI & DECICCO, INC.",$45.00,"$2,475.00"
18142,142,0005,General Landscape,0108,804015P,,BORROW TOPSOIL,55,CY,"GEORGE HARMS CONSTRUCTION COMPANY, INC.",$55.00,"$3,025.00"
18142,142,0005,General Landscape,0109,806006P,,"FERTILIZING AND SEEDING, TYPE A-3",255,SY,"J.F.CREAMER & SON A JOINT VENTURE WITH JOSEPH M. SANZARI,INC",$4.00,"$1,020.00"
18142,142,0005,General Landscape,0109,806006P,,"FERTILIZING AND SEEDING, TYPE A-3",255,SY,"IEW CONSTRUCTION GROUP, INC.",$5.83,"$1,486.65"
18142,142,0005,General Landscape,0109,806006P,,"FERTILIZING AND SEEDING, TYPE A-3",255,SY,"ANSELMI & DECICCO, INC.",$1.00,$255.00
18142,142,0005,General Landscape,0109,806006P,,"FERTILIZING AND SEEDING, TYPE A-3",255,SY,"GEORGE HARMS CONSTRUCTION COMPANY, INC.",$2.50,$637.50
18142,142,0005,General Landscape,0110,809003M,,STRAW MULCHING,255,SY,"J.F.CREAMER & SON A JOINT VENTURE WITH JOSEPH M. SANZARI,INC",$4.00,"$1,020.00"
18142,142,0005,General Landscape,0110,809003M,,STRAW MULCHING,255,SY,"IEW CONSTRUCTION GROUP, INC.",$5.83,"$1,486.65"
18142,142,0005,General Landscape,0110,809003M,,STRAW MULCHING,255,SY,"ANSELMI & DECICCO, INC.",$1.00,$255.00
18142,142,0005,General Landscape,0110,809003M,,STRAW MULCHING,255,SY,"GEORGE HARMS CONSTRUCTION COMPANY, INC.",$2.50,$637.50
18142,142,0006,Bridge - No. 0907-152,0111,162003M,,CONDITION SURVEY,1,U,"J.F.CREAMER & SON A JOINT VENTURE WITH JOSEPH M. SANZARI,INC","$12,000.00","$12,000.00"
18142,142,0006,Bridge - No. 0907-152,0111,162003M,,CONDITION SURVEY,1,U,"IEW CONSTRUCTION GROUP, INC.","$12,491.16","$12,491.16"
18142,142,0006,Bridge - No. 0907-152,0111,162003M,,CONDITION SURVEY,1,U,"ANSELMI & DECICCO, INC.","$20,000.00","$20,000.00"
18142,142,0006,Bridge - No. 0907-152,0111,162003M,,CONDITION SURVEY,1,U,"GEORGE HARMS CONSTRUCTION COMPANY, INC.","$17,500.00","$17,500.00"
18142,142,0006,Bridge - No. 0907-152,0112,162005P,,VIBRATION MONITORING,1,LS,"J.F.CREAMER & SON A JOINT VENTURE WITH JOSEPH M. SANZARI,INC","$95,000.00","$95,000.00"
18142,142,0006,Bridge - No. 0907-152,0112,162005P,,VIBRATION MONITORING,1,LS,"IEW CONSTRUCTION GROUP, INC.","$103,859.59","$103,859.59"
18142,142,0006,Bridge - No. 0907-152,0112,162005P,,VIBRATION MONITORING,1,LS,"ANSELMI & DECICCO, INC.","$20,000.00","$20,000.00"
18142,142,0006,Bridge - No. 0907-152,0112,162005P,,VIBRATION MONITORING,1,LS,"GEORGE HARMS CONSTRUCTION COMPANY, INC.","$30,000.00","$30,000.00"
18142,142,0006,Bridge - No. 0907-152,0113,201006P,,"CLEARING SITE, BRIDGE (___) (structure No. 0907-152)",1,LS,"J.F.CREAMER & SON A JOINT VENTURE WITH JOSEPH M. SANZARI,INC","$536,000.00","$536,000.00"
18142,142,0006,Bridge - No. 0907-152,0113,201006P,,"CLEARING SITE, BRIDGE (___) (structure No. 0907-152)",1,LS,"IEW CONSTRUCTION GROUP, INC.","$536,000.00","$536,000.00"
18142,142,0006,Bridge - No. 0907-152,0113,201006P,,"CLEARING SITE, BRIDGE (___) (structure No. 0907-152)",1,LS,"ANSELMI & DECICCO, INC.","$536,000.00","$536,000.00"
18142,142,0006,Bridge - No. 0907-152,0113,201006P,,"CLEARING SITE, BRIDGE (___) (structure No. 0907-152)",1,LS,"GEORGE HARMS CONSTRUCTION COMPANY, INC.","$536,000.00","$536,000.00"
18142,142,0006,Bridge - No. 0907-152,0114,201039P,,TEMPORARY SHIELDING,1,LS,"J.F.CREAMER & SON A JOINT VENTURE WITH JOSEPH M. SANZARI,INC","$750,000.00","$750,000.00"
18142,142,0006,Bridge - No. 0907-152,0114,201039P,,TEMPORARY SHIELDING,1,LS,"IEW CONSTRUCTION GROUP, INC.","$771,853.97","$771,853.97"
18142,142,0006,Bridge - No. 0907-152,0114,201039P,,TEMPORARY SHIELDING,1,LS,"ANSELMI & DECICCO, INC.","$743,905.85","$743,905.85"
18142,142,0006,Bridge - No. 0907-152,0114,201039P,,TEMPORARY SHIELDING,1,LS,"GEORGE HARMS CONSTRUCTION COMPANY, INC.","$425,000.00","$425,000.00"
18142,142,0006,Bridge - No. 0907-152,0115,202009P,,"EXCAVATION, UNCLASSIFIED",760,CY,"J.F.CREAMER & SON A JOINT VENTURE WITH JOSEPH M. SANZARI,INC",$5.00,"$3,800.00"
18142,142,0006,Bridge - No. 0907-152,0115,202009P,,"EXCAVATION, UNCLASSIFIED",760,CY,"IEW CONSTRUCTION GROUP, INC.",$45.79,"$34,800.40"
18142,142,0006,Bridge - No. 0907-152,0115,202009P,,"EXCAVATION, UNCLASSIFIED",760,CY,"ANSELMI & DECICCO, INC.",$200.00,"$152,000.00"
18142,142,0006,Bridge - No. 0907-152,0115,202009P,,"EXCAVATION, UNCLASSIFIED",760,CY,"GEORGE HARMS CONSTRUCTION COMPANY, INC.",$75.00,"$57,000.00"
18142,142,0006,Bridge - No. 0907-152,0116,203009P,,I-9 SOIL AGGREGATE,510,CY,"J.F.CREAMER & SON A JOINT VENTURE WITH JOSEPH M. SANZARI,INC",$5.00,"$2,550.00"
18142,142,0006,Bridge - No. 0907-152,0116,203009P,,I-9 SOIL AGGREGATE,510,CY,"IEW CONSTRUCTION GROUP, INC.",$71.68,"$36,556.80"
18142,142,0006,Bridge - No. 0907-152,0116,203009P,,I-9 SOIL AGGREGATE,510,CY,"ANSELMI & DECICCO, INC.",$100.00,"$51,000.00"
18142,142,0006,Bridge - No. 0907-152,0116,203009P,,I-9 SOIL AGGREGATE,510,CY,"GEORGE HARMS CONSTRUCTION COMPANY, INC.",$80.00,"$40,800.00"
18142,142,0006,Bridge - No. 0907-152,0117,301006P,,SUBBASE,67,CY,"J.F.CREAMER & SON A JOINT VENTURE WITH JOSEPH M. SANZARI,INC",$85.00,"$5,695.00"
18142,142,0006,Bridge - No. 0907-152,0117,301006P,,SUBBASE,67,CY,"IEW CONSTRUCTION GROUP, INC.",$97.90,"$6,559.30"
18142,142,0006,Bridge - No. 0907-152,0117,301006P,,SUBBASE,67,CY,"ANSELMI & DECICCO, INC.",$125.00,"$8,375.00"
18142,142,0006,Bridge - No. 0907-152,0117,301006P,,SUBBASE,67,CY,"GEORGE HARMS CONSTRUCTION COMPANY, INC.",$140.00,"$9,380.00"
18142,142,0006,Bridge - No. 0907-152,0118,501003P,,TEMPORARY SHEETING,995,SF,"J.F.CREAMER & SON A JOINT VENTURE WITH JOSEPH M. SANZARI,INC",$1.00,$995.00
18142,142,0006,Bridge - No. 0907-152,0118,501003P,,TEMPORARY SHEETING,995,SF,"IEW CONSTRUCTION GROUP, INC.",$112.34,"$111,778.30"
18142,142,0006,Bridge - No. 0907-152,0118,501003P,,TEMPORARY SHEETING,995,SF,"ANSELMI & DECICCO, INC.",$0.01,$9.95
18142,142,0006,Bridge - No. 0907-152,0118,501003P,,TEMPORARY SHEETING,995,SF,"GEORGE HARMS CONSTRUCTION COMPANY, INC.",$0.01,$9.95
18142,142,0006,Bridge - No. 0907-152,0119,504003P,,REINFORCEMENT STEEL,"2,805",LB,"J.F.CREAMER & SON A JOINT VENTURE WITH JOSEPH M. SANZARI,INC",$2.00,"$5,610.00"
18142,142,0006,Bridge - No. 0907-152,0119,504003P,,REINFORCEMENT STEEL,"2,805",LB,"IEW CONSTRUCTION GROUP, INC.",$1.82,"$5,105.10"
18142,142,0006,Bridge - No. 0907-152,0119,504003P,,REINFORCEMENT STEEL,"2,805",LB,"ANSELMI & DECICCO, INC.",$3.00,"$8,415.00"
18142,142,0006,Bridge - No. 0907-152,0119,504003P,,REINFORCEMENT STEEL,"2,805",LB,"GEORGE HARMS CONSTRUCTION COMPANY, INC.",$3.00,"$8,415.00"
18142,142,0006,Bridge - No. 0907-152,0120,504006P,,"REINFORCEMENT STEEL, EPOXY-COATED","91,640",LB,"J.F.CREAMER & SON A JOINT VENTURE WITH JOSEPH M. SANZARI,INC",$2.20,"$201,608.00"
18142,142,0006,Bridge - No. 0907-152,0120,504006P,,"REINFORCEMENT STEEL, EPOXY-COATED","91,640",LB,"IEW CONSTRUCTION GROUP, INC.",$2.03,"$186,029.20"
18142,142,0006,Bridge - No. 0907-152,0120,504006P,,"REINFORCEMENT STEEL, EPOXY-COATED","91,640",LB,"ANSELMI & DECICCO, INC.",$4.00,"$366,560.00"
18142,142,0006,Bridge - No. 0907-152,0120,504006P,,"REINFORCEMENT STEEL, EPOXY-COATED","91,640",LB,"GEORGE HARMS CONSTRUCTION COMPANY, INC.",$4.00,"$366,560.00"
18142,142,0006,Bridge - No. 0907-152,0121,504010P,,DRILL AND GROUT REINFORCEMENT STEEL,"1,006",LF,"J.F.CREAMER & SON A JOINT VENTURE WITH JOSEPH M. SANZARI,INC",$40.00,"$40,240.00"
18142,142,0006,Bridge - No. 0907-152,0121,504010P,,DRILL AND GROUT REINFORCEMENT STEEL,"1,006",LF,"IEW CONSTRUCTION GROUP, INC.",$84.55,"$85,057.30"
18142,142,0006,Bridge - No. 0907-152,0121,504010P,,DRILL AND GROUT REINFORCEMENT STEEL,"1,006",LF,"ANSELMI & DECICCO, INC.",$45.00,"$45,270.00"
18142,142,0006,Bridge - No. 0907-152,0121,504010P,,DRILL AND GROUT REINFORCEMENT STEEL,"1,006",LF,"GEORGE HARMS CONSTRUCTION COMPANY, INC.",$40.00,"$40,240.00"
18142,142,0006,Bridge - No. 0907-152,0122,504024P,,CONCRETE ABUTMENT WALL,76,CY,"J.F.CREAMER & SON A JOINT VENTURE WITH JOSEPH M. SANZARI,INC","$2,400.00","$182,400.00"
18142,142,0006,Bridge - No. 0907-152,0122,504024P,,CONCRETE ABUTMENT WALL,76,CY,"IEW CONSTRUCTION GROUP, INC.","$3,849.20","$292,539.20"
18142,142,0006,Bridge - No. 0907-152,0122,504024P,,CONCRETE ABUTMENT WALL,76,CY,"ANSELMI & DECICCO, INC.","$5,000.00","$380,000.00"
18142,142,0006,Bridge - No. 0907-152,0122,504024P,,CONCRETE ABUTMENT WALL,76,CY,"GEORGE HARMS CONSTRUCTION COMPANY, INC.","$7,500.00","$570,000.00"
18142,142,0006,Bridge - No. 0907-152,0123,504027P,,CONCRETE PIER COLUMN AND CAP,25,CY,"J.F.CREAMER & SON A JOINT VENTURE WITH JOSEPH M. SANZARI,INC","$5,500.00","$137,500.00"
18142,142,0006,Bridge - No. 0907-152,0123,504027P,,CONCRETE PIER COLUMN AND CAP,25,CY,"IEW CONSTRUCTION GROUP, INC.","$10,340.44","$258,511.00"
18142,142,0006,Bridge - No. 0907-152,0123,504027P,,CONCRETE PIER COLUMN AND CAP,25,CY,"ANSELMI & DECICCO, INC.","$10,000.00","$250,000.00"
18142,142,0006,Bridge - No. 0907-152,0123,504027P,,CONCRETE PIER COLUMN AND CAP,25,CY,"GEORGE HARMS CONSTRUCTION COMPANY, INC.","$9,500.00","$237,500.00"
18142,142,0006,Bridge - No. 0907-152,0124,504036P,,EPOXY WATERPROOFING,249,SY,"J.F.CREAMER & SON A JOINT VENTURE WITH JOSEPH M. SANZARI,INC",$65.00,"$16,185.00"
18142,142,0006,Bridge - No. 0907-152,0124,504036P,,EPOXY WATERPROOFING,249,SY,"IEW CONSTRUCTION GROUP, INC.",$75.74,"$18,859.26"
18142,142,0006,Bridge - No. 0907-152,0124,504036P,,EPOXY WATERPROOFING,249,SY,"ANSELMI & DECICCO, INC.",$100.00,"$24,900.00"
18142,142,0006,Bridge - No. 0907-152,0124,504036P,,EPOXY WATERPROOFING,249,SY,"GEORGE HARMS CONSTRUCTION COMPANY, INC.",$40.00,"$9,960.00"
18142,142,0006,Bridge - No. 0907-152,0125,506003P,,"STRUCTURAL STEEL (APPROX. 455,517 LBS)",1,LS,"J.F.CREAMER & SON A JOINT VENTURE WITH JOSEPH M. SANZARI,INC","$1,516,000.00","$1,516,000.00"
18142,142,0006,Bridge - No. 0907-152,0125,506003P,,"STRUCTURAL STEEL (APPROX. 455,517 LBS)",1,LS,"IEW CONSTRUCTION GROUP, INC.","$1,325,000.00","$1,325,000.00"
18142,142,0006,Bridge - No. 0907-152,0125,506003P,,"STRUCTURAL STEEL (APPROX. 455,517 LBS)",1,LS,"ANSELMI & DECICCO, INC.","$1,790,000.00","$1,790,000.00"
18142,142,0006,Bridge - No. 0907-152,0125,506003P,,"STRUCTURAL STEEL (APPROX. 455,517 LBS)",1,LS,"GEORGE HARMS CONSTRUCTION COMPANY, INC.","$2,250,000.00","$2,250,000.00"
18142,142,0006,Bridge - No. 0907-152,0126,506010M,,HIGH LOAD MULTIROTATIONAL BEARING ASSEMBLY,27,U,"J.F.CREAMER & SON A JOINT VENTURE WITH JOSEPH M. SANZARI,INC","$6,000.00","$162,000.00"
18142,142,0006,Bridge - No. 0907-152,0126,506010M,,HIGH LOAD MULTIROTATIONAL BEARING ASSEMBLY,27,U,"IEW CONSTRUCTION GROUP, INC.","$10,890.33","$294,038.91"
18142,142,0006,Bridge - No. 0907-152,0126,506010M,,HIGH LOAD MULTIROTATIONAL BEARING ASSEMBLY,27,U,"ANSELMI & DECICCO, INC.","$12,000.00","$324,000.00"
18142,142,0006,Bridge - No. 0907-152,0126,506010M,,HIGH LOAD MULTIROTATIONAL BEARING ASSEMBLY,27,U,"GEORGE HARMS CONSTRUCTION COMPANY, INC.","$13,000.00","$351,000.00"
18142,142,0006,Bridge - No. 0907-152,0127,506012P,,SHEAR CONNECTOR,"8,802",U,"J.F.CREAMER & SON A JOINT VENTURE WITH JOSEPH M. SANZARI,INC",$4.70,"$41,369.40"
18142,142,0006,Bridge - No. 0907-152,0127,506012P,,SHEAR CONNECTOR,"8,802",U,"IEW CONSTRUCTION GROUP, INC.",$5.15,"$45,330.30"
18142,142,0006,Bridge - No. 0907-152,0127,506012P,,SHEAR CONNECTOR,"8,802",U,"ANSELMI & DECICCO, INC.",$5.00,"$44,010.00"
18142,142,0006,Bridge - No. 0907-152,0127,506012P,,SHEAR CONNECTOR,"8,802",U,"GEORGE HARMS CONSTRUCTION COMPANY, INC.",$6.00,"$52,812.00"
18142,142,0006,Bridge - No. 0907-152,0128,506024P,,MECHANICAL CONNECTOR,938,U,"J.F.CREAMER & SON A JOINT VENTURE WITH JOSEPH M. SANZARI,INC",$25.00,"$23,450.00"
18142,142,0006,Bridge - No. 0907-152,0128,506024P,,MECHANICAL CONNECTOR,938,U,"IEW CONSTRUCTION GROUP, INC.",$23.73,"$22,258.74"
18142,142,0006,Bridge - No. 0907-152,0128,506024P,,MECHANICAL CONNECTOR,938,U,"ANSELMI & DECICCO, INC.",$30.00,"$28,140.00"
18142,142,0006,Bridge - No. 0907-152,0128,506024P,,MECHANICAL CONNECTOR,938,U,"GEORGE HARMS CONSTRUCTION COMPANY, INC.",$35.00,"$32,830.00"
18142,142,0006,Bridge - No. 0907-152,0129,507015P,,STRIP SEAL EXPANSION JOINT ASSEMBLY,170,LF,"J.F.CREAMER & SON A JOINT VENTURE WITH JOSEPH M. SANZARI,INC",$600.00,"$102,000.00"
18142,142,0006,Bridge - No. 0907-152,0129,507015P,,STRIP SEAL EXPANSION JOINT ASSEMBLY,170,LF,"IEW CONSTRUCTION GROUP, INC.",$823.09,"$139,925.30"
18142,142,0006,Bridge - No. 0907-152,0129,507015P,,STRIP SEAL EXPANSION JOINT ASSEMBLY,170,LF,"ANSELMI & DECICCO, INC.",$400.00,"$68,000.00"
18142,142,0006,Bridge - No. 0907-152,0129,507015P,,STRIP SEAL EXPANSION JOINT ASSEMBLY,170,LF,"GEORGE HARMS CONSTRUCTION COMPANY, INC.",$625.00,"$106,250.00"
18142,142,0006,Bridge - No. 0907-152,0130,507024P,,"CONCRETE BRIDGE DECK, HPC",340,CY,"J.F.CREAMER & SON A JOINT VENTURE WITH JOSEPH M. SANZARI,INC","$1,400.00","$476,000.00"
18142,142,0006,Bridge - No. 0907-152,0130,507024P,,"CONCRETE BRIDGE DECK, HPC",340,CY,"IEW CONSTRUCTION GROUP, INC.","$1,426.48","$485,003.20"
18142,142,0006,Bridge - No. 0907-152,0130,507024P,,"CONCRETE BRIDGE DECK, HPC",340,CY,"ANSELMI & DECICCO, INC.","$1,250.00","$425,000.00"
18142,142,0006,Bridge - No. 0907-152,0130,507024P,,"CONCRETE BRIDGE DECK, HPC",340,CY,"GEORGE HARMS CONSTRUCTION COMPANY, INC.","$2,900.00","$986,000.00"
18142,142,0006,Bridge - No. 0907-152,0131,507027M,,DATE PANEL,2,U,"J.F.CREAMER & SON A JOINT VENTURE WITH JOSEPH M. SANZARI,INC","$2,000.00","$4,000.00"
18142,142,0006,Bridge - No. 0907-152,0131,507027M,,DATE PANEL,2,U,"IEW CONSTRUCTION GROUP, INC.","$2,532.38","$5,064.76"
18142,142,0006,Bridge - No. 0907-152,0131,507027M,,DATE PANEL,2,U,"ANSELMI & DECICCO, INC.","$2,000.00","$4,000.00"
18142,142,0006,Bridge - No. 0907-152,0131,507027M,,DATE PANEL,2,U,"GEORGE HARMS CONSTRUCTION COMPANY, INC.","$2,300.00","$4,600.00"
18142,142,0006,Bridge - No. 0907-152,0132,507033P,,"CONCRETE BRIDGE SIDEWALK, HPC",90,CY,"J.F.CREAMER & SON A JOINT VENTURE WITH JOSEPH M. SANZARI,INC",$950.00,"$85,500.00"
18142,142,0006,Bridge - No. 0907-152,0132,507033P,,"CONCRETE BRIDGE SIDEWALK, HPC",90,CY,"IEW CONSTRUCTION GROUP, INC.","$1,026.85","$92,416.50"
18142,142,0006,Bridge - No. 0907-152,0132,507033P,,"CONCRETE BRIDGE SIDEWALK, HPC",90,CY,"ANSELMI & DECICCO, INC.","$1,000.00","$90,000.00"
18142,142,0006,Bridge - No. 0907-152,0132,507033P,,"CONCRETE BRIDGE SIDEWALK, HPC",90,CY,"GEORGE HARMS CONSTRUCTION COMPANY, INC.",$975.00,"$87,750.00"
18142,142,0006,Bridge - No. 0907-152,0133,507039P,,"CONCRETE BRIDGE PARAPET, HPC",339,LF,"J.F.CREAMER & SON A JOINT VENTURE WITH JOSEPH M. SANZARI,INC",$350.00,"$118,650.00"
18142,142,0006,Bridge - No. 0907-152,0133,507039P,,"CONCRETE BRIDGE PARAPET, HPC",339,LF,"IEW CONSTRUCTION GROUP, INC.",$353.35,"$119,785.65"
18142,142,0006,Bridge - No. 0907-152,0133,507039P,,"CONCRETE BRIDGE PARAPET, HPC",339,LF,"ANSELMI & DECICCO, INC.",$300.00,"$101,700.00"
18142,142,0006,Bridge - No. 0907-152,0133,507039P,,"CONCRETE BRIDGE PARAPET, HPC",339,LF,"GEORGE HARMS CONSTRUCTION COMPANY, INC.",$450.00,"$152,550.00"
18142,142,0006,Bridge - No. 0907-152,0134,507051P,,CONCRETE BRIDGE APPROACH,210,CY,"J.F.CREAMER & SON A JOINT VENTURE WITH JOSEPH M. SANZARI,INC",$875.00,"$183,750.00"
18142,142,0006,Bridge - No. 0907-152,0134,507051P,,CONCRETE BRIDGE APPROACH,210,CY,"IEW CONSTRUCTION GROUP, INC.",$932.76,"$195,879.60"
18142,142,0006,Bridge - No. 0907-152,0134,507051P,,CONCRETE BRIDGE APPROACH,210,CY,"ANSELMI & DECICCO, INC.","$1,000.00","$210,000.00"
18142,142,0006,Bridge - No. 0907-152,0134,507051P,,CONCRETE BRIDGE APPROACH,210,CY,"GEORGE HARMS CONSTRUCTION COMPANY, INC.","$1,050.00","$220,500.00"
18142,142,0006,Bridge - No. 0907-152,0135,507082P,,STEEL 1 BAR BRIDGE RAILING,325,LF,"J.F.CREAMER & SON A JOINT VENTURE WITH JOSEPH M. SANZARI,INC",$150.00,"$48,750.00"
18142,142,0006,Bridge - No. 0907-152,0135,507082P,,STEEL 1 BAR BRIDGE RAILING,325,LF,"IEW CONSTRUCTION GROUP, INC.",$193.20,"$62,790.00"
18142,142,0006,Bridge - No. 0907-152,0135,507082P,,STEEL 1 BAR BRIDGE RAILING,325,LF,"ANSELMI & DECICCO, INC.",$140.00,"$45,500.00"
18142,142,0006,Bridge - No. 0907-152,0135,507082P,,STEEL 1 BAR BRIDGE RAILING,325,LF,"GEORGE HARMS CONSTRUCTION COMPANY, INC.",$160.00,"$52,000.00"
18142,142,0006,Bridge - No. 0907-152,0136,509079P,,"CHAIN-LINK FENCE, TYPE II, ALUMINUM-COATED STEEL, BRIDGE, 6'3"" HIGH, CURVED TOP",337,LF,"J.F.CREAMER & SON A JOINT VENTURE WITH JOSEPH M. SANZARI,INC",$150.00,"$50,550.00"
18142,142,0006,Bridge - No. 0907-152,0136,509079P,,"CHAIN-LINK FENCE, TYPE II, ALUMINUM-COATED STEEL, BRIDGE, 6'3"" HIGH, CURVED TOP",337,LF,"IEW CONSTRUCTION GROUP, INC.",$184.93,"$62,321.41"
18142,142,0006,Bridge - No. 0907-152,0136,509079P,,"CHAIN-LINK FENCE, TYPE II, ALUMINUM-COATED STEEL, BRIDGE, 6'3"" HIGH, CURVED TOP",337,LF,"ANSELMI & DECICCO, INC.",$145.00,"$48,865.00"
18142,142,0006,Bridge - No. 0907-152,0136,509079P,,"CHAIN-LINK FENCE, TYPE II, ALUMINUM-COATED STEEL, BRIDGE, 6'3"" HIGH, CURVED TOP",337,LF,"GEORGE HARMS CONSTRUCTION COMPANY, INC.",$220.00,"$74,140.00"
18142,142,0006,Bridge - No. 0907-152,0137,514008P,,"TEMPORARY STRUCTURE, WALKWAY",1,LS,"J.F.CREAMER & SON A JOINT VENTURE WITH JOSEPH M. SANZARI,INC","$200,000.00","$200,000.00"
18142,142,0006,Bridge - No. 0907-152,0137,514008P,,"TEMPORARY STRUCTURE, WALKWAY",1,LS,"IEW CONSTRUCTION GROUP, INC.","$121,948.14","$121,948.14"
18142,142,0006,Bridge - No. 0907-152,0137,514008P,,"TEMPORARY STRUCTURE, WALKWAY",1,LS,"ANSELMI & DECICCO, INC.","$200,000.00","$200,000.00"
18142,142,0006,Bridge - No. 0907-152,0137,514008P,,"TEMPORARY STRUCTURE, WALKWAY",1,LS,"GEORGE HARMS CONSTRUCTION COMPANY, INC.","$280,000.00","$280,000.00"
18142,142,0006,Bridge - No. 0907-152,0138,657003P,,"TEMPORARY SUPPORT, UTILITY",1,LS,"J.F.CREAMER & SON A JOINT VENTURE WITH JOSEPH M. SANZARI,INC","$225,000.00","$225,000.00"
18142,142,0006,Bridge - No. 0907-152,0138,657003P,,"TEMPORARY SUPPORT, UTILITY",1,LS,"IEW CONSTRUCTION GROUP, INC.","$245,623.89","$245,623.89"
18142,142,0006,Bridge - No. 0907-152,0138,657003P,,"TEMPORARY SUPPORT, UTILITY",1,LS,"ANSELMI & DECICCO, INC.","$600,000.00","$600,000.00"
18142,142,0006,Bridge - No. 0907-152,0138,657003P,,"TEMPORARY SUPPORT, UTILITY",1,LS,"GEORGE HARMS CONSTRUCTION COMPANY, INC.","$825,000.00","$825,000.00"
18142,142,0001,Roadway,0139,606103P,,"STAMPED COLORED CONCRETE SIDEWALKS, 4"" THICK",70,SY,"J.F.CREAMER & SON A JOINT VENTURE WITH JOSEPH M. SANZARI,INC",$300.00,"$21,000.00"
18142,142,0001,Roadway,0139,606103P,,"STAMPED COLORED CONCRETE SIDEWALKS, 4"" THICK",70,SY,"IEW CONSTRUCTION GROUP, INC.",$276.16,"$19,331.20"
18142,142,0001,Roadway,0139,606103P,,"STAMPED COLORED CONCRETE SIDEWALKS, 4"" THICK",70,SY,"ANSELMI & DECICCO, INC.",$150.00,"$10,500.00"
18142,142,0001,Roadway,0139,606103P,,"STAMPED COLORED CONCRETE SIDEWALKS, 4"" THICK",70,SY,"GEORGE HARMS CONSTRUCTION COMPANY, INC.",$215.00,"$15,050.00"
18142,142,0006,Bridge - No. 0907-152,0140,201037P,,"ASBESTOS REMOVAL, BRIDGE NO. ___ 0907-152",1,LS,"J.F.CREAMER & SON A JOINT VENTURE WITH JOSEPH M. SANZARI,INC","$15,000.00","$15,000.00"
18142,142,0006,Bridge - No. 0907-152,0140,201037P,,"ASBESTOS REMOVAL, BRIDGE NO. ___ 0907-152",1,LS,"IEW CONSTRUCTION GROUP, INC.","$61,115.81","$61,115.81"
18142,142,0006,Bridge - No. 0907-152,0140,201037P,,"ASBESTOS REMOVAL, BRIDGE NO. ___ 0907-152",1,LS,"ANSELMI & DECICCO, INC.","$1,000.00","$1,000.00"
18142,142,0006,Bridge - No. 0907-152,0140,201037P,,"ASBESTOS REMOVAL, BRIDGE NO. ___ 0907-152",1,LS,"GEORGE HARMS CONSTRUCTION COMPANY, INC.","$25,000.00","$25,000.00"