Proposal,Call Order,Section Number,Section Description,Line,Item,Alternate Code,Item Description,Quantity,Unit,Vendor Name,Unit Price,Extension
19132,132,0001,ROADWAY,0001,151006M,,PERFORMANCE BOND AND PAYMENT BOND,1,DOLL,"FERREIRA CONSTRUCTION CO., INC.","$70,000.00","$70,000.00"
19132,132,0001,ROADWAY,0001,151006M,,PERFORMANCE BOND AND PAYMENT BOND,1,DOLL,"J. FLETCHER CREAMER & SON, INC.","$45,000.00","$45,000.00"
19132,132,0003,NON-PARTICIPATING (ROADWAY),0002,152004P,,OWNER'S AND CONTRACTOR'S PROTECTIVE LIABILITY INSURANCE,1,DOLL,"FERREIRA CONSTRUCTION CO., INC.","$11,500.00","$11,500.00"
19132,132,0003,NON-PARTICIPATING (ROADWAY),0002,152004P,,OWNER'S AND CONTRACTOR'S PROTECTIVE LIABILITY INSURANCE,1,DOLL,"J. FLETCHER CREAMER & SON, INC.","$13,000.00","$13,000.00"
19132,132,0003,NON-PARTICIPATING (ROADWAY),0003,152012P,,RAILROAD PROTECTIVE LIABILITY INSURANCE,1,DOLL,"FERREIRA CONSTRUCTION CO., INC.","$12,000.00","$12,000.00"
19132,132,0003,NON-PARTICIPATING (ROADWAY),0003,152012P,,RAILROAD PROTECTIVE LIABILITY INSURANCE,1,DOLL,"J. FLETCHER CREAMER & SON, INC.","$25,000.00","$25,000.00"
19132,132,0003,NON-PARTICIPATING (ROADWAY),0004,152015P,,POLLUTION LIABILITY INSURANCE,1,DOLL,"FERREIRA CONSTRUCTION CO., INC.","$19,000.00","$19,000.00"
19132,132,0003,NON-PARTICIPATING (ROADWAY),0004,152015P,,POLLUTION LIABILITY INSURANCE,1,DOLL,"J. FLETCHER CREAMER & SON, INC.",$1.00,$1.00
19132,132,0001,ROADWAY,0005,153003P,,PROGRESS SCHEDULE,1,LS,"FERREIRA CONSTRUCTION CO., INC.","$7,432.69","$7,432.69"
19132,132,0001,ROADWAY,0005,153003P,,PROGRESS SCHEDULE,1,LS,"J. FLETCHER CREAMER & SON, INC.","$10,000.00","$10,000.00"
19132,132,0001,ROADWAY,0006,153005M,,PROGRESS SCHEDULE UPDATE,12,U,"FERREIRA CONSTRUCTION CO., INC.",$904.77,"$10,857.24"
19132,132,0001,ROADWAY,0006,153005M,,PROGRESS SCHEDULE UPDATE,12,U,"J. FLETCHER CREAMER & SON, INC.","$1,000.00","$12,000.00"
19132,132,0001,ROADWAY,0007,154003P,,MOBILIZATION,1,LS,"FERREIRA CONSTRUCTION CO., INC.","$900,000.00","$900,000.00"
19132,132,0001,ROADWAY,0007,154003P,,MOBILIZATION,1,LS,"J. FLETCHER CREAMER & SON, INC.","$1,423,664.00","$1,423,664.00"
19132,132,0002,CONSTRUCTION ENGINEERING,0008,155009M,,FIELD OFFICE TYPE C SET UP,1,U,"FERREIRA CONSTRUCTION CO., INC.","$30,000.00","$30,000.00"
19132,132,0002,CONSTRUCTION ENGINEERING,0008,155009M,,FIELD OFFICE TYPE C SET UP,1,U,"J. FLETCHER CREAMER & SON, INC.","$50,000.00","$50,000.00"
19132,132,0002,CONSTRUCTION ENGINEERING,0009,155027M,,FIELD OFFICE TYPE C MAINTENANCE,24,MO,"FERREIRA CONSTRUCTION CO., INC.","$2,800.00","$67,200.00"
19132,132,0002,CONSTRUCTION ENGINEERING,0009,155027M,,FIELD OFFICE TYPE C MAINTENANCE,24,MO,"J. FLETCHER CREAMER & SON, INC.","$5,000.00","$120,000.00"
19132,132,0001,ROADWAY,0010,157004M,,CONSTRUCTION LAYOUT,1,DOLL,"FERREIRA CONSTRUCTION CO., INC.","$111,971.06","$111,971.06"
19132,132,0001,ROADWAY,0010,157004M,,CONSTRUCTION LAYOUT,1,DOLL,"J. FLETCHER CREAMER & SON, INC.","$140,000.00","$140,000.00"
19132,132,0004,EROSION CONTROL,0011,158006M,,SILT FENCE,"3,000",LF,"FERREIRA CONSTRUCTION CO., INC.",$3.94,"$11,820.00"
19132,132,0004,EROSION CONTROL,0011,158006M,,SILT FENCE,"3,000",LF,"J. FLETCHER CREAMER & SON, INC.",$5.00,"$15,000.00"
19132,132,0004,EROSION CONTROL,0012,158015M,,HAYBALE,10,U,"FERREIRA CONSTRUCTION CO., INC.",$22.61,$226.10
19132,132,0004,EROSION CONTROL,0012,158015M,,HAYBALE,10,U,"J. FLETCHER CREAMER & SON, INC.",$25.00,$250.00
19132,132,0004,EROSION CONTROL,0013,158027M,,INLET FILTER TYPE 1,200,SF,"FERREIRA CONSTRUCTION CO., INC.",$33.14,"$6,628.00"
19132,132,0004,EROSION CONTROL,0013,158027M,,INLET FILTER TYPE 1,200,SF,"J. FLETCHER CREAMER & SON, INC.",$40.00,"$8,000.00"
19132,132,0004,EROSION CONTROL,0014,158030M,,"INLET FILTER TYPE 2, 2' X 4'",1,U,"FERREIRA CONSTRUCTION CO., INC.",$66.07,$66.07
19132,132,0004,EROSION CONTROL,0014,158030M,,"INLET FILTER TYPE 2, 2' X 4'",1,U,"J. FLETCHER CREAMER & SON, INC.",$150.00,$150.00
19132,132,0004,EROSION CONTROL,0015,158060M,,CONSTRUCTION DRIVEWAY,47,T,"FERREIRA CONSTRUCTION CO., INC.",$53.06,"$2,493.82"
19132,132,0004,EROSION CONTROL,0015,158060M,,CONSTRUCTION DRIVEWAY,47,T,"J. FLETCHER CREAMER & SON, INC.",$125.00,"$5,875.00"
19132,132,0004,EROSION CONTROL,0016,158063P,,CONCRETE WASHOUT SYSTEM,1,LS,"FERREIRA CONSTRUCTION CO., INC.","$9,910.25","$9,910.25"
19132,132,0004,EROSION CONTROL,0016,158063P,,CONCRETE WASHOUT SYSTEM,1,LS,"J. FLETCHER CREAMER & SON, INC.","$7,500.00","$7,500.00"
19132,132,0004,EROSION CONTROL,0017,158072M,,"OIL ONLY EMERGENCY SPILL KIT, TYPE 1",3,U,"FERREIRA CONSTRUCTION CO., INC.",$821.82,"$2,465.46"
19132,132,0004,EROSION CONTROL,0017,158072M,,"OIL ONLY EMERGENCY SPILL KIT, TYPE 1",3,U,"J. FLETCHER CREAMER & SON, INC.",$100.00,$300.00
19132,132,0004,EROSION CONTROL,0018,158084M,,EROSION CONTROL SEDIMENT REMOVAL,10,CY,"FERREIRA CONSTRUCTION CO., INC.",$82.59,$825.90
19132,132,0004,EROSION CONTROL,0018,158084M,,EROSION CONTROL SEDIMENT REMOVAL,10,CY,"J. FLETCHER CREAMER & SON, INC.",$1.00,$10.00
19132,132,0001,ROADWAY,0019,159003M,,BREAKAWAY BARRICADE,50,U,"FERREIRA CONSTRUCTION CO., INC.",$11.74,$587.00
19132,132,0001,ROADWAY,0019,159003M,,BREAKAWAY BARRICADE,50,U,"J. FLETCHER CREAMER & SON, INC.",$50.00,"$2,500.00"
19132,132,0001,ROADWAY,0020,159006M,,DRUM,100,U,"FERREIRA CONSTRUCTION CO., INC.",$23.48,"$2,348.00"
19132,132,0001,ROADWAY,0020,159006M,,DRUM,100,U,"J. FLETCHER CREAMER & SON, INC.",$25.00,"$2,500.00"
19132,132,0001,ROADWAY,0021,159009M,,TRAFFIC CONE,100,U,"FERREIRA CONSTRUCTION CO., INC.",$5.87,$587.00
19132,132,0001,ROADWAY,0021,159009M,,TRAFFIC CONE,100,U,"J. FLETCHER CREAMER & SON, INC.",$5.00,$500.00
19132,132,0001,ROADWAY,0022,159012M,,CONSTRUCTION SIGNS,"1,800",SF,"FERREIRA CONSTRUCTION CO., INC.",$15.00,"$27,000.00"
19132,132,0001,ROADWAY,0022,159012M,,CONSTRUCTION SIGNS,"1,800",SF,"J. FLETCHER CREAMER & SON, INC.",$45.00,"$81,000.00"
19132,132,0001,ROADWAY,0023,159021P,,CONSTRUCTION BARRIER CURB,"4,500",LF,"FERREIRA CONSTRUCTION CO., INC.",$71.47,"$321,615.00"
19132,132,0001,ROADWAY,0023,159021P,,CONSTRUCTION BARRIER CURB,"4,500",LF,"J. FLETCHER CREAMER & SON, INC.",$40.00,"$180,000.00"
19132,132,0001,ROADWAY,0024,159027M,,"FLASHING ARROW BOARD, 4' X 8'",10,U,"FERREIRA CONSTRUCTION CO., INC.","$1,584.95","$15,849.50"
19132,132,0001,ROADWAY,0024,159027M,,"FLASHING ARROW BOARD, 4' X 8'",10,U,"J. FLETCHER CREAMER & SON, INC.","$1,000.00","$10,000.00"
19132,132,0001,ROADWAY,0025,159030M,,PORTABLE VARIABLE MESSAGE SIGN,4,U,"FERREIRA CONSTRUCTION CO., INC.","$8,717.21","$34,868.84"
19132,132,0001,ROADWAY,0025,159030M,,PORTABLE VARIABLE MESSAGE SIGN,4,U,"J. FLETCHER CREAMER & SON, INC.","$15,000.00","$60,000.00"
19132,132,0001,ROADWAY,0026,159054M,,"TEMPORARY CRASH CUSHION, INERTIAL BARRIER SYSTEM, 14 MODULES",3,U,"FERREIRA CONSTRUCTION CO., INC.","$4,977.63","$14,932.89"
19132,132,0001,ROADWAY,0026,159054M,,"TEMPORARY CRASH CUSHION, INERTIAL BARRIER SYSTEM, 14 MODULES",3,U,"J. FLETCHER CREAMER & SON, INC.","$15,000.00","$45,000.00"
19132,132,0001,ROADWAY,0027,159108M,,TRAFFIC CONTROL TRUCK WITH MOUNTED CRASH CUSHION,4,U,"FERREIRA CONSTRUCTION CO., INC.","$11,011.39","$44,045.56"
19132,132,0001,ROADWAY,0027,159108M,,TRAFFIC CONTROL TRUCK WITH MOUNTED CRASH CUSHION,4,U,"J. FLETCHER CREAMER & SON, INC.",$100.00,$400.00
19132,132,0001,ROADWAY,0028,159114M,,"REMOVABLE BLACK LINE MASKING TAPE, 6""","1,000",LF,"FERREIRA CONSTRUCTION CO., INC.",$2.48,"$2,480.00"
19132,132,0001,ROADWAY,0028,159114M,,"REMOVABLE BLACK LINE MASKING TAPE, 6""","1,000",LF,"J. FLETCHER CREAMER & SON, INC.",$3.00,"$3,000.00"
19132,132,0001,ROADWAY,0029,159117M,,"REMOVABLE BLACK LINE MASKING TAPE, 8""","1,000",LF,"FERREIRA CONSTRUCTION CO., INC.",$2.92,"$2,920.00"
19132,132,0001,ROADWAY,0029,159117M,,"REMOVABLE BLACK LINE MASKING TAPE, 8""","1,000",LF,"J. FLETCHER CREAMER & SON, INC.",$4.00,"$4,000.00"
19132,132,0001,ROADWAY,0030,159200M,,"TEMPORARY CRASH CUSHION, COMPRESSIVE BARRIER, TYPE 2, WIDTH NARROW",10,U,"FERREIRA CONSTRUCTION CO., INC.","$7,962.52","$79,625.20"
19132,132,0001,ROADWAY,0030,159200M,,"TEMPORARY CRASH CUSHION, COMPRESSIVE BARRIER, TYPE 2, WIDTH NARROW",10,U,"J. FLETCHER CREAMER & SON, INC.",$100.00,"$1,000.00"
19132,132,0001,ROADWAY,0031,159212M,,"TEMPORARY CRASH CUSHION, COMPRESSIVE BARRIER, TYPE 3, WIDTH NARROW",10,U,"FERREIRA CONSTRUCTION CO., INC.","$8,807.82","$88,078.20"
19132,132,0001,ROADWAY,0031,159212M,,"TEMPORARY CRASH CUSHION, COMPRESSIVE BARRIER, TYPE 3, WIDTH NARROW",10,U,"J. FLETCHER CREAMER & SON, INC.",$100.00,"$1,000.00"
19132,132,0001,ROADWAY,0032,159300M,,"TRAFFIC STRIPES, LATEX, 4""","61,200",LF,"FERREIRA CONSTRUCTION CO., INC.",$0.39,"$23,868.00"
19132,132,0001,ROADWAY,0032,159300M,,"TRAFFIC STRIPES, LATEX, 4""","61,200",LF,"J. FLETCHER CREAMER & SON, INC.",$0.40,"$24,480.00"
19132,132,0001,ROADWAY,0033,161003P,,FINAL CLEANUP,1,LS,"FERREIRA CONSTRUCTION CO., INC.","$13,163.18","$13,163.18"
19132,132,0001,ROADWAY,0033,161003P,,FINAL CLEANUP,1,LS,"J. FLETCHER CREAMER & SON, INC.","$10,000.00","$10,000.00"
19132,132,0001,ROADWAY,0034,201003P,,CLEARING SITE,1,LS,"FERREIRA CONSTRUCTION CO., INC.","$3,000.00","$3,000.00"
19132,132,0001,ROADWAY,0034,201003P,,CLEARING SITE,1,LS,"J. FLETCHER CREAMER & SON, INC.","$3,000.00","$3,000.00"
19132,132,0001,ROADWAY,0035,202006M,,"EXCAVATION, TEST PIT",50,CY,"FERREIRA CONSTRUCTION CO., INC.",$303.96,"$15,198.00"
19132,132,0001,ROADWAY,0035,202006M,,"EXCAVATION, TEST PIT",50,CY,"J. FLETCHER CREAMER & SON, INC.",$500.00,"$25,000.00"
19132,132,0001,ROADWAY,0036,202009P,,"EXCAVATION, UNCLASSIFIED",35,CY,"FERREIRA CONSTRUCTION CO., INC.",$162.93,"$5,702.55"
19132,132,0001,ROADWAY,0036,202009P,,"EXCAVATION, UNCLASSIFIED",35,CY,"J. FLETCHER CREAMER & SON, INC.",$200.00,"$7,000.00"
19132,132,0001,ROADWAY,0037,203021P,,I-14 SOIL AGGREGATE,124,CY,"FERREIRA CONSTRUCTION CO., INC.",$84.19,"$10,439.56"
19132,132,0001,ROADWAY,0037,203021P,,I-14 SOIL AGGREGATE,124,CY,"J. FLETCHER CREAMER & SON, INC.",$150.00,"$18,600.00"
19132,132,0001,ROADWAY,0038,302048P,,"DENSE-GRADED AGGREGATE BASE COURSE, 12"" THICK",14,SY,"FERREIRA CONSTRUCTION CO., INC.",$119.32,"$1,670.48"
19132,132,0001,ROADWAY,0038,302048P,,"DENSE-GRADED AGGREGATE BASE COURSE, 12"" THICK",14,SY,"J. FLETCHER CREAMER & SON, INC.",$100.00,"$1,400.00"
19132,132,0001,ROADWAY,0039,302051P,,"DENSE-GRADED AGGREGATE BASE COURSE, VARIABLE THICKNESS",100,CY,"FERREIRA CONSTRUCTION CO., INC.",$166.90,"$16,690.00"
19132,132,0001,ROADWAY,0039,302051P,,"DENSE-GRADED AGGREGATE BASE COURSE, VARIABLE THICKNESS",100,CY,"J. FLETCHER CREAMER & SON, INC.",$200.00,"$20,000.00"
19132,132,0001,ROADWAY,0040,304003P,,"CONCRETE BASE COURSE, 8"" THICK",14,SY,"FERREIRA CONSTRUCTION CO., INC.",$93.60,"$1,310.40"
19132,132,0001,ROADWAY,0040,304003P,,"CONCRETE BASE COURSE, 8"" THICK",14,SY,"J. FLETCHER CREAMER & SON, INC.",$200.00,"$2,800.00"
19132,132,0001,ROADWAY,0041,401021M,,HOT MIX ASPHALT PAVEMENT REPAIR,100,SY,"FERREIRA CONSTRUCTION CO., INC.",$70.05,"$7,005.00"
19132,132,0001,ROADWAY,0041,401021M,,HOT MIX ASPHALT PAVEMENT REPAIR,100,SY,"J. FLETCHER CREAMER & SON, INC.",$60.00,"$6,000.00"
19132,132,0001,ROADWAY,0042,401027M,,POLYMERIZED JOINT ADHESIVE,"1,600",LF,"FERREIRA CONSTRUCTION CO., INC.",$2.43,"$3,888.00"
19132,132,0001,ROADWAY,0042,401027M,,POLYMERIZED JOINT ADHESIVE,"1,600",LF,"J. FLETCHER CREAMER & SON, INC.",$1.00,"$1,600.00"
19132,132,0001,ROADWAY,0043,401061M,,HOT MIX ASPHALT 12.5 M E SURFACE COURSE,180,T,"FERREIRA CONSTRUCTION CO., INC.",$197.91,"$35,623.80"
19132,132,0001,ROADWAY,0043,401061M,,HOT MIX ASPHALT 12.5 M E SURFACE COURSE,180,T,"J. FLETCHER CREAMER & SON, INC.",$300.00,"$54,000.00"
19132,132,0001,ROADWAY,0044,401108M,,"CORE SAMPLES, HOT MIX ASPHALT",15,U,"FERREIRA CONSTRUCTION CO., INC.",$495.51,"$7,432.65"
19132,132,0001,ROADWAY,0044,401108M,,"CORE SAMPLES, HOT MIX ASPHALT",15,U,"J. FLETCHER CREAMER & SON, INC.",$250.00,"$3,750.00"
19132,132,0001,ROADWAY,0045,602213M,,CURB PIECE,6,U,"FERREIRA CONSTRUCTION CO., INC.",$495.51,"$2,973.06"
19132,132,0001,ROADWAY,0045,602213M,,CURB PIECE,6,U,"J. FLETCHER CREAMER & SON, INC.",$750.00,"$4,500.00"
19132,132,0001,ROADWAY,0046,606012P,,"CONCRETE SIDEWALK, 4"" THICK",379,SY,"FERREIRA CONSTRUCTION CO., INC.",$121.13,"$45,908.27"
19132,132,0001,ROADWAY,0046,606012P,,"CONCRETE SIDEWALK, 4"" THICK",379,SY,"J. FLETCHER CREAMER & SON, INC.",$63.00,"$23,877.00"
19132,132,0001,ROADWAY,0047,606075P,,"CONCRETE ISLAND, 4"" THICK",140,SY,"FERREIRA CONSTRUCTION CO., INC.",$132.14,"$18,499.60"
19132,132,0001,ROADWAY,0047,606075P,,"CONCRETE ISLAND, 4"" THICK",140,SY,"J. FLETCHER CREAMER & SON, INC.",$71.00,"$9,940.00"
19132,132,0001,ROADWAY,0048,606084P,,DETECTABLE WARNING SURFACE,1,SY,"FERREIRA CONSTRUCTION CO., INC.",$550.57,$550.57
19132,132,0001,ROADWAY,0048,606084P,,DETECTABLE WARNING SURFACE,1,SY,"J. FLETCHER CREAMER & SON, INC.",$500.00,$500.00
19132,132,0001,ROADWAY,0049,607012P,,"24"" X 41"" CONCRETE BARRIER CURB",40,LF,"FERREIRA CONSTRUCTION CO., INC.",$523.04,"$20,921.60"
19132,132,0001,ROADWAY,0049,607012P,,"24"" X 41"" CONCRETE BARRIER CURB",40,LF,"J. FLETCHER CREAMER & SON, INC.",$550.00,"$22,000.00"
19132,132,0001,ROADWAY,0050,607018P,,"9"" X 16"" CONCRETE VERTICAL CURB","1,561",LF,"FERREIRA CONSTRUCTION CO., INC.",$45.15,"$70,479.15"
19132,132,0001,ROADWAY,0050,607018P,,"9"" X 16"" CONCRETE VERTICAL CURB","1,561",LF,"J. FLETCHER CREAMER & SON, INC.",$100.00,"$156,100.00"
19132,132,0001,ROADWAY,0051,607034P,,"9"" X 14"" CONCRETE VERTICAL CURB","1,920",LF,"FERREIRA CONSTRUCTION CO., INC.",$33.03,"$63,417.60"
19132,132,0001,ROADWAY,0051,607034P,,"9"" X 14"" CONCRETE VERTICAL CURB","1,920",LF,"J. FLETCHER CREAMER & SON, INC.",$100.00,"$192,000.00"
19132,132,0001,ROADWAY,0052,607057P,,"15"" X VARIABLE HEIGHT CONCRETE BARRIER CURB",146,LF,"FERREIRA CONSTRUCTION CO., INC.",$523.04,"$76,363.84"
19132,132,0001,ROADWAY,0052,607057P,,"15"" X VARIABLE HEIGHT CONCRETE BARRIER CURB",146,LF,"J. FLETCHER CREAMER & SON, INC.",$550.00,"$80,300.00"
19132,132,0001,ROADWAY,0053,607110P,,"15"" X 51"" F SHAPE CONCRETE BARRIER CURB",320,LF,"FERREIRA CONSTRUCTION CO., INC.",$523.04,"$167,372.80"
19132,132,0001,ROADWAY,0053,607110P,,"15"" X 51"" F SHAPE CONCRETE BARRIER CURB",320,LF,"J. FLETCHER CREAMER & SON, INC.",$600.00,"$192,000.00"
19132,132,0001,ROADWAY,0054,607115P,,VARIABLE WIDTH X VARIABLE HEIGHT F SHAPE CONCRETE BARRIER CURB,40,LF,"FERREIRA CONSTRUCTION CO., INC.",$660.68,"$26,427.20"
19132,132,0001,ROADWAY,0054,607115P,,VARIABLE WIDTH X VARIABLE HEIGHT F SHAPE CONCRETE BARRIER CURB,40,LF,"J. FLETCHER CREAMER & SON, INC.",$600.00,"$24,000.00"
19132,132,0001,ROADWAY,0055,608004P,,"NONVEGETATIVE SURFACE, POROUS HOT MIX ASPHALT, 4"" THICK","2,892",SY,"FERREIRA CONSTRUCTION CO., INC.",$52.85,"$152,842.20"
19132,132,0001,ROADWAY,0055,608004P,,"NONVEGETATIVE SURFACE, POROUS HOT MIX ASPHALT, 4"" THICK","2,892",SY,"J. FLETCHER CREAMER & SON, INC.",$95.00,"$274,740.00"
19132,132,0001,ROADWAY,0056,609003M,,BEAM GUIDE RAIL,"9,251",LF,"FERREIRA CONSTRUCTION CO., INC.",$30.83,"$285,208.33"
19132,132,0001,ROADWAY,0056,609003M,,BEAM GUIDE RAIL,"9,251",LF,"J. FLETCHER CREAMER & SON, INC.",$37.00,"$342,287.00"
19132,132,0001,ROADWAY,0057,609006M,,"BEAM GUIDE RAIL, DUAL-FACED",20,LF,"FERREIRA CONSTRUCTION CO., INC.",$47.35,$947.00
19132,132,0001,ROADWAY,0057,609006M,,"BEAM GUIDE RAIL, DUAL-FACED",20,LF,"J. FLETCHER CREAMER & SON, INC.",$70.00,"$1,400.00"
19132,132,0001,ROADWAY,0058,609024M,,FLARED GUIDE RAIL TERMINAL,8,U,"FERREIRA CONSTRUCTION CO., INC.","$2,367.45","$18,939.60"
19132,132,0001,ROADWAY,0058,609024M,,FLARED GUIDE RAIL TERMINAL,8,U,"J. FLETCHER CREAMER & SON, INC.","$4,000.00","$32,000.00"
19132,132,0001,ROADWAY,0059,609027M,,TANGENT GUIDE RAIL TERMINAL,5,U,"FERREIRA CONSTRUCTION CO., INC.","$3,193.30","$15,966.50"
19132,132,0001,ROADWAY,0059,609027M,,TANGENT GUIDE RAIL TERMINAL,5,U,"J. FLETCHER CREAMER & SON, INC.","$4,500.00","$22,500.00"
19132,132,0001,ROADWAY,0060,609030M,,TELESCOPING GUIDE RAIL END TERMINAL,4,U,"FERREIRA CONSTRUCTION CO., INC.","$6,827.06","$27,308.24"
19132,132,0001,ROADWAY,0060,609030M,,TELESCOPING GUIDE RAIL END TERMINAL,4,U,"J. FLETCHER CREAMER & SON, INC.","$7,500.00","$30,000.00"
19132,132,0001,ROADWAY,0061,609039M,,BEAM GUIDE RAIL ANCHORAGE,15,U,"FERREIRA CONSTRUCTION CO., INC.","$1,431.48","$21,472.20"
19132,132,0001,ROADWAY,0061,609039M,,BEAM GUIDE RAIL ANCHORAGE,15,U,"J. FLETCHER CREAMER & SON, INC.","$1,500.00","$22,500.00"
19132,132,0001,ROADWAY,0062,609059M,,APPROACH GUIDE RAIL TRANSITION TL-3,6,U,"FERREIRA CONSTRUCTION CO., INC.","$3,413.53","$20,481.18"
19132,132,0001,ROADWAY,0062,609059M,,APPROACH GUIDE RAIL TRANSITION TL-3,6,U,"J. FLETCHER CREAMER & SON, INC.","$4,000.00","$24,000.00"
19132,132,0001,ROADWAY,0063,609075M,,REMOVAL OF BEAM GUIDE RAIL,"9,354",LF,"FERREIRA CONSTRUCTION CO., INC.",$6.61,"$61,829.94"
19132,132,0001,ROADWAY,0063,609075M,,REMOVAL OF BEAM GUIDE RAIL,"9,354",LF,"J. FLETCHER CREAMER & SON, INC.",$50.00,"$467,700.00"
19132,132,0001,ROADWAY,0064,610006M,,"TRAFFIC STRIPES, 6""","62,000",LF,"FERREIRA CONSTRUCTION CO., INC.",$0.61,"$37,820.00"
19132,132,0001,ROADWAY,0064,610006M,,"TRAFFIC STRIPES, 6""","62,000",LF,"J. FLETCHER CREAMER & SON, INC.",$0.69,"$42,780.00"
19132,132,0001,ROADWAY,0065,610014M,,"TRAFFIC MARKING LINES, 8""","1,500",LF,"FERREIRA CONSTRUCTION CO., INC.",$1.32,"$1,980.00"
19132,132,0001,ROADWAY,0065,610014M,,"TRAFFIC MARKING LINES, 8""","1,500",LF,"J. FLETCHER CREAMER & SON, INC.",$3.00,"$4,500.00"
19132,132,0001,ROADWAY,0066,610017M,,"TRAFFIC MARKING LINES, 24""",500,LF,"FERREIRA CONSTRUCTION CO., INC.",$3.96,"$1,980.00"
19132,132,0001,ROADWAY,0066,610017M,,"TRAFFIC MARKING LINES, 24""",500,LF,"J. FLETCHER CREAMER & SON, INC.",$7.00,"$3,500.00"
19132,132,0001,ROADWAY,0067,610027M,,REMOVAL AND REPLACEMENT OF RPM LENS,300,U,"FERREIRA CONSTRUCTION CO., INC.",$22.02,"$6,606.00"
19132,132,0001,ROADWAY,0067,610027M,,REMOVAL AND REPLACEMENT OF RPM LENS,300,U,"J. FLETCHER CREAMER & SON, INC.",$20.00,"$6,000.00"
19132,132,0001,ROADWAY,0068,610036M,,REMOVAL OF TRAFFIC STRIPES,"62,000",LF,"FERREIRA CONSTRUCTION CO., INC.",$0.77,"$47,740.00"
19132,132,0001,ROADWAY,0068,610036M,,REMOVAL OF TRAFFIC STRIPES,"62,000",LF,"J. FLETCHER CREAMER & SON, INC.",$1.00,"$62,000.00"
19132,132,0001,ROADWAY,0069,610039M,,REMOVAL OF TRAFFIC MARKINGS,"2,000",SF,"FERREIRA CONSTRUCTION CO., INC.",$3.30,"$6,600.00"
19132,132,0001,ROADWAY,0069,610039M,,REMOVAL OF TRAFFIC MARKINGS,"2,000",SF,"J. FLETCHER CREAMER & SON, INC.",$4.00,"$8,000.00"
19132,132,0001,ROADWAY,0070,611321M,,"CRASH CUSHION, COMPRESSIVE BARRIER, TYPE 3, WIDTH X-WIDE",1,U,"FERREIRA CONSTRUCTION CO., INC.","$63,433.15","$63,433.15"
19132,132,0001,ROADWAY,0070,611321M,,"CRASH CUSHION, COMPRESSIVE BARRIER, TYPE 3, WIDTH X-WIDE",1,U,"J. FLETCHER CREAMER & SON, INC.","$90,000.00","$90,000.00"
19132,132,0001,ROADWAY,0071,612015P,,"GUIDE SIGN PANEL, TYPE GO","6,564",SF,"FERREIRA CONSTRUCTION CO., INC.",$16.02,"$105,155.28"
19132,132,0001,ROADWAY,0071,612015P,,"GUIDE SIGN PANEL, TYPE GO","6,564",SF,"J. FLETCHER CREAMER & SON, INC.",$35.00,"$229,740.00"
19132,132,0001,ROADWAY,0072,651054P,,"6"" DUCTILE IRON WATER PIPE, CLASS 52",10,LF,"FERREIRA CONSTRUCTION CO., INC.",$469.09,"$4,690.90"
19132,132,0001,ROADWAY,0072,651054P,,"6"" DUCTILE IRON WATER PIPE, CLASS 52",10,LF,"J. FLETCHER CREAMER & SON, INC.",$500.00,"$5,000.00"
19132,132,0001,ROADWAY,0073,651246M,,FIRE HYDRANT,1,U,"FERREIRA CONSTRUCTION CO., INC.","$10,070.47","$10,070.47"
19132,132,0001,ROADWAY,0073,651246M,,FIRE HYDRANT,1,U,"J. FLETCHER CREAMER & SON, INC.","$15,000.00","$15,000.00"
19132,132,0001,ROADWAY,0074,701021P,,"3"" RIGID METALLIC CONDUIT","1,169",LF,"FERREIRA CONSTRUCTION CO., INC.",$113.37,"$132,529.53"
19132,132,0001,ROADWAY,0074,701021P,,"3"" RIGID METALLIC CONDUIT","1,169",LF,"J. FLETCHER CREAMER & SON, INC.",$125.00,"$146,125.00"
19132,132,0001,ROADWAY,0075,701117M,,JUNCTION BOX FOUNDATION,2,U,"FERREIRA CONSTRUCTION CO., INC.","$1,569.13","$3,138.26"
19132,132,0001,ROADWAY,0075,701117M,,JUNCTION BOX FOUNDATION,2,U,"J. FLETCHER CREAMER & SON, INC.","$6,000.00","$12,000.00"
19132,132,0001,ROADWAY,0076,701192P,,"GROUND WIRE, NO. 8 AWG","2,293",LF,"FERREIRA CONSTRUCTION CO., INC.",$2.11,"$4,838.23"
19132,132,0001,ROADWAY,0076,701192P,,"GROUND WIRE, NO. 8 AWG","2,293",LF,"J. FLETCHER CREAMER & SON, INC.",$4.00,"$9,172.00"
19132,132,0001,ROADWAY,0077,701195P,,"MULTIPLE LIGHTING WIRE, NO. 2 AWG","3,655",LF,"FERREIRA CONSTRUCTION CO., INC.",$6.28,"$22,953.40"
19132,132,0001,ROADWAY,0077,701195P,,"MULTIPLE LIGHTING WIRE, NO. 2 AWG","3,655",LF,"J. FLETCHER CREAMER & SON, INC.",$6.00,"$21,930.00"
19132,132,0001,ROADWAY,0078,701204P,,"MULTIPLE LIGHTING WIRE, NO. 10 AWG","5,599",LF,"FERREIRA CONSTRUCTION CO., INC.",$1.72,"$9,630.28"
19132,132,0001,ROADWAY,0078,701204P,,"MULTIPLE LIGHTING WIRE, NO. 10 AWG","5,599",LF,"J. FLETCHER CREAMER & SON, INC.",$4.00,"$22,396.00"
19132,132,0001,ROADWAY,0079,701375P,,MODIFY EXISTING LOAD CENTER,1,LS,"FERREIRA CONSTRUCTION CO., INC.","$3,597.42","$3,597.42"
19132,132,0001,ROADWAY,0079,701375P,,MODIFY EXISTING LOAD CENTER,1,LS,"J. FLETCHER CREAMER & SON, INC.","$10,000.00","$10,000.00"
19132,132,0001,ROADWAY,0080,701375P,,MODIFY EXISTING LOAD CENTER,1,LS,"FERREIRA CONSTRUCTION CO., INC.","$6,542.97","$6,542.97"
19132,132,0001,ROADWAY,0080,701375P,,MODIFY EXISTING LOAD CENTER,1,LS,"J. FLETCHER CREAMER & SON, INC.","$10,000.00","$10,000.00"
19132,132,0001,ROADWAY,0081,701375P,,MODIFY EXISTING LOAD CENTER,1,LS,"FERREIRA CONSTRUCTION CO., INC.","$4,095.14","$4,095.14"
19132,132,0001,ROADWAY,0081,701375P,,MODIFY EXISTING LOAD CENTER,1,LS,"J. FLETCHER CREAMER & SON, INC.","$10,000.00","$10,000.00"
19132,132,0001,ROADWAY,0082,701375P,,MODIFY EXISTING LOAD CENTER,1,LS,"FERREIRA CONSTRUCTION CO., INC.","$4,095.14","$4,095.14"
19132,132,0001,ROADWAY,0082,701375P,,MODIFY EXISTING LOAD CENTER,1,LS,"J. FLETCHER CREAMER & SON, INC.","$10,000.00","$10,000.00"
19132,132,0001,ROADWAY,0083,701375P,,MODIFY EXISTING LOAD CENTER,1,LS,"FERREIRA CONSTRUCTION CO., INC.","$4,034.57","$4,034.57"
19132,132,0001,ROADWAY,0083,701375P,,MODIFY EXISTING LOAD CENTER,1,LS,"J. FLETCHER CREAMER & SON, INC.","$10,000.00","$10,000.00"
19132,132,0001,ROADWAY,0084,701375P,,MODIFY EXISTING LOAD CENTER,1,LS,"FERREIRA CONSTRUCTION CO., INC.","$6,233.55","$6,233.55"
19132,132,0001,ROADWAY,0084,701375P,,MODIFY EXISTING LOAD CENTER,1,LS,"J. FLETCHER CREAMER & SON, INC.","$10,000.00","$10,000.00"
19132,132,0001,ROADWAY,0085,701375P,,MODIFY EXISTING LOAD CENTER,1,LS,"FERREIRA CONSTRUCTION CO., INC.","$4,009.25","$4,009.25"
19132,132,0001,ROADWAY,0085,701375P,,MODIFY EXISTING LOAD CENTER,1,LS,"J. FLETCHER CREAMER & SON, INC.","$10,000.00","$10,000.00"
19132,132,0001,ROADWAY,0086,703003M,,LIGHTING STANDARD ALUMINUM,2,U,"FERREIRA CONSTRUCTION CO., INC.","$2,620.71","$5,241.42"
19132,132,0001,ROADWAY,0086,703003M,,LIGHTING STANDARD ALUMINUM,2,U,"J. FLETCHER CREAMER & SON, INC.","$5,000.00","$10,000.00"
19132,132,0001,ROADWAY,0087,703012M,,LIGHTING MAST ARM ALUMINUM,2,U,"FERREIRA CONSTRUCTION CO., INC.","$1,624.18","$3,248.36"
19132,132,0001,ROADWAY,0087,703012M,,LIGHTING MAST ARM ALUMINUM,2,U,"J. FLETCHER CREAMER & SON, INC.","$2,500.00","$5,000.00"
19132,132,0001,ROADWAY,0088,703018M,,LUMINAIRE,2,U,"FERREIRA CONSTRUCTION CO., INC.","$1,473.33","$2,946.66"
19132,132,0001,ROADWAY,0088,703018M,,LUMINAIRE,2,U,"J. FLETCHER CREAMER & SON, INC.","$2,000.00","$4,000.00"
19132,132,0001,ROADWAY,0089,703021M,,"SIGN LIGHTING, STRUCTURE NO. ___ 3",1,LS,"FERREIRA CONSTRUCTION CO., INC.","$32,764.39","$32,764.39"
19132,132,0001,ROADWAY,0089,703021M,,"SIGN LIGHTING, STRUCTURE NO. ___ 3",1,LS,"J. FLETCHER CREAMER & SON, INC.","$50,000.00","$50,000.00"
19132,132,0001,ROADWAY,0090,703021M,,"SIGN LIGHTING, STRUCTURE NO. ___ 4",1,LS,"FERREIRA CONSTRUCTION CO., INC.","$27,291.73","$27,291.73"
19132,132,0001,ROADWAY,0090,703021M,,"SIGN LIGHTING, STRUCTURE NO. ___ 4",1,LS,"J. FLETCHER CREAMER & SON, INC.","$70,000.00","$70,000.00"
19132,132,0001,ROADWAY,0091,703021M,,"SIGN LIGHTING, STRUCTURE NO. ___ 5",1,LS,"FERREIRA CONSTRUCTION CO., INC.","$24,902.26","$24,902.26"
19132,132,0001,ROADWAY,0091,703021M,,"SIGN LIGHTING, STRUCTURE NO. ___ 5",1,LS,"J. FLETCHER CREAMER & SON, INC.","$75,000.00","$75,000.00"
19132,132,0001,ROADWAY,0092,703021M,,"SIGN LIGHTING, STRUCTURE NO. ___ 6",1,LS,"FERREIRA CONSTRUCTION CO., INC.","$23,013.81","$23,013.81"
19132,132,0001,ROADWAY,0092,703021M,,"SIGN LIGHTING, STRUCTURE NO. ___ 6",1,LS,"J. FLETCHER CREAMER & SON, INC.","$75,000.00","$75,000.00"
19132,132,0001,ROADWAY,0093,703021M,,"SIGN LIGHTING, STRUCTURE NO. ___ 7",1,LS,"FERREIRA CONSTRUCTION CO., INC.","$21,090.12","$21,090.12"
19132,132,0001,ROADWAY,0093,703021M,,"SIGN LIGHTING, STRUCTURE NO. ___ 7",1,LS,"J. FLETCHER CREAMER & SON, INC.","$70,000.00","$70,000.00"
19132,132,0001,ROADWAY,0094,703021M,,"SIGN LIGHTING, STRUCTURE NO. ___ 8",1,LS,"FERREIRA CONSTRUCTION CO., INC.","$24,176.61","$24,176.61"
19132,132,0001,ROADWAY,0094,703021M,,"SIGN LIGHTING, STRUCTURE NO. ___ 8",1,LS,"J. FLETCHER CREAMER & SON, INC.","$70,000.00","$70,000.00"
19132,132,0001,ROADWAY,0095,703021M,,"SIGN LIGHTING, STRUCTURE NO. ___ 9",1,LS,"FERREIRA CONSTRUCTION CO., INC.","$22,288.16","$22,288.16"
19132,132,0001,ROADWAY,0095,703021M,,"SIGN LIGHTING, STRUCTURE NO. ___ 9",1,LS,"J. FLETCHER CREAMER & SON, INC.","$55,000.00","$55,000.00"
19132,132,0001,ROADWAY,0096,703021M,,"SIGN LIGHTING, STRUCTURE NO. ___ 10",1,LS,"FERREIRA CONSTRUCTION CO., INC.","$20,269.77","$20,269.77"
19132,132,0001,ROADWAY,0096,703021M,,"SIGN LIGHTING, STRUCTURE NO. ___ 10",1,LS,"J. FLETCHER CREAMER & SON, INC.","$70,000.00","$70,000.00"
19132,132,0001,ROADWAY,0097,703021M,,"SIGN LIGHTING, STRUCTURE NO. ___ 11",1,LS,"FERREIRA CONSTRUCTION CO., INC.","$22,127.39","$22,127.39"
19132,132,0001,ROADWAY,0097,703021M,,"SIGN LIGHTING, STRUCTURE NO. ___ 11",1,LS,"J. FLETCHER CREAMER & SON, INC.","$70,000.00","$70,000.00"
19132,132,0001,ROADWAY,0098,703021M,,"SIGN LIGHTING, STRUCTURE NO. ___ 13",1,LS,"FERREIRA CONSTRUCTION CO., INC.","$22,127.39","$22,127.39"
19132,132,0001,ROADWAY,0098,703021M,,"SIGN LIGHTING, STRUCTURE NO. ___ 13",1,LS,"J. FLETCHER CREAMER & SON, INC.","$55,000.00","$55,000.00"
19132,132,0001,ROADWAY,0099,703021M,,"SIGN LIGHTING, STRUCTURE NO. ___ 14",1,LS,"FERREIRA CONSTRUCTION CO., INC.","$20,003.29","$20,003.29"
19132,132,0001,ROADWAY,0099,703021M,,"SIGN LIGHTING, STRUCTURE NO. ___ 14",1,LS,"J. FLETCHER CREAMER & SON, INC.","$70,000.00","$70,000.00"
19132,132,0001,ROADWAY,0100,703021M,,"SIGN LIGHTING, STRUCTURE NO. ___ 15",1,LS,"FERREIRA CONSTRUCTION CO., INC.","$20,699.21","$20,699.21"
19132,132,0001,ROADWAY,0100,703021M,,"SIGN LIGHTING, STRUCTURE NO. ___ 15",1,LS,"J. FLETCHER CREAMER & SON, INC.","$70,000.00","$70,000.00"
19132,132,0005,GENERAL LANDSCAPE,0101,804006P,,"TOPSOILING, 4"" THICK",646,SY,"FERREIRA CONSTRUCTION CO., INC.",$11.01,"$7,112.46"
19132,132,0005,GENERAL LANDSCAPE,0101,804006P,,"TOPSOILING, 4"" THICK",646,SY,"J. FLETCHER CREAMER & SON, INC.",$15.00,"$9,690.00"
19132,132,0005,GENERAL LANDSCAPE,0102,806006P,,"FERTILIZING AND SEEDING, TYPE A-3",646,SY,"FERREIRA CONSTRUCTION CO., INC.",$1.65,"$1,065.90"
19132,132,0005,GENERAL LANDSCAPE,0102,806006P,,"FERTILIZING AND SEEDING, TYPE A-3",646,SY,"J. FLETCHER CREAMER & SON, INC.",$2.00,"$1,292.00"
19132,132,0005,GENERAL LANDSCAPE,0103,809003M,,STRAW MULCHING,646,SY,"FERREIRA CONSTRUCTION CO., INC.",$1.10,$710.60
19132,132,0005,GENERAL LANDSCAPE,0103,809003M,,STRAW MULCHING,646,SY,"J. FLETCHER CREAMER & SON, INC.",$2.00,"$1,292.00"
19132,132,0006,OHSSS NO. 1 - STRUCTURE NO. 2001-202,0104,201009P,,"CLEARING SITE, STRUCTURE (___) 2001-200",1,LS,"FERREIRA CONSTRUCTION CO., INC.","$15,000.00","$15,000.00"
19132,132,0006,OHSSS NO. 1 - STRUCTURE NO. 2001-202,0104,201009P,,"CLEARING SITE, STRUCTURE (___) 2001-200",1,LS,"J. FLETCHER CREAMER & SON, INC.","$25,000.00","$25,000.00"
19132,132,0006,OHSSS NO. 1 - STRUCTURE NO. 2001-202,0105,202009P,,"EXCAVATION, UNCLASSIFIED",30,CY,"FERREIRA CONSTRUCTION CO., INC.",$541.15,"$16,234.50"
19132,132,0006,OHSSS NO. 1 - STRUCTURE NO. 2001-202,0105,202009P,,"EXCAVATION, UNCLASSIFIED",30,CY,"J. FLETCHER CREAMER & SON, INC.",$200.00,"$6,000.00"
19132,132,0006,OHSSS NO. 1 - STRUCTURE NO. 2001-202,0106,501003P,,TEMPORARY SHEETING,418,SF,"FERREIRA CONSTRUCTION CO., INC.",$4.72,"$1,972.96"
19132,132,0006,OHSSS NO. 1 - STRUCTURE NO. 2001-202,0106,501003P,,TEMPORARY SHEETING,418,SF,"J. FLETCHER CREAMER & SON, INC.",$25.00,"$10,450.00"
19132,132,0006,OHSSS NO. 1 - STRUCTURE NO. 2001-202,0107,503003P,,FURNISHING DRILLED SHAFT EQUIPMENT,1,LS,"FERREIRA CONSTRUCTION CO., INC.","$43,434.43","$43,434.43"
19132,132,0006,OHSSS NO. 1 - STRUCTURE NO. 2001-202,0107,503003P,,FURNISHING DRILLED SHAFT EQUIPMENT,1,LS,"J. FLETCHER CREAMER & SON, INC.","$95,000.00","$95,000.00"
19132,132,0006,OHSSS NO. 1 - STRUCTURE NO. 2001-202,0108,503012M,,CROSSHOLE SONIC LOGGING,4,U,"FERREIRA CONSTRUCTION CO., INC.","$1,651.71","$6,606.84"
19132,132,0006,OHSSS NO. 1 - STRUCTURE NO. 2001-202,0108,503012M,,CROSSHOLE SONIC LOGGING,4,U,"J. FLETCHER CREAMER & SON, INC.","$2,500.00","$10,000.00"
19132,132,0006,OHSSS NO. 1 - STRUCTURE NO. 2001-202,0109,503015M,,SHAFT CORING,14,LF,"FERREIRA CONSTRUCTION CO., INC.",$1.00,$14.00
19132,132,0006,OHSSS NO. 1 - STRUCTURE NO. 2001-202,0109,503015M,,SHAFT CORING,14,LF,"J. FLETCHER CREAMER & SON, INC.",$1.00,$14.00
19132,132,0006,OHSSS NO. 1 - STRUCTURE NO. 2001-202,0110,503048M,,OBSTRUCTION REMOVAL,6,LF,"FERREIRA CONSTRUCTION CO., INC.",$1.00,$6.00
19132,132,0006,OHSSS NO. 1 - STRUCTURE NO. 2001-202,0110,503048M,,OBSTRUCTION REMOVAL,6,LF,"J. FLETCHER CREAMER & SON, INC.",$1.00,$6.00
19132,132,0006,OHSSS NO. 1 - STRUCTURE NO. 2001-202,0111,503051M,,TOMOGRAPHY,4,U,"FERREIRA CONSTRUCTION CO., INC.",$1.00,$4.00
19132,132,0006,OHSSS NO. 1 - STRUCTURE NO. 2001-202,0111,503051M,,TOMOGRAPHY,4,U,"J. FLETCHER CREAMER & SON, INC.",$1.00,$4.00
19132,132,0006,OHSSS NO. 1 - STRUCTURE NO. 2001-202,0112,503055M,,DRILLED SHAFT FOR SIGN STRUCTURE FOUNDATION,56,LF,"FERREIRA CONSTRUCTION CO., INC.","$1,200.00","$67,200.00"
19132,132,0006,OHSSS NO. 1 - STRUCTURE NO. 2001-202,0112,503055M,,DRILLED SHAFT FOR SIGN STRUCTURE FOUNDATION,56,LF,"J. FLETCHER CREAMER & SON, INC.","$2,000.00","$112,000.00"
19132,132,0006,OHSSS NO. 1 - STRUCTURE NO. 2001-202,0113,504006P,,"REINFORCEMENT STEEL, EPOXY-COATED","2,042",LB,"FERREIRA CONSTRUCTION CO., INC.",$3.97,"$8,106.74"
19132,132,0006,OHSSS NO. 1 - STRUCTURE NO. 2001-202,0113,504006P,,"REINFORCEMENT STEEL, EPOXY-COATED","2,042",LB,"J. FLETCHER CREAMER & SON, INC.",$4.00,"$8,168.00"
19132,132,0006,OHSSS NO. 1 - STRUCTURE NO. 2001-202,0114,504026P,,"CONCRETE PIER COLUMN AND CAP, HPC",23,CY,"FERREIRA CONSTRUCTION CO., INC.","$1,055.91","$24,285.93"
19132,132,0006,OHSSS NO. 1 - STRUCTURE NO. 2001-202,0114,504026P,,"CONCRETE PIER COLUMN AND CAP, HPC",23,CY,"J. FLETCHER CREAMER & SON, INC.","$2,500.00","$57,500.00"
19132,132,0006,OHSSS NO. 1 - STRUCTURE NO. 2001-202,0115,512012M,,"OVERHEAD SIGN SUPPORT, STRUCTURE NO. ___ 2001-202",1,U,"FERREIRA CONSTRUCTION CO., INC.","$150,000.00","$150,000.00"
19132,132,0006,OHSSS NO. 1 - STRUCTURE NO. 2001-202,0115,512012M,,"OVERHEAD SIGN SUPPORT, STRUCTURE NO. ___ 2001-202",1,U,"J. FLETCHER CREAMER & SON, INC.","$228,861.00","$228,861.00"
19132,132,0007,OHSSS NO. 2 - STRUCTURE NO. 2001-203,0116,201009P,,"CLEARING SITE, STRUCTURE (___) 2001-201",1,LS,"FERREIRA CONSTRUCTION CO., INC.","$15,000.00","$15,000.00"
19132,132,0007,OHSSS NO. 2 - STRUCTURE NO. 2001-203,0116,201009P,,"CLEARING SITE, STRUCTURE (___) 2001-201",1,LS,"J. FLETCHER CREAMER & SON, INC.","$15,000.00","$15,000.00"
19132,132,0007,OHSSS NO. 2 - STRUCTURE NO. 2001-203,0117,202009P,,"EXCAVATION, UNCLASSIFIED",30,CY,"FERREIRA CONSTRUCTION CO., INC.",$541.15,"$16,234.50"
19132,132,0007,OHSSS NO. 2 - STRUCTURE NO. 2001-203,0117,202009P,,"EXCAVATION, UNCLASSIFIED",30,CY,"J. FLETCHER CREAMER & SON, INC.",$200.00,"$6,000.00"
19132,132,0007,OHSSS NO. 2 - STRUCTURE NO. 2001-203,0118,501003P,,TEMPORARY SHEETING,418,SF,"FERREIRA CONSTRUCTION CO., INC.",$5.87,"$2,453.66"
19132,132,0007,OHSSS NO. 2 - STRUCTURE NO. 2001-203,0118,501003P,,TEMPORARY SHEETING,418,SF,"J. FLETCHER CREAMER & SON, INC.",$25.00,"$10,450.00"
19132,132,0007,OHSSS NO. 2 - STRUCTURE NO. 2001-203,0119,503003P,,FURNISHING DRILLED SHAFT EQUIPMENT,1,LS,"FERREIRA CONSTRUCTION CO., INC.","$43,434.43","$43,434.43"
19132,132,0007,OHSSS NO. 2 - STRUCTURE NO. 2001-203,0119,503003P,,FURNISHING DRILLED SHAFT EQUIPMENT,1,LS,"J. FLETCHER CREAMER & SON, INC.","$95,000.00","$95,000.00"
19132,132,0007,OHSSS NO. 2 - STRUCTURE NO. 2001-203,0120,503012M,,CROSSHOLE SONIC LOGGING,4,U,"FERREIRA CONSTRUCTION CO., INC.","$1,651.71","$6,606.84"
19132,132,0007,OHSSS NO. 2 - STRUCTURE NO. 2001-203,0120,503012M,,CROSSHOLE SONIC LOGGING,4,U,"J. FLETCHER CREAMER & SON, INC.","$2,500.00","$10,000.00"
19132,132,0007,OHSSS NO. 2 - STRUCTURE NO. 2001-203,0121,503015M,,SHAFT CORING,12,LF,"FERREIRA CONSTRUCTION CO., INC.",$1.00,$12.00
19132,132,0007,OHSSS NO. 2 - STRUCTURE NO. 2001-203,0121,503015M,,SHAFT CORING,12,LF,"J. FLETCHER CREAMER & SON, INC.",$1.00,$12.00
19132,132,0007,OHSSS NO. 2 - STRUCTURE NO. 2001-203,0122,503048M,,OBSTRUCTION REMOVAL,5,LF,"FERREIRA CONSTRUCTION CO., INC.",$1.00,$5.00
19132,132,0007,OHSSS NO. 2 - STRUCTURE NO. 2001-203,0122,503048M,,OBSTRUCTION REMOVAL,5,LF,"J. FLETCHER CREAMER & SON, INC.",$1.00,$5.00
19132,132,0007,OHSSS NO. 2 - STRUCTURE NO. 2001-203,0123,503051M,,TOMOGRAPHY,4,U,"FERREIRA CONSTRUCTION CO., INC.",$1.00,$4.00
19132,132,0007,OHSSS NO. 2 - STRUCTURE NO. 2001-203,0123,503051M,,TOMOGRAPHY,4,U,"J. FLETCHER CREAMER & SON, INC.",$1.00,$4.00
19132,132,0007,OHSSS NO. 2 - STRUCTURE NO. 2001-203,0124,503055M,,DRILLED SHAFT FOR SIGN STRUCTURE FOUNDATION,48,LF,"FERREIRA CONSTRUCTION CO., INC.","$1,200.00","$57,600.00"
19132,132,0007,OHSSS NO. 2 - STRUCTURE NO. 2001-203,0124,503055M,,DRILLED SHAFT FOR SIGN STRUCTURE FOUNDATION,48,LF,"J. FLETCHER CREAMER & SON, INC.","$2,000.00","$96,000.00"
19132,132,0007,OHSSS NO. 2 - STRUCTURE NO. 2001-203,0125,504006P,,"REINFORCEMENT STEEL, EPOXY-COATED","2,042",LB,"FERREIRA CONSTRUCTION CO., INC.",$3.97,"$8,106.74"
19132,132,0007,OHSSS NO. 2 - STRUCTURE NO. 2001-203,0125,504006P,,"REINFORCEMENT STEEL, EPOXY-COATED","2,042",LB,"J. FLETCHER CREAMER & SON, INC.",$4.00,"$8,168.00"
19132,132,0007,OHSSS NO. 2 - STRUCTURE NO. 2001-203,0126,504026P,,"CONCRETE PIER COLUMN AND CAP, HPC",23,CY,"FERREIRA CONSTRUCTION CO., INC.","$1,055.91","$24,285.93"
19132,132,0007,OHSSS NO. 2 - STRUCTURE NO. 2001-203,0126,504026P,,"CONCRETE PIER COLUMN AND CAP, HPC",23,CY,"J. FLETCHER CREAMER & SON, INC.","$2,500.00","$57,500.00"
19132,132,0007,OHSSS NO. 2 - STRUCTURE NO. 2001-203,0127,512012M,,"OVERHEAD SIGN SUPPORT, STRUCTURE NO. ___ 2001-203",1,U,"FERREIRA CONSTRUCTION CO., INC.","$150,000.00","$150,000.00"
19132,132,0007,OHSSS NO. 2 - STRUCTURE NO. 2001-203,0127,512012M,,"OVERHEAD SIGN SUPPORT, STRUCTURE NO. ___ 2001-203",1,U,"J. FLETCHER CREAMER & SON, INC.","$232,911.00","$232,911.00"
19132,132,0008,OHSSS NO. 3 - STRUCTURE NO. 0701-226,0128,201009P,,"CLEARING SITE, STRUCTURE (___) 0701-202",1,LS,"FERREIRA CONSTRUCTION CO., INC.","$15,000.00","$15,000.00"
19132,132,0008,OHSSS NO. 3 - STRUCTURE NO. 0701-226,0128,201009P,,"CLEARING SITE, STRUCTURE (___) 0701-202",1,LS,"J. FLETCHER CREAMER & SON, INC.","$15,000.00","$15,000.00"
19132,132,0008,OHSSS NO. 3 - STRUCTURE NO. 0701-226,0129,202009P,,"EXCAVATION, UNCLASSIFIED",51,CY,"FERREIRA CONSTRUCTION CO., INC.",$558.45,"$28,480.95"
19132,132,0008,OHSSS NO. 3 - STRUCTURE NO. 0701-226,0129,202009P,,"EXCAVATION, UNCLASSIFIED",51,CY,"J. FLETCHER CREAMER & SON, INC.",$150.00,"$7,650.00"
19132,132,0008,OHSSS NO. 3 - STRUCTURE NO. 0701-226,0130,501003P,,TEMPORARY SHEETING,562,SF,"FERREIRA CONSTRUCTION CO., INC.",$5.87,"$3,298.94"
19132,132,0008,OHSSS NO. 3 - STRUCTURE NO. 0701-226,0130,501003P,,TEMPORARY SHEETING,562,SF,"J. FLETCHER CREAMER & SON, INC.",$25.00,"$14,050.00"
19132,132,0008,OHSSS NO. 3 - STRUCTURE NO. 0701-226,0131,503003P,,FURNISHING DRILLED SHAFT EQUIPMENT,1,LS,"FERREIRA CONSTRUCTION CO., INC.","$43,434.43","$43,434.43"
19132,132,0008,OHSSS NO. 3 - STRUCTURE NO. 0701-226,0131,503003P,,FURNISHING DRILLED SHAFT EQUIPMENT,1,LS,"J. FLETCHER CREAMER & SON, INC.","$95,000.00","$95,000.00"
19132,132,0008,OHSSS NO. 3 - STRUCTURE NO. 0701-226,0132,503012M,,CROSSHOLE SONIC LOGGING,4,U,"FERREIRA CONSTRUCTION CO., INC.","$1,651.71","$6,606.84"
19132,132,0008,OHSSS NO. 3 - STRUCTURE NO. 0701-226,0132,503012M,,CROSSHOLE SONIC LOGGING,4,U,"J. FLETCHER CREAMER & SON, INC.","$2,500.00","$10,000.00"
19132,132,0008,OHSSS NO. 3 - STRUCTURE NO. 0701-226,0133,503015M,,SHAFT CORING,40,LF,"FERREIRA CONSTRUCTION CO., INC.",$1.00,$40.00
19132,132,0008,OHSSS NO. 3 - STRUCTURE NO. 0701-226,0133,503015M,,SHAFT CORING,40,LF,"J. FLETCHER CREAMER & SON, INC.",$1.00,$40.00
19132,132,0008,OHSSS NO. 3 - STRUCTURE NO. 0701-226,0134,503048M,,OBSTRUCTION REMOVAL,16,LF,"FERREIRA CONSTRUCTION CO., INC.",$1.00,$16.00
19132,132,0008,OHSSS NO. 3 - STRUCTURE NO. 0701-226,0134,503048M,,OBSTRUCTION REMOVAL,16,LF,"J. FLETCHER CREAMER & SON, INC.",$1.00,$16.00
19132,132,0008,OHSSS NO. 3 - STRUCTURE NO. 0701-226,0135,503051M,,TOMOGRAPHY,4,U,"FERREIRA CONSTRUCTION CO., INC.",$1.00,$4.00
19132,132,0008,OHSSS NO. 3 - STRUCTURE NO. 0701-226,0135,503051M,,TOMOGRAPHY,4,U,"J. FLETCHER CREAMER & SON, INC.",$1.00,$4.00
19132,132,0008,OHSSS NO. 3 - STRUCTURE NO. 0701-226,0136,503055M,,DRILLED SHAFT FOR SIGN STRUCTURE FOUNDATION,158,LF,"FERREIRA CONSTRUCTION CO., INC.","$1,200.00","$189,600.00"
19132,132,0008,OHSSS NO. 3 - STRUCTURE NO. 0701-226,0136,503055M,,DRILLED SHAFT FOR SIGN STRUCTURE FOUNDATION,158,LF,"J. FLETCHER CREAMER & SON, INC.","$1,500.00","$237,000.00"
19132,132,0008,OHSSS NO. 3 - STRUCTURE NO. 0701-226,0137,504006P,,"REINFORCEMENT STEEL, EPOXY-COATED","4,138",LB,"FERREIRA CONSTRUCTION CO., INC.",$2.34,"$9,682.92"
19132,132,0008,OHSSS NO. 3 - STRUCTURE NO. 0701-226,0137,504006P,,"REINFORCEMENT STEEL, EPOXY-COATED","4,138",LB,"J. FLETCHER CREAMER & SON, INC.",$4.00,"$16,552.00"
19132,132,0008,OHSSS NO. 3 - STRUCTURE NO. 0701-226,0138,504026P,,"CONCRETE PIER COLUMN AND CAP, HPC",41,CY,"FERREIRA CONSTRUCTION CO., INC.",$792.91,"$32,509.31"
19132,132,0008,OHSSS NO. 3 - STRUCTURE NO. 0701-226,0138,504026P,,"CONCRETE PIER COLUMN AND CAP, HPC",41,CY,"J. FLETCHER CREAMER & SON, INC.","$2,500.00","$102,500.00"
19132,132,0008,OHSSS NO. 3 - STRUCTURE NO. 0701-226,0139,512012M,,"OVERHEAD SIGN SUPPORT, STRUCTURE NO. ___ 0701-226",1,U,"FERREIRA CONSTRUCTION CO., INC.","$300,000.00","$300,000.00"
19132,132,0008,OHSSS NO. 3 - STRUCTURE NO. 0701-226,0139,512012M,,"OVERHEAD SIGN SUPPORT, STRUCTURE NO. ___ 0701-226",1,U,"J. FLETCHER CREAMER & SON, INC.","$504,980.00","$504,980.00"
19132,132,0009,OHSSS NO. 4 - STRUCTURE NO. 0701-227,0140,201009P,,"CLEARING SITE, STRUCTURE (___) 0701-203",1,LS,"FERREIRA CONSTRUCTION CO., INC.","$15,000.00","$15,000.00"
19132,132,0009,OHSSS NO. 4 - STRUCTURE NO. 0701-227,0140,201009P,,"CLEARING SITE, STRUCTURE (___) 0701-203",1,LS,"J. FLETCHER CREAMER & SON, INC.","$15,000.00","$15,000.00"
19132,132,0009,OHSSS NO. 4 - STRUCTURE NO. 0701-227,0141,202009P,,"EXCAVATION, UNCLASSIFIED",30,CY,"FERREIRA CONSTRUCTION CO., INC.",$568.68,"$17,060.40"
19132,132,0009,OHSSS NO. 4 - STRUCTURE NO. 0701-227,0141,202009P,,"EXCAVATION, UNCLASSIFIED",30,CY,"J. FLETCHER CREAMER & SON, INC.",$200.00,"$6,000.00"
19132,132,0009,OHSSS NO. 4 - STRUCTURE NO. 0701-227,0142,501003P,,TEMPORARY SHEETING,418,SF,"FERREIRA CONSTRUCTION CO., INC.",$5.87,"$2,453.66"
19132,132,0009,OHSSS NO. 4 - STRUCTURE NO. 0701-227,0142,501003P,,TEMPORARY SHEETING,418,SF,"J. FLETCHER CREAMER & SON, INC.",$25.00,"$10,450.00"
19132,132,0009,OHSSS NO. 4 - STRUCTURE NO. 0701-227,0143,503003P,,FURNISHING DRILLED SHAFT EQUIPMENT,1,LS,"FERREIRA CONSTRUCTION CO., INC.","$43,434.43","$43,434.43"
19132,132,0009,OHSSS NO. 4 - STRUCTURE NO. 0701-227,0143,503003P,,FURNISHING DRILLED SHAFT EQUIPMENT,1,LS,"J. FLETCHER CREAMER & SON, INC.","$95,000.00","$95,000.00"
19132,132,0009,OHSSS NO. 4 - STRUCTURE NO. 0701-227,0144,503012M,,CROSSHOLE SONIC LOGGING,4,U,"FERREIRA CONSTRUCTION CO., INC.","$1,651.71","$6,606.84"
19132,132,0009,OHSSS NO. 4 - STRUCTURE NO. 0701-227,0144,503012M,,CROSSHOLE SONIC LOGGING,4,U,"J. FLETCHER CREAMER & SON, INC.","$2,500.00","$10,000.00"
19132,132,0009,OHSSS NO. 4 - STRUCTURE NO. 0701-227,0145,503015M,,SHAFT CORING,28,LF,"FERREIRA CONSTRUCTION CO., INC.",$1.00,$28.00
19132,132,0009,OHSSS NO. 4 - STRUCTURE NO. 0701-227,0145,503015M,,SHAFT CORING,28,LF,"J. FLETCHER CREAMER & SON, INC.",$1.00,$28.00
19132,132,0009,OHSSS NO. 4 - STRUCTURE NO. 0701-227,0146,503048M,,OBSTRUCTION REMOVAL,11,LF,"FERREIRA CONSTRUCTION CO., INC.",$1.00,$11.00
19132,132,0009,OHSSS NO. 4 - STRUCTURE NO. 0701-227,0146,503048M,,OBSTRUCTION REMOVAL,11,LF,"J. FLETCHER CREAMER & SON, INC.",$1.00,$11.00
19132,132,0009,OHSSS NO. 4 - STRUCTURE NO. 0701-227,0147,503051M,,TOMOGRAPHY,4,U,"FERREIRA CONSTRUCTION CO., INC.",$1.00,$4.00
19132,132,0009,OHSSS NO. 4 - STRUCTURE NO. 0701-227,0147,503051M,,TOMOGRAPHY,4,U,"J. FLETCHER CREAMER & SON, INC.",$1.00,$4.00
19132,132,0009,OHSSS NO. 4 - STRUCTURE NO. 0701-227,0148,503055M,,DRILLED SHAFT FOR SIGN STRUCTURE FOUNDATION,112,LF,"FERREIRA CONSTRUCTION CO., INC.","$1,200.00","$134,400.00"
19132,132,0009,OHSSS NO. 4 - STRUCTURE NO. 0701-227,0148,503055M,,DRILLED SHAFT FOR SIGN STRUCTURE FOUNDATION,112,LF,"J. FLETCHER CREAMER & SON, INC.","$1,500.00","$168,000.00"
19132,132,0009,OHSSS NO. 4 - STRUCTURE NO. 0701-227,0149,504006P,,"REINFORCEMENT STEEL, EPOXY-COATED","2,042",LB,"FERREIRA CONSTRUCTION CO., INC.",$3.97,"$8,106.74"
19132,132,0009,OHSSS NO. 4 - STRUCTURE NO. 0701-227,0149,504006P,,"REINFORCEMENT STEEL, EPOXY-COATED","2,042",LB,"J. FLETCHER CREAMER & SON, INC.",$4.00,"$8,168.00"
19132,132,0009,OHSSS NO. 4 - STRUCTURE NO. 0701-227,0150,504026P,,"CONCRETE PIER COLUMN AND CAP, HPC",23,CY,"FERREIRA CONSTRUCTION CO., INC.","$1,055.91","$24,285.93"
19132,132,0009,OHSSS NO. 4 - STRUCTURE NO. 0701-227,0150,504026P,,"CONCRETE PIER COLUMN AND CAP, HPC",23,CY,"J. FLETCHER CREAMER & SON, INC.","$2,500.00","$57,500.00"
19132,132,0009,OHSSS NO. 4 - STRUCTURE NO. 0701-227,0151,512012M,,"OVERHEAD SIGN SUPPORT, STRUCTURE NO. ___ 0701-227",1,U,"FERREIRA CONSTRUCTION CO., INC.","$150,000.00","$150,000.00"
19132,132,0009,OHSSS NO. 4 - STRUCTURE NO. 0701-227,0151,512012M,,"OVERHEAD SIGN SUPPORT, STRUCTURE NO. ___ 0701-227",1,U,"J. FLETCHER CREAMER & SON, INC.","$176,209.00","$176,209.00"
19132,132,0010,OHSSS NO. 5 - STRUCTURE NO. 0701-228,0152,201009P,,"CLEARING SITE, STRUCTURE (___) 0701-204",1,LS,"FERREIRA CONSTRUCTION CO., INC.","$15,000.00","$15,000.00"
19132,132,0010,OHSSS NO. 5 - STRUCTURE NO. 0701-228,0152,201009P,,"CLEARING SITE, STRUCTURE (___) 0701-204",1,LS,"J. FLETCHER CREAMER & SON, INC.","$15,000.00","$15,000.00"
19132,132,0010,OHSSS NO. 5 - STRUCTURE NO. 0701-228,0153,202009P,,"EXCAVATION, UNCLASSIFIED",166,CY,"FERREIRA CONSTRUCTION CO., INC.",$220.47,"$36,598.02"
19132,132,0010,OHSSS NO. 5 - STRUCTURE NO. 0701-228,0153,202009P,,"EXCAVATION, UNCLASSIFIED",166,CY,"J. FLETCHER CREAMER & SON, INC.",$150.00,"$24,900.00"
19132,132,0010,OHSSS NO. 5 - STRUCTURE NO. 0701-228,0154,302060P,,"COARSE AGGREGATE, SIZE NO. 57",16,CY,"FERREIRA CONSTRUCTION CO., INC.",$63.59,"$1,017.44"
19132,132,0010,OHSSS NO. 5 - STRUCTURE NO. 0701-228,0154,302060P,,"COARSE AGGREGATE, SIZE NO. 57",16,CY,"J. FLETCHER CREAMER & SON, INC.",$200.00,"$3,200.00"
19132,132,0010,OHSSS NO. 5 - STRUCTURE NO. 0701-228,0155,501003P,,TEMPORARY SHEETING,"1,088",SF,"FERREIRA CONSTRUCTION CO., INC.",$5.87,"$6,386.56"
19132,132,0010,OHSSS NO. 5 - STRUCTURE NO. 0701-228,0155,501003P,,TEMPORARY SHEETING,"1,088",SF,"J. FLETCHER CREAMER & SON, INC.",$25.00,"$27,200.00"
19132,132,0010,OHSSS NO. 5 - STRUCTURE NO. 0701-228,0156,504006P,,"REINFORCEMENT STEEL, EPOXY-COATED","3,544",LB,"FERREIRA CONSTRUCTION CO., INC.",$2.60,"$9,214.40"
19132,132,0010,OHSSS NO. 5 - STRUCTURE NO. 0701-228,0156,504006P,,"REINFORCEMENT STEEL, EPOXY-COATED","3,544",LB,"J. FLETCHER CREAMER & SON, INC.",$4.00,"$14,176.00"
19132,132,0010,OHSSS NO. 5 - STRUCTURE NO. 0701-228,0157,504015P,,CONCRETE FOOTING,33,CY,"FERREIRA CONSTRUCTION CO., INC.",$762.05,"$25,147.65"
19132,132,0010,OHSSS NO. 5 - STRUCTURE NO. 0701-228,0157,504015P,,CONCRETE FOOTING,33,CY,"J. FLETCHER CREAMER & SON, INC.",$750.00,"$24,750.00"
19132,132,0010,OHSSS NO. 5 - STRUCTURE NO. 0701-228,0158,504026P,,"CONCRETE PIER COLUMN AND CAP, HPC",7,CY,"FERREIRA CONSTRUCTION CO., INC.","$2,986.91","$20,908.37"
19132,132,0010,OHSSS NO. 5 - STRUCTURE NO. 0701-228,0158,504026P,,"CONCRETE PIER COLUMN AND CAP, HPC",7,CY,"J. FLETCHER CREAMER & SON, INC.","$3,500.00","$24,500.00"
19132,132,0010,OHSSS NO. 5 - STRUCTURE NO. 0701-228,0159,512012M,,"OVERHEAD SIGN SUPPORT, STRUCTURE NO. ___ 0701-228",1,U,"FERREIRA CONSTRUCTION CO., INC.","$150,000.00","$150,000.00"
19132,132,0010,OHSSS NO. 5 - STRUCTURE NO. 0701-228,0159,512012M,,"OVERHEAD SIGN SUPPORT, STRUCTURE NO. ___ 0701-228",1,U,"J. FLETCHER CREAMER & SON, INC.","$166,083.00","$166,083.00"
19132,132,0011,OHSSS NO. 6 - STRUCTURE NO. 0701-229,0160,201009P,,"CLEARING SITE, STRUCTURE (___) 0701-206",1,LS,"FERREIRA CONSTRUCTION CO., INC.","$15,000.00","$15,000.00"
19132,132,0011,OHSSS NO. 6 - STRUCTURE NO. 0701-229,0160,201009P,,"CLEARING SITE, STRUCTURE (___) 0701-206",1,LS,"J. FLETCHER CREAMER & SON, INC.","$15,000.00","$15,000.00"
19132,132,0011,OHSSS NO. 6 - STRUCTURE NO. 0701-229,0161,202009P,,"EXCAVATION, UNCLASSIFIED",31,CY,"FERREIRA CONSTRUCTION CO., INC.",$812.18,"$25,177.58"
19132,132,0011,OHSSS NO. 6 - STRUCTURE NO. 0701-229,0161,202009P,,"EXCAVATION, UNCLASSIFIED",31,CY,"J. FLETCHER CREAMER & SON, INC.",$200.00,"$6,200.00"
19132,132,0011,OHSSS NO. 6 - STRUCTURE NO. 0701-229,0162,302060P,,"COARSE AGGREGATE, SIZE NO. 57",4,CY,"FERREIRA CONSTRUCTION CO., INC.",$48.45,$193.80
19132,132,0011,OHSSS NO. 6 - STRUCTURE NO. 0701-229,0162,302060P,,"COARSE AGGREGATE, SIZE NO. 57",4,CY,"J. FLETCHER CREAMER & SON, INC.",$200.00,$800.00
19132,132,0011,OHSSS NO. 6 - STRUCTURE NO. 0701-229,0163,501003P,,TEMPORARY SHEETING,397,SF,"FERREIRA CONSTRUCTION CO., INC.",$5.87,"$2,330.39"
19132,132,0011,OHSSS NO. 6 - STRUCTURE NO. 0701-229,0163,501003P,,TEMPORARY SHEETING,397,SF,"J. FLETCHER CREAMER & SON, INC.",$25.00,"$9,925.00"
19132,132,0011,OHSSS NO. 6 - STRUCTURE NO. 0701-229,0164,503003P,,FURNISHING DRILLED SHAFT EQUIPMENT,1,LS,"FERREIRA CONSTRUCTION CO., INC.","$43,434.43","$43,434.43"
19132,132,0011,OHSSS NO. 6 - STRUCTURE NO. 0701-229,0164,503003P,,FURNISHING DRILLED SHAFT EQUIPMENT,1,LS,"J. FLETCHER CREAMER & SON, INC.","$95,000.00","$95,000.00"
19132,132,0011,OHSSS NO. 6 - STRUCTURE NO. 0701-229,0165,503012M,,CROSSHOLE SONIC LOGGING,4,U,"FERREIRA CONSTRUCTION CO., INC.","$1,651.71","$6,606.84"
19132,132,0011,OHSSS NO. 6 - STRUCTURE NO. 0701-229,0165,503012M,,CROSSHOLE SONIC LOGGING,4,U,"J. FLETCHER CREAMER & SON, INC.","$2,500.00","$10,000.00"
19132,132,0011,OHSSS NO. 6 - STRUCTURE NO. 0701-229,0166,503015M,,SHAFT CORING,32,LF,"FERREIRA CONSTRUCTION CO., INC.",$1.00,$32.00
19132,132,0011,OHSSS NO. 6 - STRUCTURE NO. 0701-229,0166,503015M,,SHAFT CORING,32,LF,"J. FLETCHER CREAMER & SON, INC.",$1.00,$32.00
19132,132,0011,OHSSS NO. 6 - STRUCTURE NO. 0701-229,0167,503048M,,OBSTRUCTION REMOVAL,13,LF,"FERREIRA CONSTRUCTION CO., INC.",$1.00,$13.00
19132,132,0011,OHSSS NO. 6 - STRUCTURE NO. 0701-229,0167,503048M,,OBSTRUCTION REMOVAL,13,LF,"J. FLETCHER CREAMER & SON, INC.",$1.00,$13.00
19132,132,0011,OHSSS NO. 6 - STRUCTURE NO. 0701-229,0168,503051M,,TOMOGRAPHY,4,U,"FERREIRA CONSTRUCTION CO., INC.",$1.00,$4.00
19132,132,0011,OHSSS NO. 6 - STRUCTURE NO. 0701-229,0168,503051M,,TOMOGRAPHY,4,U,"J. FLETCHER CREAMER & SON, INC.",$1.00,$4.00
19132,132,0011,OHSSS NO. 6 - STRUCTURE NO. 0701-229,0169,503055M,,DRILLED SHAFT FOR SIGN STRUCTURE FOUNDATION,126,LF,"FERREIRA CONSTRUCTION CO., INC.","$1,200.00","$151,200.00"
19132,132,0011,OHSSS NO. 6 - STRUCTURE NO. 0701-229,0169,503055M,,DRILLED SHAFT FOR SIGN STRUCTURE FOUNDATION,126,LF,"J. FLETCHER CREAMER & SON, INC.","$1,500.00","$189,000.00"
19132,132,0011,OHSSS NO. 6 - STRUCTURE NO. 0701-229,0170,504006P,,"REINFORCEMENT STEEL, EPOXY-COATED","4,277",LB,"FERREIRA CONSTRUCTION CO., INC.",$2.36,"$10,093.72"
19132,132,0011,OHSSS NO. 6 - STRUCTURE NO. 0701-229,0170,504006P,,"REINFORCEMENT STEEL, EPOXY-COATED","4,277",LB,"J. FLETCHER CREAMER & SON, INC.",$4.00,"$17,108.00"
19132,132,0011,OHSSS NO. 6 - STRUCTURE NO. 0701-229,0171,504026P,,"CONCRETE PIER COLUMN AND CAP, HPC",28,CY,"FERREIRA CONSTRUCTION CO., INC.","$1,061.47","$29,721.16"
19132,132,0011,OHSSS NO. 6 - STRUCTURE NO. 0701-229,0171,504026P,,"CONCRETE PIER COLUMN AND CAP, HPC",28,CY,"J. FLETCHER CREAMER & SON, INC.","$2,500.00","$70,000.00"
19132,132,0011,OHSSS NO. 6 - STRUCTURE NO. 0701-229,0172,507039P,,"CONCRETE BRIDGE PARAPET, HPC",30,LF,"FERREIRA CONSTRUCTION CO., INC.",$385.40,"$11,562.00"
19132,132,0011,OHSSS NO. 6 - STRUCTURE NO. 0701-229,0172,507039P,,"CONCRETE BRIDGE PARAPET, HPC",30,LF,"J. FLETCHER CREAMER & SON, INC.",$650.00,"$19,500.00"
19132,132,0011,OHSSS NO. 6 - STRUCTURE NO. 0701-229,0173,512012M,,"OVERHEAD SIGN SUPPORT, STRUCTURE NO. ___ 0701-229",1,U,"FERREIRA CONSTRUCTION CO., INC.","$150,000.00","$150,000.00"
19132,132,0011,OHSSS NO. 6 - STRUCTURE NO. 0701-229,0173,512012M,,"OVERHEAD SIGN SUPPORT, STRUCTURE NO. ___ 0701-229",1,U,"J. FLETCHER CREAMER & SON, INC.","$256,784.00","$256,784.00"
19132,132,0012,OHSSS NO. 7 - STRUCTURE NO. 0702-205,0174,201009P,,"CLEARING SITE, STRUCTURE (___) 0701-207",1,LS,"FERREIRA CONSTRUCTION CO., INC.","$15,000.00","$15,000.00"
19132,132,0012,OHSSS NO. 7 - STRUCTURE NO. 0702-205,0174,201009P,,"CLEARING SITE, STRUCTURE (___) 0701-207",1,LS,"J. FLETCHER CREAMER & SON, INC.","$15,000.00","$15,000.00"
19132,132,0012,OHSSS NO. 7 - STRUCTURE NO. 0702-205,0175,202009P,,"EXCAVATION, UNCLASSIFIED",194,CY,"FERREIRA CONSTRUCTION CO., INC.",$197.17,"$38,250.98"
19132,132,0012,OHSSS NO. 7 - STRUCTURE NO. 0702-205,0175,202009P,,"EXCAVATION, UNCLASSIFIED",194,CY,"J. FLETCHER CREAMER & SON, INC.",$150.00,"$29,100.00"
19132,132,0012,OHSSS NO. 7 - STRUCTURE NO. 0702-205,0176,302060P,,"COARSE AGGREGATE, SIZE NO. 57",24,CY,"FERREIRA CONSTRUCTION CO., INC.",$62.58,"$1,501.92"
19132,132,0012,OHSSS NO. 7 - STRUCTURE NO. 0702-205,0176,302060P,,"COARSE AGGREGATE, SIZE NO. 57",24,CY,"J. FLETCHER CREAMER & SON, INC.",$200.00,"$4,800.00"
19132,132,0012,OHSSS NO. 7 - STRUCTURE NO. 0702-205,0177,501003P,,TEMPORARY SHEETING,"1,060",SF,"FERREIRA CONSTRUCTION CO., INC.",$5.87,"$6,222.20"
19132,132,0012,OHSSS NO. 7 - STRUCTURE NO. 0702-205,0177,501003P,,TEMPORARY SHEETING,"1,060",SF,"J. FLETCHER CREAMER & SON, INC.",$25.00,"$26,500.00"
19132,132,0012,OHSSS NO. 7 - STRUCTURE NO. 0702-205,0178,504006P,,"REINFORCEMENT STEEL, EPOXY-COATED","9,316",LB,"FERREIRA CONSTRUCTION CO., INC.",$2.51,"$23,383.16"
19132,132,0012,OHSSS NO. 7 - STRUCTURE NO. 0702-205,0178,504006P,,"REINFORCEMENT STEEL, EPOXY-COATED","9,316",LB,"J. FLETCHER CREAMER & SON, INC.",$4.00,"$37,264.00"
19132,132,0012,OHSSS NO. 7 - STRUCTURE NO. 0702-205,0179,504015P,,CONCRETE FOOTING,49,CY,"FERREIRA CONSTRUCTION CO., INC.",$673.88,"$33,020.12"
19132,132,0012,OHSSS NO. 7 - STRUCTURE NO. 0702-205,0179,504015P,,CONCRETE FOOTING,49,CY,"J. FLETCHER CREAMER & SON, INC.",$750.00,"$36,750.00"
19132,132,0012,OHSSS NO. 7 - STRUCTURE NO. 0702-205,0180,504026P,,"CONCRETE PIER COLUMN AND CAP, HPC",10,CY,"FERREIRA CONSTRUCTION CO., INC.","$2,609.27","$26,092.70"
19132,132,0012,OHSSS NO. 7 - STRUCTURE NO. 0702-205,0180,504026P,,"CONCRETE PIER COLUMN AND CAP, HPC",10,CY,"J. FLETCHER CREAMER & SON, INC.","$3,500.00","$35,000.00"
19132,132,0012,OHSSS NO. 7 - STRUCTURE NO. 0702-205,0181,507039P,,"CONCRETE BRIDGE PARAPET, HPC",27,LF,"FERREIRA CONSTRUCTION CO., INC.",$385.40,"$10,405.80"
19132,132,0012,OHSSS NO. 7 - STRUCTURE NO. 0702-205,0181,507039P,,"CONCRETE BRIDGE PARAPET, HPC",27,LF,"J. FLETCHER CREAMER & SON, INC.",$650.00,"$17,550.00"
19132,132,0012,OHSSS NO. 7 - STRUCTURE NO. 0702-205,0182,512012M,,"OVERHEAD SIGN SUPPORT, STRUCTURE NO. ___ 0702-205",1,U,"FERREIRA CONSTRUCTION CO., INC.","$150,000.00","$150,000.00"
19132,132,0012,OHSSS NO. 7 - STRUCTURE NO. 0702-205,0182,512012M,,"OVERHEAD SIGN SUPPORT, STRUCTURE NO. ___ 0702-205",1,U,"J. FLETCHER CREAMER & SON, INC.","$212,232.00","$212,232.00"
19132,132,0013,OHSSS NO. 8 - STRUCTURE NO. 0702-206,0183,162005P,,VIBRATION MONITORING,1,LS,"FERREIRA CONSTRUCTION CO., INC.","$5,505.70","$5,505.70"
19132,132,0013,OHSSS NO. 8 - STRUCTURE NO. 0702-206,0183,162005P,,VIBRATION MONITORING,1,LS,"J. FLETCHER CREAMER & SON, INC.","$7,500.00","$7,500.00"
19132,132,0013,OHSSS NO. 8 - STRUCTURE NO. 0702-206,0184,201009P,,"CLEARING SITE, STRUCTURE (___) 0701-208",1,LS,"FERREIRA CONSTRUCTION CO., INC.","$15,000.00","$15,000.00"
19132,132,0013,OHSSS NO. 8 - STRUCTURE NO. 0702-206,0184,201009P,,"CLEARING SITE, STRUCTURE (___) 0701-208",1,LS,"J. FLETCHER CREAMER & SON, INC.","$15,000.00","$15,000.00"
19132,132,0013,OHSSS NO. 8 - STRUCTURE NO. 0702-206,0185,202009P,,"EXCAVATION, UNCLASSIFIED",30,CY,"FERREIRA CONSTRUCTION CO., INC.",$568.68,"$17,060.40"
19132,132,0013,OHSSS NO. 8 - STRUCTURE NO. 0702-206,0185,202009P,,"EXCAVATION, UNCLASSIFIED",30,CY,"J. FLETCHER CREAMER & SON, INC.",$200.00,"$6,000.00"
19132,132,0013,OHSSS NO. 8 - STRUCTURE NO. 0702-206,0186,501003P,,TEMPORARY SHEETING,418,SF,"FERREIRA CONSTRUCTION CO., INC.",$5.87,"$2,453.66"
19132,132,0013,OHSSS NO. 8 - STRUCTURE NO. 0702-206,0186,501003P,,TEMPORARY SHEETING,418,SF,"J. FLETCHER CREAMER & SON, INC.",$25.00,"$10,450.00"
19132,132,0013,OHSSS NO. 8 - STRUCTURE NO. 0702-206,0187,503003P,,FURNISHING DRILLED SHAFT EQUIPMENT,1,LS,"FERREIRA CONSTRUCTION CO., INC.","$43,434.43","$43,434.43"
19132,132,0013,OHSSS NO. 8 - STRUCTURE NO. 0702-206,0187,503003P,,FURNISHING DRILLED SHAFT EQUIPMENT,1,LS,"J. FLETCHER CREAMER & SON, INC.","$95,000.00","$95,000.00"
19132,132,0013,OHSSS NO. 8 - STRUCTURE NO. 0702-206,0188,503012M,,CROSSHOLE SONIC LOGGING,4,U,"FERREIRA CONSTRUCTION CO., INC.","$1,651.71","$6,606.84"
19132,132,0013,OHSSS NO. 8 - STRUCTURE NO. 0702-206,0188,503012M,,CROSSHOLE SONIC LOGGING,4,U,"J. FLETCHER CREAMER & SON, INC.","$2,500.00","$10,000.00"
19132,132,0013,OHSSS NO. 8 - STRUCTURE NO. 0702-206,0189,503015M,,SHAFT CORING,27,LF,"FERREIRA CONSTRUCTION CO., INC.",$1.00,$27.00
19132,132,0013,OHSSS NO. 8 - STRUCTURE NO. 0702-206,0189,503015M,,SHAFT CORING,27,LF,"J. FLETCHER CREAMER & SON, INC.",$1.00,$27.00
19132,132,0013,OHSSS NO. 8 - STRUCTURE NO. 0702-206,0190,503048M,,OBSTRUCTION REMOVAL,11,LF,"FERREIRA CONSTRUCTION CO., INC.",$1.00,$11.00
19132,132,0013,OHSSS NO. 8 - STRUCTURE NO. 0702-206,0190,503048M,,OBSTRUCTION REMOVAL,11,LF,"J. FLETCHER CREAMER & SON, INC.",$1.00,$11.00
19132,132,0013,OHSSS NO. 8 - STRUCTURE NO. 0702-206,0191,503051M,,TOMOGRAPHY,4,U,"FERREIRA CONSTRUCTION CO., INC.",$1.00,$4.00
19132,132,0013,OHSSS NO. 8 - STRUCTURE NO. 0702-206,0191,503051M,,TOMOGRAPHY,4,U,"J. FLETCHER CREAMER & SON, INC.",$1.00,$4.00
19132,132,0013,OHSSS NO. 8 - STRUCTURE NO. 0702-206,0192,503055M,,DRILLED SHAFT FOR SIGN STRUCTURE FOUNDATION,108,LF,"FERREIRA CONSTRUCTION CO., INC.","$1,200.00","$129,600.00"
19132,132,0013,OHSSS NO. 8 - STRUCTURE NO. 0702-206,0192,503055M,,DRILLED SHAFT FOR SIGN STRUCTURE FOUNDATION,108,LF,"J. FLETCHER CREAMER & SON, INC.","$1,500.00","$162,000.00"
19132,132,0013,OHSSS NO. 8 - STRUCTURE NO. 0702-206,0193,504006P,,"REINFORCEMENT STEEL, EPOXY-COATED","2,042",LB,"FERREIRA CONSTRUCTION CO., INC.",$2.36,"$4,819.12"
19132,132,0013,OHSSS NO. 8 - STRUCTURE NO. 0702-206,0193,504006P,,"REINFORCEMENT STEEL, EPOXY-COATED","2,042",LB,"J. FLETCHER CREAMER & SON, INC.",$4.00,"$8,168.00"
19132,132,0013,OHSSS NO. 8 - STRUCTURE NO. 0702-206,0194,504026P,,"CONCRETE PIER COLUMN AND CAP, HPC",23,CY,"FERREIRA CONSTRUCTION CO., INC.","$1,200.00","$27,600.00"
19132,132,0013,OHSSS NO. 8 - STRUCTURE NO. 0702-206,0194,504026P,,"CONCRETE PIER COLUMN AND CAP, HPC",23,CY,"J. FLETCHER CREAMER & SON, INC.","$2,500.00","$57,500.00"
19132,132,0013,OHSSS NO. 8 - STRUCTURE NO. 0702-206,0195,512012M,,"OVERHEAD SIGN SUPPORT, STRUCTURE NO. ___ 0702-206",1,U,"FERREIRA CONSTRUCTION CO., INC.","$150,000.00","$150,000.00"
19132,132,0013,OHSSS NO. 8 - STRUCTURE NO. 0702-206,0195,512012M,,"OVERHEAD SIGN SUPPORT, STRUCTURE NO. ___ 0702-206",1,U,"J. FLETCHER CREAMER & SON, INC.","$171,736.00","$171,736.00"
19132,132,0014,OHSSS NO. 9 - STRUCTURE NO. 0702-207,0196,201009P,,"CLEARING SITE, STRUCTURE (___) 0703-240",1,LS,"FERREIRA CONSTRUCTION CO., INC.","$15,000.00","$15,000.00"
19132,132,0014,OHSSS NO. 9 - STRUCTURE NO. 0702-207,0196,201009P,,"CLEARING SITE, STRUCTURE (___) 0703-240",1,LS,"J. FLETCHER CREAMER & SON, INC.","$15,000.00","$15,000.00"
19132,132,0014,OHSSS NO. 9 - STRUCTURE NO. 0702-207,0197,202009P,,"EXCAVATION, UNCLASSIFIED",30,CY,"FERREIRA CONSTRUCTION CO., INC.",$568.68,"$17,060.40"
19132,132,0014,OHSSS NO. 9 - STRUCTURE NO. 0702-207,0197,202009P,,"EXCAVATION, UNCLASSIFIED",30,CY,"J. FLETCHER CREAMER & SON, INC.",$200.00,"$6,000.00"
19132,132,0014,OHSSS NO. 9 - STRUCTURE NO. 0702-207,0198,501003P,,TEMPORARY SHEETING,418,SF,"FERREIRA CONSTRUCTION CO., INC.",$5.87,"$2,453.66"
19132,132,0014,OHSSS NO. 9 - STRUCTURE NO. 0702-207,0198,501003P,,TEMPORARY SHEETING,418,SF,"J. FLETCHER CREAMER & SON, INC.",$25.00,"$10,450.00"
19132,132,0014,OHSSS NO. 9 - STRUCTURE NO. 0702-207,0199,503003P,,FURNISHING DRILLED SHAFT EQUIPMENT,1,LS,"FERREIRA CONSTRUCTION CO., INC.","$43,434.43","$43,434.43"
19132,132,0014,OHSSS NO. 9 - STRUCTURE NO. 0702-207,0199,503003P,,FURNISHING DRILLED SHAFT EQUIPMENT,1,LS,"J. FLETCHER CREAMER & SON, INC.","$95,000.00","$95,000.00"
19132,132,0014,OHSSS NO. 9 - STRUCTURE NO. 0702-207,0200,503012M,,CROSSHOLE SONIC LOGGING,4,U,"FERREIRA CONSTRUCTION CO., INC.","$1,651.71","$6,606.84"
19132,132,0014,OHSSS NO. 9 - STRUCTURE NO. 0702-207,0200,503012M,,CROSSHOLE SONIC LOGGING,4,U,"J. FLETCHER CREAMER & SON, INC.","$2,500.00","$10,000.00"
19132,132,0014,OHSSS NO. 9 - STRUCTURE NO. 0702-207,0201,503015M,,SHAFT CORING,29,LF,"FERREIRA CONSTRUCTION CO., INC.",$1.00,$29.00
19132,132,0014,OHSSS NO. 9 - STRUCTURE NO. 0702-207,0201,503015M,,SHAFT CORING,29,LF,"J. FLETCHER CREAMER & SON, INC.",$1.00,$29.00
19132,132,0014,OHSSS NO. 9 - STRUCTURE NO. 0702-207,0202,503048M,,OBSTRUCTION REMOVAL,11,LF,"FERREIRA CONSTRUCTION CO., INC.",$1.00,$11.00
19132,132,0014,OHSSS NO. 9 - STRUCTURE NO. 0702-207,0202,503048M,,OBSTRUCTION REMOVAL,11,LF,"J. FLETCHER CREAMER & SON, INC.",$1.00,$11.00
19132,132,0014,OHSSS NO. 9 - STRUCTURE NO. 0702-207,0203,503051M,,TOMOGRAPHY,4,U,"FERREIRA CONSTRUCTION CO., INC.",$1.00,$4.00
19132,132,0014,OHSSS NO. 9 - STRUCTURE NO. 0702-207,0203,503051M,,TOMOGRAPHY,4,U,"J. FLETCHER CREAMER & SON, INC.",$1.00,$4.00
19132,132,0014,OHSSS NO. 9 - STRUCTURE NO. 0702-207,0204,503055M,,DRILLED SHAFT FOR SIGN STRUCTURE FOUNDATION,114,LF,"FERREIRA CONSTRUCTION CO., INC.","$1,200.00","$136,800.00"
19132,132,0014,OHSSS NO. 9 - STRUCTURE NO. 0702-207,0204,503055M,,DRILLED SHAFT FOR SIGN STRUCTURE FOUNDATION,114,LF,"J. FLETCHER CREAMER & SON, INC.","$1,500.00","$171,000.00"
19132,132,0014,OHSSS NO. 9 - STRUCTURE NO. 0702-207,0205,504006P,,"REINFORCEMENT STEEL, EPOXY-COATED","2,042",LB,"FERREIRA CONSTRUCTION CO., INC.",$2.36,"$4,819.12"
19132,132,0014,OHSSS NO. 9 - STRUCTURE NO. 0702-207,0205,504006P,,"REINFORCEMENT STEEL, EPOXY-COATED","2,042",LB,"J. FLETCHER CREAMER & SON, INC.",$4.00,"$8,168.00"
19132,132,0014,OHSSS NO. 9 - STRUCTURE NO. 0702-207,0206,504026P,,"CONCRETE PIER COLUMN AND CAP, HPC",23,CY,"FERREIRA CONSTRUCTION CO., INC.","$1,055.91","$24,285.93"
19132,132,0014,OHSSS NO. 9 - STRUCTURE NO. 0702-207,0206,504026P,,"CONCRETE PIER COLUMN AND CAP, HPC",23,CY,"J. FLETCHER CREAMER & SON, INC.","$2,500.00","$57,500.00"
19132,132,0014,OHSSS NO. 9 - STRUCTURE NO. 0702-207,0207,512012M,,"OVERHEAD SIGN SUPPORT, STRUCTURE NO. ___ 0702-207",1,U,"FERREIRA CONSTRUCTION CO., INC.","$150,000.00","$150,000.00"
19132,132,0014,OHSSS NO. 9 - STRUCTURE NO. 0702-207,0207,512012M,,"OVERHEAD SIGN SUPPORT, STRUCTURE NO. ___ 0702-207",1,U,"J. FLETCHER CREAMER & SON, INC.","$170,133.00","$170,133.00"
19132,132,0015,OHSSS NO. 10 - STRUCTURE NO. 0718-209,0208,201009P,,"CLEARING SITE, STRUCTURE (___) 0718-200",1,LS,"FERREIRA CONSTRUCTION CO., INC.","$25,000.00","$25,000.00"
19132,132,0015,OHSSS NO. 10 - STRUCTURE NO. 0718-209,0208,201009P,,"CLEARING SITE, STRUCTURE (___) 0718-200",1,LS,"J. FLETCHER CREAMER & SON, INC.","$15,000.00","$15,000.00"
19132,132,0015,OHSSS NO. 10 - STRUCTURE NO. 0718-209,0209,504006P,,"REINFORCEMENT STEEL, EPOXY-COATED","8,570",LB,"FERREIRA CONSTRUCTION CO., INC.",$2.28,"$19,539.60"
19132,132,0015,OHSSS NO. 10 - STRUCTURE NO. 0718-209,0209,504006P,,"REINFORCEMENT STEEL, EPOXY-COATED","8,570",LB,"J. FLETCHER CREAMER & SON, INC.",$4.00,"$34,280.00"
19132,132,0015,OHSSS NO. 10 - STRUCTURE NO. 0718-209,0210,506003P,,STRUCTURAL STEEL,1,LS,"FERREIRA CONSTRUCTION CO., INC.","$78,144.79","$78,144.79"
19132,132,0015,OHSSS NO. 10 - STRUCTURE NO. 0718-209,0210,506003P,,STRUCTURAL STEEL,1,LS,"J. FLETCHER CREAMER & SON, INC.","$250,000.00","$250,000.00"
19132,132,0015,OHSSS NO. 10 - STRUCTURE NO. 0718-209,0211,507037P,,BARRIER PARAPET MODIFICATIONS,190,LF,"FERREIRA CONSTRUCTION CO., INC.",$495.40,"$94,126.00"
19132,132,0015,OHSSS NO. 10 - STRUCTURE NO. 0718-209,0211,507037P,,BARRIER PARAPET MODIFICATIONS,190,LF,"J. FLETCHER CREAMER & SON, INC.","$1,500.00","$285,000.00"
19132,132,0015,OHSSS NO. 10 - STRUCTURE NO. 0718-209,0212,512012M,,"OVERHEAD SIGN SUPPORT, STRUCTURE NO. ___ 0718-209",1,U,"FERREIRA CONSTRUCTION CO., INC.","$150,000.00","$150,000.00"
19132,132,0015,OHSSS NO. 10 - STRUCTURE NO. 0718-209,0212,512012M,,"OVERHEAD SIGN SUPPORT, STRUCTURE NO. ___ 0718-209",1,U,"J. FLETCHER CREAMER & SON, INC.","$217,334.00","$217,334.00"
19132,132,0015,OHSSS NO. 10 - STRUCTURE NO. 0718-209,0213,554006P,,HAND/POWER TOOL CLEANING AND PAINTING,1,LS,"FERREIRA CONSTRUCTION CO., INC.","$8,993.21","$8,993.21"
19132,132,0015,OHSSS NO. 10 - STRUCTURE NO. 0718-209,0213,554006P,,HAND/POWER TOOL CLEANING AND PAINTING,1,LS,"J. FLETCHER CREAMER & SON, INC.","$50,000.00","$50,000.00"
19132,132,0016,OHSSS NO. 11 - STRUCTURE NO. 0718-210,0214,201009P,,"CLEARING SITE, STRUCTURE (___) 0718-201",1,LS,"FERREIRA CONSTRUCTION CO., INC.","$25,000.00","$25,000.00"
19132,132,0016,OHSSS NO. 11 - STRUCTURE NO. 0718-210,0214,201009P,,"CLEARING SITE, STRUCTURE (___) 0718-201",1,LS,"J. FLETCHER CREAMER & SON, INC.","$15,000.00","$15,000.00"
19132,132,0016,OHSSS NO. 11 - STRUCTURE NO. 0718-210,0215,202009P,,"EXCAVATION, UNCLASSIFIED",30,CY,"FERREIRA CONSTRUCTION CO., INC.",$568.68,"$17,060.40"
19132,132,0016,OHSSS NO. 11 - STRUCTURE NO. 0718-210,0215,202009P,,"EXCAVATION, UNCLASSIFIED",30,CY,"J. FLETCHER CREAMER & SON, INC.",$200.00,"$6,000.00"
19132,132,0016,OHSSS NO. 11 - STRUCTURE NO. 0718-210,0216,501003P,,TEMPORARY SHEETING,418,SF,"FERREIRA CONSTRUCTION CO., INC.",$5.87,"$2,453.66"
19132,132,0016,OHSSS NO. 11 - STRUCTURE NO. 0718-210,0216,501003P,,TEMPORARY SHEETING,418,SF,"J. FLETCHER CREAMER & SON, INC.",$25.00,"$10,450.00"
19132,132,0016,OHSSS NO. 11 - STRUCTURE NO. 0718-210,0217,503003P,,FURNISHING DRILLED SHAFT EQUIPMENT,1,LS,"FERREIRA CONSTRUCTION CO., INC.","$43,434.43","$43,434.43"
19132,132,0016,OHSSS NO. 11 - STRUCTURE NO. 0718-210,0217,503003P,,FURNISHING DRILLED SHAFT EQUIPMENT,1,LS,"J. FLETCHER CREAMER & SON, INC.","$95,000.00","$95,000.00"
19132,132,0016,OHSSS NO. 11 - STRUCTURE NO. 0718-210,0218,503012M,,CROSSHOLE SONIC LOGGING,4,U,"FERREIRA CONSTRUCTION CO., INC.","$1,651.71","$6,606.84"
19132,132,0016,OHSSS NO. 11 - STRUCTURE NO. 0718-210,0218,503012M,,CROSSHOLE SONIC LOGGING,4,U,"J. FLETCHER CREAMER & SON, INC.","$2,500.00","$10,000.00"
19132,132,0016,OHSSS NO. 11 - STRUCTURE NO. 0718-210,0219,503015M,,SHAFT CORING,32,LF,"FERREIRA CONSTRUCTION CO., INC.",$1.00,$32.00
19132,132,0016,OHSSS NO. 11 - STRUCTURE NO. 0718-210,0219,503015M,,SHAFT CORING,32,LF,"J. FLETCHER CREAMER & SON, INC.",$1.00,$32.00
19132,132,0016,OHSSS NO. 11 - STRUCTURE NO. 0718-210,0220,503048M,,OBSTRUCTION REMOVAL,13,LF,"FERREIRA CONSTRUCTION CO., INC.",$1.00,$13.00
19132,132,0016,OHSSS NO. 11 - STRUCTURE NO. 0718-210,0220,503048M,,OBSTRUCTION REMOVAL,13,LF,"J. FLETCHER CREAMER & SON, INC.",$1.00,$13.00
19132,132,0016,OHSSS NO. 11 - STRUCTURE NO. 0718-210,0221,503051M,,TOMOGRAPHY,4,U,"FERREIRA CONSTRUCTION CO., INC.",$1.00,$4.00
19132,132,0016,OHSSS NO. 11 - STRUCTURE NO. 0718-210,0221,503051M,,TOMOGRAPHY,4,U,"J. FLETCHER CREAMER & SON, INC.",$1.00,$4.00
19132,132,0016,OHSSS NO. 11 - STRUCTURE NO. 0718-210,0222,503055M,,DRILLED SHAFT FOR SIGN STRUCTURE FOUNDATION,128,LF,"FERREIRA CONSTRUCTION CO., INC.","$1,200.00","$153,600.00"
19132,132,0016,OHSSS NO. 11 - STRUCTURE NO. 0718-210,0222,503055M,,DRILLED SHAFT FOR SIGN STRUCTURE FOUNDATION,128,LF,"J. FLETCHER CREAMER & SON, INC.","$1,500.00","$192,000.00"
19132,132,0016,OHSSS NO. 11 - STRUCTURE NO. 0718-210,0223,504006P,,"REINFORCEMENT STEEL, EPOXY-COATED","2,042",LB,"FERREIRA CONSTRUCTION CO., INC.",$2.36,"$4,819.12"
19132,132,0016,OHSSS NO. 11 - STRUCTURE NO. 0718-210,0223,504006P,,"REINFORCEMENT STEEL, EPOXY-COATED","2,042",LB,"J. FLETCHER CREAMER & SON, INC.",$4.00,"$8,168.00"
19132,132,0016,OHSSS NO. 11 - STRUCTURE NO. 0718-210,0224,504026P,,"CONCRETE PIER COLUMN AND CAP, HPC",23,CY,"FERREIRA CONSTRUCTION CO., INC.","$1,055.91","$24,285.93"
19132,132,0016,OHSSS NO. 11 - STRUCTURE NO. 0718-210,0224,504026P,,"CONCRETE PIER COLUMN AND CAP, HPC",23,CY,"J. FLETCHER CREAMER & SON, INC.","$2,500.00","$57,500.00"
19132,132,0016,OHSSS NO. 11 - STRUCTURE NO. 0718-210,0225,512012M,,"OVERHEAD SIGN SUPPORT, STRUCTURE NO. ___ 0718-210",1,U,"FERREIRA CONSTRUCTION CO., INC.","$120,000.00","$120,000.00"
19132,132,0016,OHSSS NO. 11 - STRUCTURE NO. 0718-210,0225,512012M,,"OVERHEAD SIGN SUPPORT, STRUCTURE NO. ___ 0718-210",1,U,"J. FLETCHER CREAMER & SON, INC.","$258,790.00","$258,790.00"
19132,132,0017,OHSSS NO. 12 - STRUCTURE NO. 0718-208,0226,201009P,,"CLEARING SITE, STRUCTURE (___) 0718-208",1,LS,"FERREIRA CONSTRUCTION CO., INC.","$15,000.00","$15,000.00"
19132,132,0017,OHSSS NO. 12 - STRUCTURE NO. 0718-208,0226,201009P,,"CLEARING SITE, STRUCTURE (___) 0718-208",1,LS,"J. FLETCHER CREAMER & SON, INC.","$25,000.00","$25,000.00"
19132,132,0018,OHSSS NO. 13 - STRUCTURE NO. 2015-202,0227,201009P,,"CLEARING SITE, STRUCTURE (___) 2015-201",1,LS,"FERREIRA CONSTRUCTION CO., INC.","$15,000.00","$15,000.00"
19132,132,0018,OHSSS NO. 13 - STRUCTURE NO. 2015-202,0227,201009P,,"CLEARING SITE, STRUCTURE (___) 2015-201",1,LS,"J. FLETCHER CREAMER & SON, INC.","$15,000.00","$15,000.00"
19132,132,0018,OHSSS NO. 13 - STRUCTURE NO. 2015-202,0228,202009P,,"EXCAVATION, UNCLASSIFIED",341,CY,"FERREIRA CONSTRUCTION CO., INC.",$131.55,"$44,858.55"
19132,132,0018,OHSSS NO. 13 - STRUCTURE NO. 2015-202,0228,202009P,,"EXCAVATION, UNCLASSIFIED",341,CY,"J. FLETCHER CREAMER & SON, INC.",$150.00,"$51,150.00"
19132,132,0018,OHSSS NO. 13 - STRUCTURE NO. 2015-202,0229,302060P,,"COARSE AGGREGATE, SIZE NO. 57",71,CY,"FERREIRA CONSTRUCTION CO., INC.",$50.50,"$3,585.50"
19132,132,0018,OHSSS NO. 13 - STRUCTURE NO. 2015-202,0229,302060P,,"COARSE AGGREGATE, SIZE NO. 57",71,CY,"J. FLETCHER CREAMER & SON, INC.",$200.00,"$14,200.00"
19132,132,0018,OHSSS NO. 13 - STRUCTURE NO. 2015-202,0230,501003P,,TEMPORARY SHEETING,"1,564",SF,"FERREIRA CONSTRUCTION CO., INC.",$5.87,"$9,180.68"
19132,132,0018,OHSSS NO. 13 - STRUCTURE NO. 2015-202,0230,501003P,,TEMPORARY SHEETING,"1,564",SF,"J. FLETCHER CREAMER & SON, INC.",$25.00,"$39,100.00"
19132,132,0018,OHSSS NO. 13 - STRUCTURE NO. 2015-202,0231,504006P,,"REINFORCEMENT STEEL, EPOXY-COATED","8,861",LB,"FERREIRA CONSTRUCTION CO., INC.",$2.60,"$23,038.60"
19132,132,0018,OHSSS NO. 13 - STRUCTURE NO. 2015-202,0231,504006P,,"REINFORCEMENT STEEL, EPOXY-COATED","8,861",LB,"J. FLETCHER CREAMER & SON, INC.",$4.00,"$35,444.00"
19132,132,0018,OHSSS NO. 13 - STRUCTURE NO. 2015-202,0232,504015P,,CONCRETE FOOTING,71,CY,"FERREIRA CONSTRUCTION CO., INC.",$530.48,"$37,664.08"
19132,132,0018,OHSSS NO. 13 - STRUCTURE NO. 2015-202,0232,504015P,,CONCRETE FOOTING,71,CY,"J. FLETCHER CREAMER & SON, INC.",$750.00,"$53,250.00"
19132,132,0018,OHSSS NO. 13 - STRUCTURE NO. 2015-202,0233,504026P,,"CONCRETE PIER COLUMN AND CAP, HPC",10,CY,"FERREIRA CONSTRUCTION CO., INC.","$2,609.27","$26,092.70"
19132,132,0018,OHSSS NO. 13 - STRUCTURE NO. 2015-202,0233,504026P,,"CONCRETE PIER COLUMN AND CAP, HPC",10,CY,"J. FLETCHER CREAMER & SON, INC.","$3,500.00","$35,000.00"
19132,132,0018,OHSSS NO. 13 - STRUCTURE NO. 2015-202,0234,512012M,,"OVERHEAD SIGN SUPPORT, STRUCTURE NO. ___ 2015-202",1,U,"FERREIRA CONSTRUCTION CO., INC.","$150,000.00","$150,000.00"
19132,132,0018,OHSSS NO. 13 - STRUCTURE NO. 2015-202,0234,512012M,,"OVERHEAD SIGN SUPPORT, STRUCTURE NO. ___ 2015-202",1,U,"J. FLETCHER CREAMER & SON, INC.","$222,786.00","$222,786.00"
19132,132,0019,OHSSS NO. 14 - STRUCTURE NO. 2018-208,0235,201009P,,"CLEARING SITE, STRUCTURE (___) 2010-210",1,LS,"FERREIRA CONSTRUCTION CO., INC.","$15,000.00","$15,000.00"
19132,132,0019,OHSSS NO. 14 - STRUCTURE NO. 2018-208,0235,201009P,,"CLEARING SITE, STRUCTURE (___) 2010-210",1,LS,"J. FLETCHER CREAMER & SON, INC.","$15,000.00","$15,000.00"
19132,132,0019,OHSSS NO. 14 - STRUCTURE NO. 2018-208,0236,202009P,,"EXCAVATION, UNCLASSIFIED",229,CY,"FERREIRA CONSTRUCTION CO., INC.",$170.64,"$39,076.56"
19132,132,0019,OHSSS NO. 14 - STRUCTURE NO. 2018-208,0236,202009P,,"EXCAVATION, UNCLASSIFIED",229,CY,"J. FLETCHER CREAMER & SON, INC.",$150.00,"$34,350.00"
19132,132,0019,OHSSS NO. 14 - STRUCTURE NO. 2018-208,0237,302060P,,"COARSE AGGREGATE, SIZE NO. 57",23,CY,"FERREIRA CONSTRUCTION CO., INC.",$61.09,"$1,405.07"
19132,132,0019,OHSSS NO. 14 - STRUCTURE NO. 2018-208,0237,302060P,,"COARSE AGGREGATE, SIZE NO. 57",23,CY,"J. FLETCHER CREAMER & SON, INC.",$200.00,"$4,600.00"
19132,132,0019,OHSSS NO. 14 - STRUCTURE NO. 2018-208,0238,501003P,,TEMPORARY SHEETING,"1,312",SF,"FERREIRA CONSTRUCTION CO., INC.",$5.87,"$7,701.44"
19132,132,0019,OHSSS NO. 14 - STRUCTURE NO. 2018-208,0238,501003P,,TEMPORARY SHEETING,"1,312",SF,"J. FLETCHER CREAMER & SON, INC.",$25.00,"$32,800.00"
19132,132,0019,OHSSS NO. 14 - STRUCTURE NO. 2018-208,0239,504006P,,"REINFORCEMENT STEEL, EPOXY-COATED","6,387",LB,"FERREIRA CONSTRUCTION CO., INC.",$3.32,"$21,204.84"
19132,132,0019,OHSSS NO. 14 - STRUCTURE NO. 2018-208,0239,504006P,,"REINFORCEMENT STEEL, EPOXY-COATED","6,387",LB,"J. FLETCHER CREAMER & SON, INC.",$4.00,"$25,548.00"
19132,132,0019,OHSSS NO. 14 - STRUCTURE NO. 2018-208,0240,504015P,,CONCRETE FOOTING,46,CY,"FERREIRA CONSTRUCTION CO., INC.",$616.41,"$28,354.86"
19132,132,0019,OHSSS NO. 14 - STRUCTURE NO. 2018-208,0240,504015P,,CONCRETE FOOTING,46,CY,"J. FLETCHER CREAMER & SON, INC.",$750.00,"$34,500.00"
19132,132,0019,OHSSS NO. 14 - STRUCTURE NO. 2018-208,0241,504026P,,"CONCRETE PIER COLUMN AND CAP, HPC",8,CY,"FERREIRA CONSTRUCTION CO., INC.","$2,647.79","$21,182.32"
19132,132,0019,OHSSS NO. 14 - STRUCTURE NO. 2018-208,0241,504026P,,"CONCRETE PIER COLUMN AND CAP, HPC",8,CY,"J. FLETCHER CREAMER & SON, INC.","$3,500.00","$28,000.00"
19132,132,0019,OHSSS NO. 14 - STRUCTURE NO. 2018-208,0242,512012M,,"OVERHEAD SIGN SUPPORT, STRUCTURE NO. ___ 2018-208",1,U,"FERREIRA CONSTRUCTION CO., INC.","$120,000.00","$120,000.00"
19132,132,0019,OHSSS NO. 14 - STRUCTURE NO. 2018-208,0242,512012M,,"OVERHEAD SIGN SUPPORT, STRUCTURE NO. ___ 2018-208",1,U,"J. FLETCHER CREAMER & SON, INC.","$205,052.00","$205,052.00"
19132,132,0020,CANTILEVER SSS NO. 15 - STRUCTURE NO. 2005-202,0243,201009P,,"CLEARING SITE, STRUCTURE (___) 2005-200",1,LS,"FERREIRA CONSTRUCTION CO., INC.","$15,000.00","$15,000.00"
19132,132,0020,CANTILEVER SSS NO. 15 - STRUCTURE NO. 2005-202,0243,201009P,,"CLEARING SITE, STRUCTURE (___) 2005-200",1,LS,"J. FLETCHER CREAMER & SON, INC.","$15,000.00","$15,000.00"
19132,132,0020,CANTILEVER SSS NO. 15 - STRUCTURE NO. 2005-202,0244,202009P,,"EXCAVATION, UNCLASSIFIED",12,CY,"FERREIRA CONSTRUCTION CO., INC.",$745.26,"$8,943.12"
19132,132,0020,CANTILEVER SSS NO. 15 - STRUCTURE NO. 2005-202,0244,202009P,,"EXCAVATION, UNCLASSIFIED",12,CY,"J. FLETCHER CREAMER & SON, INC.",$200.00,"$2,400.00"
19132,132,0020,CANTILEVER SSS NO. 15 - STRUCTURE NO. 2005-202,0245,501003P,,TEMPORARY SHEETING,195,SF,"FERREIRA CONSTRUCTION CO., INC.",$5.87,"$1,144.65"
19132,132,0020,CANTILEVER SSS NO. 15 - STRUCTURE NO. 2005-202,0245,501003P,,TEMPORARY SHEETING,195,SF,"J. FLETCHER CREAMER & SON, INC.",$25.00,"$4,875.00"
19132,132,0020,CANTILEVER SSS NO. 15 - STRUCTURE NO. 2005-202,0246,503003P,,FURNISHING DRILLED SHAFT EQUIPMENT,1,LS,"FERREIRA CONSTRUCTION CO., INC.","$50,000.00","$50,000.00"
19132,132,0020,CANTILEVER SSS NO. 15 - STRUCTURE NO. 2005-202,0246,503003P,,FURNISHING DRILLED SHAFT EQUIPMENT,1,LS,"J. FLETCHER CREAMER & SON, INC.","$50,000.00","$50,000.00"
19132,132,0020,CANTILEVER SSS NO. 15 - STRUCTURE NO. 2005-202,0247,503012M,,CROSSHOLE SONIC LOGGING,1,U,"FERREIRA CONSTRUCTION CO., INC.","$1,651.71","$1,651.71"
19132,132,0020,CANTILEVER SSS NO. 15 - STRUCTURE NO. 2005-202,0247,503012M,,CROSSHOLE SONIC LOGGING,1,U,"J. FLETCHER CREAMER & SON, INC.","$2,500.00","$2,500.00"
19132,132,0020,CANTILEVER SSS NO. 15 - STRUCTURE NO. 2005-202,0248,503015M,,SHAFT CORING,11,LF,"FERREIRA CONSTRUCTION CO., INC.",$1.00,$11.00
19132,132,0020,CANTILEVER SSS NO. 15 - STRUCTURE NO. 2005-202,0248,503015M,,SHAFT CORING,11,LF,"J. FLETCHER CREAMER & SON, INC.",$1.00,$11.00
19132,132,0020,CANTILEVER SSS NO. 15 - STRUCTURE NO. 2005-202,0249,503048M,,OBSTRUCTION REMOVAL,5,LF,"FERREIRA CONSTRUCTION CO., INC.",$1.00,$5.00
19132,132,0020,CANTILEVER SSS NO. 15 - STRUCTURE NO. 2005-202,0249,503048M,,OBSTRUCTION REMOVAL,5,LF,"J. FLETCHER CREAMER & SON, INC.",$1.00,$5.00
19132,132,0020,CANTILEVER SSS NO. 15 - STRUCTURE NO. 2005-202,0250,503051M,,TOMOGRAPHY,1,U,"FERREIRA CONSTRUCTION CO., INC.",$1.00,$1.00
19132,132,0020,CANTILEVER SSS NO. 15 - STRUCTURE NO. 2005-202,0250,503051M,,TOMOGRAPHY,1,U,"J. FLETCHER CREAMER & SON, INC.",$1.00,$1.00
19132,132,0020,CANTILEVER SSS NO. 15 - STRUCTURE NO. 2005-202,0251,503055M,,DRILLED SHAFT FOR SIGN STRUCTURE FOUNDATION,45,LF,"FERREIRA CONSTRUCTION CO., INC.","$1,046.08","$47,073.60"
19132,132,0020,CANTILEVER SSS NO. 15 - STRUCTURE NO. 2005-202,0251,503055M,,DRILLED SHAFT FOR SIGN STRUCTURE FOUNDATION,45,LF,"J. FLETCHER CREAMER & SON, INC.","$2,500.00","$112,500.00"
19132,132,0020,CANTILEVER SSS NO. 15 - STRUCTURE NO. 2005-202,0252,504006P,,"REINFORCEMENT STEEL, EPOXY-COATED","1,478",LB,"FERREIRA CONSTRUCTION CO., INC.",$2.97,"$4,389.66"
19132,132,0020,CANTILEVER SSS NO. 15 - STRUCTURE NO. 2005-202,0252,504006P,,"REINFORCEMENT STEEL, EPOXY-COATED","1,478",LB,"J. FLETCHER CREAMER & SON, INC.",$4.00,"$5,912.00"
19132,132,0020,CANTILEVER SSS NO. 15 - STRUCTURE NO. 2005-202,0253,504026P,,"CONCRETE PIER COLUMN AND CAP, HPC",7,CY,"FERREIRA CONSTRUCTION CO., INC.","$1,056.09","$7,392.63"
19132,132,0020,CANTILEVER SSS NO. 15 - STRUCTURE NO. 2005-202,0253,504026P,,"CONCRETE PIER COLUMN AND CAP, HPC",7,CY,"J. FLETCHER CREAMER & SON, INC.","$3,500.00","$24,500.00"
19132,132,0020,CANTILEVER SSS NO. 15 - STRUCTURE NO. 2005-202,0254,512003M,,"CANTILEVER SIGN SUPPORT, STRUCTURE NO. ___ 2005-202",1,U,"FERREIRA CONSTRUCTION CO., INC.","$140,000.00","$140,000.00"
19132,132,0020,CANTILEVER SSS NO. 15 - STRUCTURE NO. 2005-202,0254,512003M,,"CANTILEVER SIGN SUPPORT, STRUCTURE NO. ___ 2005-202",1,U,"J. FLETCHER CREAMER & SON, INC.","$135,404.00","$135,404.00"
19132,132,0001,ROADWAY,0255,401030M,,TACK COAT,40,GAL,"FERREIRA CONSTRUCTION CO., INC.",$27.53,"$1,101.20"
19132,132,0001,ROADWAY,0255,401030M,,TACK COAT,40,GAL,"J. FLETCHER CREAMER & SON, INC.",$5.00,$200.00