Proposal,Call Order,Section Number,Section Description,Line,Item,Alternate Code,Item Description,Quantity,Unit,Vendor Name,Unit Price,Extension
20461,461,0001,BRIDGE,0001,151006M,,PERFORMANCE BOND AND PAYMENT BOND,1,DOLL,"MOUNT CONSTRUCTION CO., INC.","$2,000.00","$2,000.00"
20461,461,0001,BRIDGE,0001,151006M,,PERFORMANCE BOND AND PAYMENT BOND,1,DOLL,"AGATE CONSTRUCTION CO., INC.","$13,000.00","$13,000.00"
20461,461,0001,BRIDGE,0001,151006M,,PERFORMANCE BOND AND PAYMENT BOND,1,DOLL,"PKF-MARK III, INC.","$15,834.09","$15,834.09"
20461,461,0001,BRIDGE,0001,151006M,,PERFORMANCE BOND AND PAYMENT BOND,1,DOLL,"IEW CONSTRUCTION GROUP, INC.","$20,722.50","$20,722.50"
20461,461,0001,BRIDGE,0002,152015P,,POLLUTION LIABILITY INSURANCE,1,DOLL,"MOUNT CONSTRUCTION CO., INC.",$1.00,$1.00
20461,461,0001,BRIDGE,0002,152015P,,POLLUTION LIABILITY INSURANCE,1,DOLL,"AGATE CONSTRUCTION CO., INC.","$7,042.00","$7,042.00"
20461,461,0001,BRIDGE,0002,152015P,,POLLUTION LIABILITY INSURANCE,1,DOLL,"PKF-MARK III, INC.",$1.00,$1.00
20461,461,0001,BRIDGE,0002,152015P,,POLLUTION LIABILITY INSURANCE,1,DOLL,"IEW CONSTRUCTION GROUP, INC.","$10,505.68","$10,505.68"
20461,461,0001,BRIDGE,0003,153003P,,PROGRESS SCHEDULE,1,LS,"MOUNT CONSTRUCTION CO., INC.",$930.00,$930.00
20461,461,0001,BRIDGE,0003,153003P,,PROGRESS SCHEDULE,1,LS,"AGATE CONSTRUCTION CO., INC.","$15,000.00","$15,000.00"
20461,461,0001,BRIDGE,0003,153003P,,PROGRESS SCHEDULE,1,LS,"PKF-MARK III, INC.","$5,000.00","$5,000.00"
20461,461,0001,BRIDGE,0003,153003P,,PROGRESS SCHEDULE,1,LS,"IEW CONSTRUCTION GROUP, INC.",$100.00,$100.00
20461,461,0001,BRIDGE,0004,153005M,,PROGRESS SCHEDULE UPDATE,12,U,"MOUNT CONSTRUCTION CO., INC.",$100.00,"$1,200.00"
20461,461,0001,BRIDGE,0004,153005M,,PROGRESS SCHEDULE UPDATE,12,U,"AGATE CONSTRUCTION CO., INC.",$500.00,"$6,000.00"
20461,461,0001,BRIDGE,0004,153005M,,PROGRESS SCHEDULE UPDATE,12,U,"PKF-MARK III, INC.",$500.00,"$6,000.00"
20461,461,0001,BRIDGE,0004,153005M,,PROGRESS SCHEDULE UPDATE,12,U,"IEW CONSTRUCTION GROUP, INC.",$25.00,$300.00
20461,461,0001,BRIDGE,0005,154003P,,MOBILIZATION,1,LS,"MOUNT CONSTRUCTION CO., INC.","$200,000.00","$200,000.00"
20461,461,0001,BRIDGE,0005,154003P,,MOBILIZATION,1,LS,"AGATE CONSTRUCTION CO., INC.","$255,000.00","$255,000.00"
20461,461,0001,BRIDGE,0005,154003P,,MOBILIZATION,1,LS,"PKF-MARK III, INC.","$250,000.00","$250,000.00"
20461,461,0001,BRIDGE,0005,154003P,,MOBILIZATION,1,LS,"IEW CONSTRUCTION GROUP, INC.","$301,000.00","$301,000.00"
20461,461,0001,BRIDGE,0006,157004M,,CONSTRUCTION LAYOUT,1,DOLL,"MOUNT CONSTRUCTION CO., INC.","$10,000.00","$10,000.00"
20461,461,0001,BRIDGE,0006,157004M,,CONSTRUCTION LAYOUT,1,DOLL,"AGATE CONSTRUCTION CO., INC.","$1,000.00","$1,000.00"
20461,461,0001,BRIDGE,0006,157004M,,CONSTRUCTION LAYOUT,1,DOLL,"PKF-MARK III, INC.","$35,000.00","$35,000.00"
20461,461,0001,BRIDGE,0006,157004M,,CONSTRUCTION LAYOUT,1,DOLL,"IEW CONSTRUCTION GROUP, INC.","$31,194.49","$31,194.49"
20461,461,0001,BRIDGE,0007,161003P,,FINAL CLEANUP,1,LS,"MOUNT CONSTRUCTION CO., INC.","$10,000.00","$10,000.00"
20461,461,0001,BRIDGE,0007,161003P,,FINAL CLEANUP,1,LS,"AGATE CONSTRUCTION CO., INC.","$5,250.00","$5,250.00"
20461,461,0001,BRIDGE,0007,161003P,,FINAL CLEANUP,1,LS,"PKF-MARK III, INC.","$3,500.00","$3,500.00"
20461,461,0001,BRIDGE,0007,161003P,,FINAL CLEANUP,1,LS,"IEW CONSTRUCTION GROUP, INC.","$9,526.36","$9,526.36"
20461,461,0001,BRIDGE,0008,201003P,,CLEARING SITE,1,LS,"MOUNT CONSTRUCTION CO., INC.","$50,000.00","$50,000.00"
20461,461,0001,BRIDGE,0008,201003P,,CLEARING SITE,1,LS,"AGATE CONSTRUCTION CO., INC.","$50,000.00","$50,000.00"
20461,461,0001,BRIDGE,0008,201003P,,CLEARING SITE,1,LS,"PKF-MARK III, INC.","$50,000.00","$50,000.00"
20461,461,0001,BRIDGE,0008,201003P,,CLEARING SITE,1,LS,"IEW CONSTRUCTION GROUP, INC.","$50,000.00","$50,000.00"
20461,461,0001,BRIDGE,0009,506003P,,STRUCTURAL STEEL (111870 lbs),1,LS,"MOUNT CONSTRUCTION CO., INC.","$620,000.00","$620,000.00"
20461,461,0001,BRIDGE,0009,506003P,,STRUCTURAL STEEL (111870 lbs),1,LS,"AGATE CONSTRUCTION CO., INC.","$965,843.00","$965,843.00"
20461,461,0001,BRIDGE,0009,506003P,,STRUCTURAL STEEL (111870 lbs),1,LS,"PKF-MARK III, INC.","$791,600.00","$791,600.00"
20461,461,0001,BRIDGE,0009,506003P,,STRUCTURAL STEEL (111870 lbs),1,LS,"IEW CONSTRUCTION GROUP, INC.","$1,383,556.13","$1,383,556.13"
20461,461,0001,BRIDGE,0010,MMG071M,,"GALVANIZED FIRE STANDPIPE (FSP) 6"" DIAMETER","3,800",LF,"MOUNT CONSTRUCTION CO., INC.",$115.00,"$437,000.00"
20461,461,0001,BRIDGE,0010,MMG071M,,"GALVANIZED FIRE STANDPIPE (FSP) 6"" DIAMETER","3,800",LF,"AGATE CONSTRUCTION CO., INC.",$176.00,"$668,800.00"
20461,461,0001,BRIDGE,0010,MMG071M,,"GALVANIZED FIRE STANDPIPE (FSP) 6"" DIAMETER","3,800",LF,"PKF-MARK III, INC.",$225.00,"$855,000.00"
20461,461,0001,BRIDGE,0010,MMG071M,,"GALVANIZED FIRE STANDPIPE (FSP) 6"" DIAMETER","3,800",LF,"IEW CONSTRUCTION GROUP, INC.",$248.83,"$945,554.00"
20461,461,0001,BRIDGE,0011,MMG071M,,"GALVANIZED FIRE STANDPIPE (FSP) 2-1/2"" DIAMETER",600,LF,"MOUNT CONSTRUCTION CO., INC.",$80.00,"$48,000.00"
20461,461,0001,BRIDGE,0011,MMG071M,,"GALVANIZED FIRE STANDPIPE (FSP) 2-1/2"" DIAMETER",600,LF,"AGATE CONSTRUCTION CO., INC.",$180.00,"$108,000.00"
20461,461,0001,BRIDGE,0011,MMG071M,,"GALVANIZED FIRE STANDPIPE (FSP) 2-1/2"" DIAMETER",600,LF,"PKF-MARK III, INC.",$12.00,"$7,200.00"
20461,461,0001,BRIDGE,0011,MMG071M,,"GALVANIZED FIRE STANDPIPE (FSP) 2-1/2"" DIAMETER",600,LF,"IEW CONSTRUCTION GROUP, INC.",$404.97,"$242,982.00"
20461,461,0001,BRIDGE,0012,MMG072M,,"VALVE 2-1/2"" DIAMETER HOSE VALVE",24,U,"MOUNT CONSTRUCTION CO., INC.",$925.00,"$22,200.00"
20461,461,0001,BRIDGE,0012,MMG072M,,"VALVE 2-1/2"" DIAMETER HOSE VALVE",24,U,"AGATE CONSTRUCTION CO., INC.","$2,800.00","$67,200.00"
20461,461,0001,BRIDGE,0012,MMG072M,,"VALVE 2-1/2"" DIAMETER HOSE VALVE",24,U,"PKF-MARK III, INC.","$1,750.00","$42,000.00"
20461,461,0001,BRIDGE,0012,MMG072M,,"VALVE 2-1/2"" DIAMETER HOSE VALVE",24,U,"IEW CONSTRUCTION GROUP, INC.",$339.41,"$8,145.84"
20461,461,0001,BRIDGE,0013,MMG072M,,VALVE CHECK VALVE,8,U,"MOUNT CONSTRUCTION CO., INC.","$1,600.00","$12,800.00"
20461,461,0001,BRIDGE,0013,MMG072M,,VALVE CHECK VALVE,8,U,"AGATE CONSTRUCTION CO., INC.","$1,840.00","$14,720.00"
20461,461,0001,BRIDGE,0013,MMG072M,,VALVE CHECK VALVE,8,U,"PKF-MARK III, INC.","$1,900.00","$15,200.00"
20461,461,0001,BRIDGE,0013,MMG072M,,VALVE CHECK VALVE,8,U,"IEW CONSTRUCTION GROUP, INC.","$3,077.62","$24,620.96"
20461,461,0001,BRIDGE,0014,MMG072M,,VALVE GATE VALVE,4,U,"MOUNT CONSTRUCTION CO., INC.","$3,000.00","$12,000.00"
20461,461,0001,BRIDGE,0014,MMG072M,,VALVE GATE VALVE,4,U,"AGATE CONSTRUCTION CO., INC.","$3,300.00","$13,200.00"
20461,461,0001,BRIDGE,0014,MMG072M,,VALVE GATE VALVE,4,U,"PKF-MARK III, INC.","$2,875.00","$11,500.00"
20461,461,0001,BRIDGE,0014,MMG072M,,VALVE GATE VALVE,4,U,"IEW CONSTRUCTION GROUP, INC.","$4,554.47","$18,217.88"
20461,461,0001,BRIDGE,0015,MMG072M,,VALVE BALL VALVE,18,U,"MOUNT CONSTRUCTION CO., INC.",$900.00,"$16,200.00"
20461,461,0001,BRIDGE,0015,MMG072M,,VALVE BALL VALVE,18,U,"AGATE CONSTRUCTION CO., INC.",$450.00,"$8,100.00"
20461,461,0001,BRIDGE,0015,MMG072M,,VALVE BALL VALVE,18,U,"PKF-MARK III, INC.",$525.00,"$9,450.00"
20461,461,0001,BRIDGE,0015,MMG072M,,VALVE BALL VALVE,18,U,"IEW CONSTRUCTION GROUP, INC.",$240.60,"$4,330.80"
20461,461,0001,BRIDGE,0016,MMG072M,,VALVE AIR VACUUM VENT VALVE,4,U,"MOUNT CONSTRUCTION CO., INC.","$7,000.00","$28,000.00"
20461,461,0001,BRIDGE,0016,MMG072M,,VALVE AIR VACUUM VENT VALVE,4,U,"AGATE CONSTRUCTION CO., INC.","$1,800.00","$7,200.00"
20461,461,0001,BRIDGE,0016,MMG072M,,VALVE AIR VACUUM VENT VALVE,4,U,"PKF-MARK III, INC.","$2,500.00","$10,000.00"
20461,461,0001,BRIDGE,0016,MMG072M,,VALVE AIR VACUUM VENT VALVE,4,U,"IEW CONSTRUCTION GROUP, INC.","$2,926.54","$11,706.16"
20461,461,0001,BRIDGE,0017,MMG073M,,EXPANSION JOINT VICTAULIC STANDPIPE,18,U,"MOUNT CONSTRUCTION CO., INC.","$7,200.00","$129,600.00"
20461,461,0001,BRIDGE,0017,MMG073M,,EXPANSION JOINT VICTAULIC STANDPIPE,18,U,"AGATE CONSTRUCTION CO., INC.","$4,000.00","$72,000.00"
20461,461,0001,BRIDGE,0017,MMG073M,,EXPANSION JOINT VICTAULIC STANDPIPE,18,U,"PKF-MARK III, INC.","$8,500.00","$153,000.00"
20461,461,0001,BRIDGE,0017,MMG073M,,EXPANSION JOINT VICTAULIC STANDPIPE,18,U,"IEW CONSTRUCTION GROUP, INC.","$11,548.09","$207,865.62"
20461,461,0001,BRIDGE,0018,MMG073M,,EXPANSION JOINT FIRELOOP STANDPIPE,6,U,"MOUNT CONSTRUCTION CO., INC.","$6,500.00","$39,000.00"
20461,461,0001,BRIDGE,0018,MMG073M,,EXPANSION JOINT FIRELOOP STANDPIPE,6,U,"AGATE CONSTRUCTION CO., INC.","$10,500.00","$63,000.00"
20461,461,0001,BRIDGE,0018,MMG073M,,EXPANSION JOINT FIRELOOP STANDPIPE,6,U,"PKF-MARK III, INC.","$7,500.00","$45,000.00"
20461,461,0001,BRIDGE,0018,MMG073M,,EXPANSION JOINT FIRELOOP STANDPIPE,6,U,"IEW CONSTRUCTION GROUP, INC.","$8,832.67","$52,996.02"
20461,461,0001,BRIDGE,0019,MMG073M,,EXPANSION JOINT ATS P2 BALL JOINT,16,U,"MOUNT CONSTRUCTION CO., INC.","$5,500.00","$88,000.00"
20461,461,0001,BRIDGE,0019,MMG073M,,EXPANSION JOINT ATS P2 BALL JOINT,16,U,"AGATE CONSTRUCTION CO., INC.","$2,650.00","$42,400.00"
20461,461,0001,BRIDGE,0019,MMG073M,,EXPANSION JOINT ATS P2 BALL JOINT,16,U,"PKF-MARK III, INC.","$6,750.00","$108,000.00"
20461,461,0001,BRIDGE,0019,MMG073M,,EXPANSION JOINT ATS P2 BALL JOINT,16,U,"IEW CONSTRUCTION GROUP, INC.","$9,015.36","$144,245.76"
20461,461,0001,BRIDGE,0020,MMG074M,,STORZ FDC,12,U,"MOUNT CONSTRUCTION CO., INC.","$2,000.00","$24,000.00"
20461,461,0001,BRIDGE,0020,MMG074M,,STORZ FDC,12,U,"AGATE CONSTRUCTION CO., INC.","$7,100.00","$85,200.00"
20461,461,0001,BRIDGE,0020,MMG074M,,STORZ FDC,12,U,"PKF-MARK III, INC.","$6,725.00","$80,700.00"
20461,461,0001,BRIDGE,0020,MMG074M,,STORZ FDC,12,U,"IEW CONSTRUCTION GROUP, INC.","$1,216.43","$14,597.16"
20461,461,0001,BRIDGE,0021,MMG075M,,LADDER COVER,4,U,"MOUNT CONSTRUCTION CO., INC.","$3,000.00","$12,000.00"
20461,461,0001,BRIDGE,0021,MMG075M,,LADDER COVER,4,U,"AGATE CONSTRUCTION CO., INC.","$2,500.00","$10,000.00"
20461,461,0001,BRIDGE,0021,MMG075M,,LADDER COVER,4,U,"PKF-MARK III, INC.","$7,350.00","$29,400.00"
20461,461,0001,BRIDGE,0021,MMG075M,,LADDER COVER,4,U,"IEW CONSTRUCTION GROUP, INC.","$10,220.54","$40,882.16"
20461,461,0001,BRIDGE,0022,MMG076M,,STANDPIPE WATER TEST,1,LS,"MOUNT CONSTRUCTION CO., INC.","$10,000.00","$10,000.00"
20461,461,0001,BRIDGE,0022,MMG076M,,STANDPIPE WATER TEST,1,LS,"AGATE CONSTRUCTION CO., INC.","$30,000.00","$30,000.00"
20461,461,0001,BRIDGE,0022,MMG076M,,STANDPIPE WATER TEST,1,LS,"PKF-MARK III, INC.","$24,000.00","$24,000.00"
20461,461,0001,BRIDGE,0022,MMG076M,,STANDPIPE WATER TEST,1,LS,"IEW CONSTRUCTION GROUP, INC.","$2,905.01","$2,905.01"
20461,461,0001,BRIDGE,0023,MMG077M,,SIGN STANDPIPE,36,U,"MOUNT CONSTRUCTION CO., INC.",$750.00,"$27,000.00"
20461,461,0001,BRIDGE,0023,MMG077M,,SIGN STANDPIPE,36,U,"AGATE CONSTRUCTION CO., INC.",$135.00,"$4,860.00"
20461,461,0001,BRIDGE,0023,MMG077M,,SIGN STANDPIPE,36,U,"PKF-MARK III, INC.",$180.00,"$6,480.00"
20461,461,0001,BRIDGE,0023,MMG077M,,SIGN STANDPIPE,36,U,"IEW CONSTRUCTION GROUP, INC.",$634.45,"$22,840.20"