Proposal,Call Order,Section Number,Section Description,Line,Item,Alternate Code,Item Description,Quantity,Unit,Vendor Name,Unit Price,Extension
21102,102,0001,ROADWAY,0001,151006M,,PERFORMANCE BOND AND PAYMENT BOND,1,DOLL,"BERTO CONSTRUCTION, INC.","$29,000.00","$29,000.00"
21102,102,0001,ROADWAY,0001,151006M,,PERFORMANCE BOND AND PAYMENT BOND,1,DOLL,"SPARWICK CONTRACTING, INC.","$22,000.00","$22,000.00"
21102,102,0001,ROADWAY,0001,151006M,,PERFORMANCE BOND AND PAYMENT BOND,1,DOLL,"ANSELMI & DECICCO, INC.","$17,500.00","$17,500.00"
21102,102,0001,ROADWAY,0001,151006M,,PERFORMANCE BOND AND PAYMENT BOND,1,DOLL,KONKUS CORPORATION,"$30,000.00","$30,000.00"
21102,102,0001,ROADWAY,0001,151006M,,PERFORMANCE BOND AND PAYMENT BOND,1,DOLL,"IEW CONSTRUCTION GROUP, INC.","$22,487.82","$22,487.82"
21102,102,0001,ROADWAY,0001,151006M,,PERFORMANCE BOND AND PAYMENT BOND,1,DOLL,"RITACCO CONSTRUCTION, INC.","$20,000.00","$20,000.00"
21102,102,0001,ROADWAY,0001,151006M,,PERFORMANCE BOND AND PAYMENT BOND,1,DOLL,"JOSEPH M. SANZARI, INC.","$38,000.00","$38,000.00"
21102,102,0001,ROADWAY,0001,151006M,,PERFORMANCE BOND AND PAYMENT BOND,1,DOLL,"MARBRO, INC.","$26,500.00","$26,500.00"
21102,102,0001,ROADWAY,0001,151006M,,PERFORMANCE BOND AND PAYMENT BOND,1,DOLL,"RENCOR, INC.","$56,200.00","$56,200.00"
21102,102,0003,NON-PARTICIPATING,0002,152015P,,POLLUTION LIABILITY INSURANCE,1,DOLL,"BERTO CONSTRUCTION, INC.","$10,500.00","$10,500.00"
21102,102,0003,NON-PARTICIPATING,0002,152015P,,POLLUTION LIABILITY INSURANCE,1,DOLL,"SPARWICK CONTRACTING, INC.","$12,000.00","$12,000.00"
21102,102,0003,NON-PARTICIPATING,0002,152015P,,POLLUTION LIABILITY INSURANCE,1,DOLL,"ANSELMI & DECICCO, INC.","$5,000.00","$5,000.00"
21102,102,0003,NON-PARTICIPATING,0002,152015P,,POLLUTION LIABILITY INSURANCE,1,DOLL,KONKUS CORPORATION,"$15,000.00","$15,000.00"
21102,102,0003,NON-PARTICIPATING,0002,152015P,,POLLUTION LIABILITY INSURANCE,1,DOLL,"IEW CONSTRUCTION GROUP, INC.","$11,536.02","$11,536.02"
21102,102,0003,NON-PARTICIPATING,0002,152015P,,POLLUTION LIABILITY INSURANCE,1,DOLL,"RITACCO CONSTRUCTION, INC.","$10,000.00","$10,000.00"
21102,102,0003,NON-PARTICIPATING,0002,152015P,,POLLUTION LIABILITY INSURANCE,1,DOLL,"JOSEPH M. SANZARI, INC.","$8,500.00","$8,500.00"
21102,102,0003,NON-PARTICIPATING,0002,152015P,,POLLUTION LIABILITY INSURANCE,1,DOLL,"MARBRO, INC.",$1.00,$1.00
21102,102,0003,NON-PARTICIPATING,0002,152015P,,POLLUTION LIABILITY INSURANCE,1,DOLL,"RENCOR, INC.","$12,000.00","$12,000.00"
21102,102,0001,ROADWAY,0003,153003P,,PROGRESS SCHEDULE,1,LS,"BERTO CONSTRUCTION, INC.","$5,000.00","$5,000.00"
21102,102,0001,ROADWAY,0003,153003P,,PROGRESS SCHEDULE,1,LS,"SPARWICK CONTRACTING, INC.","$3,500.00","$3,500.00"
21102,102,0001,ROADWAY,0003,153003P,,PROGRESS SCHEDULE,1,LS,"ANSELMI & DECICCO, INC.","$3,500.00","$3,500.00"
21102,102,0001,ROADWAY,0003,153003P,,PROGRESS SCHEDULE,1,LS,KONKUS CORPORATION,"$3,500.00","$3,500.00"
21102,102,0001,ROADWAY,0003,153003P,,PROGRESS SCHEDULE,1,LS,"IEW CONSTRUCTION GROUP, INC.","$10,000.00","$10,000.00"
21102,102,0001,ROADWAY,0003,153003P,,PROGRESS SCHEDULE,1,LS,"RITACCO CONSTRUCTION, INC.","$2,500.00","$2,500.00"
21102,102,0001,ROADWAY,0003,153003P,,PROGRESS SCHEDULE,1,LS,"JOSEPH M. SANZARI, INC.","$10,000.00","$10,000.00"
21102,102,0001,ROADWAY,0003,153003P,,PROGRESS SCHEDULE,1,LS,"MARBRO, INC.","$10,000.00","$10,000.00"
21102,102,0001,ROADWAY,0003,153003P,,PROGRESS SCHEDULE,1,LS,"RENCOR, INC.","$10,000.00","$10,000.00"
21102,102,0001,ROADWAY,0004,153005M,,PROGRESS SCHEDULE UPDATE,6,U,"BERTO CONSTRUCTION, INC.",$500.00,"$3,000.00"
21102,102,0001,ROADWAY,0004,153005M,,PROGRESS SCHEDULE UPDATE,6,U,"SPARWICK CONTRACTING, INC.",$500.00,"$3,000.00"
21102,102,0001,ROADWAY,0004,153005M,,PROGRESS SCHEDULE UPDATE,6,U,"ANSELMI & DECICCO, INC.",$100.00,$600.00
21102,102,0001,ROADWAY,0004,153005M,,PROGRESS SCHEDULE UPDATE,6,U,KONKUS CORPORATION,$0.01,$0.06
21102,102,0001,ROADWAY,0004,153005M,,PROGRESS SCHEDULE UPDATE,6,U,"IEW CONSTRUCTION GROUP, INC.",$100.00,$600.00
21102,102,0001,ROADWAY,0004,153005M,,PROGRESS SCHEDULE UPDATE,6,U,"RITACCO CONSTRUCTION, INC.",$200.00,"$1,200.00"
21102,102,0001,ROADWAY,0004,153005M,,PROGRESS SCHEDULE UPDATE,6,U,"JOSEPH M. SANZARI, INC.",$850.00,"$5,100.00"
21102,102,0001,ROADWAY,0004,153005M,,PROGRESS SCHEDULE UPDATE,6,U,"MARBRO, INC.",$600.00,"$3,600.00"
21102,102,0001,ROADWAY,0004,153005M,,PROGRESS SCHEDULE UPDATE,6,U,"RENCOR, INC.",$900.00,"$5,400.00"
21102,102,0001,ROADWAY,0005,153011M,,TRAINEES,"4,140",HOUR,"BERTO CONSTRUCTION, INC.",$1.00,"$4,140.00"
21102,102,0001,ROADWAY,0005,153011M,,TRAINEES,"4,140",HOUR,"SPARWICK CONTRACTING, INC.",$1.00,"$4,140.00"
21102,102,0001,ROADWAY,0005,153011M,,TRAINEES,"4,140",HOUR,"ANSELMI & DECICCO, INC.",$1.00,"$4,140.00"
21102,102,0001,ROADWAY,0005,153011M,,TRAINEES,"4,140",HOUR,KONKUS CORPORATION,$0.01,$41.40
21102,102,0001,ROADWAY,0005,153011M,,TRAINEES,"4,140",HOUR,"IEW CONSTRUCTION GROUP, INC.",$0.01,$41.40
21102,102,0001,ROADWAY,0005,153011M,,TRAINEES,"4,140",HOUR,"RITACCO CONSTRUCTION, INC.",$1.00,"$4,140.00"
21102,102,0001,ROADWAY,0005,153011M,,TRAINEES,"4,140",HOUR,"JOSEPH M. SANZARI, INC.",$1.00,"$4,140.00"
21102,102,0001,ROADWAY,0005,153011M,,TRAINEES,"4,140",HOUR,"MARBRO, INC.",$0.01,$41.40
21102,102,0001,ROADWAY,0005,153011M,,TRAINEES,"4,140",HOUR,"RENCOR, INC.",$44.00,"$182,160.00"
21102,102,0001,ROADWAY,0006,154003P,,MOBILIZATION,1,LS,"BERTO CONSTRUCTION, INC.","$200,000.00","$200,000.00"
21102,102,0001,ROADWAY,0006,154003P,,MOBILIZATION,1,LS,"SPARWICK CONTRACTING, INC.","$340,000.00","$340,000.00"
21102,102,0001,ROADWAY,0006,154003P,,MOBILIZATION,1,LS,"ANSELMI & DECICCO, INC.","$340,000.00","$340,000.00"
21102,102,0001,ROADWAY,0006,154003P,,MOBILIZATION,1,LS,KONKUS CORPORATION,"$286,000.00","$286,000.00"
21102,102,0001,ROADWAY,0006,154003P,,MOBILIZATION,1,LS,"IEW CONSTRUCTION GROUP, INC.","$385,000.00","$385,000.00"
21102,102,0001,ROADWAY,0006,154003P,,MOBILIZATION,1,LS,"RITACCO CONSTRUCTION, INC.","$396,300.00","$396,300.00"
21102,102,0001,ROADWAY,0006,154003P,,MOBILIZATION,1,LS,"JOSEPH M. SANZARI, INC.","$440,000.00","$440,000.00"
21102,102,0001,ROADWAY,0006,154003P,,MOBILIZATION,1,LS,"MARBRO, INC.","$440,953.60","$440,953.60"
21102,102,0001,ROADWAY,0006,154003P,,MOBILIZATION,1,LS,"RENCOR, INC.","$1,400,000.00","$1,400,000.00"
21102,102,0002,CONSTRUCTION ENGINEERING,0007,155015M,,FIELD OFFICE TYPE E SET UP,1,U,"BERTO CONSTRUCTION, INC.","$20,000.00","$20,000.00"
21102,102,0002,CONSTRUCTION ENGINEERING,0007,155015M,,FIELD OFFICE TYPE E SET UP,1,U,"SPARWICK CONTRACTING, INC.","$15,000.00","$15,000.00"
21102,102,0002,CONSTRUCTION ENGINEERING,0007,155015M,,FIELD OFFICE TYPE E SET UP,1,U,"ANSELMI & DECICCO, INC.","$40,000.00","$40,000.00"
21102,102,0002,CONSTRUCTION ENGINEERING,0007,155015M,,FIELD OFFICE TYPE E SET UP,1,U,KONKUS CORPORATION,"$30,000.00","$30,000.00"
21102,102,0002,CONSTRUCTION ENGINEERING,0007,155015M,,FIELD OFFICE TYPE E SET UP,1,U,"IEW CONSTRUCTION GROUP, INC.","$35,812.33","$35,812.33"
21102,102,0002,CONSTRUCTION ENGINEERING,0007,155015M,,FIELD OFFICE TYPE E SET UP,1,U,"RITACCO CONSTRUCTION, INC.","$11,000.00","$11,000.00"
21102,102,0002,CONSTRUCTION ENGINEERING,0007,155015M,,FIELD OFFICE TYPE E SET UP,1,U,"JOSEPH M. SANZARI, INC.","$25,000.00","$25,000.00"
21102,102,0002,CONSTRUCTION ENGINEERING,0007,155015M,,FIELD OFFICE TYPE E SET UP,1,U,"MARBRO, INC.","$75,000.00","$75,000.00"
21102,102,0002,CONSTRUCTION ENGINEERING,0007,155015M,,FIELD OFFICE TYPE E SET UP,1,U,"RENCOR, INC.","$60,000.00","$60,000.00"
21102,102,0002,CONSTRUCTION ENGINEERING,0008,155033M,,FIELD OFFICE TYPE E MAINTENANCE,15,MO,"BERTO CONSTRUCTION, INC.","$3,500.00","$52,500.00"
21102,102,0002,CONSTRUCTION ENGINEERING,0008,155033M,,FIELD OFFICE TYPE E MAINTENANCE,15,MO,"SPARWICK CONTRACTING, INC.","$2,500.00","$37,500.00"
21102,102,0002,CONSTRUCTION ENGINEERING,0008,155033M,,FIELD OFFICE TYPE E MAINTENANCE,15,MO,"ANSELMI & DECICCO, INC.","$3,000.00","$45,000.00"
21102,102,0002,CONSTRUCTION ENGINEERING,0008,155033M,,FIELD OFFICE TYPE E MAINTENANCE,15,MO,KONKUS CORPORATION,"$3,000.00","$45,000.00"
21102,102,0002,CONSTRUCTION ENGINEERING,0008,155033M,,FIELD OFFICE TYPE E MAINTENANCE,15,MO,"IEW CONSTRUCTION GROUP, INC.","$3,622.31","$54,334.65"
21102,102,0002,CONSTRUCTION ENGINEERING,0008,155033M,,FIELD OFFICE TYPE E MAINTENANCE,15,MO,"RITACCO CONSTRUCTION, INC.","$2,000.00","$30,000.00"
21102,102,0002,CONSTRUCTION ENGINEERING,0008,155033M,,FIELD OFFICE TYPE E MAINTENANCE,15,MO,"JOSEPH M. SANZARI, INC.","$2,400.00","$36,000.00"
21102,102,0002,CONSTRUCTION ENGINEERING,0008,155033M,,FIELD OFFICE TYPE E MAINTENANCE,15,MO,"MARBRO, INC.","$4,500.00","$67,500.00"
21102,102,0002,CONSTRUCTION ENGINEERING,0008,155033M,,FIELD OFFICE TYPE E MAINTENANCE,15,MO,"RENCOR, INC.","$2,000.00","$30,000.00"
21102,102,0001,ROADWAY,0009,157004M,,CONSTRUCTION LAYOUT,1,DOLL,"BERTO CONSTRUCTION, INC.","$25,000.00","$25,000.00"
21102,102,0001,ROADWAY,0009,157004M,,CONSTRUCTION LAYOUT,1,DOLL,"SPARWICK CONTRACTING, INC.","$14,000.00","$14,000.00"
21102,102,0001,ROADWAY,0009,157004M,,CONSTRUCTION LAYOUT,1,DOLL,"ANSELMI & DECICCO, INC.","$50,000.00","$50,000.00"
21102,102,0001,ROADWAY,0009,157004M,,CONSTRUCTION LAYOUT,1,DOLL,KONKUS CORPORATION,"$25,000.00","$25,000.00"
21102,102,0001,ROADWAY,0009,157004M,,CONSTRUCTION LAYOUT,1,DOLL,"IEW CONSTRUCTION GROUP, INC.","$39,000.00","$39,000.00"
21102,102,0001,ROADWAY,0009,157004M,,CONSTRUCTION LAYOUT,1,DOLL,"RITACCO CONSTRUCTION, INC.","$45,000.00","$45,000.00"
21102,102,0001,ROADWAY,0009,157004M,,CONSTRUCTION LAYOUT,1,DOLL,"JOSEPH M. SANZARI, INC.","$40,000.00","$40,000.00"
21102,102,0001,ROADWAY,0009,157004M,,CONSTRUCTION LAYOUT,1,DOLL,"MARBRO, INC.","$75,000.00","$75,000.00"
21102,102,0001,ROADWAY,0009,157004M,,CONSTRUCTION LAYOUT,1,DOLL,"RENCOR, INC.","$100,000.00","$100,000.00"
21102,102,0004,EROSION CONTROL,0010,158063P,,CONCRETE WASHOUT SYSTEM,1,LS,"BERTO CONSTRUCTION, INC.","$2,500.00","$2,500.00"
21102,102,0004,EROSION CONTROL,0010,158063P,,CONCRETE WASHOUT SYSTEM,1,LS,"SPARWICK CONTRACTING, INC.","$2,500.00","$2,500.00"
21102,102,0004,EROSION CONTROL,0010,158063P,,CONCRETE WASHOUT SYSTEM,1,LS,"ANSELMI & DECICCO, INC.","$10,000.00","$10,000.00"
21102,102,0004,EROSION CONTROL,0010,158063P,,CONCRETE WASHOUT SYSTEM,1,LS,KONKUS CORPORATION,"$10,000.00","$10,000.00"
21102,102,0004,EROSION CONTROL,0010,158063P,,CONCRETE WASHOUT SYSTEM,1,LS,"IEW CONSTRUCTION GROUP, INC.","$11,536.02","$11,536.02"
21102,102,0004,EROSION CONTROL,0010,158063P,,CONCRETE WASHOUT SYSTEM,1,LS,"RITACCO CONSTRUCTION, INC.","$3,000.00","$3,000.00"
21102,102,0004,EROSION CONTROL,0010,158063P,,CONCRETE WASHOUT SYSTEM,1,LS,"JOSEPH M. SANZARI, INC.","$4,000.00","$4,000.00"
21102,102,0004,EROSION CONTROL,0010,158063P,,CONCRETE WASHOUT SYSTEM,1,LS,"MARBRO, INC.","$5,000.00","$5,000.00"
21102,102,0004,EROSION CONTROL,0010,158063P,,CONCRETE WASHOUT SYSTEM,1,LS,"RENCOR, INC.","$65,000.00","$65,000.00"
21102,102,0004,EROSION CONTROL,0011,158072M,,"OIL ONLY EMERGENCY SPILL KIT, TYPE 1",1,U,"BERTO CONSTRUCTION, INC.","$1,100.00","$1,100.00"
21102,102,0004,EROSION CONTROL,0011,158072M,,"OIL ONLY EMERGENCY SPILL KIT, TYPE 1",1,U,"SPARWICK CONTRACTING, INC.","$2,000.00","$2,000.00"
21102,102,0004,EROSION CONTROL,0011,158072M,,"OIL ONLY EMERGENCY SPILL KIT, TYPE 1",1,U,"ANSELMI & DECICCO, INC.",$500.00,$500.00
21102,102,0004,EROSION CONTROL,0011,158072M,,"OIL ONLY EMERGENCY SPILL KIT, TYPE 1",1,U,KONKUS CORPORATION,$0.01,$0.01
21102,102,0004,EROSION CONTROL,0011,158072M,,"OIL ONLY EMERGENCY SPILL KIT, TYPE 1",1,U,"IEW CONSTRUCTION GROUP, INC.","$1,153.60","$1,153.60"
21102,102,0004,EROSION CONTROL,0011,158072M,,"OIL ONLY EMERGENCY SPILL KIT, TYPE 1",1,U,"RITACCO CONSTRUCTION, INC.",$500.00,$500.00
21102,102,0004,EROSION CONTROL,0011,158072M,,"OIL ONLY EMERGENCY SPILL KIT, TYPE 1",1,U,"JOSEPH M. SANZARI, INC.",$900.00,$900.00
21102,102,0004,EROSION CONTROL,0011,158072M,,"OIL ONLY EMERGENCY SPILL KIT, TYPE 1",1,U,"MARBRO, INC.",$900.00,$900.00
21102,102,0004,EROSION CONTROL,0011,158072M,,"OIL ONLY EMERGENCY SPILL KIT, TYPE 1",1,U,"RENCOR, INC.","$2,500.00","$2,500.00"
21102,102,0004,EROSION CONTROL,0012,158084M,,EROSION CONTROL SEDIMENT REMOVAL,10,CY,"BERTO CONSTRUCTION, INC.",$1.00,$10.00
21102,102,0004,EROSION CONTROL,0012,158084M,,EROSION CONTROL SEDIMENT REMOVAL,10,CY,"SPARWICK CONTRACTING, INC.",$1.00,$10.00
21102,102,0004,EROSION CONTROL,0012,158084M,,EROSION CONTROL SEDIMENT REMOVAL,10,CY,"ANSELMI & DECICCO, INC.",$0.01,$0.10
21102,102,0004,EROSION CONTROL,0012,158084M,,EROSION CONTROL SEDIMENT REMOVAL,10,CY,KONKUS CORPORATION,$0.01,$0.10
21102,102,0004,EROSION CONTROL,0012,158084M,,EROSION CONTROL SEDIMENT REMOVAL,10,CY,"IEW CONSTRUCTION GROUP, INC.",$97.34,$973.40
21102,102,0004,EROSION CONTROL,0012,158084M,,EROSION CONTROL SEDIMENT REMOVAL,10,CY,"RITACCO CONSTRUCTION, INC.",$50.00,$500.00
21102,102,0004,EROSION CONTROL,0012,158084M,,EROSION CONTROL SEDIMENT REMOVAL,10,CY,"JOSEPH M. SANZARI, INC.",$200.00,"$2,000.00"
21102,102,0004,EROSION CONTROL,0012,158084M,,EROSION CONTROL SEDIMENT REMOVAL,10,CY,"MARBRO, INC.",$15.00,$150.00
21102,102,0004,EROSION CONTROL,0012,158084M,,EROSION CONTROL SEDIMENT REMOVAL,10,CY,"RENCOR, INC.",$50.00,$500.00
21102,102,0001,ROADWAY,0013,159003M,,BREAKAWAY BARRICADE,21,U,"BERTO CONSTRUCTION, INC.",$500.00,"$10,500.00"
21102,102,0001,ROADWAY,0013,159003M,,BREAKAWAY BARRICADE,21,U,"SPARWICK CONTRACTING, INC.",$50.00,"$1,050.00"
21102,102,0001,ROADWAY,0013,159003M,,BREAKAWAY BARRICADE,21,U,"ANSELMI & DECICCO, INC.",$25.00,$525.00
21102,102,0001,ROADWAY,0013,159003M,,BREAKAWAY BARRICADE,21,U,KONKUS CORPORATION,$0.01,$0.21
21102,102,0001,ROADWAY,0013,159003M,,BREAKAWAY BARRICADE,21,U,"IEW CONSTRUCTION GROUP, INC.",$113.05,"$2,374.05"
21102,102,0001,ROADWAY,0013,159003M,,BREAKAWAY BARRICADE,21,U,"RITACCO CONSTRUCTION, INC.",$20.00,$420.00
21102,102,0001,ROADWAY,0013,159003M,,BREAKAWAY BARRICADE,21,U,"JOSEPH M. SANZARI, INC.",$1.00,$21.00
21102,102,0001,ROADWAY,0013,159003M,,BREAKAWAY BARRICADE,21,U,"MARBRO, INC.",$100.00,"$2,100.00"
21102,102,0001,ROADWAY,0013,159003M,,BREAKAWAY BARRICADE,21,U,"RENCOR, INC.",$100.00,"$2,100.00"
21102,102,0001,ROADWAY,0014,159006M,,DRUM,100,U,"BERTO CONSTRUCTION, INC.",$1.00,$100.00
21102,102,0001,ROADWAY,0014,159006M,,DRUM,100,U,"SPARWICK CONTRACTING, INC.",$10.00,"$1,000.00"
21102,102,0001,ROADWAY,0014,159006M,,DRUM,100,U,"ANSELMI & DECICCO, INC.",$25.00,"$2,500.00"
21102,102,0001,ROADWAY,0014,159006M,,DRUM,100,U,KONKUS CORPORATION,$0.01,$1.00
21102,102,0001,ROADWAY,0014,159006M,,DRUM,100,U,"IEW CONSTRUCTION GROUP, INC.",$62.29,"$6,229.00"
21102,102,0001,ROADWAY,0014,159006M,,DRUM,100,U,"RITACCO CONSTRUCTION, INC.",$10.00,"$1,000.00"
21102,102,0001,ROADWAY,0014,159006M,,DRUM,100,U,"JOSEPH M. SANZARI, INC.",$1.00,$100.00
21102,102,0001,ROADWAY,0014,159006M,,DRUM,100,U,"MARBRO, INC.",$75.00,"$7,500.00"
21102,102,0001,ROADWAY,0014,159006M,,DRUM,100,U,"RENCOR, INC.",$55.00,"$5,500.00"
21102,102,0001,ROADWAY,0015,159009M,,TRAFFIC CONE,250,U,"BERTO CONSTRUCTION, INC.",$1.00,$250.00
21102,102,0001,ROADWAY,0015,159009M,,TRAFFIC CONE,250,U,"SPARWICK CONTRACTING, INC.",$5.00,"$1,250.00"
21102,102,0001,ROADWAY,0015,159009M,,TRAFFIC CONE,250,U,"ANSELMI & DECICCO, INC.",$1.00,$250.00
21102,102,0001,ROADWAY,0015,159009M,,TRAFFIC CONE,250,U,KONKUS CORPORATION,$0.01,$2.50
21102,102,0001,ROADWAY,0015,159009M,,TRAFFIC CONE,250,U,"IEW CONSTRUCTION GROUP, INC.",$17.71,"$4,427.50"
21102,102,0001,ROADWAY,0015,159009M,,TRAFFIC CONE,250,U,"RITACCO CONSTRUCTION, INC.",$1.00,$250.00
21102,102,0001,ROADWAY,0015,159009M,,TRAFFIC CONE,250,U,"JOSEPH M. SANZARI, INC.",$1.00,$250.00
21102,102,0001,ROADWAY,0015,159009M,,TRAFFIC CONE,250,U,"MARBRO, INC.",$25.00,"$6,250.00"
21102,102,0001,ROADWAY,0015,159009M,,TRAFFIC CONE,250,U,"RENCOR, INC.",$18.00,"$4,500.00"
21102,102,0001,ROADWAY,0016,159012M,,CONSTRUCTION SIGNS,"1,484",SF,"BERTO CONSTRUCTION, INC.",$100.00,"$148,400.00"
21102,102,0001,ROADWAY,0016,159012M,,CONSTRUCTION SIGNS,"1,484",SF,"SPARWICK CONTRACTING, INC.",$12.00,"$17,808.00"
21102,102,0001,ROADWAY,0016,159012M,,CONSTRUCTION SIGNS,"1,484",SF,"ANSELMI & DECICCO, INC.",$20.00,"$29,680.00"
21102,102,0001,ROADWAY,0016,159012M,,CONSTRUCTION SIGNS,"1,484",SF,KONKUS CORPORATION,$14.00,"$20,776.00"
21102,102,0001,ROADWAY,0016,159012M,,CONSTRUCTION SIGNS,"1,484",SF,"IEW CONSTRUCTION GROUP, INC.",$12.94,"$19,202.96"
21102,102,0001,ROADWAY,0016,159012M,,CONSTRUCTION SIGNS,"1,484",SF,"RITACCO CONSTRUCTION, INC.",$12.00,"$17,808.00"
21102,102,0001,ROADWAY,0016,159012M,,CONSTRUCTION SIGNS,"1,484",SF,"JOSEPH M. SANZARI, INC.",$20.00,"$29,680.00"
21102,102,0001,ROADWAY,0016,159012M,,CONSTRUCTION SIGNS,"1,484",SF,"MARBRO, INC.",$20.00,"$29,680.00"
21102,102,0001,ROADWAY,0016,159012M,,CONSTRUCTION SIGNS,"1,484",SF,"RENCOR, INC.",$14.00,"$20,776.00"
21102,102,0001,ROADWAY,0017,159015M,,"CONSTRUCTION IDENTIFICATION SIGN, 4' X 8'",2,U,"BERTO CONSTRUCTION, INC.","$1,500.00","$3,000.00"
21102,102,0001,ROADWAY,0017,159015M,,"CONSTRUCTION IDENTIFICATION SIGN, 4' X 8'",2,U,"SPARWICK CONTRACTING, INC.",$800.00,"$1,600.00"
21102,102,0001,ROADWAY,0017,159015M,,"CONSTRUCTION IDENTIFICATION SIGN, 4' X 8'",2,U,"ANSELMI & DECICCO, INC.","$2,000.00","$4,000.00"
21102,102,0001,ROADWAY,0017,159015M,,"CONSTRUCTION IDENTIFICATION SIGN, 4' X 8'",2,U,KONKUS CORPORATION,$920.00,"$1,840.00"
21102,102,0001,ROADWAY,0017,159015M,,"CONSTRUCTION IDENTIFICATION SIGN, 4' X 8'",2,U,"IEW CONSTRUCTION GROUP, INC.",$862.51,"$1,725.02"
21102,102,0001,ROADWAY,0017,159015M,,"CONSTRUCTION IDENTIFICATION SIGN, 4' X 8'",2,U,"RITACCO CONSTRUCTION, INC.",$600.00,"$1,200.00"
21102,102,0001,ROADWAY,0017,159015M,,"CONSTRUCTION IDENTIFICATION SIGN, 4' X 8'",2,U,"JOSEPH M. SANZARI, INC.","$1,000.00","$2,000.00"
21102,102,0001,ROADWAY,0017,159015M,,"CONSTRUCTION IDENTIFICATION SIGN, 4' X 8'",2,U,"MARBRO, INC.",$800.00,"$1,600.00"
21102,102,0001,ROADWAY,0017,159015M,,"CONSTRUCTION IDENTIFICATION SIGN, 4' X 8'",2,U,"RENCOR, INC.",$800.00,"$1,600.00"
21102,102,0001,ROADWAY,0018,159021P,,CONSTRUCTION BARRIER CURB,900,LF,"BERTO CONSTRUCTION, INC.",$57.00,"$51,300.00"
21102,102,0001,ROADWAY,0018,159021P,,CONSTRUCTION BARRIER CURB,900,LF,"SPARWICK CONTRACTING, INC.",$40.00,"$36,000.00"
21102,102,0001,ROADWAY,0018,159021P,,CONSTRUCTION BARRIER CURB,900,LF,"ANSELMI & DECICCO, INC.",$50.00,"$45,000.00"
21102,102,0001,ROADWAY,0018,159021P,,CONSTRUCTION BARRIER CURB,900,LF,KONKUS CORPORATION,$35.00,"$31,500.00"
21102,102,0001,ROADWAY,0018,159021P,,CONSTRUCTION BARRIER CURB,900,LF,"IEW CONSTRUCTION GROUP, INC.",$40.68,"$36,612.00"
21102,102,0001,ROADWAY,0018,159021P,,CONSTRUCTION BARRIER CURB,900,LF,"RITACCO CONSTRUCTION, INC.",$90.00,"$81,000.00"
21102,102,0001,ROADWAY,0018,159021P,,CONSTRUCTION BARRIER CURB,900,LF,"JOSEPH M. SANZARI, INC.",$55.00,"$49,500.00"
21102,102,0001,ROADWAY,0018,159021P,,CONSTRUCTION BARRIER CURB,900,LF,"MARBRO, INC.",$100.00,"$90,000.00"
21102,102,0001,ROADWAY,0018,159021P,,CONSTRUCTION BARRIER CURB,900,LF,"RENCOR, INC.",$60.00,"$54,000.00"
21102,102,0001,ROADWAY,0019,159027M,,"FLASHING ARROW BOARD, 4' X 8'",2,U,"BERTO CONSTRUCTION, INC.","$4,000.00","$8,000.00"
21102,102,0001,ROADWAY,0019,159027M,,"FLASHING ARROW BOARD, 4' X 8'",2,U,"SPARWICK CONTRACTING, INC.","$2,500.00","$5,000.00"
21102,102,0001,ROADWAY,0019,159027M,,"FLASHING ARROW BOARD, 4' X 8'",2,U,"ANSELMI & DECICCO, INC.","$1,000.00","$2,000.00"
21102,102,0001,ROADWAY,0019,159027M,,"FLASHING ARROW BOARD, 4' X 8'",2,U,KONKUS CORPORATION,"$2,500.00","$5,000.00"
21102,102,0001,ROADWAY,0019,159027M,,"FLASHING ARROW BOARD, 4' X 8'",2,U,"IEW CONSTRUCTION GROUP, INC.",$288.40,$576.80
21102,102,0001,ROADWAY,0019,159027M,,"FLASHING ARROW BOARD, 4' X 8'",2,U,"RITACCO CONSTRUCTION, INC.",$250.00,$500.00
21102,102,0001,ROADWAY,0019,159027M,,"FLASHING ARROW BOARD, 4' X 8'",2,U,"JOSEPH M. SANZARI, INC.",$500.00,"$1,000.00"
21102,102,0001,ROADWAY,0019,159027M,,"FLASHING ARROW BOARD, 4' X 8'",2,U,"MARBRO, INC.","$5,000.00","$10,000.00"
21102,102,0001,ROADWAY,0019,159027M,,"FLASHING ARROW BOARD, 4' X 8'",2,U,"RENCOR, INC.","$4,000.00","$8,000.00"
21102,102,0001,ROADWAY,0020,159030M,,PORTABLE VARIABLE MESSAGE SIGN,4,U,"BERTO CONSTRUCTION, INC.","$10,000.00","$40,000.00"
21102,102,0001,ROADWAY,0020,159030M,,PORTABLE VARIABLE MESSAGE SIGN,4,U,"SPARWICK CONTRACTING, INC.","$11,000.00","$44,000.00"
21102,102,0001,ROADWAY,0020,159030M,,PORTABLE VARIABLE MESSAGE SIGN,4,U,"ANSELMI & DECICCO, INC.","$2,000.00","$8,000.00"
21102,102,0001,ROADWAY,0020,159030M,,PORTABLE VARIABLE MESSAGE SIGN,4,U,KONKUS CORPORATION,"$15,000.00","$60,000.00"
21102,102,0001,ROADWAY,0020,159030M,,PORTABLE VARIABLE MESSAGE SIGN,4,U,"IEW CONSTRUCTION GROUP, INC.","$18,107.59","$72,430.36"
21102,102,0001,ROADWAY,0020,159030M,,PORTABLE VARIABLE MESSAGE SIGN,4,U,"RITACCO CONSTRUCTION, INC.",$750.00,"$3,000.00"
21102,102,0001,ROADWAY,0020,159030M,,PORTABLE VARIABLE MESSAGE SIGN,4,U,"JOSEPH M. SANZARI, INC.","$4,000.00","$16,000.00"
21102,102,0001,ROADWAY,0020,159030M,,PORTABLE VARIABLE MESSAGE SIGN,4,U,"MARBRO, INC.","$17,500.00","$70,000.00"
21102,102,0001,ROADWAY,0020,159030M,,PORTABLE VARIABLE MESSAGE SIGN,4,U,"RENCOR, INC.","$13,200.00","$52,800.00"
21102,102,0001,ROADWAY,0021,159108M,,TRAFFIC CONTROL TRUCK WITH MOUNTED CRASH CUSHION,1,U,"BERTO CONSTRUCTION, INC.","$150,000.00","$150,000.00"
21102,102,0001,ROADWAY,0021,159108M,,TRAFFIC CONTROL TRUCK WITH MOUNTED CRASH CUSHION,1,U,"SPARWICK CONTRACTING, INC.","$40,000.00","$40,000.00"
21102,102,0001,ROADWAY,0021,159108M,,TRAFFIC CONTROL TRUCK WITH MOUNTED CRASH CUSHION,1,U,"ANSELMI & DECICCO, INC.","$5,000.00","$5,000.00"
21102,102,0001,ROADWAY,0021,159108M,,TRAFFIC CONTROL TRUCK WITH MOUNTED CRASH CUSHION,1,U,KONKUS CORPORATION,"$35,000.00","$35,000.00"
21102,102,0001,ROADWAY,0021,159108M,,TRAFFIC CONTROL TRUCK WITH MOUNTED CRASH CUSHION,1,U,"IEW CONSTRUCTION GROUP, INC.",$576.80,$576.80
21102,102,0001,ROADWAY,0021,159108M,,TRAFFIC CONTROL TRUCK WITH MOUNTED CRASH CUSHION,1,U,"RITACCO CONSTRUCTION, INC.","$2,500.00","$2,500.00"
21102,102,0001,ROADWAY,0021,159108M,,TRAFFIC CONTROL TRUCK WITH MOUNTED CRASH CUSHION,1,U,"JOSEPH M. SANZARI, INC.","$1,000.00","$1,000.00"
21102,102,0001,ROADWAY,0021,159108M,,TRAFFIC CONTROL TRUCK WITH MOUNTED CRASH CUSHION,1,U,"MARBRO, INC.","$50,000.00","$50,000.00"
21102,102,0001,ROADWAY,0021,159108M,,TRAFFIC CONTROL TRUCK WITH MOUNTED CRASH CUSHION,1,U,"RENCOR, INC.","$50,000.00","$50,000.00"
21102,102,0001,ROADWAY,0022,159212M,,"TEMPORARY CRASH CUSHION, COMPRESSIVE BARRIER, TYPE 3, WIDTH NARROW",2,U,"BERTO CONSTRUCTION, INC.","$12,000.00","$24,000.00"
21102,102,0001,ROADWAY,0022,159212M,,"TEMPORARY CRASH CUSHION, COMPRESSIVE BARRIER, TYPE 3, WIDTH NARROW",2,U,"SPARWICK CONTRACTING, INC.","$13,000.00","$26,000.00"
21102,102,0001,ROADWAY,0022,159212M,,"TEMPORARY CRASH CUSHION, COMPRESSIVE BARRIER, TYPE 3, WIDTH NARROW",2,U,"ANSELMI & DECICCO, INC.","$5,000.00","$10,000.00"
21102,102,0001,ROADWAY,0022,159212M,,"TEMPORARY CRASH CUSHION, COMPRESSIVE BARRIER, TYPE 3, WIDTH NARROW",2,U,KONKUS CORPORATION,"$20,000.00","$40,000.00"
21102,102,0001,ROADWAY,0022,159212M,,"TEMPORARY CRASH CUSHION, COMPRESSIVE BARRIER, TYPE 3, WIDTH NARROW",2,U,"IEW CONSTRUCTION GROUP, INC.","$14,981.78","$29,963.56"
21102,102,0001,ROADWAY,0022,159212M,,"TEMPORARY CRASH CUSHION, COMPRESSIVE BARRIER, TYPE 3, WIDTH NARROW",2,U,"RITACCO CONSTRUCTION, INC.","$7,500.00","$15,000.00"
21102,102,0001,ROADWAY,0022,159212M,,"TEMPORARY CRASH CUSHION, COMPRESSIVE BARRIER, TYPE 3, WIDTH NARROW",2,U,"JOSEPH M. SANZARI, INC.","$8,000.00","$16,000.00"
21102,102,0001,ROADWAY,0022,159212M,,"TEMPORARY CRASH CUSHION, COMPRESSIVE BARRIER, TYPE 3, WIDTH NARROW",2,U,"MARBRO, INC.","$20,000.00","$40,000.00"
21102,102,0001,ROADWAY,0022,159212M,,"TEMPORARY CRASH CUSHION, COMPRESSIVE BARRIER, TYPE 3, WIDTH NARROW",2,U,"RENCOR, INC.","$30,000.00","$60,000.00"
21102,102,0001,ROADWAY,0023,160004M,,FUEL PRICE ADJUSTMENT,1,DOLL,"BERTO CONSTRUCTION, INC.",$200.00,$200.00
21102,102,0001,ROADWAY,0023,160004M,,FUEL PRICE ADJUSTMENT,1,DOLL,"SPARWICK CONTRACTING, INC.",$200.00,$200.00
21102,102,0001,ROADWAY,0023,160004M,,FUEL PRICE ADJUSTMENT,1,DOLL,"ANSELMI & DECICCO, INC.",$200.00,$200.00
21102,102,0001,ROADWAY,0023,160004M,,FUEL PRICE ADJUSTMENT,1,DOLL,KONKUS CORPORATION,$200.00,$200.00
21102,102,0001,ROADWAY,0023,160004M,,FUEL PRICE ADJUSTMENT,1,DOLL,"IEW CONSTRUCTION GROUP, INC.",$200.00,$200.00
21102,102,0001,ROADWAY,0023,160004M,,FUEL PRICE ADJUSTMENT,1,DOLL,"RITACCO CONSTRUCTION, INC.",$200.00,$200.00
21102,102,0001,ROADWAY,0023,160004M,,FUEL PRICE ADJUSTMENT,1,DOLL,"JOSEPH M. SANZARI, INC.",$200.00,$200.00
21102,102,0001,ROADWAY,0023,160004M,,FUEL PRICE ADJUSTMENT,1,DOLL,"MARBRO, INC.",$200.00,$200.00
21102,102,0001,ROADWAY,0023,160004M,,FUEL PRICE ADJUSTMENT,1,DOLL,"RENCOR, INC.",$200.00,$200.00
21102,102,0001,ROADWAY,0024,161003P,,FINAL CLEANUP,1,LS,"BERTO CONSTRUCTION, INC.","$2,500.00","$2,500.00"
21102,102,0001,ROADWAY,0024,161003P,,FINAL CLEANUP,1,LS,"SPARWICK CONTRACTING, INC.","$5,000.00","$5,000.00"
21102,102,0001,ROADWAY,0024,161003P,,FINAL CLEANUP,1,LS,"ANSELMI & DECICCO, INC.","$2,500.00","$2,500.00"
21102,102,0001,ROADWAY,0024,161003P,,FINAL CLEANUP,1,LS,KONKUS CORPORATION,$0.01,$0.01
21102,102,0001,ROADWAY,0024,161003P,,FINAL CLEANUP,1,LS,"IEW CONSTRUCTION GROUP, INC.","$8,569.82","$8,569.82"
21102,102,0001,ROADWAY,0024,161003P,,FINAL CLEANUP,1,LS,"RITACCO CONSTRUCTION, INC.","$5,000.00","$5,000.00"
21102,102,0001,ROADWAY,0024,161003P,,FINAL CLEANUP,1,LS,"JOSEPH M. SANZARI, INC.","$10,000.00","$10,000.00"
21102,102,0001,ROADWAY,0024,161003P,,FINAL CLEANUP,1,LS,"MARBRO, INC.","$10,000.00","$10,000.00"
21102,102,0001,ROADWAY,0024,161003P,,FINAL CLEANUP,1,LS,"RENCOR, INC.","$20,000.00","$20,000.00"
21102,102,0001,ROADWAY,0025,201003P,,CLEARING SITE,1,LS,"BERTO CONSTRUCTION, INC.","$50,000.00","$50,000.00"
21102,102,0001,ROADWAY,0025,201003P,,CLEARING SITE,1,LS,"SPARWICK CONTRACTING, INC.","$50,000.00","$50,000.00"
21102,102,0001,ROADWAY,0025,201003P,,CLEARING SITE,1,LS,"ANSELMI & DECICCO, INC.","$50,000.00","$50,000.00"
21102,102,0001,ROADWAY,0025,201003P,,CLEARING SITE,1,LS,KONKUS CORPORATION,$1.00,$1.00
21102,102,0001,ROADWAY,0025,201003P,,CLEARING SITE,1,LS,"IEW CONSTRUCTION GROUP, INC.","$50,000.00","$50,000.00"
21102,102,0001,ROADWAY,0025,201003P,,CLEARING SITE,1,LS,"RITACCO CONSTRUCTION, INC.","$50,000.00","$50,000.00"
21102,102,0001,ROADWAY,0025,201003P,,CLEARING SITE,1,LS,"JOSEPH M. SANZARI, INC.","$45,000.00","$45,000.00"
21102,102,0001,ROADWAY,0025,201003P,,CLEARING SITE,1,LS,"MARBRO, INC.","$50,000.00","$50,000.00"
21102,102,0001,ROADWAY,0025,201003P,,CLEARING SITE,1,LS,"RENCOR, INC.","$50,000.00","$50,000.00"
21102,102,0001,ROADWAY,0026,202009P,,"EXCAVATION, UNCLASSIFIED",58,CY,"BERTO CONSTRUCTION, INC.",$50.00,"$2,900.00"
21102,102,0001,ROADWAY,0026,202009P,,"EXCAVATION, UNCLASSIFIED",58,CY,"SPARWICK CONTRACTING, INC.",$50.00,"$2,900.00"
21102,102,0001,ROADWAY,0026,202009P,,"EXCAVATION, UNCLASSIFIED",58,CY,"ANSELMI & DECICCO, INC.",$150.00,"$8,700.00"
21102,102,0001,ROADWAY,0026,202009P,,"EXCAVATION, UNCLASSIFIED",58,CY,KONKUS CORPORATION,$175.00,"$10,150.00"
21102,102,0001,ROADWAY,0026,202009P,,"EXCAVATION, UNCLASSIFIED",58,CY,"IEW CONSTRUCTION GROUP, INC.",$223.43,"$12,958.94"
21102,102,0001,ROADWAY,0026,202009P,,"EXCAVATION, UNCLASSIFIED",58,CY,"RITACCO CONSTRUCTION, INC.",$75.00,"$4,350.00"
21102,102,0001,ROADWAY,0026,202009P,,"EXCAVATION, UNCLASSIFIED",58,CY,"JOSEPH M. SANZARI, INC.",$200.00,"$11,600.00"
21102,102,0001,ROADWAY,0026,202009P,,"EXCAVATION, UNCLASSIFIED",58,CY,"MARBRO, INC.",$100.00,"$5,800.00"
21102,102,0001,ROADWAY,0026,202009P,,"EXCAVATION, UNCLASSIFIED",58,CY,"RENCOR, INC.",$200.00,"$11,600.00"
21102,102,0001,ROADWAY,0027,203009P,,I-9 SOIL AGGREGATE,32,CY,"BERTO CONSTRUCTION, INC.",$75.00,"$2,400.00"
21102,102,0001,ROADWAY,0027,203009P,,I-9 SOIL AGGREGATE,32,CY,"SPARWICK CONTRACTING, INC.",$63.00,"$2,016.00"
21102,102,0001,ROADWAY,0027,203009P,,I-9 SOIL AGGREGATE,32,CY,"ANSELMI & DECICCO, INC.",$100.00,"$3,200.00"
21102,102,0001,ROADWAY,0027,203009P,,I-9 SOIL AGGREGATE,32,CY,KONKUS CORPORATION,$65.00,"$2,080.00"
21102,102,0001,ROADWAY,0027,203009P,,I-9 SOIL AGGREGATE,32,CY,"IEW CONSTRUCTION GROUP, INC.",$99.51,"$3,184.32"
21102,102,0001,ROADWAY,0027,203009P,,I-9 SOIL AGGREGATE,32,CY,"RITACCO CONSTRUCTION, INC.",$100.00,"$3,200.00"
21102,102,0001,ROADWAY,0027,203009P,,I-9 SOIL AGGREGATE,32,CY,"JOSEPH M. SANZARI, INC.",$26.00,$832.00
21102,102,0001,ROADWAY,0027,203009P,,I-9 SOIL AGGREGATE,32,CY,"MARBRO, INC.",$150.00,"$4,800.00"
21102,102,0001,ROADWAY,0027,203009P,,I-9 SOIL AGGREGATE,32,CY,"RENCOR, INC.",$160.00,"$5,120.00"
21102,102,0001,ROADWAY,0028,301006P,,SUBBASE,8,CY,"BERTO CONSTRUCTION, INC.",$100.00,$800.00
21102,102,0001,ROADWAY,0028,301006P,,SUBBASE,8,CY,"SPARWICK CONTRACTING, INC.",$72.00,$576.00
21102,102,0001,ROADWAY,0028,301006P,,SUBBASE,8,CY,"ANSELMI & DECICCO, INC.",$100.00,$800.00
21102,102,0001,ROADWAY,0028,301006P,,SUBBASE,8,CY,KONKUS CORPORATION,$75.00,$600.00
21102,102,0001,ROADWAY,0028,301006P,,SUBBASE,8,CY,"IEW CONSTRUCTION GROUP, INC.",$97.10,$776.80
21102,102,0001,ROADWAY,0028,301006P,,SUBBASE,8,CY,"RITACCO CONSTRUCTION, INC.",$150.00,"$1,200.00"
21102,102,0001,ROADWAY,0028,301006P,,SUBBASE,8,CY,"JOSEPH M. SANZARI, INC.",$400.00,"$3,200.00"
21102,102,0001,ROADWAY,0028,301006P,,SUBBASE,8,CY,"MARBRO, INC.",$150.00,"$1,200.00"
21102,102,0001,ROADWAY,0028,301006P,,SUBBASE,8,CY,"RENCOR, INC.",$500.00,"$4,000.00"
21102,102,0001,ROADWAY,0029,302042P,,"DENSE-GRADED AGGREGATE BASE COURSE, 8"" THICK",34,SY,"BERTO CONSTRUCTION, INC.",$20.00,$680.00
21102,102,0001,ROADWAY,0029,302042P,,"DENSE-GRADED AGGREGATE BASE COURSE, 8"" THICK",34,SY,"SPARWICK CONTRACTING, INC.",$20.00,$680.00
21102,102,0001,ROADWAY,0029,302042P,,"DENSE-GRADED AGGREGATE BASE COURSE, 8"" THICK",34,SY,"ANSELMI & DECICCO, INC.",$50.00,"$1,700.00"
21102,102,0001,ROADWAY,0029,302042P,,"DENSE-GRADED AGGREGATE BASE COURSE, 8"" THICK",34,SY,KONKUS CORPORATION,$24.70,$839.80
21102,102,0001,ROADWAY,0029,302042P,,"DENSE-GRADED AGGREGATE BASE COURSE, 8"" THICK",34,SY,"IEW CONSTRUCTION GROUP, INC.",$38.44,"$1,306.96"
21102,102,0001,ROADWAY,0029,302042P,,"DENSE-GRADED AGGREGATE BASE COURSE, 8"" THICK",34,SY,"RITACCO CONSTRUCTION, INC.",$50.00,"$1,700.00"
21102,102,0001,ROADWAY,0029,302042P,,"DENSE-GRADED AGGREGATE BASE COURSE, 8"" THICK",34,SY,"JOSEPH M. SANZARI, INC.",$100.00,"$3,400.00"
21102,102,0001,ROADWAY,0029,302042P,,"DENSE-GRADED AGGREGATE BASE COURSE, 8"" THICK",34,SY,"MARBRO, INC.",$150.00,"$5,100.00"
21102,102,0001,ROADWAY,0029,302042P,,"DENSE-GRADED AGGREGATE BASE COURSE, 8"" THICK",34,SY,"RENCOR, INC.",$150.00,"$5,100.00"
21102,102,0001,ROADWAY,0030,302051P,,"DENSE-GRADED AGGREGATE BASE COURSE, VARIABLE THICKNESS",10,CY,"BERTO CONSTRUCTION, INC.",$75.00,$750.00
21102,102,0001,ROADWAY,0030,302051P,,"DENSE-GRADED AGGREGATE BASE COURSE, VARIABLE THICKNESS",10,CY,"SPARWICK CONTRACTING, INC.",$50.00,$500.00
21102,102,0001,ROADWAY,0030,302051P,,"DENSE-GRADED AGGREGATE BASE COURSE, VARIABLE THICKNESS",10,CY,"ANSELMI & DECICCO, INC.",$100.00,"$1,000.00"
21102,102,0001,ROADWAY,0030,302051P,,"DENSE-GRADED AGGREGATE BASE COURSE, VARIABLE THICKNESS",10,CY,KONKUS CORPORATION,$0.01,$0.10
21102,102,0001,ROADWAY,0030,302051P,,"DENSE-GRADED AGGREGATE BASE COURSE, VARIABLE THICKNESS",10,CY,"IEW CONSTRUCTION GROUP, INC.",$90.00,$900.00
21102,102,0001,ROADWAY,0030,302051P,,"DENSE-GRADED AGGREGATE BASE COURSE, VARIABLE THICKNESS",10,CY,"RITACCO CONSTRUCTION, INC.",$150.00,"$1,500.00"
21102,102,0001,ROADWAY,0030,302051P,,"DENSE-GRADED AGGREGATE BASE COURSE, VARIABLE THICKNESS",10,CY,"JOSEPH M. SANZARI, INC.",$230.00,"$2,300.00"
21102,102,0001,ROADWAY,0030,302051P,,"DENSE-GRADED AGGREGATE BASE COURSE, VARIABLE THICKNESS",10,CY,"MARBRO, INC.",$200.00,"$2,000.00"
21102,102,0001,ROADWAY,0030,302051P,,"DENSE-GRADED AGGREGATE BASE COURSE, VARIABLE THICKNESS",10,CY,"RENCOR, INC.",$380.00,"$3,800.00"
21102,102,0001,ROADWAY,0031,401009P,,"HMA MILLING, 3"" OR LESS",228,SY,"BERTO CONSTRUCTION, INC.",$34.00,"$7,752.00"
21102,102,0001,ROADWAY,0031,401009P,,"HMA MILLING, 3"" OR LESS",228,SY,"SPARWICK CONTRACTING, INC.",$35.00,"$7,980.00"
21102,102,0001,ROADWAY,0031,401009P,,"HMA MILLING, 3"" OR LESS",228,SY,"ANSELMI & DECICCO, INC.",$33.00,"$7,524.00"
21102,102,0001,ROADWAY,0031,401009P,,"HMA MILLING, 3"" OR LESS",228,SY,KONKUS CORPORATION,$80.61,"$18,379.08"
21102,102,0001,ROADWAY,0031,401009P,,"HMA MILLING, 3"" OR LESS",228,SY,"IEW CONSTRUCTION GROUP, INC.",$16.17,"$3,686.76"
21102,102,0001,ROADWAY,0031,401009P,,"HMA MILLING, 3"" OR LESS",228,SY,"RITACCO CONSTRUCTION, INC.",$60.00,"$13,680.00"
21102,102,0001,ROADWAY,0031,401009P,,"HMA MILLING, 3"" OR LESS",228,SY,"JOSEPH M. SANZARI, INC.",$18.00,"$4,104.00"
21102,102,0001,ROADWAY,0031,401009P,,"HMA MILLING, 3"" OR LESS",228,SY,"MARBRO, INC.",$70.00,"$15,960.00"
21102,102,0001,ROADWAY,0031,401009P,,"HMA MILLING, 3"" OR LESS",228,SY,"RENCOR, INC.",$70.00,"$15,960.00"
21102,102,0001,ROADWAY,0032,401021M,,HOT MIX ASPHALT PAVEMENT REPAIR,30,SY,"BERTO CONSTRUCTION, INC.",$200.00,"$6,000.00"
21102,102,0001,ROADWAY,0032,401021M,,HOT MIX ASPHALT PAVEMENT REPAIR,30,SY,"SPARWICK CONTRACTING, INC.",$60.00,"$1,800.00"
21102,102,0001,ROADWAY,0032,401021M,,HOT MIX ASPHALT PAVEMENT REPAIR,30,SY,"ANSELMI & DECICCO, INC.",$10.00,$300.00
21102,102,0001,ROADWAY,0032,401021M,,HOT MIX ASPHALT PAVEMENT REPAIR,30,SY,KONKUS CORPORATION,$0.01,$0.30
21102,102,0001,ROADWAY,0032,401021M,,HOT MIX ASPHALT PAVEMENT REPAIR,30,SY,"IEW CONSTRUCTION GROUP, INC.",$284.75,"$8,542.50"
21102,102,0001,ROADWAY,0032,401021M,,HOT MIX ASPHALT PAVEMENT REPAIR,30,SY,"RITACCO CONSTRUCTION, INC.",$50.00,"$1,500.00"
21102,102,0001,ROADWAY,0032,401021M,,HOT MIX ASPHALT PAVEMENT REPAIR,30,SY,"JOSEPH M. SANZARI, INC.",$50.00,"$1,500.00"
21102,102,0001,ROADWAY,0032,401021M,,HOT MIX ASPHALT PAVEMENT REPAIR,30,SY,"MARBRO, INC.",$15.00,$450.00
21102,102,0001,ROADWAY,0032,401021M,,HOT MIX ASPHALT PAVEMENT REPAIR,30,SY,"RENCOR, INC.",$355.00,"$10,650.00"
21102,102,0001,ROADWAY,0033,401027M,,POLYMERIZED JOINT ADHESIVE,340,LF,"BERTO CONSTRUCTION, INC.",$2.00,$680.00
21102,102,0001,ROADWAY,0033,401027M,,POLYMERIZED JOINT ADHESIVE,340,LF,"SPARWICK CONTRACTING, INC.",$5.00,"$1,700.00"
21102,102,0001,ROADWAY,0033,401027M,,POLYMERIZED JOINT ADHESIVE,340,LF,"ANSELMI & DECICCO, INC.",$1.00,$340.00
21102,102,0001,ROADWAY,0033,401027M,,POLYMERIZED JOINT ADHESIVE,340,LF,KONKUS CORPORATION,$7.00,"$2,380.00"
21102,102,0001,ROADWAY,0033,401027M,,POLYMERIZED JOINT ADHESIVE,340,LF,"IEW CONSTRUCTION GROUP, INC.",$5.39,"$1,832.60"
21102,102,0001,ROADWAY,0033,401027M,,POLYMERIZED JOINT ADHESIVE,340,LF,"RITACCO CONSTRUCTION, INC.",$4.00,"$1,360.00"
21102,102,0001,ROADWAY,0033,401027M,,POLYMERIZED JOINT ADHESIVE,340,LF,"JOSEPH M. SANZARI, INC.",$5.00,"$1,700.00"
21102,102,0001,ROADWAY,0033,401027M,,POLYMERIZED JOINT ADHESIVE,340,LF,"MARBRO, INC.",$6.00,"$2,040.00"
21102,102,0001,ROADWAY,0033,401027M,,POLYMERIZED JOINT ADHESIVE,340,LF,"RENCOR, INC.",$2.00,$680.00
21102,102,0001,ROADWAY,0034,401030M,,TACK COAT,42,GAL,"BERTO CONSTRUCTION, INC.",$15.00,$630.00
21102,102,0001,ROADWAY,0034,401030M,,TACK COAT,42,GAL,"SPARWICK CONTRACTING, INC.",$1.00,$42.00
21102,102,0001,ROADWAY,0034,401030M,,TACK COAT,42,GAL,"ANSELMI & DECICCO, INC.",$6.00,$252.00
21102,102,0001,ROADWAY,0034,401030M,,TACK COAT,42,GAL,KONKUS CORPORATION,$0.01,$0.42
21102,102,0001,ROADWAY,0034,401030M,,TACK COAT,42,GAL,"IEW CONSTRUCTION GROUP, INC.",$10.78,$452.76
21102,102,0001,ROADWAY,0034,401030M,,TACK COAT,42,GAL,"RITACCO CONSTRUCTION, INC.",$10.00,$420.00
21102,102,0001,ROADWAY,0034,401030M,,TACK COAT,42,GAL,"JOSEPH M. SANZARI, INC.",$10.00,$420.00
21102,102,0001,ROADWAY,0034,401030M,,TACK COAT,42,GAL,"MARBRO, INC.",$15.00,$630.00
21102,102,0001,ROADWAY,0034,401030M,,TACK COAT,42,GAL,"RENCOR, INC.",$15.00,$630.00
21102,102,0001,ROADWAY,0035,401054M,,HOT MIX ASPHALT 12.5 M 64 SURFACE COURSE,31,T,"BERTO CONSTRUCTION, INC.",$300.00,"$9,300.00"
21102,102,0001,ROADWAY,0035,401054M,,HOT MIX ASPHALT 12.5 M 64 SURFACE COURSE,31,T,"SPARWICK CONTRACTING, INC.",$500.00,"$15,500.00"
21102,102,0001,ROADWAY,0035,401054M,,HOT MIX ASPHALT 12.5 M 64 SURFACE COURSE,31,T,"ANSELMI & DECICCO, INC.",$135.00,"$4,185.00"
21102,102,0001,ROADWAY,0035,401054M,,HOT MIX ASPHALT 12.5 M 64 SURFACE COURSE,31,T,KONKUS CORPORATION,$741.42,"$22,984.02"
21102,102,0001,ROADWAY,0035,401054M,,HOT MIX ASPHALT 12.5 M 64 SURFACE COURSE,31,T,"IEW CONSTRUCTION GROUP, INC.",$636.10,"$19,719.10"
21102,102,0001,ROADWAY,0035,401054M,,HOT MIX ASPHALT 12.5 M 64 SURFACE COURSE,31,T,"RITACCO CONSTRUCTION, INC.",$350.00,"$10,850.00"
21102,102,0001,ROADWAY,0035,401054M,,HOT MIX ASPHALT 12.5 M 64 SURFACE COURSE,31,T,"JOSEPH M. SANZARI, INC.",$590.00,"$18,290.00"
21102,102,0001,ROADWAY,0035,401054M,,HOT MIX ASPHALT 12.5 M 64 SURFACE COURSE,31,T,"MARBRO, INC.",$400.00,"$12,400.00"
21102,102,0001,ROADWAY,0035,401054M,,HOT MIX ASPHALT 12.5 M 64 SURFACE COURSE,31,T,"RENCOR, INC.",$400.00,"$12,400.00"
21102,102,0001,ROADWAY,0036,401084M,,HOT MIX ASPHALT 19 M 64 INTERMEDIATE COURSE,6,T,"BERTO CONSTRUCTION, INC.",$400.00,"$2,400.00"
21102,102,0001,ROADWAY,0036,401084M,,HOT MIX ASPHALT 19 M 64 INTERMEDIATE COURSE,6,T,"SPARWICK CONTRACTING, INC.",$250.00,"$1,500.00"
21102,102,0001,ROADWAY,0036,401084M,,HOT MIX ASPHALT 19 M 64 INTERMEDIATE COURSE,6,T,"ANSELMI & DECICCO, INC.",$155.00,$930.00
21102,102,0001,ROADWAY,0036,401084M,,HOT MIX ASPHALT 19 M 64 INTERMEDIATE COURSE,6,T,KONKUS CORPORATION,$178.00,"$1,068.00"
21102,102,0001,ROADWAY,0036,401084M,,HOT MIX ASPHALT 19 M 64 INTERMEDIATE COURSE,6,T,"IEW CONSTRUCTION GROUP, INC.",$636.10,"$3,816.60"
21102,102,0001,ROADWAY,0036,401084M,,HOT MIX ASPHALT 19 M 64 INTERMEDIATE COURSE,6,T,"RITACCO CONSTRUCTION, INC.",$800.00,"$4,800.00"
21102,102,0001,ROADWAY,0036,401084M,,HOT MIX ASPHALT 19 M 64 INTERMEDIATE COURSE,6,T,"JOSEPH M. SANZARI, INC.",$590.00,"$3,540.00"
21102,102,0001,ROADWAY,0036,401084M,,HOT MIX ASPHALT 19 M 64 INTERMEDIATE COURSE,6,T,"MARBRO, INC.",$900.00,"$5,400.00"
21102,102,0001,ROADWAY,0036,401084M,,HOT MIX ASPHALT 19 M 64 INTERMEDIATE COURSE,6,T,"RENCOR, INC.",$900.00,"$5,400.00"
21102,102,0001,ROADWAY,0037,401099M,,HOT MIX ASPHALT 25 M 64 BASE COURSE,12,T,"BERTO CONSTRUCTION, INC.",$300.00,"$3,600.00"
21102,102,0001,ROADWAY,0037,401099M,,HOT MIX ASPHALT 25 M 64 BASE COURSE,12,T,"SPARWICK CONTRACTING, INC.",$250.00,"$3,000.00"
21102,102,0001,ROADWAY,0037,401099M,,HOT MIX ASPHALT 25 M 64 BASE COURSE,12,T,"ANSELMI & DECICCO, INC.",$130.00,"$1,560.00"
21102,102,0001,ROADWAY,0037,401099M,,HOT MIX ASPHALT 25 M 64 BASE COURSE,12,T,KONKUS CORPORATION,$178.00,"$2,136.00"
21102,102,0001,ROADWAY,0037,401099M,,HOT MIX ASPHALT 25 M 64 BASE COURSE,12,T,"IEW CONSTRUCTION GROUP, INC.",$636.10,"$7,633.20"
21102,102,0001,ROADWAY,0037,401099M,,HOT MIX ASPHALT 25 M 64 BASE COURSE,12,T,"RITACCO CONSTRUCTION, INC.",$400.00,"$4,800.00"
21102,102,0001,ROADWAY,0037,401099M,,HOT MIX ASPHALT 25 M 64 BASE COURSE,12,T,"JOSEPH M. SANZARI, INC.",$590.00,"$7,080.00"
21102,102,0001,ROADWAY,0037,401099M,,HOT MIX ASPHALT 25 M 64 BASE COURSE,12,T,"MARBRO, INC.",$450.00,"$5,400.00"
21102,102,0001,ROADWAY,0037,401099M,,HOT MIX ASPHALT 25 M 64 BASE COURSE,12,T,"RENCOR, INC.",$500.00,"$6,000.00"
21102,102,0001,ROADWAY,0038,401108M,,"CORE SAMPLES, HOT MIX ASPHALT",15,U,"BERTO CONSTRUCTION, INC.",$50.00,$750.00
21102,102,0001,ROADWAY,0038,401108M,,"CORE SAMPLES, HOT MIX ASPHALT",15,U,"SPARWICK CONTRACTING, INC.",$1.00,$15.00
21102,102,0001,ROADWAY,0038,401108M,,"CORE SAMPLES, HOT MIX ASPHALT",15,U,"ANSELMI & DECICCO, INC.",$145.00,"$2,175.00"
21102,102,0001,ROADWAY,0038,401108M,,"CORE SAMPLES, HOT MIX ASPHALT",15,U,KONKUS CORPORATION,$0.01,$0.15
21102,102,0001,ROADWAY,0038,401108M,,"CORE SAMPLES, HOT MIX ASPHALT",15,U,"IEW CONSTRUCTION GROUP, INC.",$107.81,"$1,617.15"
21102,102,0001,ROADWAY,0038,401108M,,"CORE SAMPLES, HOT MIX ASPHALT",15,U,"RITACCO CONSTRUCTION, INC.",$100.00,"$1,500.00"
21102,102,0001,ROADWAY,0038,401108M,,"CORE SAMPLES, HOT MIX ASPHALT",15,U,"JOSEPH M. SANZARI, INC.",$100.00,"$1,500.00"
21102,102,0001,ROADWAY,0038,401108M,,"CORE SAMPLES, HOT MIX ASPHALT",15,U,"MARBRO, INC.",$250.00,"$3,750.00"
21102,102,0001,ROADWAY,0038,401108M,,"CORE SAMPLES, HOT MIX ASPHALT",15,U,"RENCOR, INC.",$500.00,"$7,500.00"
21102,102,0001,ROADWAY,0039,606012P,,"CONCRETE SIDEWALK, 4"" THICK",113,SY,"BERTO CONSTRUCTION, INC.",$75.00,"$8,475.00"
21102,102,0001,ROADWAY,0039,606012P,,"CONCRETE SIDEWALK, 4"" THICK",113,SY,"SPARWICK CONTRACTING, INC.",$80.00,"$9,040.00"
21102,102,0001,ROADWAY,0039,606012P,,"CONCRETE SIDEWALK, 4"" THICK",113,SY,"ANSELMI & DECICCO, INC.",$145.00,"$16,385.00"
21102,102,0001,ROADWAY,0039,606012P,,"CONCRETE SIDEWALK, 4"" THICK",113,SY,KONKUS CORPORATION,$134.40,"$15,187.20"
21102,102,0001,ROADWAY,0039,606012P,,"CONCRETE SIDEWALK, 4"" THICK",113,SY,"IEW CONSTRUCTION GROUP, INC.",$129.38,"$14,619.94"
21102,102,0001,ROADWAY,0039,606012P,,"CONCRETE SIDEWALK, 4"" THICK",113,SY,"RITACCO CONSTRUCTION, INC.",$125.00,"$14,125.00"
21102,102,0001,ROADWAY,0039,606012P,,"CONCRETE SIDEWALK, 4"" THICK",113,SY,"JOSEPH M. SANZARI, INC.",$150.00,"$16,950.00"
21102,102,0001,ROADWAY,0039,606012P,,"CONCRETE SIDEWALK, 4"" THICK",113,SY,"MARBRO, INC.",$125.00,"$14,125.00"
21102,102,0001,ROADWAY,0039,606012P,,"CONCRETE SIDEWALK, 4"" THICK",113,SY,"RENCOR, INC.",$100.00,"$11,300.00"
21102,102,0001,ROADWAY,0040,607018P,,"9"" X 16"" CONCRETE VERTICAL CURB",206,LF,"BERTO CONSTRUCTION, INC.",$35.00,"$7,210.00"
21102,102,0001,ROADWAY,0040,607018P,,"9"" X 16"" CONCRETE VERTICAL CURB",206,LF,"SPARWICK CONTRACTING, INC.",$35.00,"$7,210.00"
21102,102,0001,ROADWAY,0040,607018P,,"9"" X 16"" CONCRETE VERTICAL CURB",206,LF,"ANSELMI & DECICCO, INC.",$50.00,"$10,300.00"
21102,102,0001,ROADWAY,0040,607018P,,"9"" X 16"" CONCRETE VERTICAL CURB",206,LF,KONKUS CORPORATION,$56.00,"$11,536.00"
21102,102,0001,ROADWAY,0040,607018P,,"9"" X 16"" CONCRETE VERTICAL CURB",206,LF,"IEW CONSTRUCTION GROUP, INC.",$53.91,"$11,105.46"
21102,102,0001,ROADWAY,0040,607018P,,"9"" X 16"" CONCRETE VERTICAL CURB",206,LF,"RITACCO CONSTRUCTION, INC.",$50.00,"$10,300.00"
21102,102,0001,ROADWAY,0040,607018P,,"9"" X 16"" CONCRETE VERTICAL CURB",206,LF,"JOSEPH M. SANZARI, INC.",$75.00,"$15,450.00"
21102,102,0001,ROADWAY,0040,607018P,,"9"" X 16"" CONCRETE VERTICAL CURB",206,LF,"MARBRO, INC.",$75.00,"$15,450.00"
21102,102,0001,ROADWAY,0040,607018P,,"9"" X 16"" CONCRETE VERTICAL CURB",206,LF,"RENCOR, INC.",$60.00,"$12,360.00"
21102,102,0001,ROADWAY,0041,608003P,,"NONVEGETATIVE SURFACE, HOT MIX ASPHALT",837,SY,"BERTO CONSTRUCTION, INC.",$45.00,"$37,665.00"
21102,102,0001,ROADWAY,0041,608003P,,"NONVEGETATIVE SURFACE, HOT MIX ASPHALT",837,SY,"SPARWICK CONTRACTING, INC.",$67.00,"$56,079.00"
21102,102,0001,ROADWAY,0041,608003P,,"NONVEGETATIVE SURFACE, HOT MIX ASPHALT",837,SY,"ANSELMI & DECICCO, INC.",$50.00,"$41,850.00"
21102,102,0001,ROADWAY,0041,608003P,,"NONVEGETATIVE SURFACE, HOT MIX ASPHALT",837,SY,KONKUS CORPORATION,$32.00,"$26,784.00"
21102,102,0001,ROADWAY,0041,608003P,,"NONVEGETATIVE SURFACE, HOT MIX ASPHALT",837,SY,"IEW CONSTRUCTION GROUP, INC.",$37.73,"$31,580.01"
21102,102,0001,ROADWAY,0041,608003P,,"NONVEGETATIVE SURFACE, HOT MIX ASPHALT",837,SY,"RITACCO CONSTRUCTION, INC.",$45.00,"$37,665.00"
21102,102,0001,ROADWAY,0041,608003P,,"NONVEGETATIVE SURFACE, HOT MIX ASPHALT",837,SY,"JOSEPH M. SANZARI, INC.",$65.00,"$54,405.00"
21102,102,0001,ROADWAY,0041,608003P,,"NONVEGETATIVE SURFACE, HOT MIX ASPHALT",837,SY,"MARBRO, INC.",$52.00,"$43,524.00"
21102,102,0001,ROADWAY,0041,608003P,,"NONVEGETATIVE SURFACE, HOT MIX ASPHALT",837,SY,"RENCOR, INC.",$55.00,"$46,035.00"
21102,102,0001,ROADWAY,0042,609003M,,BEAM GUIDE RAIL,"1,026",LF,"BERTO CONSTRUCTION, INC.",$30.00,"$30,780.00"
21102,102,0001,ROADWAY,0042,609003M,,BEAM GUIDE RAIL,"1,026",LF,"SPARWICK CONTRACTING, INC.",$32.00,"$32,832.00"
21102,102,0001,ROADWAY,0042,609003M,,BEAM GUIDE RAIL,"1,026",LF,"ANSELMI & DECICCO, INC.",$30.00,"$30,780.00"
21102,102,0001,ROADWAY,0042,609003M,,BEAM GUIDE RAIL,"1,026",LF,KONKUS CORPORATION,$33.00,"$33,858.00"
21102,102,0001,ROADWAY,0042,609003M,,BEAM GUIDE RAIL,"1,026",LF,"IEW CONSTRUCTION GROUP, INC.",$31.00,"$31,806.00"
21102,102,0001,ROADWAY,0042,609003M,,BEAM GUIDE RAIL,"1,026",LF,"RITACCO CONSTRUCTION, INC.",$30.00,"$30,780.00"
21102,102,0001,ROADWAY,0042,609003M,,BEAM GUIDE RAIL,"1,026",LF,"JOSEPH M. SANZARI, INC.",$30.00,"$30,780.00"
21102,102,0001,ROADWAY,0042,609003M,,BEAM GUIDE RAIL,"1,026",LF,"MARBRO, INC.",$38.00,"$38,988.00"
21102,102,0001,ROADWAY,0042,609003M,,BEAM GUIDE RAIL,"1,026",LF,"RENCOR, INC.",$29.00,"$29,754.00"
21102,102,0001,ROADWAY,0043,609006M,,"BEAM GUIDE RAIL, DUAL-FACED",20,LF,"BERTO CONSTRUCTION, INC.",$40.00,$800.00
21102,102,0001,ROADWAY,0043,609006M,,"BEAM GUIDE RAIL, DUAL-FACED",20,LF,"SPARWICK CONTRACTING, INC.",$135.00,"$2,700.00"
21102,102,0001,ROADWAY,0043,609006M,,"BEAM GUIDE RAIL, DUAL-FACED",20,LF,"ANSELMI & DECICCO, INC.",$45.00,$900.00
21102,102,0001,ROADWAY,0043,609006M,,"BEAM GUIDE RAIL, DUAL-FACED",20,LF,KONKUS CORPORATION,$44.00,$880.00
21102,102,0001,ROADWAY,0043,609006M,,"BEAM GUIDE RAIL, DUAL-FACED",20,LF,"IEW CONSTRUCTION GROUP, INC.",$43.13,$862.60
21102,102,0001,ROADWAY,0043,609006M,,"BEAM GUIDE RAIL, DUAL-FACED",20,LF,"RITACCO CONSTRUCTION, INC.",$40.00,$800.00
21102,102,0001,ROADWAY,0043,609006M,,"BEAM GUIDE RAIL, DUAL-FACED",20,LF,"JOSEPH M. SANZARI, INC.",$40.00,$800.00
21102,102,0001,ROADWAY,0043,609006M,,"BEAM GUIDE RAIL, DUAL-FACED",20,LF,"MARBRO, INC.",$64.00,"$1,280.00"
21102,102,0001,ROADWAY,0043,609006M,,"BEAM GUIDE RAIL, DUAL-FACED",20,LF,"RENCOR, INC.",$40.00,$800.00
21102,102,0001,ROADWAY,0044,609030M,,TELESCOPING GUIDE RAIL END TERMINAL,4,U,"BERTO CONSTRUCTION, INC.","$4,500.00","$18,000.00"
21102,102,0001,ROADWAY,0044,609030M,,TELESCOPING GUIDE RAIL END TERMINAL,4,U,"SPARWICK CONTRACTING, INC.","$4,500.00","$18,000.00"
21102,102,0001,ROADWAY,0044,609030M,,TELESCOPING GUIDE RAIL END TERMINAL,4,U,"ANSELMI & DECICCO, INC.","$2,400.00","$9,600.00"
21102,102,0001,ROADWAY,0044,609030M,,TELESCOPING GUIDE RAIL END TERMINAL,4,U,KONKUS CORPORATION,"$4,950.00","$19,800.00"
21102,102,0001,ROADWAY,0044,609030M,,TELESCOPING GUIDE RAIL END TERMINAL,4,U,"IEW CONSTRUCTION GROUP, INC.","$6,468.80","$25,875.20"
21102,102,0001,ROADWAY,0044,609030M,,TELESCOPING GUIDE RAIL END TERMINAL,4,U,"RITACCO CONSTRUCTION, INC.","$4,400.00","$17,600.00"
21102,102,0001,ROADWAY,0044,609030M,,TELESCOPING GUIDE RAIL END TERMINAL,4,U,"JOSEPH M. SANZARI, INC.","$4,500.00","$18,000.00"
21102,102,0001,ROADWAY,0044,609030M,,TELESCOPING GUIDE RAIL END TERMINAL,4,U,"MARBRO, INC.","$4,700.00","$18,800.00"
21102,102,0001,ROADWAY,0044,609030M,,TELESCOPING GUIDE RAIL END TERMINAL,4,U,"RENCOR, INC.","$4,500.00","$18,000.00"
21102,102,0001,ROADWAY,0045,609058M,,APPROACH GUIDE RAIL TRANSITION TL-2,4,U,"BERTO CONSTRUCTION, INC.","$1,750.00","$7,000.00"
21102,102,0001,ROADWAY,0045,609058M,,APPROACH GUIDE RAIL TRANSITION TL-2,4,U,"SPARWICK CONTRACTING, INC.","$2,000.00","$8,000.00"
21102,102,0001,ROADWAY,0045,609058M,,APPROACH GUIDE RAIL TRANSITION TL-2,4,U,"ANSELMI & DECICCO, INC.","$3,400.00","$13,600.00"
21102,102,0001,ROADWAY,0045,609058M,,APPROACH GUIDE RAIL TRANSITION TL-2,4,U,KONKUS CORPORATION,"$1,925.00","$7,700.00"
21102,102,0001,ROADWAY,0045,609058M,,APPROACH GUIDE RAIL TRANSITION TL-2,4,U,"IEW CONSTRUCTION GROUP, INC.","$2,156.27","$8,625.08"
21102,102,0001,ROADWAY,0045,609058M,,APPROACH GUIDE RAIL TRANSITION TL-2,4,U,"RITACCO CONSTRUCTION, INC.","$1,600.00","$6,400.00"
21102,102,0001,ROADWAY,0045,609058M,,APPROACH GUIDE RAIL TRANSITION TL-2,4,U,"JOSEPH M. SANZARI, INC.","$1,750.00","$7,000.00"
21102,102,0001,ROADWAY,0045,609058M,,APPROACH GUIDE RAIL TRANSITION TL-2,4,U,"MARBRO, INC.","$4,700.00","$18,800.00"
21102,102,0001,ROADWAY,0045,609058M,,APPROACH GUIDE RAIL TRANSITION TL-2,4,U,"RENCOR, INC.","$1,750.00","$7,000.00"
21102,102,0001,ROADWAY,0046,609075M,,REMOVAL OF BEAM GUIDE RAIL,919,LF,"BERTO CONSTRUCTION, INC.",$2.00,"$1,838.00"
21102,102,0001,ROADWAY,0046,609075M,,REMOVAL OF BEAM GUIDE RAIL,919,LF,"SPARWICK CONTRACTING, INC.",$4.00,"$3,676.00"
21102,102,0001,ROADWAY,0046,609075M,,REMOVAL OF BEAM GUIDE RAIL,919,LF,"ANSELMI & DECICCO, INC.",$5.00,"$4,595.00"
21102,102,0001,ROADWAY,0046,609075M,,REMOVAL OF BEAM GUIDE RAIL,919,LF,KONKUS CORPORATION,$0.01,$9.19
21102,102,0001,ROADWAY,0046,609075M,,REMOVAL OF BEAM GUIDE RAIL,919,LF,"IEW CONSTRUCTION GROUP, INC.",$1.08,$992.52
21102,102,0001,ROADWAY,0046,609075M,,REMOVAL OF BEAM GUIDE RAIL,919,LF,"RITACCO CONSTRUCTION, INC.",$2.00,"$1,838.00"
21102,102,0001,ROADWAY,0046,609075M,,REMOVAL OF BEAM GUIDE RAIL,919,LF,"JOSEPH M. SANZARI, INC.",$1.00,$919.00
21102,102,0001,ROADWAY,0046,609075M,,REMOVAL OF BEAM GUIDE RAIL,919,LF,"MARBRO, INC.",$10.00,"$9,190.00"
21102,102,0001,ROADWAY,0046,609075M,,REMOVAL OF BEAM GUIDE RAIL,919,LF,"RENCOR, INC.",$2.00,"$1,838.00"
21102,102,0001,ROADWAY,0047,610003M,,"TRAFFIC STRIPES, 4""","1,450",LF,"BERTO CONSTRUCTION, INC.",$2.00,"$2,900.00"
21102,102,0001,ROADWAY,0047,610003M,,"TRAFFIC STRIPES, 4""","1,450",LF,"SPARWICK CONTRACTING, INC.",$1.50,"$2,175.00"
21102,102,0001,ROADWAY,0047,610003M,,"TRAFFIC STRIPES, 4""","1,450",LF,"ANSELMI & DECICCO, INC.",$0.90,"$1,305.00"
21102,102,0001,ROADWAY,0047,610003M,,"TRAFFIC STRIPES, 4""","1,450",LF,KONKUS CORPORATION,$2.00,"$2,900.00"
21102,102,0001,ROADWAY,0047,610003M,,"TRAFFIC STRIPES, 4""","1,450",LF,"IEW CONSTRUCTION GROUP, INC.",$1.62,"$2,349.00"
21102,102,0001,ROADWAY,0047,610003M,,"TRAFFIC STRIPES, 4""","1,450",LF,"RITACCO CONSTRUCTION, INC.",$1.00,"$1,450.00"
21102,102,0001,ROADWAY,0047,610003M,,"TRAFFIC STRIPES, 4""","1,450",LF,"JOSEPH M. SANZARI, INC.",$2.00,"$2,900.00"
21102,102,0001,ROADWAY,0047,610003M,,"TRAFFIC STRIPES, 4""","1,450",LF,"MARBRO, INC.",$2.00,"$2,900.00"
21102,102,0001,ROADWAY,0047,610003M,,"TRAFFIC STRIPES, 4""","1,450",LF,"RENCOR, INC.",$1.50,"$2,175.00"
21102,102,0001,ROADWAY,0048,610021M,,"RPM, BI-DIRECTIONAL, AMBER LENS",3,U,"BERTO CONSTRUCTION, INC.",$300.00,$900.00
21102,102,0001,ROADWAY,0048,610021M,,"RPM, BI-DIRECTIONAL, AMBER LENS",3,U,"SPARWICK CONTRACTING, INC.",$250.00,$750.00
21102,102,0001,ROADWAY,0048,610021M,,"RPM, BI-DIRECTIONAL, AMBER LENS",3,U,"ANSELMI & DECICCO, INC.",$90.00,$270.00
21102,102,0001,ROADWAY,0048,610021M,,"RPM, BI-DIRECTIONAL, AMBER LENS",3,U,KONKUS CORPORATION,$500.00,"$1,500.00"
21102,102,0001,ROADWAY,0048,610021M,,"RPM, BI-DIRECTIONAL, AMBER LENS",3,U,"IEW CONSTRUCTION GROUP, INC.",$533.68,"$1,601.04"
21102,102,0001,ROADWAY,0048,610021M,,"RPM, BI-DIRECTIONAL, AMBER LENS",3,U,"RITACCO CONSTRUCTION, INC.",$250.00,$750.00
21102,102,0001,ROADWAY,0048,610021M,,"RPM, BI-DIRECTIONAL, AMBER LENS",3,U,"JOSEPH M. SANZARI, INC.",$400.00,"$1,200.00"
21102,102,0001,ROADWAY,0048,610021M,,"RPM, BI-DIRECTIONAL, AMBER LENS",3,U,"MARBRO, INC.",$500.00,"$1,500.00"
21102,102,0001,ROADWAY,0048,610021M,,"RPM, BI-DIRECTIONAL, AMBER LENS",3,U,"RENCOR, INC.",$400.00,"$1,200.00"
21102,102,0001,ROADWAY,0049,610024M,,REMOVAL OF RPM,3,U,"BERTO CONSTRUCTION, INC.",$1.00,$3.00
21102,102,0001,ROADWAY,0049,610024M,,REMOVAL OF RPM,3,U,"SPARWICK CONTRACTING, INC.",$250.00,$750.00
21102,102,0001,ROADWAY,0049,610024M,,REMOVAL OF RPM,3,U,"ANSELMI & DECICCO, INC.",$50.00,$150.00
21102,102,0001,ROADWAY,0049,610024M,,REMOVAL OF RPM,3,U,KONKUS CORPORATION,$0.01,$0.03
21102,102,0001,ROADWAY,0049,610024M,,REMOVAL OF RPM,3,U,"IEW CONSTRUCTION GROUP, INC.",$73.42,$220.26
21102,102,0001,ROADWAY,0049,610024M,,REMOVAL OF RPM,3,U,"RITACCO CONSTRUCTION, INC.",$50.00,$150.00
21102,102,0001,ROADWAY,0049,610024M,,REMOVAL OF RPM,3,U,"JOSEPH M. SANZARI, INC.",$1.00,$3.00
21102,102,0001,ROADWAY,0049,610024M,,REMOVAL OF RPM,3,U,"MARBRO, INC.",$75.00,$225.00
21102,102,0001,ROADWAY,0049,610024M,,REMOVAL OF RPM,3,U,"RENCOR, INC.",$500.00,"$1,500.00"
21102,102,0001,ROADWAY,0050,701012P,,"1 1/2"" RIGID METALLIC CONDUIT",90,LF,"BERTO CONSTRUCTION, INC.",$145.00,"$13,050.00"
21102,102,0001,ROADWAY,0050,701012P,,"1 1/2"" RIGID METALLIC CONDUIT",90,LF,"SPARWICK CONTRACTING, INC.",$30.00,"$2,700.00"
21102,102,0001,ROADWAY,0050,701012P,,"1 1/2"" RIGID METALLIC CONDUIT",90,LF,"ANSELMI & DECICCO, INC.",$28.00,"$2,520.00"
21102,102,0001,ROADWAY,0050,701012P,,"1 1/2"" RIGID METALLIC CONDUIT",90,LF,KONKUS CORPORATION,$166.75,"$15,007.50"
21102,102,0001,ROADWAY,0050,701012P,,"1 1/2"" RIGID METALLIC CONDUIT",90,LF,"IEW CONSTRUCTION GROUP, INC.",$86.25,"$7,762.50"
21102,102,0001,ROADWAY,0050,701012P,,"1 1/2"" RIGID METALLIC CONDUIT",90,LF,"RITACCO CONSTRUCTION, INC.",$140.00,"$12,600.00"
21102,102,0001,ROADWAY,0050,701012P,,"1 1/2"" RIGID METALLIC CONDUIT",90,LF,"JOSEPH M. SANZARI, INC.",$80.00,"$7,200.00"
21102,102,0001,ROADWAY,0050,701012P,,"1 1/2"" RIGID METALLIC CONDUIT",90,LF,"MARBRO, INC.",$145.00,"$13,050.00"
21102,102,0001,ROADWAY,0050,701012P,,"1 1/2"" RIGID METALLIC CONDUIT",90,LF,"RENCOR, INC.",$145.00,"$13,050.00"
21102,102,0001,ROADWAY,0051,701021P,,"3"" RIGID METALLIC CONDUIT",75,LF,"BERTO CONSTRUCTION, INC.",$140.00,"$10,500.00"
21102,102,0001,ROADWAY,0051,701021P,,"3"" RIGID METALLIC CONDUIT",75,LF,"SPARWICK CONTRACTING, INC.",$50.00,"$3,750.00"
21102,102,0001,ROADWAY,0051,701021P,,"3"" RIGID METALLIC CONDUIT",75,LF,"ANSELMI & DECICCO, INC.",$45.00,"$3,375.00"
21102,102,0001,ROADWAY,0051,701021P,,"3"" RIGID METALLIC CONDUIT",75,LF,KONKUS CORPORATION,$161.00,"$12,075.00"
21102,102,0001,ROADWAY,0051,701021P,,"3"" RIGID METALLIC CONDUIT",75,LF,"IEW CONSTRUCTION GROUP, INC.",$118.59,"$8,894.25"
21102,102,0001,ROADWAY,0051,701021P,,"3"" RIGID METALLIC CONDUIT",75,LF,"RITACCO CONSTRUCTION, INC.",$140.00,"$10,500.00"
21102,102,0001,ROADWAY,0051,701021P,,"3"" RIGID METALLIC CONDUIT",75,LF,"JOSEPH M. SANZARI, INC.",$100.00,"$7,500.00"
21102,102,0001,ROADWAY,0051,701021P,,"3"" RIGID METALLIC CONDUIT",75,LF,"MARBRO, INC.",$140.00,"$10,500.00"
21102,102,0001,ROADWAY,0051,701021P,,"3"" RIGID METALLIC CONDUIT",75,LF,"RENCOR, INC.",$140.00,"$10,500.00"
21102,102,0001,ROADWAY,0052,701036P,,"1 1/4"" FLEXIBLE METALLIC CONDUIT",10,LF,"BERTO CONSTRUCTION, INC.",$70.00,$700.00
21102,102,0001,ROADWAY,0052,701036P,,"1 1/4"" FLEXIBLE METALLIC CONDUIT",10,LF,"SPARWICK CONTRACTING, INC.",$35.00,$350.00
21102,102,0001,ROADWAY,0052,701036P,,"1 1/4"" FLEXIBLE METALLIC CONDUIT",10,LF,"ANSELMI & DECICCO, INC.",$30.00,$300.00
21102,102,0001,ROADWAY,0052,701036P,,"1 1/4"" FLEXIBLE METALLIC CONDUIT",10,LF,KONKUS CORPORATION,$80.50,$805.00
21102,102,0001,ROADWAY,0052,701036P,,"1 1/4"" FLEXIBLE METALLIC CONDUIT",10,LF,"IEW CONSTRUCTION GROUP, INC.",$80.86,$808.60
21102,102,0001,ROADWAY,0052,701036P,,"1 1/4"" FLEXIBLE METALLIC CONDUIT",10,LF,"RITACCO CONSTRUCTION, INC.",$70.00,$700.00
21102,102,0001,ROADWAY,0052,701036P,,"1 1/4"" FLEXIBLE METALLIC CONDUIT",10,LF,"JOSEPH M. SANZARI, INC.",$42.00,$420.00
21102,102,0001,ROADWAY,0052,701036P,,"1 1/4"" FLEXIBLE METALLIC CONDUIT",10,LF,"MARBRO, INC.",$70.00,$700.00
21102,102,0001,ROADWAY,0052,701036P,,"1 1/4"" FLEXIBLE METALLIC CONDUIT",10,LF,"RENCOR, INC.",$70.00,$700.00
21102,102,0001,ROADWAY,0053,701096M,,"10"" X 36"" JUNCTION BOX",2,U,"BERTO CONSTRUCTION, INC.","$2,800.00","$5,600.00"
21102,102,0001,ROADWAY,0053,701096M,,"10"" X 36"" JUNCTION BOX",2,U,"SPARWICK CONTRACTING, INC.","$1,200.00","$2,400.00"
21102,102,0001,ROADWAY,0053,701096M,,"10"" X 36"" JUNCTION BOX",2,U,"ANSELMI & DECICCO, INC.","$1,000.00","$2,000.00"
21102,102,0001,ROADWAY,0053,701096M,,"10"" X 36"" JUNCTION BOX",2,U,KONKUS CORPORATION,"$3,202.75","$6,405.50"
21102,102,0001,ROADWAY,0053,701096M,,"10"" X 36"" JUNCTION BOX",2,U,"IEW CONSTRUCTION GROUP, INC.","$1,293.76","$2,587.52"
21102,102,0001,ROADWAY,0053,701096M,,"10"" X 36"" JUNCTION BOX",2,U,"RITACCO CONSTRUCTION, INC.","$2,700.00","$5,400.00"
21102,102,0001,ROADWAY,0053,701096M,,"10"" X 36"" JUNCTION BOX",2,U,"JOSEPH M. SANZARI, INC.","$2,100.00","$4,200.00"
21102,102,0001,ROADWAY,0053,701096M,,"10"" X 36"" JUNCTION BOX",2,U,"MARBRO, INC.","$3,000.00","$6,000.00"
21102,102,0001,ROADWAY,0053,701096M,,"10"" X 36"" JUNCTION BOX",2,U,"RENCOR, INC.","$2,785.00","$5,570.00"
21102,102,0001,ROADWAY,0054,701102M,,"18"" X 36"" JUNCTION BOX",1,U,"BERTO CONSTRUCTION, INC.","$2,500.00","$2,500.00"
21102,102,0001,ROADWAY,0054,701102M,,"18"" X 36"" JUNCTION BOX",1,U,"SPARWICK CONTRACTING, INC.","$2,600.00","$2,600.00"
21102,102,0001,ROADWAY,0054,701102M,,"18"" X 36"" JUNCTION BOX",1,U,"ANSELMI & DECICCO, INC.","$2,500.00","$2,500.00"
21102,102,0001,ROADWAY,0054,701102M,,"18"" X 36"" JUNCTION BOX",1,U,KONKUS CORPORATION,"$2,817.50","$2,817.50"
21102,102,0001,ROADWAY,0054,701102M,,"18"" X 36"" JUNCTION BOX",1,U,"IEW CONSTRUCTION GROUP, INC.","$2,803.14","$2,803.14"
21102,102,0001,ROADWAY,0054,701102M,,"18"" X 36"" JUNCTION BOX",1,U,"RITACCO CONSTRUCTION, INC.","$2,400.00","$2,400.00"
21102,102,0001,ROADWAY,0054,701102M,,"18"" X 36"" JUNCTION BOX",1,U,"JOSEPH M. SANZARI, INC.","$2,400.00","$2,400.00"
21102,102,0001,ROADWAY,0054,701102M,,"18"" X 36"" JUNCTION BOX",1,U,"MARBRO, INC.","$2,750.00","$2,750.00"
21102,102,0001,ROADWAY,0054,701102M,,"18"" X 36"" JUNCTION BOX",1,U,"RENCOR, INC.","$2,450.00","$2,450.00"
21102,102,0001,ROADWAY,0055,701105M,,"8"" X 8"" X 6"" METAL JUNCTION BOX",2,U,"BERTO CONSTRUCTION, INC.","$1,100.00","$2,200.00"
21102,102,0001,ROADWAY,0055,701105M,,"8"" X 8"" X 6"" METAL JUNCTION BOX",2,U,"SPARWICK CONTRACTING, INC.",$900.00,"$1,800.00"
21102,102,0001,ROADWAY,0055,701105M,,"8"" X 8"" X 6"" METAL JUNCTION BOX",2,U,"ANSELMI & DECICCO, INC.",$900.00,"$1,800.00"
21102,102,0001,ROADWAY,0055,701105M,,"8"" X 8"" X 6"" METAL JUNCTION BOX",2,U,KONKUS CORPORATION,"$1,282.25","$2,564.50"
21102,102,0001,ROADWAY,0055,701105M,,"8"" X 8"" X 6"" METAL JUNCTION BOX",2,U,"IEW CONSTRUCTION GROUP, INC.","$1,940.64","$3,881.28"
21102,102,0001,ROADWAY,0055,701105M,,"8"" X 8"" X 6"" METAL JUNCTION BOX",2,U,"RITACCO CONSTRUCTION, INC.","$1,100.00","$2,200.00"
21102,102,0001,ROADWAY,0055,701105M,,"8"" X 8"" X 6"" METAL JUNCTION BOX",2,U,"JOSEPH M. SANZARI, INC.","$1,150.00","$2,300.00"
21102,102,0001,ROADWAY,0055,701105M,,"8"" X 8"" X 6"" METAL JUNCTION BOX",2,U,"MARBRO, INC.","$1,500.00","$3,000.00"
21102,102,0001,ROADWAY,0055,701105M,,"8"" X 8"" X 6"" METAL JUNCTION BOX",2,U,"RENCOR, INC.","$1,115.00","$2,230.00"
21102,102,0001,ROADWAY,0056,701192P,,"GROUND WIRE, NO. 8 AWG",250,LF,"BERTO CONSTRUCTION, INC.",$7.00,"$1,750.00"
21102,102,0001,ROADWAY,0056,701192P,,"GROUND WIRE, NO. 8 AWG",250,LF,"SPARWICK CONTRACTING, INC.",$3.00,$750.00
21102,102,0001,ROADWAY,0056,701192P,,"GROUND WIRE, NO. 8 AWG",250,LF,"ANSELMI & DECICCO, INC.",$2.50,$625.00
21102,102,0001,ROADWAY,0056,701192P,,"GROUND WIRE, NO. 8 AWG",250,LF,KONKUS CORPORATION,$8.05,"$2,012.50"
21102,102,0001,ROADWAY,0056,701192P,,"GROUND WIRE, NO. 8 AWG",250,LF,"IEW CONSTRUCTION GROUP, INC.",$2.70,$675.00
21102,102,0001,ROADWAY,0056,701192P,,"GROUND WIRE, NO. 8 AWG",250,LF,"RITACCO CONSTRUCTION, INC.",$6.00,"$1,500.00"
21102,102,0001,ROADWAY,0056,701192P,,"GROUND WIRE, NO. 8 AWG",250,LF,"JOSEPH M. SANZARI, INC.",$6.00,"$1,500.00"
21102,102,0001,ROADWAY,0056,701192P,,"GROUND WIRE, NO. 8 AWG",250,LF,"MARBRO, INC.",$8.00,"$2,000.00"
21102,102,0001,ROADWAY,0056,701192P,,"GROUND WIRE, NO. 8 AWG",250,LF,"RENCOR, INC.",$7.00,"$1,750.00"
21102,102,0001,ROADWAY,0057,701201P,,"MULTIPLE LIGHTING WIRE, NO. 8 AWG",300,LF,"BERTO CONSTRUCTION, INC.",$9.00,"$2,700.00"
21102,102,0001,ROADWAY,0057,701201P,,"MULTIPLE LIGHTING WIRE, NO. 8 AWG",300,LF,"SPARWICK CONTRACTING, INC.",$3.00,$900.00
21102,102,0001,ROADWAY,0057,701201P,,"MULTIPLE LIGHTING WIRE, NO. 8 AWG",300,LF,"ANSELMI & DECICCO, INC.",$2.75,$825.00
21102,102,0001,ROADWAY,0057,701201P,,"MULTIPLE LIGHTING WIRE, NO. 8 AWG",300,LF,KONKUS CORPORATION,$9.90,"$2,970.00"
21102,102,0001,ROADWAY,0057,701201P,,"MULTIPLE LIGHTING WIRE, NO. 8 AWG",300,LF,"IEW CONSTRUCTION GROUP, INC.",$3.23,$969.00
21102,102,0001,ROADWAY,0057,701201P,,"MULTIPLE LIGHTING WIRE, NO. 8 AWG",300,LF,"RITACCO CONSTRUCTION, INC.",$7.00,"$2,100.00"
21102,102,0001,ROADWAY,0057,701201P,,"MULTIPLE LIGHTING WIRE, NO. 8 AWG",300,LF,"JOSEPH M. SANZARI, INC.",$8.00,"$2,400.00"
21102,102,0001,ROADWAY,0057,701201P,,"MULTIPLE LIGHTING WIRE, NO. 8 AWG",300,LF,"MARBRO, INC.",$9.00,"$2,700.00"
21102,102,0001,ROADWAY,0057,701201P,,"MULTIPLE LIGHTING WIRE, NO. 8 AWG",300,LF,"RENCOR, INC.",$8.35,"$2,505.00"
21102,102,0001,ROADWAY,0058,701204P,,"MULTIPLE LIGHTING WIRE, NO. 10 AWG",220,LF,"BERTO CONSTRUCTION, INC.",$10.00,"$2,200.00"
21102,102,0001,ROADWAY,0058,701204P,,"MULTIPLE LIGHTING WIRE, NO. 10 AWG",220,LF,"SPARWICK CONTRACTING, INC.",$3.00,$660.00
21102,102,0001,ROADWAY,0058,701204P,,"MULTIPLE LIGHTING WIRE, NO. 10 AWG",220,LF,"ANSELMI & DECICCO, INC.",$2.50,$550.00
21102,102,0001,ROADWAY,0058,701204P,,"MULTIPLE LIGHTING WIRE, NO. 10 AWG",220,LF,KONKUS CORPORATION,$10.70,"$2,354.00"
21102,102,0001,ROADWAY,0058,701204P,,"MULTIPLE LIGHTING WIRE, NO. 10 AWG",220,LF,"IEW CONSTRUCTION GROUP, INC.",$2.16,$475.20
21102,102,0001,ROADWAY,0058,701204P,,"MULTIPLE LIGHTING WIRE, NO. 10 AWG",220,LF,"RITACCO CONSTRUCTION, INC.",$8.00,"$1,760.00"
21102,102,0001,ROADWAY,0058,701204P,,"MULTIPLE LIGHTING WIRE, NO. 10 AWG",220,LF,"JOSEPH M. SANZARI, INC.",$7.00,"$1,540.00"
21102,102,0001,ROADWAY,0058,701204P,,"MULTIPLE LIGHTING WIRE, NO. 10 AWG",220,LF,"MARBRO, INC.",$10.00,"$2,200.00"
21102,102,0001,ROADWAY,0058,701204P,,"MULTIPLE LIGHTING WIRE, NO. 10 AWG",220,LF,"RENCOR, INC.",$9.30,"$2,046.00"
21102,102,0001,ROADWAY,0059,701375P,,MODIFY EXISTING LOAD CENTER,1,LS,"BERTO CONSTRUCTION, INC.","$6,400.00","$6,400.00"
21102,102,0001,ROADWAY,0059,701375P,,MODIFY EXISTING LOAD CENTER,1,LS,"SPARWICK CONTRACTING, INC.","$7,000.00","$7,000.00"
21102,102,0001,ROADWAY,0059,701375P,,MODIFY EXISTING LOAD CENTER,1,LS,"ANSELMI & DECICCO, INC.","$6,000.00","$6,000.00"
21102,102,0001,ROADWAY,0059,701375P,,MODIFY EXISTING LOAD CENTER,1,LS,KONKUS CORPORATION,"$7,302.50","$7,302.50"
21102,102,0001,ROADWAY,0059,701375P,,MODIFY EXISTING LOAD CENTER,1,LS,"IEW CONSTRUCTION GROUP, INC.","$3,773.46","$3,773.46"
21102,102,0001,ROADWAY,0059,701375P,,MODIFY EXISTING LOAD CENTER,1,LS,"RITACCO CONSTRUCTION, INC.","$6,000.00","$6,000.00"
21102,102,0001,ROADWAY,0059,701375P,,MODIFY EXISTING LOAD CENTER,1,LS,"JOSEPH M. SANZARI, INC.","$6,000.00","$6,000.00"
21102,102,0001,ROADWAY,0059,701375P,,MODIFY EXISTING LOAD CENTER,1,LS,"MARBRO, INC.","$7,500.00","$7,500.00"
21102,102,0001,ROADWAY,0059,701375P,,MODIFY EXISTING LOAD CENTER,1,LS,"RENCOR, INC.","$6,350.00","$6,350.00"
21102,102,0001,ROADWAY,0060,703003M,,LIGHTING STANDARD ALUMINUM,2,U,"BERTO CONSTRUCTION, INC.","$2,500.00","$5,000.00"
21102,102,0001,ROADWAY,0060,703003M,,LIGHTING STANDARD ALUMINUM,2,U,"SPARWICK CONTRACTING, INC.","$6,000.00","$12,000.00"
21102,102,0001,ROADWAY,0060,703003M,,LIGHTING STANDARD ALUMINUM,2,U,"ANSELMI & DECICCO, INC.","$6,000.00","$12,000.00"
21102,102,0001,ROADWAY,0060,703003M,,LIGHTING STANDARD ALUMINUM,2,U,KONKUS CORPORATION,"$2,300.00","$4,600.00"
21102,102,0001,ROADWAY,0060,703003M,,LIGHTING STANDARD ALUMINUM,2,U,"IEW CONSTRUCTION GROUP, INC.","$3,773.47","$7,546.94"
21102,102,0001,ROADWAY,0060,703003M,,LIGHTING STANDARD ALUMINUM,2,U,"RITACCO CONSTRUCTION, INC.","$2,000.00","$4,000.00"
21102,102,0001,ROADWAY,0060,703003M,,LIGHTING STANDARD ALUMINUM,2,U,"JOSEPH M. SANZARI, INC.","$1,150.00","$2,300.00"
21102,102,0001,ROADWAY,0060,703003M,,LIGHTING STANDARD ALUMINUM,2,U,"MARBRO, INC.","$2,200.00","$4,400.00"
21102,102,0001,ROADWAY,0060,703003M,,LIGHTING STANDARD ALUMINUM,2,U,"RENCOR, INC.","$2,000.00","$4,000.00"
21102,102,0001,ROADWAY,0061,703018M,,LUMINAIRE,2,U,"BERTO CONSTRUCTION, INC.","$1,500.00","$3,000.00"
21102,102,0001,ROADWAY,0061,703018M,,LUMINAIRE,2,U,"SPARWICK CONTRACTING, INC.","$2,200.00","$4,400.00"
21102,102,0001,ROADWAY,0061,703018M,,LUMINAIRE,2,U,"ANSELMI & DECICCO, INC.","$2,000.00","$4,000.00"
21102,102,0001,ROADWAY,0061,703018M,,LUMINAIRE,2,U,KONKUS CORPORATION,"$1,782.50","$3,565.00"
21102,102,0001,ROADWAY,0061,703018M,,LUMINAIRE,2,U,"IEW CONSTRUCTION GROUP, INC.","$1,617.20","$3,234.40"
21102,102,0001,ROADWAY,0061,703018M,,LUMINAIRE,2,U,"RITACCO CONSTRUCTION, INC.","$1,500.00","$3,000.00"
21102,102,0001,ROADWAY,0061,703018M,,LUMINAIRE,2,U,"JOSEPH M. SANZARI, INC.","$1,200.00","$2,400.00"
21102,102,0001,ROADWAY,0061,703018M,,LUMINAIRE,2,U,"MARBRO, INC.","$2,000.00","$4,000.00"
21102,102,0001,ROADWAY,0061,703018M,,LUMINAIRE,2,U,"RENCOR, INC.","$1,550.00","$3,100.00"
21102,102,0001,ROADWAY,0062,703024M,,UNDERDECK LIGHTING TYPE W,2,U,"BERTO CONSTRUCTION, INC.","$2,600.00","$5,200.00"
21102,102,0001,ROADWAY,0062,703024M,,UNDERDECK LIGHTING TYPE W,2,U,"SPARWICK CONTRACTING, INC.","$3,000.00","$6,000.00"
21102,102,0001,ROADWAY,0062,703024M,,UNDERDECK LIGHTING TYPE W,2,U,"ANSELMI & DECICCO, INC.","$2,700.00","$5,400.00"
21102,102,0001,ROADWAY,0062,703024M,,UNDERDECK LIGHTING TYPE W,2,U,KONKUS CORPORATION,"$3,041.75","$6,083.50"
21102,102,0001,ROADWAY,0062,703024M,,UNDERDECK LIGHTING TYPE W,2,U,"IEW CONSTRUCTION GROUP, INC.","$2,264.08","$4,528.16"
21102,102,0001,ROADWAY,0062,703024M,,UNDERDECK LIGHTING TYPE W,2,U,"RITACCO CONSTRUCTION, INC.","$7,500.00","$15,000.00"
21102,102,0001,ROADWAY,0062,703024M,,UNDERDECK LIGHTING TYPE W,2,U,"JOSEPH M. SANZARI, INC.",$950.00,"$1,900.00"
21102,102,0001,ROADWAY,0062,703024M,,UNDERDECK LIGHTING TYPE W,2,U,"MARBRO, INC.","$3,000.00","$6,000.00"
21102,102,0001,ROADWAY,0062,703024M,,UNDERDECK LIGHTING TYPE W,2,U,"RENCOR, INC.","$2,645.00","$5,290.00"
21102,102,0001,ROADWAY,0063,703033P,,TEMPORARY HIGHWAY LIGHTING SYSTEM,1,LS,"BERTO CONSTRUCTION, INC.","$10,000.00","$10,000.00"
21102,102,0001,ROADWAY,0063,703033P,,TEMPORARY HIGHWAY LIGHTING SYSTEM,1,LS,"SPARWICK CONTRACTING, INC.","$30,000.00","$30,000.00"
21102,102,0001,ROADWAY,0063,703033P,,TEMPORARY HIGHWAY LIGHTING SYSTEM,1,LS,"ANSELMI & DECICCO, INC.","$1,000.00","$1,000.00"
21102,102,0001,ROADWAY,0063,703033P,,TEMPORARY HIGHWAY LIGHTING SYSTEM,1,LS,KONKUS CORPORATION,"$7,762.50","$7,762.50"
21102,102,0001,ROADWAY,0063,703033P,,TEMPORARY HIGHWAY LIGHTING SYSTEM,1,LS,"IEW CONSTRUCTION GROUP, INC.","$10,242.26","$10,242.26"
21102,102,0001,ROADWAY,0063,703033P,,TEMPORARY HIGHWAY LIGHTING SYSTEM,1,LS,"RITACCO CONSTRUCTION, INC.","$7,500.00","$7,500.00"
21102,102,0001,ROADWAY,0063,703033P,,TEMPORARY HIGHWAY LIGHTING SYSTEM,1,LS,"JOSEPH M. SANZARI, INC.","$12,000.00","$12,000.00"
21102,102,0001,ROADWAY,0063,703033P,,TEMPORARY HIGHWAY LIGHTING SYSTEM,1,LS,"MARBRO, INC.","$35,000.00","$35,000.00"
21102,102,0001,ROADWAY,0063,703033P,,TEMPORARY HIGHWAY LIGHTING SYSTEM,1,LS,"RENCOR, INC.","$6,750.00","$6,750.00"
21102,102,0005,GENERAL LANDSCAPE,0064,804000P,,"TOPSOIL SPREADING __"" THICK",240,SY,"BERTO CONSTRUCTION, INC.",$10.00,"$2,400.00"
21102,102,0005,GENERAL LANDSCAPE,0064,804000P,,"TOPSOIL SPREADING __"" THICK",240,SY,"SPARWICK CONTRACTING, INC.",$12.00,"$2,880.00"
21102,102,0005,GENERAL LANDSCAPE,0064,804000P,,"TOPSOIL SPREADING __"" THICK",240,SY,"ANSELMI & DECICCO, INC.",$5.00,"$1,200.00"
21102,102,0005,GENERAL LANDSCAPE,0064,804000P,,"TOPSOIL SPREADING __"" THICK",240,SY,KONKUS CORPORATION,$0.01,$2.40
21102,102,0005,GENERAL LANDSCAPE,0064,804000P,,"TOPSOIL SPREADING __"" THICK",240,SY,"IEW CONSTRUCTION GROUP, INC.",$7.55,"$1,812.00"
21102,102,0005,GENERAL LANDSCAPE,0064,804000P,,"TOPSOIL SPREADING __"" THICK",240,SY,"RITACCO CONSTRUCTION, INC.",$7.00,"$1,680.00"
21102,102,0005,GENERAL LANDSCAPE,0064,804000P,,"TOPSOIL SPREADING __"" THICK",240,SY,"JOSEPH M. SANZARI, INC.",$8.00,"$1,920.00"
21102,102,0005,GENERAL LANDSCAPE,0064,804000P,,"TOPSOIL SPREADING __"" THICK",240,SY,"MARBRO, INC.",$20.00,"$4,800.00"
21102,102,0005,GENERAL LANDSCAPE,0064,804000P,,"TOPSOIL SPREADING __"" THICK",240,SY,"RENCOR, INC.",$7.00,"$1,680.00"
21102,102,0004,EROSION CONTROL,0065,806006P,,"FERTILIZING AND SEEDING, TYPE A-3",240,SY,"BERTO CONSTRUCTION, INC.",$1.00,$240.00
21102,102,0004,EROSION CONTROL,0065,806006P,,"FERTILIZING AND SEEDING, TYPE A-3",240,SY,"SPARWICK CONTRACTING, INC.",$1.00,$240.00
21102,102,0004,EROSION CONTROL,0065,806006P,,"FERTILIZING AND SEEDING, TYPE A-3",240,SY,"ANSELMI & DECICCO, INC.",$1.90,$456.00
21102,102,0004,EROSION CONTROL,0065,806006P,,"FERTILIZING AND SEEDING, TYPE A-3",240,SY,KONKUS CORPORATION,$0.01,$2.40
21102,102,0004,EROSION CONTROL,0065,806006P,,"FERTILIZING AND SEEDING, TYPE A-3",240,SY,"IEW CONSTRUCTION GROUP, INC.",$4.85,"$1,164.00"
21102,102,0004,EROSION CONTROL,0065,806006P,,"FERTILIZING AND SEEDING, TYPE A-3",240,SY,"RITACCO CONSTRUCTION, INC.",$4.00,$960.00
21102,102,0004,EROSION CONTROL,0065,806006P,,"FERTILIZING AND SEEDING, TYPE A-3",240,SY,"JOSEPH M. SANZARI, INC.",$5.00,"$1,200.00"
21102,102,0004,EROSION CONTROL,0065,806006P,,"FERTILIZING AND SEEDING, TYPE A-3",240,SY,"MARBRO, INC.",$1.00,$240.00
21102,102,0004,EROSION CONTROL,0065,806006P,,"FERTILIZING AND SEEDING, TYPE A-3",240,SY,"RENCOR, INC.",$4.50,"$1,080.00"
21102,102,0005,GENERAL LANDSCAPE,0066,809003M,,STRAW MULCHING,240,SY,"BERTO CONSTRUCTION, INC.",$1.00,$240.00
21102,102,0005,GENERAL LANDSCAPE,0066,809003M,,STRAW MULCHING,240,SY,"SPARWICK CONTRACTING, INC.",$1.00,$240.00
21102,102,0005,GENERAL LANDSCAPE,0066,809003M,,STRAW MULCHING,240,SY,"ANSELMI & DECICCO, INC.",$1.90,$456.00
21102,102,0005,GENERAL LANDSCAPE,0066,809003M,,STRAW MULCHING,240,SY,KONKUS CORPORATION,$0.01,$2.40
21102,102,0005,GENERAL LANDSCAPE,0066,809003M,,STRAW MULCHING,240,SY,"IEW CONSTRUCTION GROUP, INC.",$1.35,$324.00
21102,102,0005,GENERAL LANDSCAPE,0066,809003M,,STRAW MULCHING,240,SY,"RITACCO CONSTRUCTION, INC.",$1.00,$240.00
21102,102,0005,GENERAL LANDSCAPE,0066,809003M,,STRAW MULCHING,240,SY,"JOSEPH M. SANZARI, INC.",$2.00,$480.00
21102,102,0005,GENERAL LANDSCAPE,0066,809003M,,STRAW MULCHING,240,SY,"MARBRO, INC.",$2.00,$480.00
21102,102,0005,GENERAL LANDSCAPE,0066,809003M,,STRAW MULCHING,240,SY,"RENCOR, INC.",$1.25,$300.00
21102,102,0006,BRIDGE,0067,201006P,,"CLEARING SITE, BRIDGE (___) STRUCTURE NO. 0722-152",1,LS,"BERTO CONSTRUCTION, INC.","$125,000.00","$125,000.00"
21102,102,0006,BRIDGE,0067,201006P,,"CLEARING SITE, BRIDGE (___) STRUCTURE NO. 0722-152",1,LS,"SPARWICK CONTRACTING, INC.","$125,000.00","$125,000.00"
21102,102,0006,BRIDGE,0067,201006P,,"CLEARING SITE, BRIDGE (___) STRUCTURE NO. 0722-152",1,LS,"ANSELMI & DECICCO, INC.","$125,000.00","$125,000.00"
21102,102,0006,BRIDGE,0067,201006P,,"CLEARING SITE, BRIDGE (___) STRUCTURE NO. 0722-152",1,LS,KONKUS CORPORATION,"$100,000.00","$100,000.00"
21102,102,0006,BRIDGE,0067,201006P,,"CLEARING SITE, BRIDGE (___) STRUCTURE NO. 0722-152",1,LS,"IEW CONSTRUCTION GROUP, INC.","$125,000.00","$125,000.00"
21102,102,0006,BRIDGE,0067,201006P,,"CLEARING SITE, BRIDGE (___) STRUCTURE NO. 0722-152",1,LS,"RITACCO CONSTRUCTION, INC.","$125,000.00","$125,000.00"
21102,102,0006,BRIDGE,0067,201006P,,"CLEARING SITE, BRIDGE (___) STRUCTURE NO. 0722-152",1,LS,"JOSEPH M. SANZARI, INC.","$450,000.00","$450,000.00"
21102,102,0006,BRIDGE,0067,201006P,,"CLEARING SITE, BRIDGE (___) STRUCTURE NO. 0722-152",1,LS,"MARBRO, INC.","$125,000.00","$125,000.00"
21102,102,0006,BRIDGE,0067,201006P,,"CLEARING SITE, BRIDGE (___) STRUCTURE NO. 0722-152",1,LS,"RENCOR, INC.","$50,000.00","$50,000.00"
21102,102,0006,BRIDGE,0068,201039P,,TEMPORARY SHIELDING,1,LS,"BERTO CONSTRUCTION, INC.","$350,000.00","$350,000.00"
21102,102,0006,BRIDGE,0068,201039P,,TEMPORARY SHIELDING,1,LS,"SPARWICK CONTRACTING, INC.","$403,000.00","$403,000.00"
21102,102,0006,BRIDGE,0068,201039P,,TEMPORARY SHIELDING,1,LS,"ANSELMI & DECICCO, INC.","$118,961.90","$118,961.90"
21102,102,0006,BRIDGE,0068,201039P,,TEMPORARY SHIELDING,1,LS,KONKUS CORPORATION,"$835,908.00","$835,908.00"
21102,102,0006,BRIDGE,0068,201039P,,TEMPORARY SHIELDING,1,LS,"IEW CONSTRUCTION GROUP, INC.","$430,000.00","$430,000.00"
21102,102,0006,BRIDGE,0068,201039P,,TEMPORARY SHIELDING,1,LS,"RITACCO CONSTRUCTION, INC.","$350,000.00","$350,000.00"
21102,102,0006,BRIDGE,0068,201039P,,TEMPORARY SHIELDING,1,LS,"JOSEPH M. SANZARI, INC.","$225,000.00","$225,000.00"
21102,102,0006,BRIDGE,0068,201039P,,TEMPORARY SHIELDING,1,LS,"MARBRO, INC.","$575,000.00","$575,000.00"
21102,102,0006,BRIDGE,0068,201039P,,TEMPORARY SHIELDING,1,LS,"RENCOR, INC.","$115,000.00","$115,000.00"
21102,102,0006,BRIDGE,0069,202009P,,"EXCAVATION, UNCLASSIFIED",336,CY,"BERTO CONSTRUCTION, INC.",$1.00,$336.00
21102,102,0006,BRIDGE,0069,202009P,,"EXCAVATION, UNCLASSIFIED",336,CY,"SPARWICK CONTRACTING, INC.",$25.00,"$8,400.00"
21102,102,0006,BRIDGE,0069,202009P,,"EXCAVATION, UNCLASSIFIED",336,CY,"ANSELMI & DECICCO, INC.",$50.00,"$16,800.00"
21102,102,0006,BRIDGE,0069,202009P,,"EXCAVATION, UNCLASSIFIED",336,CY,KONKUS CORPORATION,$40.00,"$13,440.00"
21102,102,0006,BRIDGE,0069,202009P,,"EXCAVATION, UNCLASSIFIED",336,CY,"IEW CONSTRUCTION GROUP, INC.",$71.96,"$24,178.56"
21102,102,0006,BRIDGE,0069,202009P,,"EXCAVATION, UNCLASSIFIED",336,CY,"RITACCO CONSTRUCTION, INC.",$40.00,"$13,440.00"
21102,102,0006,BRIDGE,0069,202009P,,"EXCAVATION, UNCLASSIFIED",336,CY,"JOSEPH M. SANZARI, INC.",$50.00,"$16,800.00"
21102,102,0006,BRIDGE,0069,202009P,,"EXCAVATION, UNCLASSIFIED",336,CY,"MARBRO, INC.",$75.00,"$25,200.00"
21102,102,0006,BRIDGE,0069,202009P,,"EXCAVATION, UNCLASSIFIED",336,CY,"RENCOR, INC.",$40.00,"$13,440.00"
21102,102,0006,BRIDGE,0070,203009P,,I-9 SOIL AGGREGATE,137,CY,"BERTO CONSTRUCTION, INC.",$122.00,"$16,714.00"
21102,102,0006,BRIDGE,0070,203009P,,I-9 SOIL AGGREGATE,137,CY,"SPARWICK CONTRACTING, INC.",$70.00,"$9,590.00"
21102,102,0006,BRIDGE,0070,203009P,,I-9 SOIL AGGREGATE,137,CY,"ANSELMI & DECICCO, INC.",$100.00,"$13,700.00"
21102,102,0006,BRIDGE,0070,203009P,,I-9 SOIL AGGREGATE,137,CY,KONKUS CORPORATION,$74.00,"$10,138.00"
21102,102,0006,BRIDGE,0070,203009P,,I-9 SOIL AGGREGATE,137,CY,"IEW CONSTRUCTION GROUP, INC.",$62.97,"$8,626.89"
21102,102,0006,BRIDGE,0070,203009P,,I-9 SOIL AGGREGATE,137,CY,"RITACCO CONSTRUCTION, INC.",$75.00,"$10,275.00"
21102,102,0006,BRIDGE,0070,203009P,,I-9 SOIL AGGREGATE,137,CY,"JOSEPH M. SANZARI, INC.",$75.00,"$10,275.00"
21102,102,0006,BRIDGE,0070,203009P,,I-9 SOIL AGGREGATE,137,CY,"MARBRO, INC.",$92.00,"$12,604.00"
21102,102,0006,BRIDGE,0070,203009P,,I-9 SOIL AGGREGATE,137,CY,"RENCOR, INC.",$96.00,"$13,152.00"
21102,102,0006,BRIDGE,0071,302060P,,"COARSE AGGREGATE, SIZE NO. 57",21,CY,"BERTO CONSTRUCTION, INC.",$40.00,$840.00
21102,102,0006,BRIDGE,0071,302060P,,"COARSE AGGREGATE, SIZE NO. 57",21,CY,"SPARWICK CONTRACTING, INC.",$50.00,"$1,050.00"
21102,102,0006,BRIDGE,0071,302060P,,"COARSE AGGREGATE, SIZE NO. 57",21,CY,"ANSELMI & DECICCO, INC.",$150.00,"$3,150.00"
21102,102,0006,BRIDGE,0071,302060P,,"COARSE AGGREGATE, SIZE NO. 57",21,CY,KONKUS CORPORATION,$76.00,"$1,596.00"
21102,102,0006,BRIDGE,0071,302060P,,"COARSE AGGREGATE, SIZE NO. 57",21,CY,"IEW CONSTRUCTION GROUP, INC.",$76.38,"$1,603.98"
21102,102,0006,BRIDGE,0071,302060P,,"COARSE AGGREGATE, SIZE NO. 57",21,CY,"RITACCO CONSTRUCTION, INC.",$40.00,$840.00
21102,102,0006,BRIDGE,0071,302060P,,"COARSE AGGREGATE, SIZE NO. 57",21,CY,"JOSEPH M. SANZARI, INC.",$75.00,"$1,575.00"
21102,102,0006,BRIDGE,0071,302060P,,"COARSE AGGREGATE, SIZE NO. 57",21,CY,"MARBRO, INC.",$30.00,$630.00
21102,102,0006,BRIDGE,0071,302060P,,"COARSE AGGREGATE, SIZE NO. 57",21,CY,"RENCOR, INC.",$116.00,"$2,436.00"
21102,102,0006,BRIDGE,0072,504006P,,"REINFORCEMENT STEEL, EPOXY-COATED","101,000",LB,"BERTO CONSTRUCTION, INC.",$1.80,"$181,800.00"
21102,102,0006,BRIDGE,0072,504006P,,"REINFORCEMENT STEEL, EPOXY-COATED","101,000",LB,"SPARWICK CONTRACTING, INC.",$2.00,"$202,000.00"
21102,102,0006,BRIDGE,0072,504006P,,"REINFORCEMENT STEEL, EPOXY-COATED","101,000",LB,"ANSELMI & DECICCO, INC.",$3.00,"$303,000.00"
21102,102,0006,BRIDGE,0072,504006P,,"REINFORCEMENT STEEL, EPOXY-COATED","101,000",LB,KONKUS CORPORATION,$1.70,"$171,700.00"
21102,102,0006,BRIDGE,0072,504006P,,"REINFORCEMENT STEEL, EPOXY-COATED","101,000",LB,"IEW CONSTRUCTION GROUP, INC.",$1.66,"$167,660.00"
21102,102,0006,BRIDGE,0072,504006P,,"REINFORCEMENT STEEL, EPOXY-COATED","101,000",LB,"RITACCO CONSTRUCTION, INC.",$1.90,"$191,900.00"
21102,102,0006,BRIDGE,0072,504006P,,"REINFORCEMENT STEEL, EPOXY-COATED","101,000",LB,"JOSEPH M. SANZARI, INC.",$3.00,"$303,000.00"
21102,102,0006,BRIDGE,0072,504006P,,"REINFORCEMENT STEEL, EPOXY-COATED","101,000",LB,"MARBRO, INC.",$3.00,"$303,000.00"
21102,102,0006,BRIDGE,0072,504006P,,"REINFORCEMENT STEEL, EPOXY-COATED","101,000",LB,"RENCOR, INC.",$3.00,"$303,000.00"
21102,102,0006,BRIDGE,0073,504024P,,CONCRETE ABUTMENT WALL,81,CY,"BERTO CONSTRUCTION, INC.","$2,200.00","$178,200.00"
21102,102,0006,BRIDGE,0073,504024P,,CONCRETE ABUTMENT WALL,81,CY,"SPARWICK CONTRACTING, INC.","$1,500.00","$121,500.00"
21102,102,0006,BRIDGE,0073,504024P,,CONCRETE ABUTMENT WALL,81,CY,"ANSELMI & DECICCO, INC.","$2,000.00","$162,000.00"
21102,102,0006,BRIDGE,0073,504024P,,CONCRETE ABUTMENT WALL,81,CY,KONKUS CORPORATION,"$1,425.00","$115,425.00"
21102,102,0006,BRIDGE,0073,504024P,,CONCRETE ABUTMENT WALL,81,CY,"IEW CONSTRUCTION GROUP, INC.","$2,145.52","$173,787.12"
21102,102,0006,BRIDGE,0073,504024P,,CONCRETE ABUTMENT WALL,81,CY,"RITACCO CONSTRUCTION, INC.",$100.00,"$8,100.00"
21102,102,0006,BRIDGE,0073,504024P,,CONCRETE ABUTMENT WALL,81,CY,"JOSEPH M. SANZARI, INC.","$4,500.00","$364,500.00"
21102,102,0006,BRIDGE,0073,504024P,,CONCRETE ABUTMENT WALL,81,CY,"MARBRO, INC.","$2,250.00","$182,250.00"
21102,102,0006,BRIDGE,0073,504024P,,CONCRETE ABUTMENT WALL,81,CY,"RENCOR, INC.","$4,000.00","$324,000.00"
21102,102,0006,BRIDGE,0074,504027P,,CONCRETE PIER COLUMN AND CAP,9.5,CY,"BERTO CONSTRUCTION, INC.","$3,600.00","$34,200.00"
21102,102,0006,BRIDGE,0074,504027P,,CONCRETE PIER COLUMN AND CAP,9.5,CY,"SPARWICK CONTRACTING, INC.","$1,600.00","$15,200.00"
21102,102,0006,BRIDGE,0074,504027P,,CONCRETE PIER COLUMN AND CAP,9.5,CY,"ANSELMI & DECICCO, INC.","$3,000.00","$28,500.00"
21102,102,0006,BRIDGE,0074,504027P,,CONCRETE PIER COLUMN AND CAP,9.5,CY,KONKUS CORPORATION,"$2,250.00","$21,375.00"
21102,102,0006,BRIDGE,0074,504027P,,CONCRETE PIER COLUMN AND CAP,9.5,CY,"IEW CONSTRUCTION GROUP, INC.","$4,009.27","$38,088.07"
21102,102,0006,BRIDGE,0074,504027P,,CONCRETE PIER COLUMN AND CAP,9.5,CY,"RITACCO CONSTRUCTION, INC.","$2,400.00","$22,800.00"
21102,102,0006,BRIDGE,0074,504027P,,CONCRETE PIER COLUMN AND CAP,9.5,CY,"JOSEPH M. SANZARI, INC.","$7,000.00","$66,500.00"
21102,102,0006,BRIDGE,0074,504027P,,CONCRETE PIER COLUMN AND CAP,9.5,CY,"MARBRO, INC.","$3,600.00","$34,200.00"
21102,102,0006,BRIDGE,0074,504027P,,CONCRETE PIER COLUMN AND CAP,9.5,CY,"RENCOR, INC.","$6,000.00","$57,000.00"
21102,102,0006,BRIDGE,0075,504036P,,EPOXY WATERPROOFING,55,SY,"BERTO CONSTRUCTION, INC.",$45.00,"$2,475.00"
21102,102,0006,BRIDGE,0075,504036P,,EPOXY WATERPROOFING,55,SY,"SPARWICK CONTRACTING, INC.",$65.00,"$3,575.00"
21102,102,0006,BRIDGE,0075,504036P,,EPOXY WATERPROOFING,55,SY,"ANSELMI & DECICCO, INC.",$125.00,"$6,875.00"
21102,102,0006,BRIDGE,0075,504036P,,EPOXY WATERPROOFING,55,SY,KONKUS CORPORATION,$50.00,"$2,750.00"
21102,102,0006,BRIDGE,0075,504036P,,EPOXY WATERPROOFING,55,SY,"IEW CONSTRUCTION GROUP, INC.",$188.19,"$10,350.45"
21102,102,0006,BRIDGE,0075,504036P,,EPOXY WATERPROOFING,55,SY,"RITACCO CONSTRUCTION, INC.",$40.00,"$2,200.00"
21102,102,0006,BRIDGE,0075,504036P,,EPOXY WATERPROOFING,55,SY,"JOSEPH M. SANZARI, INC.",$75.00,"$4,125.00"
21102,102,0006,BRIDGE,0075,504036P,,EPOXY WATERPROOFING,55,SY,"MARBRO, INC.",$70.00,"$3,850.00"
21102,102,0006,BRIDGE,0075,504036P,,EPOXY WATERPROOFING,55,SY,"RENCOR, INC.",$120.00,"$6,600.00"
21102,102,0006,BRIDGE,0076,506003P,,STRUCTURAL STEEL,1,LS,"BERTO CONSTRUCTION, INC.","$800,000.00","$800,000.00"
21102,102,0006,BRIDGE,0076,506003P,,STRUCTURAL STEEL,1,LS,"SPARWICK CONTRACTING, INC.","$930,000.00","$930,000.00"
21102,102,0006,BRIDGE,0076,506003P,,STRUCTURAL STEEL,1,LS,"ANSELMI & DECICCO, INC.","$972,000.00","$972,000.00"
21102,102,0006,BRIDGE,0076,506003P,,STRUCTURAL STEEL,1,LS,KONKUS CORPORATION,"$805,560.00","$805,560.00"
21102,102,0006,BRIDGE,0076,506003P,,STRUCTURAL STEEL,1,LS,"IEW CONSTRUCTION GROUP, INC.","$1,210,000.00","$1,210,000.00"
21102,102,0006,BRIDGE,0076,506003P,,STRUCTURAL STEEL,1,LS,"RITACCO CONSTRUCTION, INC.","$1,435,384.00","$1,435,384.00"
21102,102,0006,BRIDGE,0076,506003P,,STRUCTURAL STEEL,1,LS,"JOSEPH M. SANZARI, INC.","$950,000.00","$950,000.00"
21102,102,0006,BRIDGE,0076,506003P,,STRUCTURAL STEEL,1,LS,"MARBRO, INC.","$950,000.00","$950,000.00"
21102,102,0006,BRIDGE,0076,506003P,,STRUCTURAL STEEL,1,LS,"RENCOR, INC.","$2,000,000.00","$2,000,000.00"
21102,102,0006,BRIDGE,0077,506006P,,REINFORCED ELASTOMERIC BEARING ASSEMBLY,24,U,"BERTO CONSTRUCTION, INC.","$3,400.00","$81,600.00"
21102,102,0006,BRIDGE,0077,506006P,,REINFORCED ELASTOMERIC BEARING ASSEMBLY,24,U,"SPARWICK CONTRACTING, INC.","$3,500.00","$84,000.00"
21102,102,0006,BRIDGE,0077,506006P,,REINFORCED ELASTOMERIC BEARING ASSEMBLY,24,U,"ANSELMI & DECICCO, INC.","$3,500.00","$84,000.00"
21102,102,0006,BRIDGE,0077,506006P,,REINFORCED ELASTOMERIC BEARING ASSEMBLY,24,U,KONKUS CORPORATION,"$3,181.00","$76,344.00"
21102,102,0006,BRIDGE,0077,506006P,,REINFORCED ELASTOMERIC BEARING ASSEMBLY,24,U,"IEW CONSTRUCTION GROUP, INC.","$3,806.12","$91,346.88"
21102,102,0006,BRIDGE,0077,506006P,,REINFORCED ELASTOMERIC BEARING ASSEMBLY,24,U,"RITACCO CONSTRUCTION, INC.","$8,500.00","$204,000.00"
21102,102,0006,BRIDGE,0077,506006P,,REINFORCED ELASTOMERIC BEARING ASSEMBLY,24,U,"JOSEPH M. SANZARI, INC.","$4,000.00","$96,000.00"
21102,102,0006,BRIDGE,0077,506006P,,REINFORCED ELASTOMERIC BEARING ASSEMBLY,24,U,"MARBRO, INC.","$3,500.00","$84,000.00"
21102,102,0006,BRIDGE,0077,506006P,,REINFORCED ELASTOMERIC BEARING ASSEMBLY,24,U,"RENCOR, INC.","$5,000.00","$120,000.00"
21102,102,0006,BRIDGE,0078,506012P,,SHEAR CONNECTOR,"4,920",U,"BERTO CONSTRUCTION, INC.",$5.00,"$24,600.00"
21102,102,0006,BRIDGE,0078,506012P,,SHEAR CONNECTOR,"4,920",U,"SPARWICK CONTRACTING, INC.",$5.00,"$24,600.00"
21102,102,0006,BRIDGE,0078,506012P,,SHEAR CONNECTOR,"4,920",U,"ANSELMI & DECICCO, INC.",$4.00,"$19,680.00"
21102,102,0006,BRIDGE,0078,506012P,,SHEAR CONNECTOR,"4,920",U,KONKUS CORPORATION,$4.88,"$24,009.60"
21102,102,0006,BRIDGE,0078,506012P,,SHEAR CONNECTOR,"4,920",U,"IEW CONSTRUCTION GROUP, INC.",$5.20,"$25,584.00"
21102,102,0006,BRIDGE,0078,506012P,,SHEAR CONNECTOR,"4,920",U,"RITACCO CONSTRUCTION, INC.",$4.00,"$19,680.00"
21102,102,0006,BRIDGE,0078,506012P,,SHEAR CONNECTOR,"4,920",U,"JOSEPH M. SANZARI, INC.",$6.00,"$29,520.00"
21102,102,0006,BRIDGE,0078,506012P,,SHEAR CONNECTOR,"4,920",U,"MARBRO, INC.",$5.00,"$24,600.00"
21102,102,0006,BRIDGE,0078,506012P,,SHEAR CONNECTOR,"4,920",U,"RENCOR, INC.",$10.00,"$49,200.00"
21102,102,0006,BRIDGE,0079,507015P,,STRIP SEAL EXPANSION JOINT ASSEMBLY,60,LF,"BERTO CONSTRUCTION, INC.",$350.00,"$21,000.00"
21102,102,0006,BRIDGE,0079,507015P,,STRIP SEAL EXPANSION JOINT ASSEMBLY,60,LF,"SPARWICK CONTRACTING, INC.",$300.00,"$18,000.00"
21102,102,0006,BRIDGE,0079,507015P,,STRIP SEAL EXPANSION JOINT ASSEMBLY,60,LF,"ANSELMI & DECICCO, INC.",$500.00,"$30,000.00"
21102,102,0006,BRIDGE,0079,507015P,,STRIP SEAL EXPANSION JOINT ASSEMBLY,60,LF,KONKUS CORPORATION,$396.00,"$23,760.00"
21102,102,0006,BRIDGE,0079,507015P,,STRIP SEAL EXPANSION JOINT ASSEMBLY,60,LF,"IEW CONSTRUCTION GROUP, INC.",$463.78,"$27,826.80"
21102,102,0006,BRIDGE,0079,507015P,,STRIP SEAL EXPANSION JOINT ASSEMBLY,60,LF,"RITACCO CONSTRUCTION, INC.",$450.00,"$27,000.00"
21102,102,0006,BRIDGE,0079,507015P,,STRIP SEAL EXPANSION JOINT ASSEMBLY,60,LF,"JOSEPH M. SANZARI, INC.",$450.00,"$27,000.00"
21102,102,0006,BRIDGE,0079,507015P,,STRIP SEAL EXPANSION JOINT ASSEMBLY,60,LF,"MARBRO, INC.",$450.00,"$27,000.00"
21102,102,0006,BRIDGE,0079,507015P,,STRIP SEAL EXPANSION JOINT ASSEMBLY,60,LF,"RENCOR, INC.",$500.00,"$30,000.00"
21102,102,0006,BRIDGE,0080,507024P,,"CONCRETE BRIDGE DECK, HPC",180,CY,"BERTO CONSTRUCTION, INC.",$120.00,"$21,600.00"
21102,102,0006,BRIDGE,0080,507024P,,"CONCRETE BRIDGE DECK, HPC",180,CY,"SPARWICK CONTRACTING, INC.",$900.00,"$162,000.00"
21102,102,0006,BRIDGE,0080,507024P,,"CONCRETE BRIDGE DECK, HPC",180,CY,"ANSELMI & DECICCO, INC.","$1,500.00","$270,000.00"
21102,102,0006,BRIDGE,0080,507024P,,"CONCRETE BRIDGE DECK, HPC",180,CY,KONKUS CORPORATION,"$1,045.00","$188,100.00"
21102,102,0006,BRIDGE,0080,507024P,,"CONCRETE BRIDGE DECK, HPC",180,CY,"IEW CONSTRUCTION GROUP, INC.",$250.00,"$45,000.00"
21102,102,0006,BRIDGE,0080,507024P,,"CONCRETE BRIDGE DECK, HPC",180,CY,"RITACCO CONSTRUCTION, INC.","$1,000.00","$180,000.00"
21102,102,0006,BRIDGE,0080,507024P,,"CONCRETE BRIDGE DECK, HPC",180,CY,"JOSEPH M. SANZARI, INC.","$1,750.00","$315,000.00"
21102,102,0006,BRIDGE,0080,507024P,,"CONCRETE BRIDGE DECK, HPC",180,CY,"MARBRO, INC.","$2,000.00","$360,000.00"
21102,102,0006,BRIDGE,0080,507024P,,"CONCRETE BRIDGE DECK, HPC",180,CY,"RENCOR, INC.","$1,400.00","$252,000.00"
21102,102,0006,BRIDGE,0081,507027M,,DATE PANEL,2,U,"BERTO CONSTRUCTION, INC.","$1,500.00","$3,000.00"
21102,102,0006,BRIDGE,0081,507027M,,DATE PANEL,2,U,"SPARWICK CONTRACTING, INC.",$500.00,"$1,000.00"
21102,102,0006,BRIDGE,0081,507027M,,DATE PANEL,2,U,"ANSELMI & DECICCO, INC.","$1,500.00","$3,000.00"
21102,102,0006,BRIDGE,0081,507027M,,DATE PANEL,2,U,KONKUS CORPORATION,$950.00,"$1,900.00"
21102,102,0006,BRIDGE,0081,507027M,,DATE PANEL,2,U,"IEW CONSTRUCTION GROUP, INC.","$1,983.67","$3,967.34"
21102,102,0006,BRIDGE,0081,507027M,,DATE PANEL,2,U,"RITACCO CONSTRUCTION, INC.",$750.00,"$1,500.00"
21102,102,0006,BRIDGE,0081,507027M,,DATE PANEL,2,U,"JOSEPH M. SANZARI, INC.","$2,000.00","$4,000.00"
21102,102,0006,BRIDGE,0081,507027M,,DATE PANEL,2,U,"MARBRO, INC.","$3,000.00","$6,000.00"
21102,102,0006,BRIDGE,0081,507027M,,DATE PANEL,2,U,"RENCOR, INC.","$3,000.00","$6,000.00"
21102,102,0006,BRIDGE,0082,507033P,,"CONCRETE BRIDGE SIDEWALK, HPC",67,CY,"BERTO CONSTRUCTION, INC.",$500.00,"$33,500.00"
21102,102,0006,BRIDGE,0082,507033P,,"CONCRETE BRIDGE SIDEWALK, HPC",67,CY,"SPARWICK CONTRACTING, INC.",$300.00,"$20,100.00"
21102,102,0006,BRIDGE,0082,507033P,,"CONCRETE BRIDGE SIDEWALK, HPC",67,CY,"ANSELMI & DECICCO, INC.",$650.00,"$43,550.00"
21102,102,0006,BRIDGE,0082,507033P,,"CONCRETE BRIDGE SIDEWALK, HPC",67,CY,KONKUS CORPORATION,$728.00,"$48,776.00"
21102,102,0006,BRIDGE,0082,507033P,,"CONCRETE BRIDGE SIDEWALK, HPC",67,CY,"IEW CONSTRUCTION GROUP, INC.",$700.79,"$46,952.93"
21102,102,0006,BRIDGE,0082,507033P,,"CONCRETE BRIDGE SIDEWALK, HPC",67,CY,"RITACCO CONSTRUCTION, INC.",$600.00,"$40,200.00"
21102,102,0006,BRIDGE,0082,507033P,,"CONCRETE BRIDGE SIDEWALK, HPC",67,CY,"JOSEPH M. SANZARI, INC.",$800.00,"$53,600.00"
21102,102,0006,BRIDGE,0082,507033P,,"CONCRETE BRIDGE SIDEWALK, HPC",67,CY,"MARBRO, INC.",$700.00,"$46,900.00"
21102,102,0006,BRIDGE,0082,507033P,,"CONCRETE BRIDGE SIDEWALK, HPC",67,CY,"RENCOR, INC.","$1,400.00","$93,800.00"
21102,102,0006,BRIDGE,0083,507039P,,"CONCRETE BRIDGE PARAPET, HPC",434,LF,"BERTO CONSTRUCTION, INC.",$250.00,"$108,500.00"
21102,102,0006,BRIDGE,0083,507039P,,"CONCRETE BRIDGE PARAPET, HPC",434,LF,"SPARWICK CONTRACTING, INC.",$277.00,"$120,218.00"
21102,102,0006,BRIDGE,0083,507039P,,"CONCRETE BRIDGE PARAPET, HPC",434,LF,"ANSELMI & DECICCO, INC.",$300.00,"$130,200.00"
21102,102,0006,BRIDGE,0083,507039P,,"CONCRETE BRIDGE PARAPET, HPC",434,LF,KONKUS CORPORATION,$437.00,"$189,658.00"
21102,102,0006,BRIDGE,0083,507039P,,"CONCRETE BRIDGE PARAPET, HPC",434,LF,"IEW CONSTRUCTION GROUP, INC.",$420.47,"$182,483.98"
21102,102,0006,BRIDGE,0083,507039P,,"CONCRETE BRIDGE PARAPET, HPC",434,LF,"RITACCO CONSTRUCTION, INC.",$350.00,"$151,900.00"
21102,102,0006,BRIDGE,0083,507039P,,"CONCRETE BRIDGE PARAPET, HPC",434,LF,"JOSEPH M. SANZARI, INC.",$453.00,"$196,602.00"
21102,102,0006,BRIDGE,0083,507039P,,"CONCRETE BRIDGE PARAPET, HPC",434,LF,"MARBRO, INC.",$350.00,"$151,900.00"
21102,102,0006,BRIDGE,0083,507039P,,"CONCRETE BRIDGE PARAPET, HPC",434,LF,"RENCOR, INC.",$500.00,"$217,000.00"
21102,102,0006,BRIDGE,0084,507050M,,CONCRETE SLEEPER SLAB,35,CY,"BERTO CONSTRUCTION, INC.","$1,000.00","$35,000.00"
21102,102,0006,BRIDGE,0084,507050M,,CONCRETE SLEEPER SLAB,35,CY,"SPARWICK CONTRACTING, INC.",$475.00,"$16,625.00"
21102,102,0006,BRIDGE,0084,507050M,,CONCRETE SLEEPER SLAB,35,CY,"ANSELMI & DECICCO, INC.",$600.00,"$21,000.00"
21102,102,0006,BRIDGE,0084,507050M,,CONCRETE SLEEPER SLAB,35,CY,KONKUS CORPORATION,"$1,064.00","$37,240.00"
21102,102,0006,BRIDGE,0084,507050M,,CONCRETE SLEEPER SLAB,35,CY,"IEW CONSTRUCTION GROUP, INC.","$1,024.23","$35,848.05"
21102,102,0006,BRIDGE,0084,507050M,,CONCRETE SLEEPER SLAB,35,CY,"RITACCO CONSTRUCTION, INC.",$900.00,"$31,500.00"
21102,102,0006,BRIDGE,0084,507050M,,CONCRETE SLEEPER SLAB,35,CY,"JOSEPH M. SANZARI, INC.","$1,065.00","$37,275.00"
21102,102,0006,BRIDGE,0084,507050M,,CONCRETE SLEEPER SLAB,35,CY,"MARBRO, INC.",$600.00,"$21,000.00"
21102,102,0006,BRIDGE,0084,507050M,,CONCRETE SLEEPER SLAB,35,CY,"RENCOR, INC.",$700.00,"$24,500.00"
21102,102,0006,BRIDGE,0085,507054P,,CONCRETE BRIDGE RELIEF SLAB,87,SY,"BERTO CONSTRUCTION, INC.",$400.00,"$34,800.00"
21102,102,0006,BRIDGE,0085,507054P,,CONCRETE BRIDGE RELIEF SLAB,87,SY,"SPARWICK CONTRACTING, INC.",$275.00,"$23,925.00"
21102,102,0006,BRIDGE,0085,507054P,,CONCRETE BRIDGE RELIEF SLAB,87,SY,"ANSELMI & DECICCO, INC.",$400.00,"$34,800.00"
21102,102,0006,BRIDGE,0085,507054P,,CONCRETE BRIDGE RELIEF SLAB,87,SY,KONKUS CORPORATION,$392.00,"$34,104.00"
21102,102,0006,BRIDGE,0085,507054P,,CONCRETE BRIDGE RELIEF SLAB,87,SY,"IEW CONSTRUCTION GROUP, INC.",$377.35,"$32,829.45"
21102,102,0006,BRIDGE,0085,507054P,,CONCRETE BRIDGE RELIEF SLAB,87,SY,"RITACCO CONSTRUCTION, INC.",$300.00,"$26,100.00"
21102,102,0006,BRIDGE,0085,507054P,,CONCRETE BRIDGE RELIEF SLAB,87,SY,"JOSEPH M. SANZARI, INC.",$415.00,"$36,105.00"
21102,102,0006,BRIDGE,0085,507054P,,CONCRETE BRIDGE RELIEF SLAB,87,SY,"MARBRO, INC.",$500.00,"$43,500.00"
21102,102,0006,BRIDGE,0085,507054P,,CONCRETE BRIDGE RELIEF SLAB,87,SY,"RENCOR, INC.",$500.00,"$43,500.00"
21102,102,0006,BRIDGE,0086,509083P,,"CHAIN-LINK FENCE, TYPE IV, PVC-COATED STEEL, BRIDGE, 6' 3"" HIGH, CURVED TOP",410,LF,"BERTO CONSTRUCTION, INC.",$141.00,"$57,810.00"
21102,102,0006,BRIDGE,0086,509083P,,"CHAIN-LINK FENCE, TYPE IV, PVC-COATED STEEL, BRIDGE, 6' 3"" HIGH, CURVED TOP",410,LF,"SPARWICK CONTRACTING, INC.",$185.00,"$75,850.00"
21102,102,0006,BRIDGE,0086,509083P,,"CHAIN-LINK FENCE, TYPE IV, PVC-COATED STEEL, BRIDGE, 6' 3"" HIGH, CURVED TOP",410,LF,"ANSELMI & DECICCO, INC.",$175.00,"$71,750.00"
21102,102,0006,BRIDGE,0086,509083P,,"CHAIN-LINK FENCE, TYPE IV, PVC-COATED STEEL, BRIDGE, 6' 3"" HIGH, CURVED TOP",410,LF,KONKUS CORPORATION,$203.50,"$83,435.00"
21102,102,0006,BRIDGE,0086,509083P,,"CHAIN-LINK FENCE, TYPE IV, PVC-COATED STEEL, BRIDGE, 6' 3"" HIGH, CURVED TOP",410,LF,"IEW CONSTRUCTION GROUP, INC.",$172.52,"$70,733.20"
21102,102,0006,BRIDGE,0086,509083P,,"CHAIN-LINK FENCE, TYPE IV, PVC-COATED STEEL, BRIDGE, 6' 3"" HIGH, CURVED TOP",410,LF,"RITACCO CONSTRUCTION, INC.",$165.00,"$67,650.00"
21102,102,0006,BRIDGE,0086,509083P,,"CHAIN-LINK FENCE, TYPE IV, PVC-COATED STEEL, BRIDGE, 6' 3"" HIGH, CURVED TOP",410,LF,"JOSEPH M. SANZARI, INC.",$200.00,"$82,000.00"
21102,102,0006,BRIDGE,0086,509083P,,"CHAIN-LINK FENCE, TYPE IV, PVC-COATED STEEL, BRIDGE, 6' 3"" HIGH, CURVED TOP",410,LF,"MARBRO, INC.",$175.00,"$71,750.00"
21102,102,0006,BRIDGE,0086,509083P,,"CHAIN-LINK FENCE, TYPE IV, PVC-COATED STEEL, BRIDGE, 6' 3"" HIGH, CURVED TOP",410,LF,"RENCOR, INC.",$195.00,"$79,950.00"
21102,102,0006,BRIDGE,0087,552003M,,"PRESSURE INJECTION, CONCRETE CRACKS",75,LF,"BERTO CONSTRUCTION, INC.",$150.00,"$11,250.00"
21102,102,0006,BRIDGE,0087,552003M,,"PRESSURE INJECTION, CONCRETE CRACKS",75,LF,"SPARWICK CONTRACTING, INC.",$45.00,"$3,375.00"
21102,102,0006,BRIDGE,0087,552003M,,"PRESSURE INJECTION, CONCRETE CRACKS",75,LF,"ANSELMI & DECICCO, INC.",$150.00,"$11,250.00"
21102,102,0006,BRIDGE,0087,552003M,,"PRESSURE INJECTION, CONCRETE CRACKS",75,LF,KONKUS CORPORATION,$125.00,"$9,375.00"
21102,102,0006,BRIDGE,0087,552003M,,"PRESSURE INJECTION, CONCRETE CRACKS",75,LF,"IEW CONSTRUCTION GROUP, INC.",$129.38,"$9,703.50"
21102,102,0006,BRIDGE,0087,552003M,,"PRESSURE INJECTION, CONCRETE CRACKS",75,LF,"RITACCO CONSTRUCTION, INC.",$175.00,"$13,125.00"
21102,102,0006,BRIDGE,0087,552003M,,"PRESSURE INJECTION, CONCRETE CRACKS",75,LF,"JOSEPH M. SANZARI, INC.",$20.00,"$1,500.00"
21102,102,0006,BRIDGE,0087,552003M,,"PRESSURE INJECTION, CONCRETE CRACKS",75,LF,"MARBRO, INC.",$200.00,"$15,000.00"
21102,102,0006,BRIDGE,0087,552003M,,"PRESSURE INJECTION, CONCRETE CRACKS",75,LF,"RENCOR, INC.",$20.00,"$1,500.00"
21102,102,0006,BRIDGE,0088,555003M,,SUBSTRUCTURE CONCRETE REPAIR,200,SF,"BERTO CONSTRUCTION, INC.",$250.00,"$50,000.00"
21102,102,0006,BRIDGE,0088,555003M,,SUBSTRUCTURE CONCRETE REPAIR,200,SF,"SPARWICK CONTRACTING, INC.",$240.00,"$48,000.00"
21102,102,0006,BRIDGE,0088,555003M,,SUBSTRUCTURE CONCRETE REPAIR,200,SF,"ANSELMI & DECICCO, INC.",$200.00,"$40,000.00"
21102,102,0006,BRIDGE,0088,555003M,,SUBSTRUCTURE CONCRETE REPAIR,200,SF,KONKUS CORPORATION,$190.00,"$38,000.00"
21102,102,0006,BRIDGE,0088,555003M,,SUBSTRUCTURE CONCRETE REPAIR,200,SF,"IEW CONSTRUCTION GROUP, INC.",$283.79,"$56,758.00"
21102,102,0006,BRIDGE,0088,555003M,,SUBSTRUCTURE CONCRETE REPAIR,200,SF,"RITACCO CONSTRUCTION, INC.",$200.00,"$40,000.00"
21102,102,0006,BRIDGE,0088,555003M,,SUBSTRUCTURE CONCRETE REPAIR,200,SF,"JOSEPH M. SANZARI, INC.",$350.00,"$70,000.00"
21102,102,0006,BRIDGE,0088,555003M,,SUBSTRUCTURE CONCRETE REPAIR,200,SF,"MARBRO, INC.",$200.00,"$40,000.00"
21102,102,0006,BRIDGE,0088,555003M,,SUBSTRUCTURE CONCRETE REPAIR,200,SF,"RENCOR, INC.",$25.00,"$5,000.00"
21102,102,0006,BRIDGE,0089,601419P,,"8"" PERFORATED HIGH DENSITY POLYETHYLENE PIPE",90,LF,"BERTO CONSTRUCTION, INC.",$45.00,"$4,050.00"
21102,102,0006,BRIDGE,0089,601419P,,"8"" PERFORATED HIGH DENSITY POLYETHYLENE PIPE",90,LF,"SPARWICK CONTRACTING, INC.",$18.00,"$1,620.00"
21102,102,0006,BRIDGE,0089,601419P,,"8"" PERFORATED HIGH DENSITY POLYETHYLENE PIPE",90,LF,"ANSELMI & DECICCO, INC.",$50.00,"$4,500.00"
21102,102,0006,BRIDGE,0089,601419P,,"8"" PERFORATED HIGH DENSITY POLYETHYLENE PIPE",90,LF,KONKUS CORPORATION,$30.00,"$2,700.00"
21102,102,0006,BRIDGE,0089,601419P,,"8"" PERFORATED HIGH DENSITY POLYETHYLENE PIPE",90,LF,"IEW CONSTRUCTION GROUP, INC.",$60.13,"$5,411.70"
21102,102,0006,BRIDGE,0089,601419P,,"8"" PERFORATED HIGH DENSITY POLYETHYLENE PIPE",90,LF,"RITACCO CONSTRUCTION, INC.",$30.00,"$2,700.00"
21102,102,0006,BRIDGE,0089,601419P,,"8"" PERFORATED HIGH DENSITY POLYETHYLENE PIPE",90,LF,"JOSEPH M. SANZARI, INC.",$11.00,$990.00
21102,102,0006,BRIDGE,0089,601419P,,"8"" PERFORATED HIGH DENSITY POLYETHYLENE PIPE",90,LF,"MARBRO, INC.",$55.00,"$4,950.00"
21102,102,0006,BRIDGE,0089,601419P,,"8"" PERFORATED HIGH DENSITY POLYETHYLENE PIPE",90,LF,"RENCOR, INC.",$150.00,"$13,500.00"
21102,102,0006,BRIDGE,0090,701012P,,"1 1/2"" RIGID METALLIC CONDUIT",21,LF,"BERTO CONSTRUCTION, INC.",$75.00,"$1,575.00"
21102,102,0006,BRIDGE,0090,701012P,,"1 1/2"" RIGID METALLIC CONDUIT",21,LF,"SPARWICK CONTRACTING, INC.",$25.00,$525.00
21102,102,0006,BRIDGE,0090,701012P,,"1 1/2"" RIGID METALLIC CONDUIT",21,LF,"ANSELMI & DECICCO, INC.",$20.00,$420.00
21102,102,0006,BRIDGE,0090,701012P,,"1 1/2"" RIGID METALLIC CONDUIT",21,LF,KONKUS CORPORATION,$86.25,"$1,811.25"
21102,102,0006,BRIDGE,0090,701012P,,"1 1/2"" RIGID METALLIC CONDUIT",21,LF,"IEW CONSTRUCTION GROUP, INC.",$38.81,$815.01
21102,102,0006,BRIDGE,0090,701012P,,"1 1/2"" RIGID METALLIC CONDUIT",21,LF,"RITACCO CONSTRUCTION, INC.",$70.00,"$1,470.00"
21102,102,0006,BRIDGE,0090,701012P,,"1 1/2"" RIGID METALLIC CONDUIT",21,LF,"JOSEPH M. SANZARI, INC.",$80.00,"$1,680.00"
21102,102,0006,BRIDGE,0090,701012P,,"1 1/2"" RIGID METALLIC CONDUIT",21,LF,"MARBRO, INC.",$75.00,"$1,575.00"
21102,102,0006,BRIDGE,0090,701012P,,"1 1/2"" RIGID METALLIC CONDUIT",21,LF,"RENCOR, INC.",$75.00,"$1,575.00"
21102,102,0006,BRIDGE,0091,701021P,,"3"" RIGID METALLIC CONDUIT",964,LF,"BERTO CONSTRUCTION, INC.",$45.00,"$43,380.00"
21102,102,0006,BRIDGE,0091,701021P,,"3"" RIGID METALLIC CONDUIT",964,LF,"SPARWICK CONTRACTING, INC.",$40.00,"$38,560.00"
21102,102,0006,BRIDGE,0091,701021P,,"3"" RIGID METALLIC CONDUIT",964,LF,"ANSELMI & DECICCO, INC.",$40.00,"$38,560.00"
21102,102,0006,BRIDGE,0091,701021P,,"3"" RIGID METALLIC CONDUIT",964,LF,KONKUS CORPORATION,$51.75,"$49,887.00"
21102,102,0006,BRIDGE,0091,701021P,,"3"" RIGID METALLIC CONDUIT",964,LF,"IEW CONSTRUCTION GROUP, INC.",$52.83,"$50,928.12"
21102,102,0006,BRIDGE,0091,701021P,,"3"" RIGID METALLIC CONDUIT",964,LF,"RITACCO CONSTRUCTION, INC.",$40.00,"$38,560.00"
21102,102,0006,BRIDGE,0091,701021P,,"3"" RIGID METALLIC CONDUIT",964,LF,"JOSEPH M. SANZARI, INC.",$105.00,"$101,220.00"
21102,102,0006,BRIDGE,0091,701021P,,"3"" RIGID METALLIC CONDUIT",964,LF,"MARBRO, INC.",$50.00,"$48,200.00"
21102,102,0006,BRIDGE,0091,701021P,,"3"" RIGID METALLIC CONDUIT",964,LF,"RENCOR, INC.",$45.00,"$43,380.00"
21102,102,0006,BRIDGE,0092,701096M,,"10"" X 36"" JUNCTION BOX",2,U,"BERTO CONSTRUCTION, INC.","$1,400.00","$2,800.00"
21102,102,0006,BRIDGE,0092,701096M,,"10"" X 36"" JUNCTION BOX",2,U,"SPARWICK CONTRACTING, INC.","$1,200.00","$2,400.00"
21102,102,0006,BRIDGE,0092,701096M,,"10"" X 36"" JUNCTION BOX",2,U,"ANSELMI & DECICCO, INC.","$1,000.00","$2,000.00"
21102,102,0006,BRIDGE,0092,701096M,,"10"" X 36"" JUNCTION BOX",2,U,KONKUS CORPORATION,"$3,202.75","$6,405.50"
21102,102,0006,BRIDGE,0092,701096M,,"10"" X 36"" JUNCTION BOX",2,U,"IEW CONSTRUCTION GROUP, INC.","$1,778.92","$3,557.84"
21102,102,0006,BRIDGE,0092,701096M,,"10"" X 36"" JUNCTION BOX",2,U,"RITACCO CONSTRUCTION, INC.","$2,700.00","$5,400.00"
21102,102,0006,BRIDGE,0092,701096M,,"10"" X 36"" JUNCTION BOX",2,U,"JOSEPH M. SANZARI, INC.","$2,100.00","$4,200.00"
21102,102,0006,BRIDGE,0092,701096M,,"10"" X 36"" JUNCTION BOX",2,U,"MARBRO, INC.","$3,000.00","$6,000.00"
21102,102,0006,BRIDGE,0092,701096M,,"10"" X 36"" JUNCTION BOX",2,U,"RENCOR, INC.","$2,785.00","$5,570.00"