Proposal,Call Order,Section Number,Section Description,Line,Item,Alternate Code,Item Description,Quantity,Unit,Vendor Name,Unit Price,Extension
21125,125,0001,ROADWAY,0001,151006M,,PERFORMANCE BOND AND PAYMENT BOND,1,DOLL,"RITACCO CONSTRUCTION, INC.","$70,000.00","$70,000.00"
21125,125,0001,ROADWAY,0001,151006M,,PERFORMANCE BOND AND PAYMENT BOND,1,DOLL,KONKUS CORPORATION,"$120,000.00","$120,000.00"
21125,125,0001,ROADWAY,0001,151006M,,PERFORMANCE BOND AND PAYMENT BOND,1,DOLL,"ANSELMI & DECICCO, INC.","$90,000.00","$90,000.00"
21125,125,0001,ROADWAY,0001,151006M,,PERFORMANCE BOND AND PAYMENT BOND,1,DOLL,"RENCOR, INC.","$120,000.00","$120,000.00"
21125,125,0001,ROADWAY,0001,151006M,,PERFORMANCE BOND AND PAYMENT BOND,1,DOLL,"IEW CONSTRUCTION GROUP, INC.","$80,000.00","$80,000.00"
21125,125,0003,NON-PARTICIPATING (ROADWAY),0002,152015P,,POLLUTION LIABILITY INSURANCE,1,DOLL,"RITACCO CONSTRUCTION, INC.","$15,000.00","$15,000.00"
21125,125,0003,NON-PARTICIPATING (ROADWAY),0002,152015P,,POLLUTION LIABILITY INSURANCE,1,DOLL,KONKUS CORPORATION,$0.01,$0.01
21125,125,0003,NON-PARTICIPATING (ROADWAY),0002,152015P,,POLLUTION LIABILITY INSURANCE,1,DOLL,"ANSELMI & DECICCO, INC.","$10,000.00","$10,000.00"
21125,125,0003,NON-PARTICIPATING (ROADWAY),0002,152015P,,POLLUTION LIABILITY INSURANCE,1,DOLL,"RENCOR, INC.","$23,000.00","$23,000.00"
21125,125,0003,NON-PARTICIPATING (ROADWAY),0002,152015P,,POLLUTION LIABILITY INSURANCE,1,DOLL,"IEW CONSTRUCTION GROUP, INC.","$24,030.08","$24,030.08"
21125,125,0001,ROADWAY,0003,153003P,,PROGRESS SCHEDULE,1,LS,"RITACCO CONSTRUCTION, INC.","$5,000.00","$5,000.00"
21125,125,0001,ROADWAY,0003,153003P,,PROGRESS SCHEDULE,1,LS,KONKUS CORPORATION,"$5,000.00","$5,000.00"
21125,125,0001,ROADWAY,0003,153003P,,PROGRESS SCHEDULE,1,LS,"ANSELMI & DECICCO, INC.","$5,000.00","$5,000.00"
21125,125,0001,ROADWAY,0003,153003P,,PROGRESS SCHEDULE,1,LS,"RENCOR, INC.","$20,000.00","$20,000.00"
21125,125,0001,ROADWAY,0003,153003P,,PROGRESS SCHEDULE,1,LS,"IEW CONSTRUCTION GROUP, INC.","$25,000.00","$25,000.00"
21125,125,0001,ROADWAY,0004,153005M,,PROGRESS SCHEDULE UPDATE,19,U,"RITACCO CONSTRUCTION, INC.",$300.00,"$5,700.00"
21125,125,0001,ROADWAY,0004,153005M,,PROGRESS SCHEDULE UPDATE,19,U,KONKUS CORPORATION,$0.01,$0.19
21125,125,0001,ROADWAY,0004,153005M,,PROGRESS SCHEDULE UPDATE,19,U,"ANSELMI & DECICCO, INC.",$250.00,"$4,750.00"
21125,125,0001,ROADWAY,0004,153005M,,PROGRESS SCHEDULE UPDATE,19,U,"RENCOR, INC.",$700.00,"$13,300.00"
21125,125,0001,ROADWAY,0004,153005M,,PROGRESS SCHEDULE UPDATE,19,U,"IEW CONSTRUCTION GROUP, INC.",$200.00,"$3,800.00"
21125,125,0001,ROADWAY,0005,153011M,,TRAINEES,"5,020",HOUR,"RITACCO CONSTRUCTION, INC.",$1.00,"$5,020.00"
21125,125,0001,ROADWAY,0005,153011M,,TRAINEES,"5,020",HOUR,KONKUS CORPORATION,$0.01,$50.20
21125,125,0001,ROADWAY,0005,153011M,,TRAINEES,"5,020",HOUR,"ANSELMI & DECICCO, INC.",$1.00,"$5,020.00"
21125,125,0001,ROADWAY,0005,153011M,,TRAINEES,"5,020",HOUR,"RENCOR, INC.",$5.00,"$25,100.00"
21125,125,0001,ROADWAY,0005,153011M,,TRAINEES,"5,020",HOUR,"IEW CONSTRUCTION GROUP, INC.",$0.01,$50.20
21125,125,0001,ROADWAY,0006,154003P,,MOBILIZATION,1,LS,"RITACCO CONSTRUCTION, INC.","$1,348,400.00","$1,348,400.00"
21125,125,0001,ROADWAY,0006,154003P,,MOBILIZATION,1,LS,KONKUS CORPORATION,"$709,475.00","$709,475.00"
21125,125,0001,ROADWAY,0006,154003P,,MOBILIZATION,1,LS,"ANSELMI & DECICCO, INC.","$1,500,000.00","$1,500,000.00"
21125,125,0001,ROADWAY,0006,154003P,,MOBILIZATION,1,LS,"RENCOR, INC.","$2,500,000.00","$2,500,000.00"
21125,125,0001,ROADWAY,0006,154003P,,MOBILIZATION,1,LS,"IEW CONSTRUCTION GROUP, INC.","$1,900,000.00","$1,900,000.00"
21125,125,0002,CONSTRUCTION ENGINEERING,0007,155012M,,FIELD OFFICE TYPE D SET UP,1,U,"RITACCO CONSTRUCTION, INC.","$15,000.00","$15,000.00"
21125,125,0002,CONSTRUCTION ENGINEERING,0007,155012M,,FIELD OFFICE TYPE D SET UP,1,U,KONKUS CORPORATION,"$30,000.00","$30,000.00"
21125,125,0002,CONSTRUCTION ENGINEERING,0007,155012M,,FIELD OFFICE TYPE D SET UP,1,U,"ANSELMI & DECICCO, INC.","$50,000.00","$50,000.00"
21125,125,0002,CONSTRUCTION ENGINEERING,0007,155012M,,FIELD OFFICE TYPE D SET UP,1,U,"RENCOR, INC.","$170,000.00","$170,000.00"
21125,125,0002,CONSTRUCTION ENGINEERING,0007,155012M,,FIELD OFFICE TYPE D SET UP,1,U,"IEW CONSTRUCTION GROUP, INC.","$60,075.20","$60,075.20"
21125,125,0002,CONSTRUCTION ENGINEERING,0008,155030M,,FIELD OFFICE TYPE D MAINTENANCE,41,MO,"RITACCO CONSTRUCTION, INC.","$2,500.00","$102,500.00"
21125,125,0002,CONSTRUCTION ENGINEERING,0008,155030M,,FIELD OFFICE TYPE D MAINTENANCE,41,MO,KONKUS CORPORATION,"$3,000.00","$123,000.00"
21125,125,0002,CONSTRUCTION ENGINEERING,0008,155030M,,FIELD OFFICE TYPE D MAINTENANCE,41,MO,"ANSELMI & DECICCO, INC.","$4,000.00","$164,000.00"
21125,125,0002,CONSTRUCTION ENGINEERING,0008,155030M,,FIELD OFFICE TYPE D MAINTENANCE,41,MO,"RENCOR, INC.","$3,000.00","$123,000.00"
21125,125,0002,CONSTRUCTION ENGINEERING,0008,155030M,,FIELD OFFICE TYPE D MAINTENANCE,41,MO,"IEW CONSTRUCTION GROUP, INC.","$4,205.26","$172,415.66"
21125,125,0002,CONSTRUCTION ENGINEERING,0009,156003M,,MATERIALS FIELD LABORATORY SET-UP,1,U,"RITACCO CONSTRUCTION, INC.","$25,000.00","$25,000.00"
21125,125,0002,CONSTRUCTION ENGINEERING,0009,156003M,,MATERIALS FIELD LABORATORY SET-UP,1,U,KONKUS CORPORATION,$0.01,$0.01
21125,125,0002,CONSTRUCTION ENGINEERING,0009,156003M,,MATERIALS FIELD LABORATORY SET-UP,1,U,"ANSELMI & DECICCO, INC.","$10,000.00","$10,000.00"
21125,125,0002,CONSTRUCTION ENGINEERING,0009,156003M,,MATERIALS FIELD LABORATORY SET-UP,1,U,"RENCOR, INC.",$100.00,$100.00
21125,125,0002,CONSTRUCTION ENGINEERING,0009,156003M,,MATERIALS FIELD LABORATORY SET-UP,1,U,"IEW CONSTRUCTION GROUP, INC.","$39,301.53","$39,301.53"
21125,125,0002,CONSTRUCTION ENGINEERING,0010,156006M,,MATERIALS FIELD LABORATORY MAINTENANCE,38,MO,"RITACCO CONSTRUCTION, INC.","$2,000.00","$76,000.00"
21125,125,0002,CONSTRUCTION ENGINEERING,0010,156006M,,MATERIALS FIELD LABORATORY MAINTENANCE,38,MO,KONKUS CORPORATION,$0.01,$0.38
21125,125,0002,CONSTRUCTION ENGINEERING,0010,156006M,,MATERIALS FIELD LABORATORY MAINTENANCE,38,MO,"ANSELMI & DECICCO, INC.","$2,000.00","$76,000.00"
21125,125,0002,CONSTRUCTION ENGINEERING,0010,156006M,,MATERIALS FIELD LABORATORY MAINTENANCE,38,MO,"RENCOR, INC.",$1.00,$38.00
21125,125,0002,CONSTRUCTION ENGINEERING,0010,156006M,,MATERIALS FIELD LABORATORY MAINTENANCE,38,MO,"IEW CONSTRUCTION GROUP, INC.","$4,205.26","$159,799.88"
21125,125,0002,CONSTRUCTION ENGINEERING,0011,156009M,,CURING FACILITY SET-UP,1,U,"RITACCO CONSTRUCTION, INC.","$5,000.00","$5,000.00"
21125,125,0002,CONSTRUCTION ENGINEERING,0011,156009M,,CURING FACILITY SET-UP,1,U,KONKUS CORPORATION,$0.01,$0.01
21125,125,0002,CONSTRUCTION ENGINEERING,0011,156009M,,CURING FACILITY SET-UP,1,U,"ANSELMI & DECICCO, INC.","$1,000.00","$1,000.00"
21125,125,0002,CONSTRUCTION ENGINEERING,0011,156009M,,CURING FACILITY SET-UP,1,U,"RENCOR, INC.",$100.00,$100.00
21125,125,0002,CONSTRUCTION ENGINEERING,0011,156009M,,CURING FACILITY SET-UP,1,U,"IEW CONSTRUCTION GROUP, INC.","$30,037.60","$30,037.60"
21125,125,0002,CONSTRUCTION ENGINEERING,0012,156012M,,CURING FACILITY MAINTENANCE,38,MO,"RITACCO CONSTRUCTION, INC.","$1,000.00","$38,000.00"
21125,125,0002,CONSTRUCTION ENGINEERING,0012,156012M,,CURING FACILITY MAINTENANCE,38,MO,KONKUS CORPORATION,$0.01,$0.38
21125,125,0002,CONSTRUCTION ENGINEERING,0012,156012M,,CURING FACILITY MAINTENANCE,38,MO,"ANSELMI & DECICCO, INC.",$100.00,"$3,800.00"
21125,125,0002,CONSTRUCTION ENGINEERING,0012,156012M,,CURING FACILITY MAINTENANCE,38,MO,"RENCOR, INC.",$1.00,$38.00
21125,125,0002,CONSTRUCTION ENGINEERING,0012,156012M,,CURING FACILITY MAINTENANCE,38,MO,"IEW CONSTRUCTION GROUP, INC.","$3,003.76","$114,142.88"
21125,125,0001,ROADWAY,0013,157004M,,CONSTRUCTION LAYOUT,1,DOLL,"RITACCO CONSTRUCTION, INC.","$110,000.00","$110,000.00"
21125,125,0001,ROADWAY,0013,157004M,,CONSTRUCTION LAYOUT,1,DOLL,KONKUS CORPORATION,"$30,000.00","$30,000.00"
21125,125,0001,ROADWAY,0013,157004M,,CONSTRUCTION LAYOUT,1,DOLL,"ANSELMI & DECICCO, INC.","$426,800.00","$426,800.00"
21125,125,0001,ROADWAY,0013,157004M,,CONSTRUCTION LAYOUT,1,DOLL,"RENCOR, INC.","$175,000.00","$175,000.00"
21125,125,0001,ROADWAY,0013,157004M,,CONSTRUCTION LAYOUT,1,DOLL,"IEW CONSTRUCTION GROUP, INC.","$250,000.00","$250,000.00"
21125,125,0004,EROSION CONTROL,0014,158009M,,"HEAVY DUTY SILT FENCE, ORANGE","1,527",LF,"RITACCO CONSTRUCTION, INC.",$8.00,"$12,216.00"
21125,125,0004,EROSION CONTROL,0014,158009M,,"HEAVY DUTY SILT FENCE, ORANGE","1,527",LF,KONKUS CORPORATION,$6.00,"$9,162.00"
21125,125,0004,EROSION CONTROL,0014,158009M,,"HEAVY DUTY SILT FENCE, ORANGE","1,527",LF,"ANSELMI & DECICCO, INC.",$5.00,"$7,635.00"
21125,125,0004,EROSION CONTROL,0014,158009M,,"HEAVY DUTY SILT FENCE, ORANGE","1,527",LF,"RENCOR, INC.",$7.50,"$11,452.50"
21125,125,0004,EROSION CONTROL,0014,158009M,,"HEAVY DUTY SILT FENCE, ORANGE","1,527",LF,"IEW CONSTRUCTION GROUP, INC.",$8.80,"$13,437.60"
21125,125,0004,EROSION CONTROL,0015,158027M,,INLET FILTER TYPE 1,16,SF,"RITACCO CONSTRUCTION, INC.",$150.00,"$2,400.00"
21125,125,0004,EROSION CONTROL,0015,158027M,,INLET FILTER TYPE 1,16,SF,KONKUS CORPORATION,$0.01,$0.16
21125,125,0004,EROSION CONTROL,0015,158027M,,INLET FILTER TYPE 1,16,SF,"ANSELMI & DECICCO, INC.",$65.00,"$1,040.00"
21125,125,0004,EROSION CONTROL,0015,158027M,,INLET FILTER TYPE 1,16,SF,"RENCOR, INC.",$160.00,"$2,560.00"
21125,125,0004,EROSION CONTROL,0015,158027M,,INLET FILTER TYPE 1,16,SF,"IEW CONSTRUCTION GROUP, INC.",$364.49,"$5,831.84"
21125,125,0004,EROSION CONTROL,0016,158030M,,"INLET FILTER TYPE 2, 2' X 4'",10,U,"RITACCO CONSTRUCTION, INC.",$150.00,"$1,500.00"
21125,125,0004,EROSION CONTROL,0016,158030M,,"INLET FILTER TYPE 2, 2' X 4'",10,U,KONKUS CORPORATION,$0.01,$0.10
21125,125,0004,EROSION CONTROL,0016,158030M,,"INLET FILTER TYPE 2, 2' X 4'",10,U,"ANSELMI & DECICCO, INC.",$100.00,"$1,000.00"
21125,125,0004,EROSION CONTROL,0016,158030M,,"INLET FILTER TYPE 2, 2' X 4'",10,U,"RENCOR, INC.",$280.00,"$2,800.00"
21125,125,0004,EROSION CONTROL,0016,158030M,,"INLET FILTER TYPE 2, 2' X 4'",10,U,"IEW CONSTRUCTION GROUP, INC.",$511.10,"$5,111.00"
21125,125,0004,EROSION CONTROL,0017,158063P,,CONCRETE WASHOUT SYSTEM,1,LS,"RITACCO CONSTRUCTION, INC.","$5,000.00","$5,000.00"
21125,125,0004,EROSION CONTROL,0017,158063P,,CONCRETE WASHOUT SYSTEM,1,LS,KONKUS CORPORATION,"$10,000.00","$10,000.00"
21125,125,0004,EROSION CONTROL,0017,158063P,,CONCRETE WASHOUT SYSTEM,1,LS,"ANSELMI & DECICCO, INC.","$20,000.00","$20,000.00"
21125,125,0004,EROSION CONTROL,0017,158063P,,CONCRETE WASHOUT SYSTEM,1,LS,"RENCOR, INC.","$100,000.00","$100,000.00"
21125,125,0004,EROSION CONTROL,0017,158063P,,CONCRETE WASHOUT SYSTEM,1,LS,"IEW CONSTRUCTION GROUP, INC.","$2,403.01","$2,403.01"
21125,125,0004,EROSION CONTROL,0018,158072M,,"OIL ONLY EMERGENCY SPILL KIT, TYPE 1",2,U,"RITACCO CONSTRUCTION, INC.",$700.00,"$1,400.00"
21125,125,0004,EROSION CONTROL,0018,158072M,,"OIL ONLY EMERGENCY SPILL KIT, TYPE 1",2,U,KONKUS CORPORATION,$0.01,$0.02
21125,125,0004,EROSION CONTROL,0018,158072M,,"OIL ONLY EMERGENCY SPILL KIT, TYPE 1",2,U,"ANSELMI & DECICCO, INC.",$900.00,"$1,800.00"
21125,125,0004,EROSION CONTROL,0018,158072M,,"OIL ONLY EMERGENCY SPILL KIT, TYPE 1",2,U,"RENCOR, INC.","$1,550.00","$3,100.00"
21125,125,0004,EROSION CONTROL,0018,158072M,,"OIL ONLY EMERGENCY SPILL KIT, TYPE 1",2,U,"IEW CONSTRUCTION GROUP, INC.","$1,201.51","$2,403.02"
21125,125,0004,EROSION CONTROL,0019,158084M,,EROSION CONTROL SEDIMENT REMOVAL,55,CY,"RITACCO CONSTRUCTION, INC.",$1.00,$55.00
21125,125,0004,EROSION CONTROL,0019,158084M,,EROSION CONTROL SEDIMENT REMOVAL,55,CY,KONKUS CORPORATION,$0.01,$0.55
21125,125,0004,EROSION CONTROL,0019,158084M,,EROSION CONTROL SEDIMENT REMOVAL,55,CY,"ANSELMI & DECICCO, INC.",$0.01,$0.55
21125,125,0004,EROSION CONTROL,0019,158084M,,EROSION CONTROL SEDIMENT REMOVAL,55,CY,"RENCOR, INC.",$110.00,"$6,050.00"
21125,125,0004,EROSION CONTROL,0019,158084M,,EROSION CONTROL SEDIMENT REMOVAL,55,CY,"IEW CONSTRUCTION GROUP, INC.",$31.54,"$1,734.70"
21125,125,0001,ROADWAY,0020,159003M,,BREAKAWAY BARRICADE,79,U,"RITACCO CONSTRUCTION, INC.",$25.00,"$1,975.00"
21125,125,0001,ROADWAY,0020,159003M,,BREAKAWAY BARRICADE,79,U,KONKUS CORPORATION,$0.01,$0.79
21125,125,0001,ROADWAY,0020,159003M,,BREAKAWAY BARRICADE,79,U,"ANSELMI & DECICCO, INC.",$1.00,$79.00
21125,125,0001,ROADWAY,0020,159003M,,BREAKAWAY BARRICADE,79,U,"RENCOR, INC.",$105.00,"$8,295.00"
21125,125,0001,ROADWAY,0020,159003M,,BREAKAWAY BARRICADE,79,U,"IEW CONSTRUCTION GROUP, INC.",$132.17,"$10,441.43"
21125,125,0001,ROADWAY,0021,159006M,,DRUM,300,U,"RITACCO CONSTRUCTION, INC.",$10.00,"$3,000.00"
21125,125,0001,ROADWAY,0021,159006M,,DRUM,300,U,KONKUS CORPORATION,$0.01,$3.00
21125,125,0001,ROADWAY,0021,159006M,,DRUM,300,U,"ANSELMI & DECICCO, INC.",$1.00,$300.00
21125,125,0001,ROADWAY,0021,159006M,,DRUM,300,U,"RENCOR, INC.",$60.00,"$18,000.00"
21125,125,0001,ROADWAY,0021,159006M,,DRUM,300,U,"IEW CONSTRUCTION GROUP, INC.",$66.08,"$19,824.00"
21125,125,0001,ROADWAY,0022,159009M,,TRAFFIC CONE,500,U,"RITACCO CONSTRUCTION, INC.",$5.00,"$2,500.00"
21125,125,0001,ROADWAY,0022,159009M,,TRAFFIC CONE,500,U,KONKUS CORPORATION,$0.01,$5.00
21125,125,0001,ROADWAY,0022,159009M,,TRAFFIC CONE,500,U,"ANSELMI & DECICCO, INC.",$1.00,$500.00
21125,125,0001,ROADWAY,0022,159009M,,TRAFFIC CONE,500,U,"RENCOR, INC.",$16.00,"$8,000.00"
21125,125,0001,ROADWAY,0022,159009M,,TRAFFIC CONE,500,U,"IEW CONSTRUCTION GROUP, INC.",$21.63,"$10,815.00"
21125,125,0001,ROADWAY,0023,159012M,,CONSTRUCTION SIGNS,"2,950",SF,"RITACCO CONSTRUCTION, INC.",$16.00,"$47,200.00"
21125,125,0001,ROADWAY,0023,159012M,,CONSTRUCTION SIGNS,"2,950",SF,KONKUS CORPORATION,$14.00,"$41,300.00"
21125,125,0001,ROADWAY,0023,159012M,,CONSTRUCTION SIGNS,"2,950",SF,"ANSELMI & DECICCO, INC.",$25.00,"$73,750.00"
21125,125,0001,ROADWAY,0023,159012M,,CONSTRUCTION SIGNS,"2,950",SF,"RENCOR, INC.",$17.00,"$50,150.00"
21125,125,0001,ROADWAY,0023,159012M,,CONSTRUCTION SIGNS,"2,950",SF,"IEW CONSTRUCTION GROUP, INC.",$16.84,"$49,678.00"
21125,125,0001,ROADWAY,0024,159015M,,"CONSTRUCTION IDENTIFICATION SIGN, 4' X 8'",2,U,"RITACCO CONSTRUCTION, INC.",$500.00,"$1,000.00"
21125,125,0001,ROADWAY,0024,159015M,,"CONSTRUCTION IDENTIFICATION SIGN, 4' X 8'",2,U,KONKUS CORPORATION,$950.00,"$1,900.00"
21125,125,0001,ROADWAY,0024,159015M,,"CONSTRUCTION IDENTIFICATION SIGN, 4' X 8'",2,U,"ANSELMI & DECICCO, INC.","$2,000.00","$4,000.00"
21125,125,0001,ROADWAY,0024,159015M,,"CONSTRUCTION IDENTIFICATION SIGN, 4' X 8'",2,U,"RENCOR, INC.","$3,000.00","$6,000.00"
21125,125,0001,ROADWAY,0024,159015M,,"CONSTRUCTION IDENTIFICATION SIGN, 4' X 8'",2,U,"IEW CONSTRUCTION GROUP, INC.","$1,684.35","$3,368.70"
21125,125,0001,ROADWAY,0025,159021P,,CONSTRUCTION BARRIER CURB,"2,100",LF,"RITACCO CONSTRUCTION, INC.",$100.00,"$210,000.00"
21125,125,0001,ROADWAY,0025,159021P,,CONSTRUCTION BARRIER CURB,"2,100",LF,KONKUS CORPORATION,$35.00,"$73,500.00"
21125,125,0001,ROADWAY,0025,159021P,,CONSTRUCTION BARRIER CURB,"2,100",LF,"ANSELMI & DECICCO, INC.",$200.00,"$420,000.00"
21125,125,0001,ROADWAY,0025,159021P,,CONSTRUCTION BARRIER CURB,"2,100",LF,"RENCOR, INC.",$150.00,"$315,000.00"
21125,125,0001,ROADWAY,0025,159021P,,CONSTRUCTION BARRIER CURB,"2,100",LF,"IEW CONSTRUCTION GROUP, INC.",$103.70,"$217,770.00"
21125,125,0001,ROADWAY,0026,159027M,,"FLASHING ARROW BOARD, 4' X 8'",4,U,"RITACCO CONSTRUCTION, INC.",$500.00,"$2,000.00"
21125,125,0001,ROADWAY,0026,159027M,,"FLASHING ARROW BOARD, 4' X 8'",4,U,KONKUS CORPORATION,"$2,500.00","$10,000.00"
21125,125,0001,ROADWAY,0026,159027M,,"FLASHING ARROW BOARD, 4' X 8'",4,U,"ANSELMI & DECICCO, INC.","$5,000.00","$20,000.00"
21125,125,0001,ROADWAY,0026,159027M,,"FLASHING ARROW BOARD, 4' X 8'",4,U,"RENCOR, INC.","$5,000.00","$20,000.00"
21125,125,0001,ROADWAY,0026,159027M,,"FLASHING ARROW BOARD, 4' X 8'",4,U,"IEW CONSTRUCTION GROUP, INC.","$1,201.51","$4,806.04"
21125,125,0001,ROADWAY,0027,159030M,,PORTABLE VARIABLE MESSAGE SIGN,8,U,"RITACCO CONSTRUCTION, INC.","$1,000.00","$8,000.00"
21125,125,0001,ROADWAY,0027,159030M,,PORTABLE VARIABLE MESSAGE SIGN,8,U,KONKUS CORPORATION,"$15,000.00","$120,000.00"
21125,125,0001,ROADWAY,0027,159030M,,PORTABLE VARIABLE MESSAGE SIGN,8,U,"ANSELMI & DECICCO, INC.","$2,500.00","$20,000.00"
21125,125,0001,ROADWAY,0027,159030M,,PORTABLE VARIABLE MESSAGE SIGN,8,U,"RENCOR, INC.","$18,000.00","$144,000.00"
21125,125,0001,ROADWAY,0027,159030M,,PORTABLE VARIABLE MESSAGE SIGN,8,U,"IEW CONSTRUCTION GROUP, INC.","$18,999.93","$151,999.44"
21125,125,0001,ROADWAY,0028,159144M,,EMERGENCY TOWING SERVICE,1,U,"RITACCO CONSTRUCTION, INC.",$200.00,$200.00
21125,125,0001,ROADWAY,0028,159144M,,EMERGENCY TOWING SERVICE,1,U,KONKUS CORPORATION,$0.01,$0.01
21125,125,0001,ROADWAY,0028,159144M,,EMERGENCY TOWING SERVICE,1,U,"ANSELMI & DECICCO, INC.",$250.00,$250.00
21125,125,0001,ROADWAY,0028,159144M,,EMERGENCY TOWING SERVICE,1,U,"RENCOR, INC.","$1,000.00","$1,000.00"
21125,125,0001,ROADWAY,0028,159144M,,EMERGENCY TOWING SERVICE,1,U,"IEW CONSTRUCTION GROUP, INC.","$1,122.90","$1,122.90"
21125,125,0001,ROADWAY,0029,159190M,,SNOW REMOVAL,1,LS,"RITACCO CONSTRUCTION, INC.","$15,000.00","$15,000.00"
21125,125,0001,ROADWAY,0029,159190M,,SNOW REMOVAL,1,LS,KONKUS CORPORATION,$0.01,$0.01
21125,125,0001,ROADWAY,0029,159190M,,SNOW REMOVAL,1,LS,"ANSELMI & DECICCO, INC.","$1,000.00","$1,000.00"
21125,125,0001,ROADWAY,0029,159190M,,SNOW REMOVAL,1,LS,"RENCOR, INC.","$200,000.00","$200,000.00"
21125,125,0001,ROADWAY,0029,159190M,,SNOW REMOVAL,1,LS,"IEW CONSTRUCTION GROUP, INC.","$143,626.97","$143,626.97"
21125,125,0001,ROADWAY,0030,159200M,,"TEMPORARY CRASH CUSHION, COMPRESSIVE BARRIER, TYPE 2, WIDTH NARROW",6,U,"RITACCO CONSTRUCTION, INC.","$11,000.00","$66,000.00"
21125,125,0001,ROADWAY,0030,159200M,,"TEMPORARY CRASH CUSHION, COMPRESSIVE BARRIER, TYPE 2, WIDTH NARROW",6,U,KONKUS CORPORATION,"$25,000.00","$150,000.00"
21125,125,0001,ROADWAY,0030,159200M,,"TEMPORARY CRASH CUSHION, COMPRESSIVE BARRIER, TYPE 2, WIDTH NARROW",6,U,"ANSELMI & DECICCO, INC.","$1,500.00","$9,000.00"
21125,125,0001,ROADWAY,0030,159200M,,"TEMPORARY CRASH CUSHION, COMPRESSIVE BARRIER, TYPE 2, WIDTH NARROW",6,U,"RENCOR, INC.","$30,000.00","$180,000.00"
21125,125,0001,ROADWAY,0030,159200M,,"TEMPORARY CRASH CUSHION, COMPRESSIVE BARRIER, TYPE 2, WIDTH NARROW",6,U,"IEW CONSTRUCTION GROUP, INC.","$30,298.10","$181,788.60"
21125,125,0001,ROADWAY,0031,159224M,,"TEMPORARY CRASH CUSHION, COMPRESSIVE BARRIER, TYPE 4, WIDTH NARROW",2,U,"RITACCO CONSTRUCTION, INC.","$15,000.00","$30,000.00"
21125,125,0001,ROADWAY,0031,159224M,,"TEMPORARY CRASH CUSHION, COMPRESSIVE BARRIER, TYPE 4, WIDTH NARROW",2,U,KONKUS CORPORATION,"$25,000.00","$50,000.00"
21125,125,0001,ROADWAY,0031,159224M,,"TEMPORARY CRASH CUSHION, COMPRESSIVE BARRIER, TYPE 4, WIDTH NARROW",2,U,"ANSELMI & DECICCO, INC.","$2,000.00","$4,000.00"
21125,125,0001,ROADWAY,0031,159224M,,"TEMPORARY CRASH CUSHION, COMPRESSIVE BARRIER, TYPE 4, WIDTH NARROW",2,U,"RENCOR, INC.","$35,000.00","$70,000.00"
21125,125,0001,ROADWAY,0031,159224M,,"TEMPORARY CRASH CUSHION, COMPRESSIVE BARRIER, TYPE 4, WIDTH NARROW",2,U,"IEW CONSTRUCTION GROUP, INC.","$41,766.23","$83,532.46"
21125,125,0001,ROADWAY,0032,159108M,,TRAFFIC CONTROL TRUCK WITH MOUNTED CRASH CUSHION,4,U,"RITACCO CONSTRUCTION, INC.","$1,500.00","$6,000.00"
21125,125,0001,ROADWAY,0032,159108M,,TRAFFIC CONTROL TRUCK WITH MOUNTED CRASH CUSHION,4,U,KONKUS CORPORATION,$0.01,$0.04
21125,125,0001,ROADWAY,0032,159108M,,TRAFFIC CONTROL TRUCK WITH MOUNTED CRASH CUSHION,4,U,"ANSELMI & DECICCO, INC.","$10,000.00","$40,000.00"
21125,125,0001,ROADWAY,0032,159108M,,TRAFFIC CONTROL TRUCK WITH MOUNTED CRASH CUSHION,4,U,"RENCOR, INC.","$35,000.00","$140,000.00"
21125,125,0001,ROADWAY,0032,159108M,,TRAFFIC CONTROL TRUCK WITH MOUNTED CRASH CUSHION,4,U,"IEW CONSTRUCTION GROUP, INC.","$1,201.51","$4,806.04"
21125,125,0001,ROADWAY,0033,159138M,,HMA PATCH,50,T,"RITACCO CONSTRUCTION, INC.",$50.00,"$2,500.00"
21125,125,0001,ROADWAY,0033,159138M,,HMA PATCH,50,T,KONKUS CORPORATION,$0.01,$0.50
21125,125,0001,ROADWAY,0033,159138M,,HMA PATCH,50,T,"ANSELMI & DECICCO, INC.",$200.00,"$10,000.00"
21125,125,0001,ROADWAY,0033,159138M,,HMA PATCH,50,T,"RENCOR, INC.",$250.00,"$12,500.00"
21125,125,0001,ROADWAY,0033,159138M,,HMA PATCH,50,T,"IEW CONSTRUCTION GROUP, INC.",$78.60,"$3,930.00"
21125,125,0001,ROADWAY,0034,159300M,,"TRAFFIC STRIPES, LATEX, 4""","7,545",LF,"RITACCO CONSTRUCTION, INC.",$0.35,"$2,640.75"
21125,125,0001,ROADWAY,0034,159300M,,"TRAFFIC STRIPES, LATEX, 4""","7,545",LF,KONKUS CORPORATION,$0.41,"$3,093.45"
21125,125,0001,ROADWAY,0034,159300M,,"TRAFFIC STRIPES, LATEX, 4""","7,545",LF,"ANSELMI & DECICCO, INC.",$0.45,"$3,395.25"
21125,125,0001,ROADWAY,0034,159300M,,"TRAFFIC STRIPES, LATEX, 4""","7,545",LF,"RENCOR, INC.",$0.50,"$3,772.50"
21125,125,0001,ROADWAY,0034,159300M,,"TRAFFIC STRIPES, LATEX, 4""","7,545",LF,"IEW CONSTRUCTION GROUP, INC.",$0.56,"$4,225.20"
21125,125,0001,ROADWAY,0035,159302M,,"TRAFFIC STRIPES, LATEX, 8""","1,105",LF,"RITACCO CONSTRUCTION, INC.",$0.65,$718.25
21125,125,0001,ROADWAY,0035,159302M,,"TRAFFIC STRIPES, LATEX, 8""","1,105",LF,KONKUS CORPORATION,$0.81,$895.05
21125,125,0001,ROADWAY,0035,159302M,,"TRAFFIC STRIPES, LATEX, 8""","1,105",LF,"ANSELMI & DECICCO, INC.",$1.00,"$1,105.00"
21125,125,0001,ROADWAY,0035,159302M,,"TRAFFIC STRIPES, LATEX, 8""","1,105",LF,"RENCOR, INC.",$1.00,"$1,105.00"
21125,125,0001,ROADWAY,0035,159302M,,"TRAFFIC STRIPES, LATEX, 8""","1,105",LF,"IEW CONSTRUCTION GROUP, INC.",$1.12,"$1,237.60"
21125,125,0001,ROADWAY,0036,159314M,,"TRAFFIC MARKINGS LINES, LATEX, 24""",188,LF,"RITACCO CONSTRUCTION, INC.",$2.00,$376.00
21125,125,0001,ROADWAY,0036,159314M,,"TRAFFIC MARKINGS LINES, LATEX, 24""",188,LF,KONKUS CORPORATION,$2.42,$454.96
21125,125,0001,ROADWAY,0036,159314M,,"TRAFFIC MARKINGS LINES, LATEX, 24""",188,LF,"ANSELMI & DECICCO, INC.",$3.00,$564.00
21125,125,0001,ROADWAY,0036,159314M,,"TRAFFIC MARKINGS LINES, LATEX, 24""",188,LF,"RENCOR, INC.",$3.00,$564.00
21125,125,0001,ROADWAY,0036,159314M,,"TRAFFIC MARKINGS LINES, LATEX, 24""",188,LF,"IEW CONSTRUCTION GROUP, INC.",$3.37,$633.56
21125,125,0001,ROADWAY,0037,160004M,,FUEL PRICE ADJUSTMENT,1,DOLL,"RITACCO CONSTRUCTION, INC.","$3,000.00","$3,000.00"
21125,125,0001,ROADWAY,0037,160004M,,FUEL PRICE ADJUSTMENT,1,DOLL,KONKUS CORPORATION,"$3,000.00","$3,000.00"
21125,125,0001,ROADWAY,0037,160004M,,FUEL PRICE ADJUSTMENT,1,DOLL,"ANSELMI & DECICCO, INC.","$3,000.00","$3,000.00"
21125,125,0001,ROADWAY,0037,160004M,,FUEL PRICE ADJUSTMENT,1,DOLL,"RENCOR, INC.","$3,000.00","$3,000.00"
21125,125,0001,ROADWAY,0037,160004M,,FUEL PRICE ADJUSTMENT,1,DOLL,"IEW CONSTRUCTION GROUP, INC.","$3,000.00","$3,000.00"
21125,125,0001,ROADWAY,0038,160007M,,ASPHALT PRICE ADJUSTMENT,1,DOLL,"RITACCO CONSTRUCTION, INC.","$3,600.00","$3,600.00"
21125,125,0001,ROADWAY,0038,160007M,,ASPHALT PRICE ADJUSTMENT,1,DOLL,KONKUS CORPORATION,"$3,600.00","$3,600.00"
21125,125,0001,ROADWAY,0038,160007M,,ASPHALT PRICE ADJUSTMENT,1,DOLL,"ANSELMI & DECICCO, INC.","$3,600.00","$3,600.00"
21125,125,0001,ROADWAY,0038,160007M,,ASPHALT PRICE ADJUSTMENT,1,DOLL,"RENCOR, INC.","$3,600.00","$3,600.00"
21125,125,0001,ROADWAY,0038,160007M,,ASPHALT PRICE ADJUSTMENT,1,DOLL,"IEW CONSTRUCTION GROUP, INC.","$3,600.00","$3,600.00"
21125,125,0001,ROADWAY,0039,161003P,,FINAL CLEANUP,1,LS,"RITACCO CONSTRUCTION, INC.","$5,000.00","$5,000.00"
21125,125,0001,ROADWAY,0039,161003P,,FINAL CLEANUP,1,LS,KONKUS CORPORATION,"$10,000.00","$10,000.00"
21125,125,0001,ROADWAY,0039,161003P,,FINAL CLEANUP,1,LS,"ANSELMI & DECICCO, INC.","$2,500.00","$2,500.00"
21125,125,0001,ROADWAY,0039,161003P,,FINAL CLEANUP,1,LS,"RENCOR, INC.","$5,000.00","$5,000.00"
21125,125,0001,ROADWAY,0039,161003P,,FINAL CLEANUP,1,LS,"IEW CONSTRUCTION GROUP, INC.",$0.01,$0.01
21125,125,0001,ROADWAY,0040,201003P,,CLEARING SITE,1,LS,"RITACCO CONSTRUCTION, INC.","$120,000.00","$120,000.00"
21125,125,0001,ROADWAY,0040,201003P,,CLEARING SITE,1,LS,KONKUS CORPORATION,"$120,000.00","$120,000.00"
21125,125,0001,ROADWAY,0040,201003P,,CLEARING SITE,1,LS,"ANSELMI & DECICCO, INC.","$120,000.00","$120,000.00"
21125,125,0001,ROADWAY,0040,201003P,,CLEARING SITE,1,LS,"RENCOR, INC.","$120,000.00","$120,000.00"
21125,125,0001,ROADWAY,0040,201003P,,CLEARING SITE,1,LS,"IEW CONSTRUCTION GROUP, INC.","$120,000.00","$120,000.00"
21125,125,0001,ROADWAY,0041,202006M,,"EXCAVATION, TEST PIT",50,CY,"RITACCO CONSTRUCTION, INC.",$50.00,"$2,500.00"
21125,125,0001,ROADWAY,0041,202006M,,"EXCAVATION, TEST PIT",50,CY,KONKUS CORPORATION,$0.01,$0.50
21125,125,0001,ROADWAY,0041,202006M,,"EXCAVATION, TEST PIT",50,CY,"ANSELMI & DECICCO, INC.",$200.00,"$10,000.00"
21125,125,0001,ROADWAY,0041,202006M,,"EXCAVATION, TEST PIT",50,CY,"RENCOR, INC.",$100.00,"$5,000.00"
21125,125,0001,ROADWAY,0041,202006M,,"EXCAVATION, TEST PIT",50,CY,"IEW CONSTRUCTION GROUP, INC.",$239.38,"$11,969.00"
21125,125,0001,ROADWAY,0042,202009P,,"EXCAVATION, UNCLASSIFIED",169,CY,"RITACCO CONSTRUCTION, INC.",$80.00,"$13,520.00"
21125,125,0001,ROADWAY,0042,202009P,,"EXCAVATION, UNCLASSIFIED",169,CY,KONKUS CORPORATION,$50.00,"$8,450.00"
21125,125,0001,ROADWAY,0042,202009P,,"EXCAVATION, UNCLASSIFIED",169,CY,"ANSELMI & DECICCO, INC.",$250.00,"$42,250.00"
21125,125,0001,ROADWAY,0042,202009P,,"EXCAVATION, UNCLASSIFIED",169,CY,"RENCOR, INC.",$60.00,"$10,140.00"
21125,125,0001,ROADWAY,0042,202009P,,"EXCAVATION, UNCLASSIFIED",169,CY,"IEW CONSTRUCTION GROUP, INC.",$126.77,"$21,424.13"
21125,125,0001,ROADWAY,0043,202021P,,REMOVAL OF PAVEMENT,788,SY,"RITACCO CONSTRUCTION, INC.",$30.00,"$23,640.00"
21125,125,0001,ROADWAY,0043,202021P,,REMOVAL OF PAVEMENT,788,SY,KONKUS CORPORATION,$15.00,"$11,820.00"
21125,125,0001,ROADWAY,0043,202021P,,REMOVAL OF PAVEMENT,788,SY,"ANSELMI & DECICCO, INC.",$50.00,"$39,400.00"
21125,125,0001,ROADWAY,0043,202021P,,REMOVAL OF PAVEMENT,788,SY,"RENCOR, INC.",$50.00,"$39,400.00"
21125,125,0001,ROADWAY,0043,202021P,,REMOVAL OF PAVEMENT,788,SY,"IEW CONSTRUCTION GROUP, INC.",$37.37,"$29,447.56"
21125,125,0001,ROADWAY,0044,203021P,,I-14 SOIL AGGREGATE,100,CY,"RITACCO CONSTRUCTION, INC.",$40.00,"$4,000.00"
21125,125,0001,ROADWAY,0044,203021P,,I-14 SOIL AGGREGATE,100,CY,KONKUS CORPORATION,$0.01,$1.00
21125,125,0001,ROADWAY,0044,203021P,,I-14 SOIL AGGREGATE,100,CY,"ANSELMI & DECICCO, INC.",$0.01,$1.00
21125,125,0001,ROADWAY,0044,203021P,,I-14 SOIL AGGREGATE,100,CY,"RENCOR, INC.",$75.00,"$7,500.00"
21125,125,0001,ROADWAY,0044,203021P,,I-14 SOIL AGGREGATE,100,CY,"IEW CONSTRUCTION GROUP, INC.",$99.15,"$9,915.00"
21125,125,0004,EROSION CONTROL,0045,203041P,,"GEOTEXTILE, ROADWAY STABILIZATION",27,SY,"RITACCO CONSTRUCTION, INC.",$20.00,$540.00
21125,125,0004,EROSION CONTROL,0045,203041P,,"GEOTEXTILE, ROADWAY STABILIZATION",27,SY,KONKUS CORPORATION,$0.01,$0.27
21125,125,0004,EROSION CONTROL,0045,203041P,,"GEOTEXTILE, ROADWAY STABILIZATION",27,SY,"ANSELMI & DECICCO, INC.",$10.00,$270.00
21125,125,0004,EROSION CONTROL,0045,203041P,,"GEOTEXTILE, ROADWAY STABILIZATION",27,SY,"RENCOR, INC.",$35.00,$945.00
21125,125,0004,EROSION CONTROL,0045,203041P,,"GEOTEXTILE, ROADWAY STABILIZATION",27,SY,"IEW CONSTRUCTION GROUP, INC.",$20.35,$549.45
21125,125,0001,ROADWAY,0046,301006P,,SUBBASE,179,CY,"RITACCO CONSTRUCTION, INC.",$70.00,"$12,530.00"
21125,125,0001,ROADWAY,0046,301006P,,SUBBASE,179,CY,KONKUS CORPORATION,$53.00,"$9,487.00"
21125,125,0001,ROADWAY,0046,301006P,,SUBBASE,179,CY,"ANSELMI & DECICCO, INC.",$50.00,"$8,950.00"
21125,125,0001,ROADWAY,0046,301006P,,SUBBASE,179,CY,"RENCOR, INC.",$80.00,"$14,320.00"
21125,125,0001,ROADWAY,0046,301006P,,SUBBASE,179,CY,"IEW CONSTRUCTION GROUP, INC.",$173.03,"$30,972.37"
21125,125,0001,ROADWAY,0047,302042P,,"DENSE-GRADED AGGREGATE BASE COURSE, 8"" THICK",755,SY,"RITACCO CONSTRUCTION, INC.",$15.00,"$11,325.00"
21125,125,0001,ROADWAY,0047,302042P,,"DENSE-GRADED AGGREGATE BASE COURSE, 8"" THICK",755,SY,KONKUS CORPORATION,$11.00,"$8,305.00"
21125,125,0001,ROADWAY,0047,302042P,,"DENSE-GRADED AGGREGATE BASE COURSE, 8"" THICK",755,SY,"ANSELMI & DECICCO, INC.",$15.00,"$11,325.00"
21125,125,0001,ROADWAY,0047,302042P,,"DENSE-GRADED AGGREGATE BASE COURSE, 8"" THICK",755,SY,"RENCOR, INC.",$30.00,"$22,650.00"
21125,125,0001,ROADWAY,0047,302042P,,"DENSE-GRADED AGGREGATE BASE COURSE, 8"" THICK",755,SY,"IEW CONSTRUCTION GROUP, INC.",$40.50,"$30,577.50"
21125,125,0001,ROADWAY,0048,401009P,,"HMA MILLING, 3"" OR LESS","3,679",SY,"RITACCO CONSTRUCTION, INC.",$18.00,"$66,222.00"
21125,125,0001,ROADWAY,0048,401009P,,"HMA MILLING, 3"" OR LESS","3,679",SY,KONKUS CORPORATION,$7.00,"$25,753.00"
21125,125,0001,ROADWAY,0048,401009P,,"HMA MILLING, 3"" OR LESS","3,679",SY,"ANSELMI & DECICCO, INC.",$18.00,"$66,222.00"
21125,125,0001,ROADWAY,0048,401009P,,"HMA MILLING, 3"" OR LESS","3,679",SY,"RENCOR, INC.",$15.00,"$55,185.00"
21125,125,0001,ROADWAY,0048,401009P,,"HMA MILLING, 3"" OR LESS","3,679",SY,"IEW CONSTRUCTION GROUP, INC.",$22.46,"$82,630.34"
21125,125,0001,ROADWAY,0049,401021M,,HOT MIX ASPHALT PAVEMENT REPAIR,75,SY,"RITACCO CONSTRUCTION, INC.",$50.00,"$3,750.00"
21125,125,0001,ROADWAY,0049,401021M,,HOT MIX ASPHALT PAVEMENT REPAIR,75,SY,KONKUS CORPORATION,$0.01,$0.75
21125,125,0001,ROADWAY,0049,401021M,,HOT MIX ASPHALT PAVEMENT REPAIR,75,SY,"ANSELMI & DECICCO, INC.",$50.00,"$3,750.00"
21125,125,0001,ROADWAY,0049,401021M,,HOT MIX ASPHALT PAVEMENT REPAIR,75,SY,"RENCOR, INC.",$210.00,"$15,750.00"
21125,125,0001,ROADWAY,0049,401021M,,HOT MIX ASPHALT PAVEMENT REPAIR,75,SY,"IEW CONSTRUCTION GROUP, INC.",$224.58,"$16,843.50"
21125,125,0001,ROADWAY,0050,401027M,,POLYMERIZED JOINT ADHESIVE,"2,634",LF,"RITACCO CONSTRUCTION, INC.",$0.10,$263.40
21125,125,0001,ROADWAY,0050,401027M,,POLYMERIZED JOINT ADHESIVE,"2,634",LF,KONKUS CORPORATION,$1.50,"$3,951.00"
21125,125,0001,ROADWAY,0050,401027M,,POLYMERIZED JOINT ADHESIVE,"2,634",LF,"ANSELMI & DECICCO, INC.",$0.01,$26.34
21125,125,0001,ROADWAY,0050,401027M,,POLYMERIZED JOINT ADHESIVE,"2,634",LF,"RENCOR, INC.",$1.85,"$4,872.90"
21125,125,0001,ROADWAY,0050,401027M,,POLYMERIZED JOINT ADHESIVE,"2,634",LF,"IEW CONSTRUCTION GROUP, INC.",$2.25,"$5,926.50"
21125,125,0001,ROADWAY,0051,401030M,,TACK COAT,290,GAL,"RITACCO CONSTRUCTION, INC.",$8.00,"$2,320.00"
21125,125,0001,ROADWAY,0051,401030M,,TACK COAT,290,GAL,KONKUS CORPORATION,$0.01,$2.90
21125,125,0001,ROADWAY,0051,401030M,,TACK COAT,290,GAL,"ANSELMI & DECICCO, INC.",$10.00,"$2,900.00"
21125,125,0001,ROADWAY,0051,401030M,,TACK COAT,290,GAL,"RENCOR, INC.",$9.75,"$2,827.50"
21125,125,0001,ROADWAY,0051,401030M,,TACK COAT,290,GAL,"IEW CONSTRUCTION GROUP, INC.",$11.23,"$3,256.70"
21125,125,0001,ROADWAY,0052,401054M,,HOT MIX ASPHALT 12.5 M 64 SURFACE COURSE,665,T,"RITACCO CONSTRUCTION, INC.",$80.00,"$53,200.00"
21125,125,0001,ROADWAY,0052,401054M,,HOT MIX ASPHALT 12.5 M 64 SURFACE COURSE,665,T,KONKUS CORPORATION,$120.00,"$79,800.00"
21125,125,0001,ROADWAY,0052,401054M,,HOT MIX ASPHALT 12.5 M 64 SURFACE COURSE,665,T,"ANSELMI & DECICCO, INC.",$100.00,"$66,500.00"
21125,125,0001,ROADWAY,0052,401054M,,HOT MIX ASPHALT 12.5 M 64 SURFACE COURSE,665,T,"RENCOR, INC.",$160.00,"$106,400.00"
21125,125,0001,ROADWAY,0052,401054M,,HOT MIX ASPHALT 12.5 M 64 SURFACE COURSE,665,T,"IEW CONSTRUCTION GROUP, INC.",$224.58,"$149,345.70"
21125,125,0001,ROADWAY,0053,401084M,,HOT MIX ASPHALT 19 M 64 INTERMEDIATE COURSE,138,T,"RITACCO CONSTRUCTION, INC.",$180.00,"$24,840.00"
21125,125,0001,ROADWAY,0053,401084M,,HOT MIX ASPHALT 19 M 64 INTERMEDIATE COURSE,138,T,KONKUS CORPORATION,$150.00,"$20,700.00"
21125,125,0001,ROADWAY,0053,401084M,,HOT MIX ASPHALT 19 M 64 INTERMEDIATE COURSE,138,T,"ANSELMI & DECICCO, INC.",$145.00,"$20,010.00"
21125,125,0001,ROADWAY,0053,401084M,,HOT MIX ASPHALT 19 M 64 INTERMEDIATE COURSE,138,T,"RENCOR, INC.",$155.00,"$21,390.00"
21125,125,0001,ROADWAY,0053,401084M,,HOT MIX ASPHALT 19 M 64 INTERMEDIATE COURSE,138,T,"IEW CONSTRUCTION GROUP, INC.",$224.58,"$30,992.04"
21125,125,0001,ROADWAY,0054,401094M,,HOT MIX ASPHALT _ _ _ BASE COURSE HIGH RAP 25 M 64,6,T,"RITACCO CONSTRUCTION, INC.",$280.00,"$1,680.00"
21125,125,0001,ROADWAY,0054,401094M,,HOT MIX ASPHALT _ _ _ BASE COURSE HIGH RAP 25 M 64,6,T,KONKUS CORPORATION,$150.00,$900.00
21125,125,0001,ROADWAY,0054,401094M,,HOT MIX ASPHALT _ _ _ BASE COURSE HIGH RAP 25 M 64,6,T,"ANSELMI & DECICCO, INC.",$210.00,"$1,260.00"
21125,125,0001,ROADWAY,0054,401094M,,HOT MIX ASPHALT _ _ _ BASE COURSE HIGH RAP 25 M 64,6,T,"RENCOR, INC.",$250.00,"$1,500.00"
21125,125,0001,ROADWAY,0054,401094M,,HOT MIX ASPHALT _ _ _ BASE COURSE HIGH RAP 25 M 64,6,T,"IEW CONSTRUCTION GROUP, INC.",$224.58,"$1,347.48"
21125,125,0001,ROADWAY,0055,401099M,,HOT MIX ASPHALT 25 M 64 BASE COURSE,186,T,"RITACCO CONSTRUCTION, INC.",$180.00,"$33,480.00"
21125,125,0001,ROADWAY,0055,401099M,,HOT MIX ASPHALT 25 M 64 BASE COURSE,186,T,KONKUS CORPORATION,$150.00,"$27,900.00"
21125,125,0001,ROADWAY,0055,401099M,,HOT MIX ASPHALT 25 M 64 BASE COURSE,186,T,"ANSELMI & DECICCO, INC.",$145.00,"$26,970.00"
21125,125,0001,ROADWAY,0055,401099M,,HOT MIX ASPHALT 25 M 64 BASE COURSE,186,T,"RENCOR, INC.",$170.00,"$31,620.00"
21125,125,0001,ROADWAY,0055,401099M,,HOT MIX ASPHALT 25 M 64 BASE COURSE,186,T,"IEW CONSTRUCTION GROUP, INC.",$224.58,"$41,771.88"
21125,125,0001,ROADWAY,0056,401108M,,"CORE SAMPLES, HOT MIX ASPHALT",35,U,"RITACCO CONSTRUCTION, INC.",$100.00,"$3,500.00"
21125,125,0001,ROADWAY,0056,401108M,,"CORE SAMPLES, HOT MIX ASPHALT",35,U,KONKUS CORPORATION,$0.01,$0.35
21125,125,0001,ROADWAY,0056,401108M,,"CORE SAMPLES, HOT MIX ASPHALT",35,U,"ANSELMI & DECICCO, INC.",$1.00,$35.00
21125,125,0001,ROADWAY,0056,401108M,,"CORE SAMPLES, HOT MIX ASPHALT",35,U,"RENCOR, INC.",$400.00,"$14,000.00"
21125,125,0001,ROADWAY,0056,401108M,,"CORE SAMPLES, HOT MIX ASPHALT",35,U,"IEW CONSTRUCTION GROUP, INC.",$280.73,"$9,825.55"
21125,125,0001,ROADWAY,0057,601122P,,"15"" REINFORCED CONCRETE PIPE",10,LF,"RITACCO CONSTRUCTION, INC.",$200.00,"$2,000.00"
21125,125,0001,ROADWAY,0057,601122P,,"15"" REINFORCED CONCRETE PIPE",10,LF,KONKUS CORPORATION,$263.50,"$2,635.00"
21125,125,0001,ROADWAY,0057,601122P,,"15"" REINFORCED CONCRETE PIPE",10,LF,"ANSELMI & DECICCO, INC.",$150.00,"$1,500.00"
21125,125,0001,ROADWAY,0057,601122P,,"15"" REINFORCED CONCRETE PIPE",10,LF,"RENCOR, INC.",$150.00,"$1,500.00"
21125,125,0001,ROADWAY,0057,601122P,,"15"" REINFORCED CONCRETE PIPE",10,LF,"IEW CONSTRUCTION GROUP, INC.",$681.21,"$6,812.10"
21125,125,0003,NON-PARTICIPATING (ROADWAY),0058,601670M,,"CLEANING EXISTING PIPE, 12"" TO 24"" DIAMETER",590,LF,"RITACCO CONSTRUCTION, INC.",$4.00,"$2,360.00"
21125,125,0003,NON-PARTICIPATING (ROADWAY),0058,601670M,,"CLEANING EXISTING PIPE, 12"" TO 24"" DIAMETER",590,LF,KONKUS CORPORATION,$0.01,$5.90
21125,125,0003,NON-PARTICIPATING (ROADWAY),0058,601670M,,"CLEANING EXISTING PIPE, 12"" TO 24"" DIAMETER",590,LF,"ANSELMI & DECICCO, INC.",$25.00,"$14,750.00"
21125,125,0003,NON-PARTICIPATING (ROADWAY),0058,601670M,,"CLEANING EXISTING PIPE, 12"" TO 24"" DIAMETER",590,LF,"RENCOR, INC.",$24.00,"$14,160.00"
21125,125,0003,NON-PARTICIPATING (ROADWAY),0058,601670M,,"CLEANING EXISTING PIPE, 12"" TO 24"" DIAMETER",590,LF,"IEW CONSTRUCTION GROUP, INC.",$10.11,"$5,964.90"
21125,125,0001,ROADWAY,0059,602012M,,"INLET, TYPE B",2,U,"RITACCO CONSTRUCTION, INC.","$4,000.00","$8,000.00"
21125,125,0001,ROADWAY,0059,602012M,,"INLET, TYPE B",2,U,KONKUS CORPORATION,"$3,795.00","$7,590.00"
21125,125,0001,ROADWAY,0059,602012M,,"INLET, TYPE B",2,U,"ANSELMI & DECICCO, INC.","$5,000.00","$10,000.00"
21125,125,0001,ROADWAY,0059,602012M,,"INLET, TYPE B",2,U,"RENCOR, INC.","$5,000.00","$10,000.00"
21125,125,0001,ROADWAY,0059,602012M,,"INLET, TYPE B",2,U,"IEW CONSTRUCTION GROUP, INC.","$5,108.90","$10,217.80"
21125,125,0001,ROADWAY,0060,602099M,,RESET EXISTING CASTING,2,U,"RITACCO CONSTRUCTION, INC.",$300.00,$600.00
21125,125,0001,ROADWAY,0060,602099M,,RESET EXISTING CASTING,2,U,KONKUS CORPORATION,$300.00,$600.00
21125,125,0001,ROADWAY,0060,602099M,,RESET EXISTING CASTING,2,U,"ANSELMI & DECICCO, INC.","$2,000.00","$4,000.00"
21125,125,0001,ROADWAY,0060,602099M,,RESET EXISTING CASTING,2,U,"RENCOR, INC.","$2,000.00","$4,000.00"
21125,125,0001,ROADWAY,0060,602099M,,RESET EXISTING CASTING,2,U,"IEW CONSTRUCTION GROUP, INC.","$3,104.53","$6,209.06"
21125,125,0001,ROADWAY,0061,602123M,,"RECONSTRUCTED INLET, TYPE B, USING EXISTING CASTING",2,U,"RITACCO CONSTRUCTION, INC.","$1,750.00","$3,500.00"
21125,125,0001,ROADWAY,0061,602123M,,"RECONSTRUCTED INLET, TYPE B, USING EXISTING CASTING",2,U,KONKUS CORPORATION,"$1,150.00","$2,300.00"
21125,125,0001,ROADWAY,0061,602123M,,"RECONSTRUCTED INLET, TYPE B, USING EXISTING CASTING",2,U,"ANSELMI & DECICCO, INC.","$4,500.00","$9,000.00"
21125,125,0001,ROADWAY,0061,602123M,,"RECONSTRUCTED INLET, TYPE B, USING EXISTING CASTING",2,U,"RENCOR, INC.","$3,000.00","$6,000.00"
21125,125,0001,ROADWAY,0061,602123M,,"RECONSTRUCTED INLET, TYPE B, USING EXISTING CASTING",2,U,"IEW CONSTRUCTION GROUP, INC.","$3,104.53","$6,209.06"
21125,125,0001,ROADWAY,0062,602216M,,CLEANING DRAINAGE STRUCTURE,10,U,"RITACCO CONSTRUCTION, INC.",$250.00,"$2,500.00"
21125,125,0001,ROADWAY,0062,602216M,,CLEANING DRAINAGE STRUCTURE,10,U,KONKUS CORPORATION,$0.01,$0.10
21125,125,0001,ROADWAY,0062,602216M,,CLEANING DRAINAGE STRUCTURE,10,U,"ANSELMI & DECICCO, INC.","$1,000.00","$10,000.00"
21125,125,0001,ROADWAY,0062,602216M,,CLEANING DRAINAGE STRUCTURE,10,U,"RENCOR, INC.",$500.00,"$5,000.00"
21125,125,0001,ROADWAY,0062,602216M,,CLEANING DRAINAGE STRUCTURE,10,U,"IEW CONSTRUCTION GROUP, INC.",$280.73,"$2,807.30"
21125,125,0001,ROADWAY,0063,606012P,,"CONCRETE SIDEWALK, 4"" THICK",544,SY,"RITACCO CONSTRUCTION, INC.",$120.00,"$65,280.00"
21125,125,0001,ROADWAY,0063,606012P,,"CONCRETE SIDEWALK, 4"" THICK",544,SY,KONKUS CORPORATION,$143.00,"$77,792.00"
21125,125,0001,ROADWAY,0063,606012P,,"CONCRETE SIDEWALK, 4"" THICK",544,SY,"ANSELMI & DECICCO, INC.",$150.00,"$81,600.00"
21125,125,0001,ROADWAY,0063,606012P,,"CONCRETE SIDEWALK, 4"" THICK",544,SY,"RENCOR, INC.",$130.00,"$70,720.00"
21125,125,0001,ROADWAY,0063,606012P,,"CONCRETE SIDEWALK, 4"" THICK",544,SY,"IEW CONSTRUCTION GROUP, INC.",$145.98,"$79,413.12"
21125,125,0001,ROADWAY,0064,606084P,,DETECTABLE WARNING SURFACE,8,SY,"RITACCO CONSTRUCTION, INC.",$400.00,"$3,200.00"
21125,125,0001,ROADWAY,0064,606084P,,DETECTABLE WARNING SURFACE,8,SY,KONKUS CORPORATION,$550.00,"$4,400.00"
21125,125,0001,ROADWAY,0064,606084P,,DETECTABLE WARNING SURFACE,8,SY,"ANSELMI & DECICCO, INC.",$450.00,"$3,600.00"
21125,125,0001,ROADWAY,0064,606084P,,DETECTABLE WARNING SURFACE,8,SY,"RENCOR, INC.",$400.00,"$3,200.00"
21125,125,0001,ROADWAY,0064,606084P,,DETECTABLE WARNING SURFACE,8,SY,"IEW CONSTRUCTION GROUP, INC.",$561.45,"$4,491.60"
21125,125,0001,ROADWAY,0065,607018P,,"9"" X 16"" CONCRETE VERTICAL CURB","1,221",LF,"RITACCO CONSTRUCTION, INC.",$50.00,"$61,050.00"
21125,125,0001,ROADWAY,0065,607018P,,"9"" X 16"" CONCRETE VERTICAL CURB","1,221",LF,KONKUS CORPORATION,$60.50,"$73,870.50"
21125,125,0001,ROADWAY,0065,607018P,,"9"" X 16"" CONCRETE VERTICAL CURB","1,221",LF,"ANSELMI & DECICCO, INC.",$60.00,"$73,260.00"
21125,125,0001,ROADWAY,0065,607018P,,"9"" X 16"" CONCRETE VERTICAL CURB","1,221",LF,"RENCOR, INC.",$50.00,"$61,050.00"
21125,125,0001,ROADWAY,0065,607018P,,"9"" X 16"" CONCRETE VERTICAL CURB","1,221",LF,"IEW CONSTRUCTION GROUP, INC.",$61.76,"$75,408.96"
21125,125,0001,ROADWAY,0066,608004P,,"NONVEGETATIVE SURFACE, POROUS HOT MIX ASPHALT, ___ THICK 4""","1,136",SY,"RITACCO CONSTRUCTION, INC.",$50.00,"$56,800.00"
21125,125,0001,ROADWAY,0066,608004P,,"NONVEGETATIVE SURFACE, POROUS HOT MIX ASPHALT, ___ THICK 4""","1,136",SY,KONKUS CORPORATION,$35.00,"$39,760.00"
21125,125,0001,ROADWAY,0066,608004P,,"NONVEGETATIVE SURFACE, POROUS HOT MIX ASPHALT, ___ THICK 4""","1,136",SY,"ANSELMI & DECICCO, INC.",$60.00,"$68,160.00"
21125,125,0001,ROADWAY,0066,608004P,,"NONVEGETATIVE SURFACE, POROUS HOT MIX ASPHALT, ___ THICK 4""","1,136",SY,"RENCOR, INC.",$60.00,"$68,160.00"
21125,125,0001,ROADWAY,0066,608004P,,"NONVEGETATIVE SURFACE, POROUS HOT MIX ASPHALT, ___ THICK 4""","1,136",SY,"IEW CONSTRUCTION GROUP, INC.",$66.25,"$75,260.00"
21125,125,0001,ROADWAY,0067,609003M,,BEAM GUIDE RAIL,965,LF,"RITACCO CONSTRUCTION, INC.",$35.00,"$33,775.00"
21125,125,0001,ROADWAY,0067,609003M,,BEAM GUIDE RAIL,965,LF,KONKUS CORPORATION,$43.45,"$41,929.25"
21125,125,0001,ROADWAY,0067,609003M,,BEAM GUIDE RAIL,965,LF,"ANSELMI & DECICCO, INC.",$35.00,"$33,775.00"
21125,125,0001,ROADWAY,0067,609003M,,BEAM GUIDE RAIL,965,LF,"RENCOR, INC.",$36.00,"$34,740.00"
21125,125,0001,ROADWAY,0067,609003M,,BEAM GUIDE RAIL,965,LF,"IEW CONSTRUCTION GROUP, INC.",$40.42,"$39,005.30"
21125,125,0001,ROADWAY,0068,609009M,,MODIFIED THRIE BEAM GUIDE RAIL,500,LF,"RITACCO CONSTRUCTION, INC.",$65.00,"$32,500.00"
21125,125,0001,ROADWAY,0068,609009M,,MODIFIED THRIE BEAM GUIDE RAIL,500,LF,KONKUS CORPORATION,$116.05,"$58,025.00"
21125,125,0001,ROADWAY,0068,609009M,,MODIFIED THRIE BEAM GUIDE RAIL,500,LF,"ANSELMI & DECICCO, INC.",$65.00,"$32,500.00"
21125,125,0001,ROADWAY,0068,609009M,,MODIFIED THRIE BEAM GUIDE RAIL,500,LF,"RENCOR, INC.",$69.00,"$34,500.00"
21125,125,0001,ROADWAY,0068,609009M,,MODIFIED THRIE BEAM GUIDE RAIL,500,LF,"IEW CONSTRUCTION GROUP, INC.",$77.48,"$38,740.00"
21125,125,0001,ROADWAY,0069,609027M,,TANGENT GUIDE RAIL TERMINAL,5,U,"RITACCO CONSTRUCTION, INC.","$4,000.00","$20,000.00"
21125,125,0001,ROADWAY,0069,609027M,,TANGENT GUIDE RAIL TERMINAL,5,U,KONKUS CORPORATION,"$4,125.00","$20,625.00"
21125,125,0001,ROADWAY,0069,609027M,,TANGENT GUIDE RAIL TERMINAL,5,U,"ANSELMI & DECICCO, INC.","$4,000.00","$20,000.00"
21125,125,0001,ROADWAY,0069,609027M,,TANGENT GUIDE RAIL TERMINAL,5,U,"RENCOR, INC.","$4,200.00","$21,000.00"
21125,125,0001,ROADWAY,0069,609027M,,TANGENT GUIDE RAIL TERMINAL,5,U,"IEW CONSTRUCTION GROUP, INC.","$4,716.18","$23,580.90"
21125,125,0001,ROADWAY,0070,609039M,,BEAM GUIDE RAIL ANCHORAGE,3,U,"RITACCO CONSTRUCTION, INC.","$3,000.00","$9,000.00"
21125,125,0001,ROADWAY,0070,609039M,,BEAM GUIDE RAIL ANCHORAGE,3,U,KONKUS CORPORATION,"$1,100.00","$3,300.00"
21125,125,0001,ROADWAY,0070,609039M,,BEAM GUIDE RAIL ANCHORAGE,3,U,"ANSELMI & DECICCO, INC.","$2,100.00","$6,300.00"
21125,125,0001,ROADWAY,0070,609039M,,BEAM GUIDE RAIL ANCHORAGE,3,U,"RENCOR, INC.","$2,000.00","$6,000.00"
21125,125,0001,ROADWAY,0070,609039M,,BEAM GUIDE RAIL ANCHORAGE,3,U,"IEW CONSTRUCTION GROUP, INC.","$2,245.80","$6,737.40"
21125,125,0001,ROADWAY,0071,609042M,,BEAM GUIDE RAIL POST,4,U,"RITACCO CONSTRUCTION, INC.",$120.00,$480.00
21125,125,0001,ROADWAY,0071,609042M,,BEAM GUIDE RAIL POST,4,U,KONKUS CORPORATION,$220.00,$880.00
21125,125,0001,ROADWAY,0071,609042M,,BEAM GUIDE RAIL POST,4,U,"ANSELMI & DECICCO, INC.",$125.00,$500.00
21125,125,0001,ROADWAY,0071,609042M,,BEAM GUIDE RAIL POST,4,U,"RENCOR, INC.",$130.00,$520.00
21125,125,0001,ROADWAY,0071,609042M,,BEAM GUIDE RAIL POST,4,U,"IEW CONSTRUCTION GROUP, INC.",$145.98,$583.92
21125,125,0001,ROADWAY,0072,609059M,,APPROACH GUIDE RAIL TRANSITION TL-3,4,U,"RITACCO CONSTRUCTION, INC.","$5,500.00","$22,000.00"
21125,125,0001,ROADWAY,0072,609059M,,APPROACH GUIDE RAIL TRANSITION TL-3,4,U,KONKUS CORPORATION,"$4,125.00","$16,500.00"
21125,125,0001,ROADWAY,0072,609059M,,APPROACH GUIDE RAIL TRANSITION TL-3,4,U,"ANSELMI & DECICCO, INC.","$6,000.00","$24,000.00"
21125,125,0001,ROADWAY,0072,609059M,,APPROACH GUIDE RAIL TRANSITION TL-3,4,U,"RENCOR, INC.","$5,950.00","$23,800.00"
21125,125,0001,ROADWAY,0072,609059M,,APPROACH GUIDE RAIL TRANSITION TL-3,4,U,"IEW CONSTRUCTION GROUP, INC.","$6,681.26","$26,725.04"
21125,125,0001,ROADWAY,0073,609060M,,BEAM GUIDE RAIL BLOCKOUT,4,U,"RITACCO CONSTRUCTION, INC.",$10.00,$40.00
21125,125,0001,ROADWAY,0073,609060M,,BEAM GUIDE RAIL BLOCKOUT,4,U,KONKUS CORPORATION,$220.00,$880.00
21125,125,0001,ROADWAY,0073,609060M,,BEAM GUIDE RAIL BLOCKOUT,4,U,"ANSELMI & DECICCO, INC.",$10.00,$40.00
21125,125,0001,ROADWAY,0073,609060M,,BEAM GUIDE RAIL BLOCKOUT,4,U,"RENCOR, INC.",$9.00,$36.00
21125,125,0001,ROADWAY,0073,609060M,,BEAM GUIDE RAIL BLOCKOUT,4,U,"IEW CONSTRUCTION GROUP, INC.",$10.11,$40.44
21125,125,0001,ROADWAY,0074,609075M,,REMOVAL OF BEAM GUIDE RAIL,"1,717",LF,"RITACCO CONSTRUCTION, INC.",$5.00,"$8,585.00"
21125,125,0001,ROADWAY,0074,609075M,,REMOVAL OF BEAM GUIDE RAIL,"1,717",LF,KONKUS CORPORATION,$0.01,$17.17
21125,125,0001,ROADWAY,0074,609075M,,REMOVAL OF BEAM GUIDE RAIL,"1,717",LF,"ANSELMI & DECICCO, INC.",$2.00,"$3,434.00"
21125,125,0001,ROADWAY,0074,609075M,,REMOVAL OF BEAM GUIDE RAIL,"1,717",LF,"RENCOR, INC.",$6.50,"$11,160.50"
21125,125,0001,ROADWAY,0074,609075M,,REMOVAL OF BEAM GUIDE RAIL,"1,717",LF,"IEW CONSTRUCTION GROUP, INC.",$7.30,"$12,534.10"
21125,125,0001,ROADWAY,0075,610003M,,"TRAFFIC STRIPES, 4""","8,844",LF,"RITACCO CONSTRUCTION, INC.",$0.60,"$5,306.40"
21125,125,0001,ROADWAY,0075,610003M,,"TRAFFIC STRIPES, 4""","8,844",LF,KONKUS CORPORATION,$0.75,"$6,633.00"
21125,125,0001,ROADWAY,0075,610003M,,"TRAFFIC STRIPES, 4""","8,844",LF,"ANSELMI & DECICCO, INC.",$0.50,"$4,422.00"
21125,125,0001,ROADWAY,0075,610003M,,"TRAFFIC STRIPES, 4""","8,844",LF,"RENCOR, INC.",$0.60,"$5,306.40"
21125,125,0001,ROADWAY,0075,610003M,,"TRAFFIC STRIPES, 4""","8,844",LF,"IEW CONSTRUCTION GROUP, INC.",$0.67,"$5,925.48"
21125,125,0001,ROADWAY,0076,610006M,,"TRAFFIC STRIPES, 6""","2,100",LF,"RITACCO CONSTRUCTION, INC.",$0.90,"$1,890.00"
21125,125,0001,ROADWAY,0076,610006M,,"TRAFFIC STRIPES, 6""","2,100",LF,KONKUS CORPORATION,$1.12,"$2,352.00"
21125,125,0001,ROADWAY,0076,610006M,,"TRAFFIC STRIPES, 6""","2,100",LF,"ANSELMI & DECICCO, INC.",$0.55,"$1,155.00"
21125,125,0001,ROADWAY,0076,610006M,,"TRAFFIC STRIPES, 6""","2,100",LF,"RENCOR, INC.",$0.90,"$1,890.00"
21125,125,0001,ROADWAY,0076,610006M,,"TRAFFIC STRIPES, 6""","2,100",LF,"IEW CONSTRUCTION GROUP, INC.",$1.01,"$2,121.00"
21125,125,0001,ROADWAY,0077,610007M,,"TRAFFIC STRIPES, 8""","4,165",LF,"RITACCO CONSTRUCTION, INC.",$1.20,"$4,998.00"
21125,125,0001,ROADWAY,0077,610007M,,"TRAFFIC STRIPES, 8""","4,165",LF,KONKUS CORPORATION,$1.50,"$6,247.50"
21125,125,0001,ROADWAY,0077,610007M,,"TRAFFIC STRIPES, 8""","4,165",LF,"ANSELMI & DECICCO, INC.",$0.70,"$2,915.50"
21125,125,0001,ROADWAY,0077,610007M,,"TRAFFIC STRIPES, 8""","4,165",LF,"RENCOR, INC.",$1.20,"$4,998.00"
21125,125,0001,ROADWAY,0077,610007M,,"TRAFFIC STRIPES, 8""","4,165",LF,"IEW CONSTRUCTION GROUP, INC.",$1.35,"$5,622.75"
21125,125,0001,ROADWAY,0078,610012M,,"RPM, MONO-DIRECTIONAL, WHITE LENS",115,U,"RITACCO CONSTRUCTION, INC.",$50.00,"$5,750.00"
21125,125,0001,ROADWAY,0078,610012M,,"RPM, MONO-DIRECTIONAL, WHITE LENS",115,U,KONKUS CORPORATION,$52.00,"$5,980.00"
21125,125,0001,ROADWAY,0078,610012M,,"RPM, MONO-DIRECTIONAL, WHITE LENS",115,U,"ANSELMI & DECICCO, INC.",$35.00,"$4,025.00"
21125,125,0001,ROADWAY,0078,610012M,,"RPM, MONO-DIRECTIONAL, WHITE LENS",115,U,"RENCOR, INC.",$30.00,"$3,450.00"
21125,125,0001,ROADWAY,0078,610012M,,"RPM, MONO-DIRECTIONAL, WHITE LENS",115,U,"IEW CONSTRUCTION GROUP, INC.",$32.11,"$3,692.65"
21125,125,0001,ROADWAY,0079,610014M,,"TRAFFIC MARKING LINES, 8""",304,LF,"RITACCO CONSTRUCTION, INC.",$1.25,$380.00
21125,125,0001,ROADWAY,0079,610014M,,"TRAFFIC MARKING LINES, 8""",304,LF,KONKUS CORPORATION,$1.61,$489.44
21125,125,0001,ROADWAY,0079,610014M,,"TRAFFIC MARKING LINES, 8""",304,LF,"ANSELMI & DECICCO, INC.",$3.00,$912.00
21125,125,0001,ROADWAY,0079,610014M,,"TRAFFIC MARKING LINES, 8""",304,LF,"RENCOR, INC.",$2.00,$608.00
21125,125,0001,ROADWAY,0079,610014M,,"TRAFFIC MARKING LINES, 8""",304,LF,"IEW CONSTRUCTION GROUP, INC.",$1.35,$410.40
21125,125,0001,ROADWAY,0080,610017M,,"TRAFFIC MARKING LINES, 24""",325,LF,"RITACCO CONSTRUCTION, INC.",$4.00,"$1,300.00"
21125,125,0001,ROADWAY,0080,610017M,,"TRAFFIC MARKING LINES, 24""",325,LF,KONKUS CORPORATION,$4.83,"$1,569.75"
21125,125,0001,ROADWAY,0080,610017M,,"TRAFFIC MARKING LINES, 24""",325,LF,"ANSELMI & DECICCO, INC.",$7.00,"$2,275.00"
21125,125,0001,ROADWAY,0080,610017M,,"TRAFFIC MARKING LINES, 24""",325,LF,"RENCOR, INC.",$6.00,"$1,950.00"
21125,125,0001,ROADWAY,0080,610017M,,"TRAFFIC MARKING LINES, 24""",325,LF,"IEW CONSTRUCTION GROUP, INC.",$6.74,"$2,190.50"
21125,125,0001,ROADWAY,0081,610018M,,"RPM, MONO-DIRECTIONAL, AMBER LENS",30,U,"RITACCO CONSTRUCTION, INC.",$50.00,"$1,500.00"
21125,125,0001,ROADWAY,0081,610018M,,"RPM, MONO-DIRECTIONAL, AMBER LENS",30,U,KONKUS CORPORATION,$52.00,"$1,560.00"
21125,125,0001,ROADWAY,0081,610018M,,"RPM, MONO-DIRECTIONAL, AMBER LENS",30,U,"ANSELMI & DECICCO, INC.",$35.00,"$1,050.00"
21125,125,0001,ROADWAY,0081,610018M,,"RPM, MONO-DIRECTIONAL, AMBER LENS",30,U,"RENCOR, INC.",$30.00,$900.00
21125,125,0001,ROADWAY,0081,610018M,,"RPM, MONO-DIRECTIONAL, AMBER LENS",30,U,"IEW CONSTRUCTION GROUP, INC.",$32.12,$963.60
21125,125,0001,ROADWAY,0082,610021M,,"RPM, BI-DIRECTIONAL, AMBER LENS",24,U,"RITACCO CONSTRUCTION, INC.",$50.00,"$1,200.00"
21125,125,0001,ROADWAY,0082,610021M,,"RPM, BI-DIRECTIONAL, AMBER LENS",24,U,KONKUS CORPORATION,$52.00,"$1,248.00"
21125,125,0001,ROADWAY,0082,610021M,,"RPM, BI-DIRECTIONAL, AMBER LENS",24,U,"ANSELMI & DECICCO, INC.",$35.00,$840.00
21125,125,0001,ROADWAY,0082,610021M,,"RPM, BI-DIRECTIONAL, AMBER LENS",24,U,"RENCOR, INC.",$30.00,$720.00
21125,125,0001,ROADWAY,0082,610021M,,"RPM, BI-DIRECTIONAL, AMBER LENS",24,U,"IEW CONSTRUCTION GROUP, INC.",$32.12,$770.88
21125,125,0001,ROADWAY,0083,610024M,,REMOVAL OF RPM,169,U,"RITACCO CONSTRUCTION, INC.",$30.00,"$5,070.00"
21125,125,0001,ROADWAY,0083,610024M,,REMOVAL OF RPM,169,U,KONKUS CORPORATION,$0.01,$1.69
21125,125,0001,ROADWAY,0083,610024M,,REMOVAL OF RPM,169,U,"ANSELMI & DECICCO, INC.",$5.00,$845.00
21125,125,0001,ROADWAY,0083,610024M,,REMOVAL OF RPM,169,U,"RENCOR, INC.",$35.00,"$5,915.00"
21125,125,0001,ROADWAY,0083,610024M,,REMOVAL OF RPM,169,U,"IEW CONSTRUCTION GROUP, INC.",$30.35,"$5,129.15"
21125,125,0001,ROADWAY,0084,610033M,,RUMBLE STRIP,600,LF,"RITACCO CONSTRUCTION, INC.",$15.00,"$9,000.00"
21125,125,0001,ROADWAY,0084,610033M,,RUMBLE STRIP,600,LF,KONKUS CORPORATION,$1.00,$600.00
21125,125,0001,ROADWAY,0084,610033M,,RUMBLE STRIP,600,LF,"ANSELMI & DECICCO, INC.",$1.00,$600.00
21125,125,0001,ROADWAY,0084,610033M,,RUMBLE STRIP,600,LF,"RENCOR, INC.",$5.00,"$3,000.00"
21125,125,0001,ROADWAY,0084,610033M,,RUMBLE STRIP,600,LF,"IEW CONSTRUCTION GROUP, INC.",$21.71,"$13,026.00"
21125,125,0001,ROADWAY,0085,610036M,,REMOVAL OF TRAFFIC STRIPES,"20,508",LF,"RITACCO CONSTRUCTION, INC.",$0.60,"$12,304.80"
21125,125,0001,ROADWAY,0085,610036M,,REMOVAL OF TRAFFIC STRIPES,"20,508",LF,KONKUS CORPORATION,$0.75,"$15,381.00"
21125,125,0001,ROADWAY,0085,610036M,,REMOVAL OF TRAFFIC STRIPES,"20,508",LF,"ANSELMI & DECICCO, INC.",$0.60,"$12,304.80"
21125,125,0001,ROADWAY,0085,610036M,,REMOVAL OF TRAFFIC STRIPES,"20,508",LF,"RENCOR, INC.",$0.70,"$14,355.60"
21125,125,0001,ROADWAY,0085,610036M,,REMOVAL OF TRAFFIC STRIPES,"20,508",LF,"IEW CONSTRUCTION GROUP, INC.",$0.74,"$15,175.92"
21125,125,0001,ROADWAY,0086,610039M,,REMOVAL OF TRAFFIC MARKINGS,"1,830",SF,"RITACCO CONSTRUCTION, INC.",$3.00,"$5,490.00"
21125,125,0001,ROADWAY,0086,610039M,,REMOVAL OF TRAFFIC MARKINGS,"1,830",SF,KONKUS CORPORATION,$3.50,"$6,405.00"
21125,125,0001,ROADWAY,0086,610039M,,REMOVAL OF TRAFFIC MARKINGS,"1,830",SF,"ANSELMI & DECICCO, INC.",$2.00,"$3,660.00"
21125,125,0001,ROADWAY,0086,610039M,,REMOVAL OF TRAFFIC MARKINGS,"1,830",SF,"RENCOR, INC.",$4.00,"$7,320.00"
21125,125,0001,ROADWAY,0086,610039M,,REMOVAL OF TRAFFIC MARKINGS,"1,830",SF,"IEW CONSTRUCTION GROUP, INC.",$4.38,"$8,015.40"
21125,125,0001,ROADWAY,0087,612015P,,"GUIDE SIGN PANEL, TYPE GO",317,SF,"RITACCO CONSTRUCTION, INC.",$45.00,"$14,265.00"
21125,125,0001,ROADWAY,0087,612015P,,"GUIDE SIGN PANEL, TYPE GO",317,SF,KONKUS CORPORATION,$34.00,"$10,778.00"
21125,125,0001,ROADWAY,0087,612015P,,"GUIDE SIGN PANEL, TYPE GO",317,SF,"ANSELMI & DECICCO, INC.",$35.00,"$11,095.00"
21125,125,0001,ROADWAY,0087,612015P,,"GUIDE SIGN PANEL, TYPE GO",317,SF,"RENCOR, INC.",$35.00,"$11,095.00"
21125,125,0001,ROADWAY,0087,612015P,,"GUIDE SIGN PANEL, TYPE GO",317,SF,"IEW CONSTRUCTION GROUP, INC.",$38.18,"$12,103.06"
21125,125,0001,ROADWAY,0088,653057P,,"12"" GAS MAIN, BRIDGE",370,LF,"RITACCO CONSTRUCTION, INC.","$1,200.00","$444,000.00"
21125,125,0001,ROADWAY,0088,653057P,,"12"" GAS MAIN, BRIDGE",370,LF,KONKUS CORPORATION,"$1,508.00","$557,960.00"
21125,125,0001,ROADWAY,0088,653057P,,"12"" GAS MAIN, BRIDGE",370,LF,"ANSELMI & DECICCO, INC.","$1,000.00","$370,000.00"
21125,125,0001,ROADWAY,0088,653057P,,"12"" GAS MAIN, BRIDGE",370,LF,"RENCOR, INC.","$1,332.00","$492,840.00"
21125,125,0001,ROADWAY,0088,653057P,,"12"" GAS MAIN, BRIDGE",370,LF,"IEW CONSTRUCTION GROUP, INC.","$1,495.70","$553,409.00"
21125,125,0001,ROADWAY,0089,657005P,,UTILITY PIPE SUPPORT,1,LS,"RITACCO CONSTRUCTION, INC.","$988,000.00","$988,000.00"
21125,125,0001,ROADWAY,0089,657005P,,UTILITY PIPE SUPPORT,1,LS,KONKUS CORPORATION,"$2,006,112.00","$2,006,112.00"
21125,125,0001,ROADWAY,0089,657005P,,UTILITY PIPE SUPPORT,1,LS,"ANSELMI & DECICCO, INC.",$1.00,$1.00
21125,125,0001,ROADWAY,0089,657005P,,UTILITY PIPE SUPPORT,1,LS,"RENCOR, INC.","$855,000.00","$855,000.00"
21125,125,0001,ROADWAY,0089,657005P,,UTILITY PIPE SUPPORT,1,LS,"IEW CONSTRUCTION GROUP, INC.","$1,777,000.00","$1,777,000.00"
21125,125,0001,ROADWAY,0090,701012P,,"1 1/2"" RIGID METALLIC CONDUIT",36,LF,"RITACCO CONSTRUCTION, INC.",$45.00,"$1,620.00"
21125,125,0001,ROADWAY,0090,701012P,,"1 1/2"" RIGID METALLIC CONDUIT",36,LF,KONKUS CORPORATION,$165.00,"$5,940.00"
21125,125,0001,ROADWAY,0090,701012P,,"1 1/2"" RIGID METALLIC CONDUIT",36,LF,"ANSELMI & DECICCO, INC.",$100.00,"$3,600.00"
21125,125,0001,ROADWAY,0090,701012P,,"1 1/2"" RIGID METALLIC CONDUIT",36,LF,"RENCOR, INC.",$150.00,"$5,400.00"
21125,125,0001,ROADWAY,0090,701012P,,"1 1/2"" RIGID METALLIC CONDUIT",36,LF,"IEW CONSTRUCTION GROUP, INC.",$53.90,"$1,940.40"
21125,125,0001,ROADWAY,0091,701021P,,"3"" RIGID METALLIC CONDUIT",875,LF,"RITACCO CONSTRUCTION, INC.",$55.00,"$48,125.00"
21125,125,0001,ROADWAY,0091,701021P,,"3"" RIGID METALLIC CONDUIT",875,LF,KONKUS CORPORATION,$66.00,"$57,750.00"
21125,125,0001,ROADWAY,0091,701021P,,"3"" RIGID METALLIC CONDUIT",875,LF,"ANSELMI & DECICCO, INC.",$100.00,"$87,500.00"
21125,125,0001,ROADWAY,0091,701021P,,"3"" RIGID METALLIC CONDUIT",875,LF,"RENCOR, INC.",$60.00,"$52,500.00"
21125,125,0001,ROADWAY,0091,701021P,,"3"" RIGID METALLIC CONDUIT",875,LF,"IEW CONSTRUCTION GROUP, INC.",$67.37,"$58,948.75"
21125,125,0001,ROADWAY,0092,701102M,,"18"" X 36"" JUNCTION BOX",4,U,"RITACCO CONSTRUCTION, INC.","$1,500.00","$6,000.00"
21125,125,0001,ROADWAY,0092,701102M,,"18"" X 36"" JUNCTION BOX",4,U,KONKUS CORPORATION,"$2,475.00","$9,900.00"
21125,125,0001,ROADWAY,0092,701102M,,"18"" X 36"" JUNCTION BOX",4,U,"ANSELMI & DECICCO, INC.","$2,500.00","$10,000.00"
21125,125,0001,ROADWAY,0092,701102M,,"18"" X 36"" JUNCTION BOX",4,U,"RENCOR, INC.","$2,250.00","$9,000.00"
21125,125,0001,ROADWAY,0092,701102M,,"18"" X 36"" JUNCTION BOX",4,U,"IEW CONSTRUCTION GROUP, INC.","$1,749.12","$6,996.48"
21125,125,0001,ROADWAY,0093,701105M,,"8"" X 8"" X 6"" METAL JUNCTION BOX",4,U,"RITACCO CONSTRUCTION, INC.",$200.00,$800.00
21125,125,0001,ROADWAY,0093,701105M,,"8"" X 8"" X 6"" METAL JUNCTION BOX",4,U,KONKUS CORPORATION,"$1,320.00","$5,280.00"
21125,125,0001,ROADWAY,0093,701105M,,"8"" X 8"" X 6"" METAL JUNCTION BOX",4,U,"ANSELMI & DECICCO, INC.","$1,250.00","$5,000.00"
21125,125,0001,ROADWAY,0093,701105M,,"8"" X 8"" X 6"" METAL JUNCTION BOX",4,U,"RENCOR, INC.","$1,200.00","$4,800.00"
21125,125,0001,ROADWAY,0093,701105M,,"8"" X 8"" X 6"" METAL JUNCTION BOX",4,U,"IEW CONSTRUCTION GROUP, INC.",$235.81,$943.24
21125,125,0001,ROADWAY,0094,701192P,,"GROUND WIRE, NO. 8 AWG",875,LF,"RITACCO CONSTRUCTION, INC.",$2.00,"$1,750.00"
21125,125,0001,ROADWAY,0094,701192P,,"GROUND WIRE, NO. 8 AWG",875,LF,KONKUS CORPORATION,$3.03,"$2,651.25"
21125,125,0001,ROADWAY,0094,701192P,,"GROUND WIRE, NO. 8 AWG",875,LF,"ANSELMI & DECICCO, INC.",$5.00,"$4,375.00"
21125,125,0001,ROADWAY,0094,701192P,,"GROUND WIRE, NO. 8 AWG",875,LF,"RENCOR, INC.",$3.00,"$2,625.00"
21125,125,0001,ROADWAY,0094,701192P,,"GROUND WIRE, NO. 8 AWG",875,LF,"IEW CONSTRUCTION GROUP, INC.",$2.68,"$2,345.00"
21125,125,0001,ROADWAY,0095,701195P,,"MULTIPLE LIGHTING WIRE, NO. 2 AWG","3,500",LF,"RITACCO CONSTRUCTION, INC.",$4.00,"$14,000.00"
21125,125,0001,ROADWAY,0095,701195P,,"MULTIPLE LIGHTING WIRE, NO. 2 AWG","3,500",LF,KONKUS CORPORATION,$7.15,"$25,025.00"
21125,125,0001,ROADWAY,0095,701195P,,"MULTIPLE LIGHTING WIRE, NO. 2 AWG","3,500",LF,"ANSELMI & DECICCO, INC.",$7.00,"$24,500.00"
21125,125,0001,ROADWAY,0095,701195P,,"MULTIPLE LIGHTING WIRE, NO. 2 AWG","3,500",LF,"RENCOR, INC.",$7.00,"$24,500.00"
21125,125,0001,ROADWAY,0095,701195P,,"MULTIPLE LIGHTING WIRE, NO. 2 AWG","3,500",LF,"IEW CONSTRUCTION GROUP, INC.",$4.67,"$16,345.00"
21125,125,0001,ROADWAY,0096,702057M,,"INTERIM TRAFFIC SIGNAL SYSTEM, LOCATION NO. ___ 1",1,LS,"RITACCO CONSTRUCTION, INC.","$15,000.00","$15,000.00"
21125,125,0001,ROADWAY,0096,702057M,,"INTERIM TRAFFIC SIGNAL SYSTEM, LOCATION NO. ___ 1",1,LS,KONKUS CORPORATION,"$46,035.00","$46,035.00"
21125,125,0001,ROADWAY,0096,702057M,,"INTERIM TRAFFIC SIGNAL SYSTEM, LOCATION NO. ___ 1",1,LS,"ANSELMI & DECICCO, INC.","$40,000.00","$40,000.00"
21125,125,0001,ROADWAY,0096,702057M,,"INTERIM TRAFFIC SIGNAL SYSTEM, LOCATION NO. ___ 1",1,LS,"RENCOR, INC.","$42,000.00","$42,000.00"
21125,125,0001,ROADWAY,0096,702057M,,"INTERIM TRAFFIC SIGNAL SYSTEM, LOCATION NO. ___ 1",1,LS,"IEW CONSTRUCTION GROUP, INC.","$11,229.01","$11,229.01"
21125,125,0001,ROADWAY,0097,703003M,,LIGHTING STANDARD ALUMINUM,4,U,"RITACCO CONSTRUCTION, INC.","$2,000.00","$8,000.00"
21125,125,0001,ROADWAY,0097,703003M,,LIGHTING STANDARD ALUMINUM,4,U,KONKUS CORPORATION,"$2,062.50","$8,250.00"
21125,125,0001,ROADWAY,0097,703003M,,LIGHTING STANDARD ALUMINUM,4,U,"ANSELMI & DECICCO, INC.","$2,500.00","$10,000.00"
21125,125,0001,ROADWAY,0097,703003M,,LIGHTING STANDARD ALUMINUM,4,U,"RENCOR, INC.","$1,875.00","$7,500.00"
21125,125,0001,ROADWAY,0097,703003M,,LIGHTING STANDARD ALUMINUM,4,U,"IEW CONSTRUCTION GROUP, INC.","$2,279.49","$9,117.96"
21125,125,0001,ROADWAY,0098,703012M,,LIGHTING MAST ARM ALUMINUM,4,U,"RITACCO CONSTRUCTION, INC.","$2,000.00","$8,000.00"
21125,125,0001,ROADWAY,0098,703012M,,LIGHTING MAST ARM ALUMINUM,4,U,KONKUS CORPORATION,"$1,127.00","$4,508.00"
21125,125,0001,ROADWAY,0098,703012M,,LIGHTING MAST ARM ALUMINUM,4,U,"ANSELMI & DECICCO, INC.","$2,500.00","$10,000.00"
21125,125,0001,ROADWAY,0098,703012M,,LIGHTING MAST ARM ALUMINUM,4,U,"RENCOR, INC.","$1,025.00","$4,100.00"
21125,125,0001,ROADWAY,0098,703012M,,LIGHTING MAST ARM ALUMINUM,4,U,"IEW CONSTRUCTION GROUP, INC.","$2,178.43","$8,713.72"
21125,125,0001,ROADWAY,0099,703018M,,LUMINAIRE,4,U,"RITACCO CONSTRUCTION, INC.",$800.00,"$3,200.00"
21125,125,0001,ROADWAY,0099,703018M,,LUMINAIRE,4,U,KONKUS CORPORATION,"$1,127.00","$4,508.00"
21125,125,0001,ROADWAY,0099,703018M,,LUMINAIRE,4,U,"ANSELMI & DECICCO, INC.","$2,500.00","$10,000.00"
21125,125,0001,ROADWAY,0099,703018M,,LUMINAIRE,4,U,"RENCOR, INC.","$1,025.00","$4,100.00"
21125,125,0001,ROADWAY,0099,703018M,,LUMINAIRE,4,U,"IEW CONSTRUCTION GROUP, INC.",$935.29,"$3,741.16"
21125,125,0005,GENERAL LANDSCAPE,0100,801012M,,SELECTIVE CLEARING,100,SY,"RITACCO CONSTRUCTION, INC.",$150.00,"$15,000.00"
21125,125,0005,GENERAL LANDSCAPE,0100,801012M,,SELECTIVE CLEARING,100,SY,KONKUS CORPORATION,$0.01,$1.00
21125,125,0005,GENERAL LANDSCAPE,0100,801012M,,SELECTIVE CLEARING,100,SY,"ANSELMI & DECICCO, INC.",$20.00,"$2,000.00"
21125,125,0005,GENERAL LANDSCAPE,0100,801012M,,SELECTIVE CLEARING,100,SY,"RENCOR, INC.",$177.00,"$17,700.00"
21125,125,0005,GENERAL LANDSCAPE,0100,801012M,,SELECTIVE CLEARING,100,SY,"IEW CONSTRUCTION GROUP, INC.",$59.84,"$5,984.00"
21125,125,0005,GENERAL LANDSCAPE,0101,804006P,,"TOPSOILING, 4"" THICK",114,SY,"RITACCO CONSTRUCTION, INC.",$10.00,"$1,140.00"
21125,125,0005,GENERAL LANDSCAPE,0101,804006P,,"TOPSOILING, 4"" THICK",114,SY,KONKUS CORPORATION,$0.01,$1.14
21125,125,0005,GENERAL LANDSCAPE,0101,804006P,,"TOPSOILING, 4"" THICK",114,SY,"ANSELMI & DECICCO, INC.",$5.00,$570.00
21125,125,0005,GENERAL LANDSCAPE,0101,804006P,,"TOPSOILING, 4"" THICK",114,SY,"RENCOR, INC.",$10.25,"$1,168.50"
21125,125,0005,GENERAL LANDSCAPE,0101,804006P,,"TOPSOILING, 4"" THICK",114,SY,"IEW CONSTRUCTION GROUP, INC.",$7.30,$832.20
21125,125,0005,GENERAL LANDSCAPE,0102,806006P,,"FERTILIZING AND SEEDING, TYPE A-3",454,SY,"RITACCO CONSTRUCTION, INC.",$3.00,"$1,362.00"
21125,125,0005,GENERAL LANDSCAPE,0102,806006P,,"FERTILIZING AND SEEDING, TYPE A-3",454,SY,KONKUS CORPORATION,$0.01,$4.54
21125,125,0005,GENERAL LANDSCAPE,0102,806006P,,"FERTILIZING AND SEEDING, TYPE A-3",454,SY,"ANSELMI & DECICCO, INC.",$2.00,$908.00
21125,125,0005,GENERAL LANDSCAPE,0102,806006P,,"FERTILIZING AND SEEDING, TYPE A-3",454,SY,"RENCOR, INC.",$2.75,"$1,248.50"
21125,125,0005,GENERAL LANDSCAPE,0102,806006P,,"FERTILIZING AND SEEDING, TYPE A-3",454,SY,"IEW CONSTRUCTION GROUP, INC.",$2.81,"$1,275.74"
21125,125,0004,EROSION CONTROL,0103,806018P,,"FERTILIZING AND SEEDING, TYPE F",100,SY,"RITACCO CONSTRUCTION, INC.",$10.00,"$1,000.00"
21125,125,0004,EROSION CONTROL,0103,806018P,,"FERTILIZING AND SEEDING, TYPE F",100,SY,KONKUS CORPORATION,$0.01,$1.00
21125,125,0004,EROSION CONTROL,0103,806018P,,"FERTILIZING AND SEEDING, TYPE F",100,SY,"ANSELMI & DECICCO, INC.",$1.00,$100.00
21125,125,0004,EROSION CONTROL,0103,806018P,,"FERTILIZING AND SEEDING, TYPE F",100,SY,"RENCOR, INC.",$15.75,"$1,575.00"
21125,125,0004,EROSION CONTROL,0103,806018P,,"FERTILIZING AND SEEDING, TYPE F",100,SY,"IEW CONSTRUCTION GROUP, INC.",$2.81,$281.00
21125,125,0005,GENERAL LANDSCAPE,0104,809003M,,STRAW MULCHING,454,SY,"RITACCO CONSTRUCTION, INC.",$2.00,$908.00
21125,125,0005,GENERAL LANDSCAPE,0104,809003M,,STRAW MULCHING,454,SY,KONKUS CORPORATION,$0.01,$4.54
21125,125,0005,GENERAL LANDSCAPE,0104,809003M,,STRAW MULCHING,454,SY,"ANSELMI & DECICCO, INC.",$2.00,$908.00
21125,125,0005,GENERAL LANDSCAPE,0104,809003M,,STRAW MULCHING,454,SY,"RENCOR, INC.",$2.00,$908.00
21125,125,0005,GENERAL LANDSCAPE,0104,809003M,,STRAW MULCHING,454,SY,"IEW CONSTRUCTION GROUP, INC.",$2.81,"$1,275.74"
21125,125,0005,GENERAL LANDSCAPE,0105,811123M,,BULB,"12,000",U,"RITACCO CONSTRUCTION, INC.",$3.00,"$36,000.00"
21125,125,0005,GENERAL LANDSCAPE,0105,811123M,,BULB,"12,000",U,KONKUS CORPORATION,$2.36,"$28,320.00"
21125,125,0005,GENERAL LANDSCAPE,0105,811123M,,BULB,"12,000",U,"ANSELMI & DECICCO, INC.",$3.00,"$36,000.00"
21125,125,0005,GENERAL LANDSCAPE,0105,811123M,,BULB,"12,000",U,"RENCOR, INC.",$3.30,"$39,600.00"
21125,125,0005,GENERAL LANDSCAPE,0105,811123M,,BULB,"12,000",U,"IEW CONSTRUCTION GROUP, INC.",$3.37,"$40,440.00"
21125,125,0006,BRIDGE,0106,201006P,,"CLEARING SITE, BRIDGE (___) (1231-168)",1,LS,"RITACCO CONSTRUCTION, INC.","$640,000.00","$640,000.00"
21125,125,0006,BRIDGE,0106,201006P,,"CLEARING SITE, BRIDGE (___) (1231-168)",1,LS,KONKUS CORPORATION,"$640,000.00","$640,000.00"
21125,125,0006,BRIDGE,0106,201006P,,"CLEARING SITE, BRIDGE (___) (1231-168)",1,LS,"ANSELMI & DECICCO, INC.","$640,000.00","$640,000.00"
21125,125,0006,BRIDGE,0106,201006P,,"CLEARING SITE, BRIDGE (___) (1231-168)",1,LS,"RENCOR, INC.","$640,000.00","$640,000.00"
21125,125,0006,BRIDGE,0106,201006P,,"CLEARING SITE, BRIDGE (___) (1231-168)",1,LS,"IEW CONSTRUCTION GROUP, INC.","$640,000.00","$640,000.00"
21125,125,0006,BRIDGE,0107,201039P,,TEMPORARY SHIELDING,1,LS,"RITACCO CONSTRUCTION, INC.","$1,539,899.40","$1,539,899.40"
21125,125,0006,BRIDGE,0107,201039P,,TEMPORARY SHIELDING,1,LS,KONKUS CORPORATION,"$3,000,000.00","$3,000,000.00"
21125,125,0006,BRIDGE,0107,201039P,,TEMPORARY SHIELDING,1,LS,"ANSELMI & DECICCO, INC.","$1,325,000.00","$1,325,000.00"
21125,125,0006,BRIDGE,0107,201039P,,TEMPORARY SHIELDING,1,LS,"RENCOR, INC.","$450,000.00","$450,000.00"
21125,125,0006,BRIDGE,0107,201039P,,TEMPORARY SHIELDING,1,LS,"IEW CONSTRUCTION GROUP, INC.","$2,000,000.00","$2,000,000.00"
21125,125,0006,BRIDGE,0108,202009P,,"EXCAVATION, UNCLASSIFIED",690,CY,"RITACCO CONSTRUCTION, INC.",$40.00,"$27,600.00"
21125,125,0006,BRIDGE,0108,202009P,,"EXCAVATION, UNCLASSIFIED",690,CY,KONKUS CORPORATION,$45.00,"$31,050.00"
21125,125,0006,BRIDGE,0108,202009P,,"EXCAVATION, UNCLASSIFIED",690,CY,"ANSELMI & DECICCO, INC.",$150.00,"$103,500.00"
21125,125,0006,BRIDGE,0108,202009P,,"EXCAVATION, UNCLASSIFIED",690,CY,"RENCOR, INC.",$50.00,"$34,500.00"
21125,125,0006,BRIDGE,0108,202009P,,"EXCAVATION, UNCLASSIFIED",690,CY,"IEW CONSTRUCTION GROUP, INC.",$66.19,"$45,671.10"
21125,125,0006,BRIDGE,0109,203009P,,I-9 SOIL AGGREGATE,410,CY,"RITACCO CONSTRUCTION, INC.",$60.00,"$24,600.00"
21125,125,0006,BRIDGE,0109,203009P,,I-9 SOIL AGGREGATE,410,CY,KONKUS CORPORATION,$65.00,"$26,650.00"
21125,125,0006,BRIDGE,0109,203009P,,I-9 SOIL AGGREGATE,410,CY,"ANSELMI & DECICCO, INC.",$100.00,"$41,000.00"
21125,125,0006,BRIDGE,0109,203009P,,I-9 SOIL AGGREGATE,410,CY,"RENCOR, INC.",$80.00,"$32,800.00"
21125,125,0006,BRIDGE,0109,203009P,,I-9 SOIL AGGREGATE,410,CY,"IEW CONSTRUCTION GROUP, INC.",$137.04,"$56,186.40"
21125,125,0006,BRIDGE,0110,302060P,,"COARSE AGGREGATE, SIZE NO. 57",50,CY,"RITACCO CONSTRUCTION, INC.",$50.00,"$2,500.00"
21125,125,0006,BRIDGE,0110,302060P,,"COARSE AGGREGATE, SIZE NO. 57",50,CY,KONKUS CORPORATION,$90.00,"$4,500.00"
21125,125,0006,BRIDGE,0110,302060P,,"COARSE AGGREGATE, SIZE NO. 57",50,CY,"ANSELMI & DECICCO, INC.",$100.00,"$5,000.00"
21125,125,0006,BRIDGE,0110,302060P,,"COARSE AGGREGATE, SIZE NO. 57",50,CY,"RENCOR, INC.",$85.00,"$4,250.00"
21125,125,0006,BRIDGE,0110,302060P,,"COARSE AGGREGATE, SIZE NO. 57",50,CY,"IEW CONSTRUCTION GROUP, INC.",$99.15,"$4,957.50"
21125,125,0006,BRIDGE,0111,501003P,,TEMPORARY SHEETING,"5,890",SF,"RITACCO CONSTRUCTION, INC.",$10.00,"$58,900.00"
21125,125,0006,BRIDGE,0111,501003P,,TEMPORARY SHEETING,"5,890",SF,KONKUS CORPORATION,$0.01,$58.90
21125,125,0006,BRIDGE,0111,501003P,,TEMPORARY SHEETING,"5,890",SF,"ANSELMI & DECICCO, INC.",$1.00,"$5,890.00"
21125,125,0006,BRIDGE,0111,501003P,,TEMPORARY SHEETING,"5,890",SF,"RENCOR, INC.",$40.00,"$235,600.00"
21125,125,0006,BRIDGE,0111,501003P,,TEMPORARY SHEETING,"5,890",SF,"IEW CONSTRUCTION GROUP, INC.",$1.00,"$5,890.00"
21125,125,0006,BRIDGE,0112,504006P,,"REINFORCEMENT STEEL, EPOXY-COATED","153,000",LB,"RITACCO CONSTRUCTION, INC.",$2.00,"$306,000.00"
21125,125,0006,BRIDGE,0112,504006P,,"REINFORCEMENT STEEL, EPOXY-COATED","153,000",LB,KONKUS CORPORATION,$1.73,"$264,690.00"
21125,125,0006,BRIDGE,0112,504006P,,"REINFORCEMENT STEEL, EPOXY-COATED","153,000",LB,"ANSELMI & DECICCO, INC.",$3.00,"$459,000.00"
21125,125,0006,BRIDGE,0112,504006P,,"REINFORCEMENT STEEL, EPOXY-COATED","153,000",LB,"RENCOR, INC.",$3.00,"$459,000.00"
21125,125,0006,BRIDGE,0112,504006P,,"REINFORCEMENT STEEL, EPOXY-COATED","153,000",LB,"IEW CONSTRUCTION GROUP, INC.",$2.20,"$336,600.00"
21125,125,0006,BRIDGE,0113,504024P,,CONCRETE ABUTMENT WALL,26,CY,"RITACCO CONSTRUCTION, INC.","$1,300.00","$33,800.00"
21125,125,0006,BRIDGE,0113,504024P,,CONCRETE ABUTMENT WALL,26,CY,KONKUS CORPORATION,"$2,800.00","$72,800.00"
21125,125,0006,BRIDGE,0113,504024P,,CONCRETE ABUTMENT WALL,26,CY,"ANSELMI & DECICCO, INC.","$3,000.00","$78,000.00"
21125,125,0006,BRIDGE,0113,504024P,,CONCRETE ABUTMENT WALL,26,CY,"RENCOR, INC.","$10,000.00","$260,000.00"
21125,125,0006,BRIDGE,0113,504024P,,CONCRETE ABUTMENT WALL,26,CY,"IEW CONSTRUCTION GROUP, INC.","$7,034.34","$182,892.84"
21125,125,0006,BRIDGE,0114,504036P,,EPOXY WATERPROOFING,210,SY,"RITACCO CONSTRUCTION, INC.",$40.00,"$8,400.00"
21125,125,0006,BRIDGE,0114,504036P,,EPOXY WATERPROOFING,210,SY,KONKUS CORPORATION,$40.00,"$8,400.00"
21125,125,0006,BRIDGE,0114,504036P,,EPOXY WATERPROOFING,210,SY,"ANSELMI & DECICCO, INC.",$100.00,"$21,000.00"
21125,125,0006,BRIDGE,0114,504036P,,EPOXY WATERPROOFING,210,SY,"RENCOR, INC.",$90.00,"$18,900.00"
21125,125,0006,BRIDGE,0114,504036P,,EPOXY WATERPROOFING,210,SY,"IEW CONSTRUCTION GROUP, INC.",$87.64,"$18,404.40"
21125,125,0006,BRIDGE,0115,506003P,,"STRUCTURAL STEEL (620,000 LBS)",1,LS,"RITACCO CONSTRUCTION, INC.","$3,022,000.00","$3,022,000.00"
21125,125,0006,BRIDGE,0115,506003P,,"STRUCTURAL STEEL (620,000 LBS)",1,LS,KONKUS CORPORATION,"$2,540,200.00","$2,540,200.00"
21125,125,0006,BRIDGE,0115,506003P,,"STRUCTURAL STEEL (620,000 LBS)",1,LS,"ANSELMI & DECICCO, INC.","$2,900,000.00","$2,900,000.00"
21125,125,0006,BRIDGE,0115,506003P,,"STRUCTURAL STEEL (620,000 LBS)",1,LS,"RENCOR, INC.","$3,300,000.00","$3,300,000.00"
21125,125,0006,BRIDGE,0115,506003P,,"STRUCTURAL STEEL (620,000 LBS)",1,LS,"IEW CONSTRUCTION GROUP, INC.","$3,600,000.00","$3,600,000.00"
21125,125,0006,BRIDGE,0116,506006P,,REINFORCED ELASTOMERIC BEARING ASSEMBLY,72,U,"RITACCO CONSTRUCTION, INC.","$3,500.00","$252,000.00"
21125,125,0006,BRIDGE,0116,506006P,,REINFORCED ELASTOMERIC BEARING ASSEMBLY,72,U,KONKUS CORPORATION,"$3,615.00","$260,280.00"
21125,125,0006,BRIDGE,0116,506006P,,REINFORCED ELASTOMERIC BEARING ASSEMBLY,72,U,"ANSELMI & DECICCO, INC.","$5,000.00","$360,000.00"
21125,125,0006,BRIDGE,0116,506006P,,REINFORCED ELASTOMERIC BEARING ASSEMBLY,72,U,"RENCOR, INC.","$4,000.00","$288,000.00"
21125,125,0006,BRIDGE,0116,506006P,,REINFORCED ELASTOMERIC BEARING ASSEMBLY,72,U,"IEW CONSTRUCTION GROUP, INC.","$5,795.95","$417,308.40"
21125,125,0006,BRIDGE,0117,506012P,,SHEAR CONNECTOR,"7,240",U,"RITACCO CONSTRUCTION, INC.",$4.00,"$28,960.00"
21125,125,0006,BRIDGE,0117,506012P,,SHEAR CONNECTOR,"7,240",U,KONKUS CORPORATION,$5.40,"$39,096.00"
21125,125,0006,BRIDGE,0117,506012P,,SHEAR CONNECTOR,"7,240",U,"ANSELMI & DECICCO, INC.",$5.00,"$36,200.00"
21125,125,0006,BRIDGE,0117,506012P,,SHEAR CONNECTOR,"7,240",U,"RENCOR, INC.",$5.00,"$36,200.00"
21125,125,0006,BRIDGE,0117,506012P,,SHEAR CONNECTOR,"7,240",U,"IEW CONSTRUCTION GROUP, INC.",$7.86,"$56,906.40"
21125,125,0006,BRIDGE,0118,507015P,,STRIP SEAL EXPANSION JOINT ASSEMBLY,120,LF,"RITACCO CONSTRUCTION, INC.",$400.00,"$48,000.00"
21125,125,0006,BRIDGE,0118,507015P,,STRIP SEAL EXPANSION JOINT ASSEMBLY,120,LF,KONKUS CORPORATION,$431.00,"$51,720.00"
21125,125,0006,BRIDGE,0118,507015P,,STRIP SEAL EXPANSION JOINT ASSEMBLY,120,LF,"ANSELMI & DECICCO, INC.",$450.00,"$54,000.00"
21125,125,0006,BRIDGE,0118,507015P,,STRIP SEAL EXPANSION JOINT ASSEMBLY,120,LF,"RENCOR, INC.",$380.00,"$45,600.00"
21125,125,0006,BRIDGE,0118,507015P,,STRIP SEAL EXPANSION JOINT ASSEMBLY,120,LF,"IEW CONSTRUCTION GROUP, INC.",$474.45,"$56,934.00"
21125,125,0006,BRIDGE,0119,507024P,,"CONCRETE BRIDGE DECK, HPC",790,CY,"RITACCO CONSTRUCTION, INC.",$800.00,"$632,000.00"
21125,125,0006,BRIDGE,0119,507024P,,"CONCRETE BRIDGE DECK, HPC",790,CY,KONKUS CORPORATION,$950.00,"$750,500.00"
21125,125,0006,BRIDGE,0119,507024P,,"CONCRETE BRIDGE DECK, HPC",790,CY,"ANSELMI & DECICCO, INC.","$1,000.00","$790,000.00"
21125,125,0006,BRIDGE,0119,507024P,,"CONCRETE BRIDGE DECK, HPC",790,CY,"RENCOR, INC.",$500.00,"$395,000.00"
21125,125,0006,BRIDGE,0119,507024P,,"CONCRETE BRIDGE DECK, HPC",790,CY,"IEW CONSTRUCTION GROUP, INC.",$200.00,"$158,000.00"
21125,125,0006,BRIDGE,0120,507027M,,DATE PANEL,2,U,"RITACCO CONSTRUCTION, INC.",$500.00,"$1,000.00"
21125,125,0006,BRIDGE,0120,507027M,,DATE PANEL,2,U,KONKUS CORPORATION,"$1,700.00","$3,400.00"
21125,125,0006,BRIDGE,0120,507027M,,DATE PANEL,2,U,"ANSELMI & DECICCO, INC.","$1,000.00","$2,000.00"
21125,125,0006,BRIDGE,0120,507027M,,DATE PANEL,2,U,"RENCOR, INC.","$5,000.00","$10,000.00"
21125,125,0006,BRIDGE,0120,507027M,,DATE PANEL,2,U,"IEW CONSTRUCTION GROUP, INC.","$1,611.59","$3,223.18"
21125,125,0006,BRIDGE,0121,507033P,,"CONCRETE BRIDGE SIDEWALK, HPC",75,CY,"RITACCO CONSTRUCTION, INC.",$800.00,"$60,000.00"
21125,125,0006,BRIDGE,0121,507033P,,"CONCRETE BRIDGE SIDEWALK, HPC",75,CY,KONKUS CORPORATION,$600.00,"$45,000.00"
21125,125,0006,BRIDGE,0121,507033P,,"CONCRETE BRIDGE SIDEWALK, HPC",75,CY,"ANSELMI & DECICCO, INC.","$1,000.00","$75,000.00"
21125,125,0006,BRIDGE,0121,507033P,,"CONCRETE BRIDGE SIDEWALK, HPC",75,CY,"RENCOR, INC.","$1,425.00","$106,875.00"
21125,125,0006,BRIDGE,0121,507033P,,"CONCRETE BRIDGE SIDEWALK, HPC",75,CY,"IEW CONSTRUCTION GROUP, INC.",$954.47,"$71,585.25"
21125,125,0006,BRIDGE,0122,507039P,,"CONCRETE BRIDGE PARAPET, HPC",540,LF,"RITACCO CONSTRUCTION, INC.",$200.00,"$108,000.00"
21125,125,0006,BRIDGE,0122,507039P,,"CONCRETE BRIDGE PARAPET, HPC",540,LF,KONKUS CORPORATION,$253.00,"$136,620.00"
21125,125,0006,BRIDGE,0122,507039P,,"CONCRETE BRIDGE PARAPET, HPC",540,LF,"ANSELMI & DECICCO, INC.",$250.00,"$135,000.00"
21125,125,0006,BRIDGE,0122,507039P,,"CONCRETE BRIDGE PARAPET, HPC",540,LF,"RENCOR, INC.",$300.00,"$162,000.00"
21125,125,0006,BRIDGE,0122,507039P,,"CONCRETE BRIDGE PARAPET, HPC",540,LF,"IEW CONSTRUCTION GROUP, INC.",$302.63,"$163,420.20"
21125,125,0006,BRIDGE,0123,507123P,,"CONCRETE BRIDGE DECK, UHPC",15,CY,"RITACCO CONSTRUCTION, INC.","$10,000.00","$150,000.00"
21125,125,0006,BRIDGE,0123,507123P,,"CONCRETE BRIDGE DECK, UHPC",15,CY,KONKUS CORPORATION,"$6,180.00","$92,700.00"
21125,125,0006,BRIDGE,0123,507123P,,"CONCRETE BRIDGE DECK, UHPC",15,CY,"ANSELMI & DECICCO, INC.","$12,000.00","$180,000.00"
21125,125,0006,BRIDGE,0123,507123P,,"CONCRETE BRIDGE DECK, UHPC",15,CY,"RENCOR, INC.","$3,500.00","$52,500.00"
21125,125,0006,BRIDGE,0123,507123P,,"CONCRETE BRIDGE DECK, UHPC",15,CY,"IEW CONSTRUCTION GROUP, INC.","$14,748.31","$221,224.65"
21125,125,0006,BRIDGE,0124,509083P,,"CHAIN-LINK FENCE, TYPE IV, PVC-COATED STEEL, BRIDGE, 6' 3"" HIGH, CURVED TOP",512,LF,"RITACCO CONSTRUCTION, INC.",$175.00,"$89,600.00"
21125,125,0006,BRIDGE,0124,509083P,,"CHAIN-LINK FENCE, TYPE IV, PVC-COATED STEEL, BRIDGE, 6' 3"" HIGH, CURVED TOP",512,LF,KONKUS CORPORATION,$248.40,"$127,180.80"
21125,125,0006,BRIDGE,0124,509083P,,"CHAIN-LINK FENCE, TYPE IV, PVC-COATED STEEL, BRIDGE, 6' 3"" HIGH, CURVED TOP",512,LF,"ANSELMI & DECICCO, INC.",$200.00,"$102,400.00"
21125,125,0006,BRIDGE,0124,509083P,,"CHAIN-LINK FENCE, TYPE IV, PVC-COATED STEEL, BRIDGE, 6' 3"" HIGH, CURVED TOP",512,LF,"RENCOR, INC.",$220.00,"$112,640.00"
21125,125,0006,BRIDGE,0124,509083P,,"CHAIN-LINK FENCE, TYPE IV, PVC-COATED STEEL, BRIDGE, 6' 3"" HIGH, CURVED TOP",512,LF,"IEW CONSTRUCTION GROUP, INC.",$233.56,"$119,582.72"
21125,125,0006,BRIDGE,0125,509150P,,"BRIDGE COMBINATION RAILING (1 RAIL, STEEL)",512,LF,"RITACCO CONSTRUCTION, INC.",$175.00,"$89,600.00"
21125,125,0006,BRIDGE,0125,509150P,,"BRIDGE COMBINATION RAILING (1 RAIL, STEEL)",512,LF,KONKUS CORPORATION,$182.00,"$93,184.00"
21125,125,0006,BRIDGE,0125,509150P,,"BRIDGE COMBINATION RAILING (1 RAIL, STEEL)",512,LF,"ANSELMI & DECICCO, INC.",$210.00,"$107,520.00"
21125,125,0006,BRIDGE,0125,509150P,,"BRIDGE COMBINATION RAILING (1 RAIL, STEEL)",512,LF,"RENCOR, INC.",$220.00,"$112,640.00"
21125,125,0006,BRIDGE,0125,509150P,,"BRIDGE COMBINATION RAILING (1 RAIL, STEEL)",512,LF,"IEW CONSTRUCTION GROUP, INC.",$245.92,"$125,911.04"
21125,125,0006,BRIDGE,0126,514016P,,TEMPORARY SUPPORTS,1,LS,"RITACCO CONSTRUCTION, INC.","$90,000.00","$90,000.00"
21125,125,0006,BRIDGE,0126,514016P,,TEMPORARY SUPPORTS,1,LS,KONKUS CORPORATION,"$200,000.00","$200,000.00"
21125,125,0006,BRIDGE,0126,514016P,,TEMPORARY SUPPORTS,1,LS,"ANSELMI & DECICCO, INC.",$1.00,$1.00
21125,125,0006,BRIDGE,0126,514016P,,TEMPORARY SUPPORTS,1,LS,"RENCOR, INC.","$300,000.00","$300,000.00"
21125,125,0006,BRIDGE,0126,514016P,,TEMPORARY SUPPORTS,1,LS,"IEW CONSTRUCTION GROUP, INC.","$123,804.24","$123,804.24"
21125,125,0006,BRIDGE,0127,514017P,,"TEMPORARY STRUCTURE, UTILITIES SUPPORT",1,LS,"RITACCO CONSTRUCTION, INC.","$400,000.00","$400,000.00"
21125,125,0006,BRIDGE,0127,514017P,,"TEMPORARY STRUCTURE, UTILITIES SUPPORT",1,LS,KONKUS CORPORATION,"$400,000.00","$400,000.00"
21125,125,0006,BRIDGE,0127,514017P,,"TEMPORARY STRUCTURE, UTILITIES SUPPORT",1,LS,"ANSELMI & DECICCO, INC.","$1,250,000.00","$1,250,000.00"
21125,125,0006,BRIDGE,0127,514017P,,"TEMPORARY STRUCTURE, UTILITIES SUPPORT",1,LS,"RENCOR, INC.","$760,000.00","$760,000.00"
21125,125,0006,BRIDGE,0127,514017P,,"TEMPORARY STRUCTURE, UTILITIES SUPPORT",1,LS,"IEW CONSTRUCTION GROUP, INC.","$1,100,000.00","$1,100,000.00"
21125,125,0006,BRIDGE,0128,551003M,,"CONCRETE DECK REPAIR, TYPE A",960,SF,"RITACCO CONSTRUCTION, INC.",$20.00,"$19,200.00"
21125,125,0006,BRIDGE,0128,551003M,,"CONCRETE DECK REPAIR, TYPE A",960,SF,KONKUS CORPORATION,$104.17,"$100,003.20"
21125,125,0006,BRIDGE,0128,551003M,,"CONCRETE DECK REPAIR, TYPE A",960,SF,"ANSELMI & DECICCO, INC.",$25.00,"$24,000.00"
21125,125,0006,BRIDGE,0128,551003M,,"CONCRETE DECK REPAIR, TYPE A",960,SF,"RENCOR, INC.",$80.00,"$76,800.00"
21125,125,0006,BRIDGE,0128,551003M,,"CONCRETE DECK REPAIR, TYPE A",960,SF,"IEW CONSTRUCTION GROUP, INC.",$108.19,"$103,862.40"
21125,125,0006,BRIDGE,0129,555003M,,SUBSTRUCTURE CONCRETE REPAIR,150,SF,"RITACCO CONSTRUCTION, INC.",$250.00,"$37,500.00"
21125,125,0006,BRIDGE,0129,555003M,,SUBSTRUCTURE CONCRETE REPAIR,150,SF,KONKUS CORPORATION,$125.00,"$18,750.00"
21125,125,0006,BRIDGE,0129,555003M,,SUBSTRUCTURE CONCRETE REPAIR,150,SF,"ANSELMI & DECICCO, INC.",$300.00,"$45,000.00"
21125,125,0006,BRIDGE,0129,555003M,,SUBSTRUCTURE CONCRETE REPAIR,150,SF,"RENCOR, INC.",$25.00,"$3,750.00"
21125,125,0006,BRIDGE,0129,555003M,,SUBSTRUCTURE CONCRETE REPAIR,150,SF,"IEW CONSTRUCTION GROUP, INC.",$273.63,"$41,044.50"
21125,125,0006,BRIDGE,0130,555023P,,PIER RECONSTRUCTION,1,LS,"RITACCO CONSTRUCTION, INC.","$800,000.00","$800,000.00"
21125,125,0006,BRIDGE,0130,555023P,,PIER RECONSTRUCTION,1,LS,KONKUS CORPORATION,"$650,000.00","$650,000.00"
21125,125,0006,BRIDGE,0130,555023P,,PIER RECONSTRUCTION,1,LS,"ANSELMI & DECICCO, INC.","$1,500,000.00","$1,500,000.00"
21125,125,0006,BRIDGE,0130,555023P,,PIER RECONSTRUCTION,1,LS,"RENCOR, INC.","$700,000.00","$700,000.00"
21125,125,0006,BRIDGE,0130,555023P,,PIER RECONSTRUCTION,1,LS,"IEW CONSTRUCTION GROUP, INC.","$2,000,000.00","$2,000,000.00"
21125,125,0006,BRIDGE,0131,603015P,,"CONCRETE SLOPE PROTECTION, REINFORCED, 4"" THICK",640,SY,"RITACCO CONSTRUCTION, INC.",$175.00,"$112,000.00"
21125,125,0006,BRIDGE,0131,603015P,,"CONCRETE SLOPE PROTECTION, REINFORCED, 4"" THICK",640,SY,KONKUS CORPORATION,$198.00,"$126,720.00"
21125,125,0006,BRIDGE,0131,603015P,,"CONCRETE SLOPE PROTECTION, REINFORCED, 4"" THICK",640,SY,"ANSELMI & DECICCO, INC.",$300.00,"$192,000.00"
21125,125,0006,BRIDGE,0131,603015P,,"CONCRETE SLOPE PROTECTION, REINFORCED, 4"" THICK",640,SY,"RENCOR, INC.",$200.00,"$128,000.00"
21125,125,0006,BRIDGE,0131,603015P,,"CONCRETE SLOPE PROTECTION, REINFORCED, 4"" THICK",640,SY,"IEW CONSTRUCTION GROUP, INC.",$202.12,"$129,356.80"
21125,125,0007,SIGN STRUCTURES,0132,202009P,,"EXCAVATION, UNCLASSIFIED",12,CY,"RITACCO CONSTRUCTION, INC.",$600.00,"$7,200.00"
21125,125,0007,SIGN STRUCTURES,0132,202009P,,"EXCAVATION, UNCLASSIFIED",12,CY,KONKUS CORPORATION,$500.00,"$6,000.00"
21125,125,0007,SIGN STRUCTURES,0132,202009P,,"EXCAVATION, UNCLASSIFIED",12,CY,"ANSELMI & DECICCO, INC.",$500.00,"$6,000.00"
21125,125,0007,SIGN STRUCTURES,0132,202009P,,"EXCAVATION, UNCLASSIFIED",12,CY,"RENCOR, INC.",$700.00,"$8,400.00"
21125,125,0007,SIGN STRUCTURES,0132,202009P,,"EXCAVATION, UNCLASSIFIED",12,CY,"IEW CONSTRUCTION GROUP, INC.",$786.03,"$9,432.36"
21125,125,0007,SIGN STRUCTURES,0133,202024M,,DISPOSAL OF REGULATED MATERIAL,20,T,"RITACCO CONSTRUCTION, INC.",$250.00,"$5,000.00"
21125,125,0007,SIGN STRUCTURES,0133,202024M,,DISPOSAL OF REGULATED MATERIAL,20,T,KONKUS CORPORATION,$63.25,"$1,265.00"
21125,125,0007,SIGN STRUCTURES,0133,202024M,,DISPOSAL OF REGULATED MATERIAL,20,T,"ANSELMI & DECICCO, INC.",$90.00,"$1,800.00"
21125,125,0007,SIGN STRUCTURES,0133,202024M,,DISPOSAL OF REGULATED MATERIAL,20,T,"RENCOR, INC.",$150.00,"$3,000.00"
21125,125,0007,SIGN STRUCTURES,0133,202024M,,DISPOSAL OF REGULATED MATERIAL,20,T,"IEW CONSTRUCTION GROUP, INC.",$60.08,"$1,201.60"
21125,125,0007,SIGN STRUCTURES,0134,202027M,,"DISPOSAL OF REGULATED MATERIAL, HAZARDOUS",20,T,"RITACCO CONSTRUCTION, INC.",$450.00,"$9,000.00"
21125,125,0007,SIGN STRUCTURES,0134,202027M,,"DISPOSAL OF REGULATED MATERIAL, HAZARDOUS",20,T,KONKUS CORPORATION,$218.00,"$4,360.00"
21125,125,0007,SIGN STRUCTURES,0134,202027M,,"DISPOSAL OF REGULATED MATERIAL, HAZARDOUS",20,T,"ANSELMI & DECICCO, INC.",$300.00,"$6,000.00"
21125,125,0007,SIGN STRUCTURES,0134,202027M,,"DISPOSAL OF REGULATED MATERIAL, HAZARDOUS",20,T,"RENCOR, INC.",$300.00,"$6,000.00"
21125,125,0007,SIGN STRUCTURES,0134,202027M,,"DISPOSAL OF REGULATED MATERIAL, HAZARDOUS",20,T,"IEW CONSTRUCTION GROUP, INC.",$240.30,"$4,806.00"
21125,125,0007,SIGN STRUCTURES,0135,501003P,,TEMPORARY SHEETING,315,SF,"RITACCO CONSTRUCTION, INC.",$30.00,"$9,450.00"
21125,125,0007,SIGN STRUCTURES,0135,501003P,,TEMPORARY SHEETING,315,SF,KONKUS CORPORATION,$0.01,$3.15
21125,125,0007,SIGN STRUCTURES,0135,501003P,,TEMPORARY SHEETING,315,SF,"ANSELMI & DECICCO, INC.",$1.00,$315.00
21125,125,0007,SIGN STRUCTURES,0135,501003P,,TEMPORARY SHEETING,315,SF,"RENCOR, INC.",$32.00,"$10,080.00"
21125,125,0007,SIGN STRUCTURES,0135,501003P,,TEMPORARY SHEETING,315,SF,"IEW CONSTRUCTION GROUP, INC.",$94.13,"$29,650.95"
21125,125,0007,SIGN STRUCTURES,0136,503003P,,FURNISHING DRILLED SHAFT EQUIPMENT,1,LS,"RITACCO CONSTRUCTION, INC.","$5,000.00","$5,000.00"
21125,125,0007,SIGN STRUCTURES,0136,503003P,,FURNISHING DRILLED SHAFT EQUIPMENT,1,LS,KONKUS CORPORATION,"$15,000.00","$15,000.00"
21125,125,0007,SIGN STRUCTURES,0136,503003P,,FURNISHING DRILLED SHAFT EQUIPMENT,1,LS,"ANSELMI & DECICCO, INC.","$10,000.00","$10,000.00"
21125,125,0007,SIGN STRUCTURES,0136,503003P,,FURNISHING DRILLED SHAFT EQUIPMENT,1,LS,"RENCOR, INC.","$5,000.00","$5,000.00"
21125,125,0007,SIGN STRUCTURES,0136,503003P,,FURNISHING DRILLED SHAFT EQUIPMENT,1,LS,"IEW CONSTRUCTION GROUP, INC.","$5,614.50","$5,614.50"
21125,125,0007,SIGN STRUCTURES,0137,503012M,,CROSSHOLE SONIC LOGGING,1,U,"RITACCO CONSTRUCTION, INC.","$2,500.00","$2,500.00"
21125,125,0007,SIGN STRUCTURES,0137,503012M,,CROSSHOLE SONIC LOGGING,1,U,KONKUS CORPORATION,"$2,875.00","$2,875.00"
21125,125,0007,SIGN STRUCTURES,0137,503012M,,CROSSHOLE SONIC LOGGING,1,U,"ANSELMI & DECICCO, INC.","$3,000.00","$3,000.00"
21125,125,0007,SIGN STRUCTURES,0137,503012M,,CROSSHOLE SONIC LOGGING,1,U,"RENCOR, INC.","$2,900.00","$2,900.00"
21125,125,0007,SIGN STRUCTURES,0137,503012M,,CROSSHOLE SONIC LOGGING,1,U,"IEW CONSTRUCTION GROUP, INC.","$3,256.41","$3,256.41"
21125,125,0007,SIGN STRUCTURES,0138,503015M,,SHAFT CORING,20,LF,"RITACCO CONSTRUCTION, INC.",$60.00,"$1,200.00"
21125,125,0007,SIGN STRUCTURES,0138,503015M,,SHAFT CORING,20,LF,KONKUS CORPORATION,$60.00,"$1,200.00"
21125,125,0007,SIGN STRUCTURES,0138,503015M,,SHAFT CORING,20,LF,"ANSELMI & DECICCO, INC.",$60.00,"$1,200.00"
21125,125,0007,SIGN STRUCTURES,0138,503015M,,SHAFT CORING,20,LF,"RENCOR, INC.",$65.00,"$1,300.00"
21125,125,0007,SIGN STRUCTURES,0138,503015M,,SHAFT CORING,20,LF,"IEW CONSTRUCTION GROUP, INC.",$72.99,"$1,459.80"
21125,125,0007,SIGN STRUCTURES,0139,503027M,,"DRILLED SHAFT IN SOIL 60"" DIAMETER",14,LF,"RITACCO CONSTRUCTION, INC.","$2,500.00","$35,000.00"
21125,125,0007,SIGN STRUCTURES,0139,503027M,,"DRILLED SHAFT IN SOIL 60"" DIAMETER",14,LF,KONKUS CORPORATION,"$1,644.00","$23,016.00"
21125,125,0007,SIGN STRUCTURES,0139,503027M,,"DRILLED SHAFT IN SOIL 60"" DIAMETER",14,LF,"ANSELMI & DECICCO, INC.","$2,700.00","$37,800.00"
21125,125,0007,SIGN STRUCTURES,0139,503027M,,"DRILLED SHAFT IN SOIL 60"" DIAMETER",14,LF,"RENCOR, INC.","$2,520.00","$35,280.00"
21125,125,0007,SIGN STRUCTURES,0139,503027M,,"DRILLED SHAFT IN SOIL 60"" DIAMETER",14,LF,"IEW CONSTRUCTION GROUP, INC.","$2,829.71","$39,615.94"
21125,125,0007,SIGN STRUCTURES,0140,503039M,,"DRILLED SHAFT IN ROCK 54"" DIAMETER",5,LF,"RITACCO CONSTRUCTION, INC.","$5,000.00","$25,000.00"
21125,125,0007,SIGN STRUCTURES,0140,503039M,,"DRILLED SHAFT IN ROCK 54"" DIAMETER",5,LF,KONKUS CORPORATION,"$3,105.00","$15,525.00"
21125,125,0007,SIGN STRUCTURES,0140,503039M,,"DRILLED SHAFT IN ROCK 54"" DIAMETER",5,LF,"ANSELMI & DECICCO, INC.","$5,000.00","$25,000.00"
21125,125,0007,SIGN STRUCTURES,0140,503039M,,"DRILLED SHAFT IN ROCK 54"" DIAMETER",5,LF,"RENCOR, INC.","$5,200.00","$26,000.00"
21125,125,0007,SIGN STRUCTURES,0140,503039M,,"DRILLED SHAFT IN ROCK 54"" DIAMETER",5,LF,"IEW CONSTRUCTION GROUP, INC.","$5,839.09","$29,195.45"
21125,125,0007,SIGN STRUCTURES,0141,503048M,,OBSTRUCTION REMOVAL,5,LF,"RITACCO CONSTRUCTION, INC.",$70.00,$350.00
21125,125,0007,SIGN STRUCTURES,0141,503048M,,OBSTRUCTION REMOVAL,5,LF,KONKUS CORPORATION,$0.01,$0.05
21125,125,0007,SIGN STRUCTURES,0141,503048M,,OBSTRUCTION REMOVAL,5,LF,"ANSELMI & DECICCO, INC.",$10.00,$50.00
21125,125,0007,SIGN STRUCTURES,0141,503048M,,OBSTRUCTION REMOVAL,5,LF,"RENCOR, INC.",$75.00,$375.00
21125,125,0007,SIGN STRUCTURES,0141,503048M,,OBSTRUCTION REMOVAL,5,LF,"IEW CONSTRUCTION GROUP, INC.",$84.22,$421.10
21125,125,0007,SIGN STRUCTURES,0142,503051M,,TOMOGRAPHY,1,U,"RITACCO CONSTRUCTION, INC.",$750.00,$750.00
21125,125,0007,SIGN STRUCTURES,0142,503051M,,TOMOGRAPHY,1,U,KONKUS CORPORATION,$500.00,$500.00
21125,125,0007,SIGN STRUCTURES,0142,503051M,,TOMOGRAPHY,1,U,"ANSELMI & DECICCO, INC.",$700.00,$700.00
21125,125,0007,SIGN STRUCTURES,0142,503051M,,TOMOGRAPHY,1,U,"RENCOR, INC.",$790.00,$790.00
21125,125,0007,SIGN STRUCTURES,0142,503051M,,TOMOGRAPHY,1,U,"IEW CONSTRUCTION GROUP, INC.",$887.09,$887.09
21125,125,0007,SIGN STRUCTURES,0143,504006P,,"REINFORCEMENT STEEL, EPOXY-COATED","1,500",LB,"RITACCO CONSTRUCTION, INC.",$7.00,"$10,500.00"
21125,125,0007,SIGN STRUCTURES,0143,504006P,,"REINFORCEMENT STEEL, EPOXY-COATED","1,500",LB,KONKUS CORPORATION,$5.00,"$7,500.00"
21125,125,0007,SIGN STRUCTURES,0143,504006P,,"REINFORCEMENT STEEL, EPOXY-COATED","1,500",LB,"ANSELMI & DECICCO, INC.",$6.00,"$9,000.00"
21125,125,0007,SIGN STRUCTURES,0143,504006P,,"REINFORCEMENT STEEL, EPOXY-COATED","1,500",LB,"RENCOR, INC.",$7.00,"$10,500.00"
21125,125,0007,SIGN STRUCTURES,0143,504006P,,"REINFORCEMENT STEEL, EPOXY-COATED","1,500",LB,"IEW CONSTRUCTION GROUP, INC.",$7.86,"$11,790.00"
21125,125,0007,SIGN STRUCTURES,0144,504036P,,EPOXY WATERPROOFING,5,SY,"RITACCO CONSTRUCTION, INC.",$150.00,$750.00
21125,125,0007,SIGN STRUCTURES,0144,504036P,,EPOXY WATERPROOFING,5,SY,KONKUS CORPORATION,$100.00,$500.00
21125,125,0007,SIGN STRUCTURES,0144,504036P,,EPOXY WATERPROOFING,5,SY,"ANSELMI & DECICCO, INC.",$100.00,$500.00
21125,125,0007,SIGN STRUCTURES,0144,504036P,,EPOXY WATERPROOFING,5,SY,"RENCOR, INC.",$150.00,$750.00
21125,125,0007,SIGN STRUCTURES,0144,504036P,,EPOXY WATERPROOFING,5,SY,"IEW CONSTRUCTION GROUP, INC.",$168.44,$842.20
21125,125,0007,SIGN STRUCTURES,0145,504095P,,"SIGN SUPPORT STRUCTURE CAP, HPC",7,CY,"RITACCO CONSTRUCTION, INC.","$1,500.00","$10,500.00"
21125,125,0007,SIGN STRUCTURES,0145,504095P,,"SIGN SUPPORT STRUCTURE CAP, HPC",7,CY,KONKUS CORPORATION,"$1,200.00","$8,400.00"
21125,125,0007,SIGN STRUCTURES,0145,504095P,,"SIGN SUPPORT STRUCTURE CAP, HPC",7,CY,"ANSELMI & DECICCO, INC.","$1,600.00","$11,200.00"
21125,125,0007,SIGN STRUCTURES,0145,504095P,,"SIGN SUPPORT STRUCTURE CAP, HPC",7,CY,"RENCOR, INC.","$1,575.00","$11,025.00"
21125,125,0007,SIGN STRUCTURES,0145,504095P,,"SIGN SUPPORT STRUCTURE CAP, HPC",7,CY,"IEW CONSTRUCTION GROUP, INC.","$1,768.57","$12,379.99"
21125,125,0007,SIGN STRUCTURES,0146,512003M,,"CANTILEVER SIGN SUPPORT, STRUCTURE NO. ___ (1231-215)",1,U,"RITACCO CONSTRUCTION, INC.","$155,000.00","$155,000.00"
21125,125,0007,SIGN STRUCTURES,0146,512003M,,"CANTILEVER SIGN SUPPORT, STRUCTURE NO. ___ (1231-215)",1,U,KONKUS CORPORATION,"$98,000.00","$98,000.00"
21125,125,0007,SIGN STRUCTURES,0146,512003M,,"CANTILEVER SIGN SUPPORT, STRUCTURE NO. ___ (1231-215)",1,U,"ANSELMI & DECICCO, INC.","$105,000.00","$105,000.00"
21125,125,0007,SIGN STRUCTURES,0146,512003M,,"CANTILEVER SIGN SUPPORT, STRUCTURE NO. ___ (1231-215)",1,U,"RENCOR, INC.","$108,000.00","$108,000.00"
21125,125,0007,SIGN STRUCTURES,0146,512003M,,"CANTILEVER SIGN SUPPORT, STRUCTURE NO. ___ (1231-215)",1,U,"IEW CONSTRUCTION GROUP, INC.","$150,382.34","$150,382.34"