Proposal,Call Order,Section Number,Section Description,Line,Item,Alternate Code,Item Description,Quantity,Unit,Vendor Name,Unit Price,Extension
22122,122,0001,ROADWAY,0001,151006M,,PERFORMANCE BOND AND PAYMENT BOND,1,DOLL,"ANSELMI & DECICCO, INC.","$75,000.00","$75,000.00"
22122,122,0001,ROADWAY,0001,151006M,,PERFORMANCE BOND AND PAYMENT BOND,1,DOLL,"RITACCO CONSTRUCTION, INC.","$90,000.00","$90,000.00"
22122,122,0001,ROADWAY,0001,151006M,,PERFORMANCE BOND AND PAYMENT BOND,1,DOLL,CARBRO CONSTRUCTORS CORP.,"$95,000.00","$95,000.00"
22122,122,0003,NON-PARTICIPATING (ROADWAY),0002,152015P,,POLLUTION LIABILITY INSURANCE,1,DOLL,"ANSELMI & DECICCO, INC.","$10,000.00","$10,000.00"
22122,122,0003,NON-PARTICIPATING (ROADWAY),0002,152015P,,POLLUTION LIABILITY INSURANCE,1,DOLL,"RITACCO CONSTRUCTION, INC.","$15,000.00","$15,000.00"
22122,122,0003,NON-PARTICIPATING (ROADWAY),0002,152015P,,POLLUTION LIABILITY INSURANCE,1,DOLL,CARBRO CONSTRUCTORS CORP.,"$20,000.00","$20,000.00"
22122,122,0001,ROADWAY,0003,153003P,,PROGRESS SCHEDULE,1,LS,"ANSELMI & DECICCO, INC.","$6,000.00","$6,000.00"
22122,122,0001,ROADWAY,0003,153003P,,PROGRESS SCHEDULE,1,LS,"RITACCO CONSTRUCTION, INC.","$10,000.00","$10,000.00"
22122,122,0001,ROADWAY,0003,153003P,,PROGRESS SCHEDULE,1,LS,CARBRO CONSTRUCTORS CORP.,"$60,000.00","$60,000.00"
22122,122,0001,ROADWAY,0004,153005M,,PROGRESS SCHEDULE UPDATE,23,U,"ANSELMI & DECICCO, INC.",$100.00,"$2,300.00"
22122,122,0001,ROADWAY,0004,153005M,,PROGRESS SCHEDULE UPDATE,23,U,"RITACCO CONSTRUCTION, INC.",$200.00,"$4,600.00"
22122,122,0001,ROADWAY,0004,153005M,,PROGRESS SCHEDULE UPDATE,23,U,CARBRO CONSTRUCTORS CORP.,$500.00,"$11,500.00"
22122,122,0001,ROADWAY,0005,153011M,,TRAINEES,"1,970",HOUR,"ANSELMI & DECICCO, INC.",$1.00,"$1,970.00"
22122,122,0001,ROADWAY,0005,153011M,,TRAINEES,"1,970",HOUR,"RITACCO CONSTRUCTION, INC.",$1.00,"$1,970.00"
22122,122,0001,ROADWAY,0005,153011M,,TRAINEES,"1,970",HOUR,CARBRO CONSTRUCTORS CORP.,$0.01,$19.70
22122,122,0001,ROADWAY,0006,154003P,,MOBILIZATION,1,LS,"ANSELMI & DECICCO, INC.","$1,150,000.00","$1,150,000.00"
22122,122,0001,ROADWAY,0006,154003P,,MOBILIZATION,1,LS,"RITACCO CONSTRUCTION, INC.","$1,319,300.00","$1,319,300.00"
22122,122,0001,ROADWAY,0006,154003P,,MOBILIZATION,1,LS,CARBRO CONSTRUCTORS CORP.,"$1,325,000.00","$1,325,000.00"
22122,122,0002,CONSTRUCTION ENGINEERING,0007,155015M,,FIELD OFFICE TYPE E SET UP,1,U,"ANSELMI & DECICCO, INC.","$75,000.00","$75,000.00"
22122,122,0002,CONSTRUCTION ENGINEERING,0007,155015M,,FIELD OFFICE TYPE E SET UP,1,U,"RITACCO CONSTRUCTION, INC.","$25,000.00","$25,000.00"
22122,122,0002,CONSTRUCTION ENGINEERING,0007,155015M,,FIELD OFFICE TYPE E SET UP,1,U,CARBRO CONSTRUCTORS CORP.,"$185,000.00","$185,000.00"
22122,122,0002,CONSTRUCTION ENGINEERING,0008,155033M,,FIELD OFFICE TYPE E MAINTENANCE,47,MO,"ANSELMI & DECICCO, INC.","$4,000.00","$188,000.00"
22122,122,0002,CONSTRUCTION ENGINEERING,0008,155033M,,FIELD OFFICE TYPE E MAINTENANCE,47,MO,"RITACCO CONSTRUCTION, INC.","$2,500.00","$117,500.00"
22122,122,0002,CONSTRUCTION ENGINEERING,0008,155033M,,FIELD OFFICE TYPE E MAINTENANCE,47,MO,CARBRO CONSTRUCTORS CORP.,$500.00,"$23,500.00"
22122,122,0002,CONSTRUCTION ENGINEERING,0009,156003M,,MATERIALS FIELD LABORATORY SET-UP,1,U,"ANSELMI & DECICCO, INC.","$10,000.00","$10,000.00"
22122,122,0002,CONSTRUCTION ENGINEERING,0009,156003M,,MATERIALS FIELD LABORATORY SET-UP,1,U,"RITACCO CONSTRUCTION, INC.","$35,000.00","$35,000.00"
22122,122,0002,CONSTRUCTION ENGINEERING,0009,156003M,,MATERIALS FIELD LABORATORY SET-UP,1,U,CARBRO CONSTRUCTORS CORP.,"$2,500.00","$2,500.00"
22122,122,0002,CONSTRUCTION ENGINEERING,0010,156006M,,MATERIALS FIELD LABORATORY MAINTENANCE,47,MO,"ANSELMI & DECICCO, INC.",$100.00,"$4,700.00"
22122,122,0002,CONSTRUCTION ENGINEERING,0010,156006M,,MATERIALS FIELD LABORATORY MAINTENANCE,47,MO,"RITACCO CONSTRUCTION, INC.","$3,500.00","$164,500.00"
22122,122,0002,CONSTRUCTION ENGINEERING,0010,156006M,,MATERIALS FIELD LABORATORY MAINTENANCE,47,MO,CARBRO CONSTRUCTORS CORP.,$50.00,"$2,350.00"
22122,122,0002,CONSTRUCTION ENGINEERING,0011,156015M,,NUCLEAR DENSITY GAUGE,1,U,"ANSELMI & DECICCO, INC.","$10,000.00","$10,000.00"
22122,122,0002,CONSTRUCTION ENGINEERING,0011,156015M,,NUCLEAR DENSITY GAUGE,1,U,"RITACCO CONSTRUCTION, INC.","$25,000.00","$25,000.00"
22122,122,0002,CONSTRUCTION ENGINEERING,0011,156015M,,NUCLEAR DENSITY GAUGE,1,U,CARBRO CONSTRUCTORS CORP.,"$8,800.00","$8,800.00"
22122,122,0002,CONSTRUCTION ENGINEERING,0012,156021M,,CONCRETE COMPRESSION TESTING EQUIPMENT,1,U,"ANSELMI & DECICCO, INC.","$8,000.00","$8,000.00"
22122,122,0002,CONSTRUCTION ENGINEERING,0012,156021M,,CONCRETE COMPRESSION TESTING EQUIPMENT,1,U,"RITACCO CONSTRUCTION, INC.","$12,000.00","$12,000.00"
22122,122,0002,CONSTRUCTION ENGINEERING,0012,156021M,,CONCRETE COMPRESSION TESTING EQUIPMENT,1,U,CARBRO CONSTRUCTORS CORP.,"$5,000.00","$5,000.00"
22122,122,0001,ROADWAY,0013,157004M,,CONSTRUCTION LAYOUT,1,DOLL,"ANSELMI & DECICCO, INC.","$475,593.86","$475,593.86"
22122,122,0001,ROADWAY,0013,157004M,,CONSTRUCTION LAYOUT,1,DOLL,"RITACCO CONSTRUCTION, INC.","$120,000.00","$120,000.00"
22122,122,0001,ROADWAY,0013,157004M,,CONSTRUCTION LAYOUT,1,DOLL,CARBRO CONSTRUCTORS CORP.,"$65,000.00","$65,000.00"
22122,122,0001,ROADWAY,0014,157006M,,MONUMENT,6,U,"ANSELMI & DECICCO, INC.",$900.00,"$5,400.00"
22122,122,0001,ROADWAY,0014,157006M,,MONUMENT,6,U,"RITACCO CONSTRUCTION, INC.",$500.00,"$3,000.00"
22122,122,0001,ROADWAY,0014,157006M,,MONUMENT,6,U,CARBRO CONSTRUCTORS CORP.,"$1,500.00","$9,000.00"
22122,122,0004,EROSION CONTROL,0015,158003M,,CAUTION FENCE,349,LF,"ANSELMI & DECICCO, INC.",$5.00,"$1,745.00"
22122,122,0004,EROSION CONTROL,0015,158003M,,CAUTION FENCE,349,LF,"RITACCO CONSTRUCTION, INC.",$4.00,"$1,396.00"
22122,122,0004,EROSION CONTROL,0015,158003M,,CAUTION FENCE,349,LF,CARBRO CONSTRUCTORS CORP.,$20.00,"$6,980.00"
22122,122,0004,EROSION CONTROL,0016,158009M,,"HEAVY DUTY SILT FENCE, ORANGE","2,679",LF,"ANSELMI & DECICCO, INC.",$10.00,"$26,790.00"
22122,122,0004,EROSION CONTROL,0016,158009M,,"HEAVY DUTY SILT FENCE, ORANGE","2,679",LF,"RITACCO CONSTRUCTION, INC.",$9.00,"$24,111.00"
22122,122,0004,EROSION CONTROL,0016,158009M,,"HEAVY DUTY SILT FENCE, ORANGE","2,679",LF,CARBRO CONSTRUCTORS CORP.,$12.00,"$32,148.00"
22122,122,0004,EROSION CONTROL,0017,158015M,,HAYBALE,500,U,"ANSELMI & DECICCO, INC.",$10.00,"$5,000.00"
22122,122,0004,EROSION CONTROL,0017,158015M,,HAYBALE,500,U,"RITACCO CONSTRUCTION, INC.",$1.00,$500.00
22122,122,0004,EROSION CONTROL,0017,158015M,,HAYBALE,500,U,CARBRO CONSTRUCTORS CORP.,$10.00,"$5,000.00"
22122,122,0004,EROSION CONTROL,0018,158030M,,"INLET FILTER TYPE 2, 2' X 4'",13,U,"ANSELMI & DECICCO, INC.",$150.00,"$1,950.00"
22122,122,0004,EROSION CONTROL,0018,158030M,,"INLET FILTER TYPE 2, 2' X 4'",13,U,"RITACCO CONSTRUCTION, INC.",$200.00,"$2,600.00"
22122,122,0004,EROSION CONTROL,0018,158030M,,"INLET FILTER TYPE 2, 2' X 4'",13,U,CARBRO CONSTRUCTORS CORP.,$75.00,$975.00
22122,122,0004,EROSION CONTROL,0019,158033M,,"INLET FILTER TYPE 2, 4' X 4'",12,U,"ANSELMI & DECICCO, INC.",$200.00,"$2,400.00"
22122,122,0004,EROSION CONTROL,0019,158033M,,"INLET FILTER TYPE 2, 4' X 4'",12,U,"RITACCO CONSTRUCTION, INC.",$250.00,"$3,000.00"
22122,122,0004,EROSION CONTROL,0019,158033M,,"INLET FILTER TYPE 2, 4' X 4'",12,U,CARBRO CONSTRUCTORS CORP.,$80.00,$960.00
22122,122,0004,EROSION CONTROL,0020,158048M,,"FLOATING TURBIDITY BARRIER, TYPE 3",434,LF,"ANSELMI & DECICCO, INC.",$35.00,"$15,190.00"
22122,122,0004,EROSION CONTROL,0020,158048M,,"FLOATING TURBIDITY BARRIER, TYPE 3",434,LF,"RITACCO CONSTRUCTION, INC.",$20.00,"$8,680.00"
22122,122,0004,EROSION CONTROL,0020,158048M,,"FLOATING TURBIDITY BARRIER, TYPE 3",434,LF,CARBRO CONSTRUCTORS CORP.,$60.00,"$26,040.00"
22122,122,0004,EROSION CONTROL,0021,158054M,,SEDIMENT CONTROL BAG,"1,000",SF,"ANSELMI & DECICCO, INC.",$10.00,"$10,000.00"
22122,122,0004,EROSION CONTROL,0021,158054M,,SEDIMENT CONTROL BAG,"1,000",SF,"RITACCO CONSTRUCTION, INC.",$4.00,"$4,000.00"
22122,122,0004,EROSION CONTROL,0021,158054M,,SEDIMENT CONTROL BAG,"1,000",SF,CARBRO CONSTRUCTORS CORP.,$1.00,"$1,000.00"
22122,122,0004,EROSION CONTROL,0022,158057M,,SEDIMENT CONTROL TANK,2,U,"ANSELMI & DECICCO, INC.","$5,000.00","$10,000.00"
22122,122,0004,EROSION CONTROL,0022,158057M,,SEDIMENT CONTROL TANK,2,U,"RITACCO CONSTRUCTION, INC.","$10,000.00","$20,000.00"
22122,122,0004,EROSION CONTROL,0022,158057M,,SEDIMENT CONTROL TANK,2,U,CARBRO CONSTRUCTORS CORP.,"$2,500.00","$5,000.00"
22122,122,0004,EROSION CONTROL,0023,158060M,,CONSTRUCTION DRIVEWAY,500,T,"ANSELMI & DECICCO, INC.",$50.00,"$25,000.00"
22122,122,0004,EROSION CONTROL,0023,158060M,,CONSTRUCTION DRIVEWAY,500,T,"RITACCO CONSTRUCTION, INC.",$30.00,"$15,000.00"
22122,122,0004,EROSION CONTROL,0023,158060M,,CONSTRUCTION DRIVEWAY,500,T,CARBRO CONSTRUCTORS CORP.,$50.00,"$25,000.00"
22122,122,0004,EROSION CONTROL,0024,158063P,,CONCRETE WASHOUT SYSTEM,1,LS,"ANSELMI & DECICCO, INC.","$15,000.00","$15,000.00"
22122,122,0004,EROSION CONTROL,0024,158063P,,CONCRETE WASHOUT SYSTEM,1,LS,"RITACCO CONSTRUCTION, INC.","$10,000.00","$10,000.00"
22122,122,0004,EROSION CONTROL,0024,158063P,,CONCRETE WASHOUT SYSTEM,1,LS,CARBRO CONSTRUCTORS CORP.,"$2,500.00","$2,500.00"
22122,122,0004,EROSION CONTROL,0025,158072M,,"OIL ONLY EMERGENCY SPILL KIT, TYPE 1",2,U,"ANSELMI & DECICCO, INC.","$1,000.00","$2,000.00"
22122,122,0004,EROSION CONTROL,0025,158072M,,"OIL ONLY EMERGENCY SPILL KIT, TYPE 1",2,U,"RITACCO CONSTRUCTION, INC.","$1,000.00","$2,000.00"
22122,122,0004,EROSION CONTROL,0025,158072M,,"OIL ONLY EMERGENCY SPILL KIT, TYPE 1",2,U,CARBRO CONSTRUCTORS CORP.,"$1,500.00","$3,000.00"
22122,122,0004,EROSION CONTROL,0026,158084M,,EROSION CONTROL SEDIMENT REMOVAL,134,CY,"ANSELMI & DECICCO, INC.",$0.01,$1.34
22122,122,0004,EROSION CONTROL,0026,158084M,,EROSION CONTROL SEDIMENT REMOVAL,134,CY,"RITACCO CONSTRUCTION, INC.",$1.00,$134.00
22122,122,0004,EROSION CONTROL,0026,158084M,,EROSION CONTROL SEDIMENT REMOVAL,134,CY,CARBRO CONSTRUCTORS CORP.,$1.00,$134.00
22122,122,0004,EROSION CONTROL,0027,158087M,,TEMPORARY RIPRAP,12,CY,"ANSELMI & DECICCO, INC.",$200.00,"$2,400.00"
22122,122,0004,EROSION CONTROL,0027,158087M,,TEMPORARY RIPRAP,12,CY,"RITACCO CONSTRUCTION, INC.",$150.00,"$1,800.00"
22122,122,0004,EROSION CONTROL,0027,158087M,,TEMPORARY RIPRAP,12,CY,CARBRO CONSTRUCTORS CORP.,$75.00,$900.00
22122,122,0001,ROADWAY,0028,159003M,,BREAKAWAY BARRICADE,32,U,"ANSELMI & DECICCO, INC.",$1.00,$32.00
22122,122,0001,ROADWAY,0028,159003M,,BREAKAWAY BARRICADE,32,U,"RITACCO CONSTRUCTION, INC.",$20.00,$640.00
22122,122,0001,ROADWAY,0028,159003M,,BREAKAWAY BARRICADE,32,U,CARBRO CONSTRUCTORS CORP.,$165.00,"$5,280.00"
22122,122,0001,ROADWAY,0029,159006M,,DRUM,130,U,"ANSELMI & DECICCO, INC.",$1.00,$130.00
22122,122,0001,ROADWAY,0029,159006M,,DRUM,130,U,"RITACCO CONSTRUCTION, INC.",$10.00,"$1,300.00"
22122,122,0001,ROADWAY,0029,159006M,,DRUM,130,U,CARBRO CONSTRUCTORS CORP.,$66.00,"$8,580.00"
22122,122,0001,ROADWAY,0030,159009M,,TRAFFIC CONE,500,U,"ANSELMI & DECICCO, INC.",$1.00,$500.00
22122,122,0001,ROADWAY,0030,159009M,,TRAFFIC CONE,500,U,"RITACCO CONSTRUCTION, INC.",$2.00,"$1,000.00"
22122,122,0001,ROADWAY,0030,159009M,,TRAFFIC CONE,500,U,CARBRO CONSTRUCTORS CORP.,$18.00,"$9,000.00"
22122,122,0001,ROADWAY,0031,159012M,,CONSTRUCTION SIGNS,881,SF,"ANSELMI & DECICCO, INC.",$50.00,"$44,050.00"
22122,122,0001,ROADWAY,0031,159012M,,CONSTRUCTION SIGNS,881,SF,"RITACCO CONSTRUCTION, INC.",$20.00,"$17,620.00"
22122,122,0001,ROADWAY,0031,159012M,,CONSTRUCTION SIGNS,881,SF,CARBRO CONSTRUCTORS CORP.,$40.00,"$35,240.00"
22122,122,0001,ROADWAY,0032,159015M,,"CONSTRUCTION IDENTIFICATION SIGN, 4' X 8'",1,U,"ANSELMI & DECICCO, INC.","$2,500.00","$2,500.00"
22122,122,0001,ROADWAY,0032,159015M,,"CONSTRUCTION IDENTIFICATION SIGN, 4' X 8'",1,U,"RITACCO CONSTRUCTION, INC.",$750.00,$750.00
22122,122,0001,ROADWAY,0032,159015M,,"CONSTRUCTION IDENTIFICATION SIGN, 4' X 8'",1,U,CARBRO CONSTRUCTORS CORP.,"$1,500.00","$1,500.00"
22122,122,0001,ROADWAY,0033,159021P,,CONSTRUCTION BARRIER CURB,"1,400",LF,"ANSELMI & DECICCO, INC.",$150.00,"$210,000.00"
22122,122,0001,ROADWAY,0033,159021P,,CONSTRUCTION BARRIER CURB,"1,400",LF,"RITACCO CONSTRUCTION, INC.",$150.00,"$210,000.00"
22122,122,0001,ROADWAY,0033,159021P,,CONSTRUCTION BARRIER CURB,"1,400",LF,CARBRO CONSTRUCTORS CORP.,$80.00,"$112,000.00"
22122,122,0001,ROADWAY,0034,159027M,,"FLASHING ARROW BOARD, 4' X 8'",2,U,"ANSELMI & DECICCO, INC.","$2,500.00","$5,000.00"
22122,122,0001,ROADWAY,0034,159027M,,"FLASHING ARROW BOARD, 4' X 8'",2,U,"RITACCO CONSTRUCTION, INC.",$500.00,"$1,000.00"
22122,122,0001,ROADWAY,0034,159027M,,"FLASHING ARROW BOARD, 4' X 8'",2,U,CARBRO CONSTRUCTORS CORP.,$500.00,"$1,000.00"
22122,122,0001,ROADWAY,0035,159030M,,PORTABLE VARIABLE MESSAGE SIGN,4,U,"ANSELMI & DECICCO, INC.","$5,000.00","$20,000.00"
22122,122,0001,ROADWAY,0035,159030M,,PORTABLE VARIABLE MESSAGE SIGN,4,U,"RITACCO CONSTRUCTION, INC.","$1,500.00","$6,000.00"
22122,122,0001,ROADWAY,0035,159030M,,PORTABLE VARIABLE MESSAGE SIGN,4,U,CARBRO CONSTRUCTORS CORP.,"$1,500.00","$6,000.00"
22122,122,0001,ROADWAY,0036,159054M,,"TEMPORARY CRASH CUSHION, INERTIAL BARRIER SYSTEM, 14 MODULES",3,U,"ANSELMI & DECICCO, INC.","$4,000.00","$12,000.00"
22122,122,0001,ROADWAY,0036,159054M,,"TEMPORARY CRASH CUSHION, INERTIAL BARRIER SYSTEM, 14 MODULES",3,U,"RITACCO CONSTRUCTION, INC.",$100.00,$300.00
22122,122,0001,ROADWAY,0036,159054M,,"TEMPORARY CRASH CUSHION, INERTIAL BARRIER SYSTEM, 14 MODULES",3,U,CARBRO CONSTRUCTORS CORP.,"$5,800.00","$17,400.00"
22122,122,0001,ROADWAY,0037,159108M,,TRAFFIC CONTROL TRUCK WITH MOUNTED CRASH CUSHION,2,U,"ANSELMI & DECICCO, INC.","$10,000.00","$20,000.00"
22122,122,0001,ROADWAY,0037,159108M,,TRAFFIC CONTROL TRUCK WITH MOUNTED CRASH CUSHION,2,U,"RITACCO CONSTRUCTION, INC.","$7,500.00","$15,000.00"
22122,122,0001,ROADWAY,0037,159108M,,TRAFFIC CONTROL TRUCK WITH MOUNTED CRASH CUSHION,2,U,CARBRO CONSTRUCTORS CORP.,"$5,000.00","$10,000.00"
22122,122,0001,ROADWAY,0038,159138M,,HMA PATCH,150,T,"ANSELMI & DECICCO, INC.",$100.00,"$15,000.00"
22122,122,0001,ROADWAY,0038,159138M,,HMA PATCH,150,T,"RITACCO CONSTRUCTION, INC.",$50.00,"$7,500.00"
22122,122,0001,ROADWAY,0038,159138M,,HMA PATCH,150,T,CARBRO CONSTRUCTORS CORP.,$65.00,"$9,750.00"
22122,122,0001,ROADWAY,0039,159141M,,"TRAFFIC DIRECTOR, FLAGGER",240,HOUR,"ANSELMI & DECICCO, INC.",$100.00,"$24,000.00"
22122,122,0001,ROADWAY,0039,159141M,,"TRAFFIC DIRECTOR, FLAGGER",240,HOUR,"RITACCO CONSTRUCTION, INC.",$110.00,"$26,400.00"
22122,122,0001,ROADWAY,0039,159141M,,"TRAFFIC DIRECTOR, FLAGGER",240,HOUR,CARBRO CONSTRUCTORS CORP.,$0.01,$2.40
22122,122,0001,ROADWAY,0040,159144M,,EMERGENCY TOWING SERVICE,3,U,"ANSELMI & DECICCO, INC.",$200.00,$600.00
22122,122,0001,ROADWAY,0040,159144M,,EMERGENCY TOWING SERVICE,3,U,"RITACCO CONSTRUCTION, INC.",$200.00,$600.00
22122,122,0001,ROADWAY,0040,159144M,,EMERGENCY TOWING SERVICE,3,U,CARBRO CONSTRUCTORS CORP.,$300.00,$900.00
22122,122,0001,ROADWAY,0041,159170M,,SCHOOL BUS SERVICE,1,LS,"ANSELMI & DECICCO, INC.","$135,000.00","$135,000.00"
22122,122,0001,ROADWAY,0041,159170M,,SCHOOL BUS SERVICE,1,LS,"RITACCO CONSTRUCTION, INC.","$135,000.00","$135,000.00"
22122,122,0001,ROADWAY,0041,159170M,,SCHOOL BUS SERVICE,1,LS,CARBRO CONSTRUCTORS CORP.,"$135,000.00","$135,000.00"
22122,122,0001,ROADWAY,0042,159190M,,SNOW REMOVAL,1,LS,"ANSELMI & DECICCO, INC.","$10,000.00","$10,000.00"
22122,122,0001,ROADWAY,0042,159190M,,SNOW REMOVAL,1,LS,"RITACCO CONSTRUCTION, INC.","$30,000.00","$30,000.00"
22122,122,0001,ROADWAY,0042,159190M,,SNOW REMOVAL,1,LS,CARBRO CONSTRUCTORS CORP.,$500.00,$500.00
22122,122,0001,ROADWAY,0043,159212M,,"TEMPORARY CRASH CUSHION, COMPRESSIVE BARRIER, TYPE 3, WIDTH NARROW",3,U,"ANSELMI & DECICCO, INC.","$12,000.00","$36,000.00"
22122,122,0001,ROADWAY,0043,159212M,,"TEMPORARY CRASH CUSHION, COMPRESSIVE BARRIER, TYPE 3, WIDTH NARROW",3,U,"RITACCO CONSTRUCTION, INC.","$12,500.00","$37,500.00"
22122,122,0001,ROADWAY,0043,159212M,,"TEMPORARY CRASH CUSHION, COMPRESSIVE BARRIER, TYPE 3, WIDTH NARROW",3,U,CARBRO CONSTRUCTORS CORP.,"$25,000.00","$75,000.00"
22122,122,0001,ROADWAY,0044,159300M,,"TRAFFIC STRIPES, LATEX, 4""","29,201",LF,"ANSELMI & DECICCO, INC.",$0.25,"$7,300.25"
22122,122,0001,ROADWAY,0044,159300M,,"TRAFFIC STRIPES, LATEX, 4""","29,201",LF,"RITACCO CONSTRUCTION, INC.",$0.30,"$8,760.30"
22122,122,0001,ROADWAY,0044,159300M,,"TRAFFIC STRIPES, LATEX, 4""","29,201",LF,CARBRO CONSTRUCTORS CORP.,$0.33,"$9,636.33"
22122,122,0001,ROADWAY,0045,160004M,,FUEL PRICE ADJUSTMENT,1,DOLL,"ANSELMI & DECICCO, INC.","$15,500.00","$15,500.00"
22122,122,0001,ROADWAY,0045,160004M,,FUEL PRICE ADJUSTMENT,1,DOLL,"RITACCO CONSTRUCTION, INC.","$15,500.00","$15,500.00"
22122,122,0001,ROADWAY,0045,160004M,,FUEL PRICE ADJUSTMENT,1,DOLL,CARBRO CONSTRUCTORS CORP.,"$15,500.00","$15,500.00"
22122,122,0001,ROADWAY,0046,160007M,,ASPHALT PRICE ADJUSTMENT,1,DOLL,"ANSELMI & DECICCO, INC.","$27,000.00","$27,000.00"
22122,122,0001,ROADWAY,0046,160007M,,ASPHALT PRICE ADJUSTMENT,1,DOLL,"RITACCO CONSTRUCTION, INC.","$27,000.00","$27,000.00"
22122,122,0001,ROADWAY,0046,160007M,,ASPHALT PRICE ADJUSTMENT,1,DOLL,CARBRO CONSTRUCTORS CORP.,"$27,000.00","$27,000.00"
22122,122,0001,ROADWAY,0047,161003P,,FINAL CLEANUP,1,LS,"ANSELMI & DECICCO, INC.","$5,000.00","$5,000.00"
22122,122,0001,ROADWAY,0047,161003P,,FINAL CLEANUP,1,LS,"RITACCO CONSTRUCTION, INC.","$15,000.00","$15,000.00"
22122,122,0001,ROADWAY,0047,161003P,,FINAL CLEANUP,1,LS,CARBRO CONSTRUCTORS CORP.,"$10,000.00","$10,000.00"
22122,122,0001,ROADWAY,0048,201003P,,CLEARING SITE,1,LS,"ANSELMI & DECICCO, INC.","$150,000.00","$150,000.00"
22122,122,0001,ROADWAY,0048,201003P,,CLEARING SITE,1,LS,"RITACCO CONSTRUCTION, INC.","$150,000.00","$150,000.00"
22122,122,0001,ROADWAY,0048,201003P,,CLEARING SITE,1,LS,CARBRO CONSTRUCTORS CORP.,"$150,000.00","$150,000.00"
22122,122,0001,ROADWAY,0049,202003P,,STRIPPING,1,ACRE,"ANSELMI & DECICCO, INC.","$15,000.00","$15,000.00"
22122,122,0001,ROADWAY,0049,202003P,,STRIPPING,1,ACRE,"RITACCO CONSTRUCTION, INC.","$2,500.00","$2,500.00"
22122,122,0001,ROADWAY,0049,202003P,,STRIPPING,1,ACRE,CARBRO CONSTRUCTORS CORP.,"$22,000.00","$22,000.00"
22122,122,0001,ROADWAY,0050,202006M,,"EXCAVATION, TEST PIT",10,CY,"ANSELMI & DECICCO, INC.",$500.00,"$5,000.00"
22122,122,0001,ROADWAY,0050,202006M,,"EXCAVATION, TEST PIT",10,CY,"RITACCO CONSTRUCTION, INC.",$50.00,$500.00
22122,122,0001,ROADWAY,0050,202006M,,"EXCAVATION, TEST PIT",10,CY,CARBRO CONSTRUCTORS CORP.,$200.00,"$2,000.00"
22122,122,0001,ROADWAY,0051,202009P,,"EXCAVATION, UNCLASSIFIED",677,CY,"ANSELMI & DECICCO, INC.",$150.00,"$101,550.00"
22122,122,0001,ROADWAY,0051,202009P,,"EXCAVATION, UNCLASSIFIED",677,CY,"RITACCO CONSTRUCTION, INC.",$40.00,"$27,080.00"
22122,122,0001,ROADWAY,0051,202009P,,"EXCAVATION, UNCLASSIFIED",677,CY,CARBRO CONSTRUCTORS CORP.,$100.00,"$67,700.00"
22122,122,0001,ROADWAY,0052,202021P,,REMOVAL OF PAVEMENT,"1,514",SY,"ANSELMI & DECICCO, INC.",$45.00,"$68,130.00"
22122,122,0001,ROADWAY,0052,202021P,,REMOVAL OF PAVEMENT,"1,514",SY,"RITACCO CONSTRUCTION, INC.",$30.00,"$45,420.00"
22122,122,0001,ROADWAY,0052,202021P,,REMOVAL OF PAVEMENT,"1,514",SY,CARBRO CONSTRUCTORS CORP.,$22.00,"$33,308.00"
22122,122,0001,ROADWAY,0053,203003P,,BREAKING PAVEMENT,"1,131",SY,"ANSELMI & DECICCO, INC.",$20.00,"$22,620.00"
22122,122,0001,ROADWAY,0053,203003P,,BREAKING PAVEMENT,"1,131",SY,"RITACCO CONSTRUCTION, INC.",$5.00,"$5,655.00"
22122,122,0001,ROADWAY,0053,203003P,,BREAKING PAVEMENT,"1,131",SY,CARBRO CONSTRUCTORS CORP.,$8.00,"$9,048.00"
22122,122,0001,ROADWAY,0054,999999P,,NO ITEM,1,U,"ANSELMI & DECICCO, INC.",$0.00,$0.00
22122,122,0001,ROADWAY,0054,999999P,,NO ITEM,1,U,"RITACCO CONSTRUCTION, INC.",$0.00,$0.00
22122,122,0001,ROADWAY,0054,999999P,,NO ITEM,1,U,CARBRO CONSTRUCTORS CORP.,$0.00,$0.00
22122,122,0001,ROADWAY,0055,302048P,,"DENSE-GRADED AGGREGATE BASE COURSE, 12"" THICK","1,358",SY,"ANSELMI & DECICCO, INC.",$35.00,"$47,530.00"
22122,122,0001,ROADWAY,0055,302048P,,"DENSE-GRADED AGGREGATE BASE COURSE, 12"" THICK","1,358",SY,"RITACCO CONSTRUCTION, INC.",$20.00,"$27,160.00"
22122,122,0001,ROADWAY,0055,302048P,,"DENSE-GRADED AGGREGATE BASE COURSE, 12"" THICK","1,358",SY,CARBRO CONSTRUCTORS CORP.,$25.00,"$33,950.00"
22122,122,0001,ROADWAY,0056,302051P,,"DENSE-GRADED AGGREGATE BASE COURSE, VARIABLE THICKNESS",299,CY,"ANSELMI & DECICCO, INC.",$100.00,"$29,900.00"
22122,122,0001,ROADWAY,0056,302051P,,"DENSE-GRADED AGGREGATE BASE COURSE, VARIABLE THICKNESS",299,CY,"RITACCO CONSTRUCTION, INC.",$60.00,"$17,940.00"
22122,122,0001,ROADWAY,0056,302051P,,"DENSE-GRADED AGGREGATE BASE COURSE, VARIABLE THICKNESS",299,CY,CARBRO CONSTRUCTORS CORP.,$100.00,"$29,900.00"
22122,122,0001,ROADWAY,0057,302060P,,"COARSE AGGREGATE, SIZE NO. 57",30,CY,"ANSELMI & DECICCO, INC.",$100.00,"$3,000.00"
22122,122,0001,ROADWAY,0057,302060P,,"COARSE AGGREGATE, SIZE NO. 57",30,CY,"RITACCO CONSTRUCTION, INC.",$60.00,"$1,800.00"
22122,122,0001,ROADWAY,0057,302060P,,"COARSE AGGREGATE, SIZE NO. 57",30,CY,CARBRO CONSTRUCTORS CORP.,$100.00,"$3,000.00"
22122,122,0001,ROADWAY,0058,401009P,,"HMA MILLING, 3"" OR LESS","7,369",SY,"ANSELMI & DECICCO, INC.",$7.00,"$51,583.00"
22122,122,0001,ROADWAY,0058,401009P,,"HMA MILLING, 3"" OR LESS","7,369",SY,"RITACCO CONSTRUCTION, INC.",$7.00,"$51,583.00"
22122,122,0001,ROADWAY,0058,401009P,,"HMA MILLING, 3"" OR LESS","7,369",SY,CARBRO CONSTRUCTORS CORP.,$7.50,"$55,267.50"
22122,122,0001,ROADWAY,0059,401012P,,"HMA MILLING, MORE THAN 3"" TO 6""",60,SY,"ANSELMI & DECICCO, INC.",$10.00,$600.00
22122,122,0001,ROADWAY,0059,401012P,,"HMA MILLING, MORE THAN 3"" TO 6""",60,SY,"RITACCO CONSTRUCTION, INC.",$9.00,$540.00
22122,122,0001,ROADWAY,0059,401012P,,"HMA MILLING, MORE THAN 3"" TO 6""",60,SY,CARBRO CONSTRUCTORS CORP.,$66.00,"$3,960.00"
22122,122,0001,ROADWAY,0060,401014P,,"HMA MILLING, MORE THAN 6"" TO 9""",38,SY,"ANSELMI & DECICCO, INC.",$11.00,$418.00
22122,122,0001,ROADWAY,0060,401014P,,"HMA MILLING, MORE THAN 6"" TO 9""",38,SY,"RITACCO CONSTRUCTION, INC.",$12.00,$456.00
22122,122,0001,ROADWAY,0060,401014P,,"HMA MILLING, MORE THAN 6"" TO 9""",38,SY,CARBRO CONSTRUCTORS CORP.,$26.00,$988.00
22122,122,0001,ROADWAY,0061,401027M,,POLYMERIZED JOINT ADHESIVE,"5,665",LF,"ANSELMI & DECICCO, INC.",$0.01,$56.65
22122,122,0001,ROADWAY,0061,401027M,,POLYMERIZED JOINT ADHESIVE,"5,665",LF,"RITACCO CONSTRUCTION, INC.",$0.10,$566.50
22122,122,0001,ROADWAY,0061,401027M,,POLYMERIZED JOINT ADHESIVE,"5,665",LF,CARBRO CONSTRUCTORS CORP.,$0.77,"$4,362.05"
22122,122,0001,ROADWAY,0062,401030M,,TACK COAT,"1,100",GAL,"ANSELMI & DECICCO, INC.",$9.00,"$9,900.00"
22122,122,0001,ROADWAY,0062,401030M,,TACK COAT,"1,100",GAL,"RITACCO CONSTRUCTION, INC.",$8.00,"$8,800.00"
22122,122,0001,ROADWAY,0062,401030M,,TACK COAT,"1,100",GAL,CARBRO CONSTRUCTORS CORP.,$5.00,"$5,500.00"
22122,122,0001,ROADWAY,0063,401036M,,PRIME COAT,770,GAL,"ANSELMI & DECICCO, INC.",$0.01,$7.70
22122,122,0001,ROADWAY,0063,401036M,,PRIME COAT,770,GAL,"RITACCO CONSTRUCTION, INC.",$0.10,$77.00
22122,122,0001,ROADWAY,0063,401036M,,PRIME COAT,770,GAL,CARBRO CONSTRUCTORS CORP.,$0.02,$15.40
22122,122,0001,ROADWAY,0064,401054M,,HOT MIX ASPHALT 12.5 M 64 SURFACE COURSE,238,T,"ANSELMI & DECICCO, INC.",$150.00,"$35,700.00"
22122,122,0001,ROADWAY,0064,401054M,,HOT MIX ASPHALT 12.5 M 64 SURFACE COURSE,238,T,"RITACCO CONSTRUCTION, INC.",$140.00,"$33,320.00"
22122,122,0001,ROADWAY,0064,401054M,,HOT MIX ASPHALT 12.5 M 64 SURFACE COURSE,238,T,CARBRO CONSTRUCTORS CORP.,$162.00,"$38,556.00"
22122,122,0001,ROADWAY,0065,401061M,,HOT MIX ASPHALT 12.5 M E SURFACE COURSE,"1,261",T,"ANSELMI & DECICCO, INC.",$150.00,"$189,150.00"
22122,122,0001,ROADWAY,0065,401061M,,HOT MIX ASPHALT 12.5 M E SURFACE COURSE,"1,261",T,"RITACCO CONSTRUCTION, INC.",$160.00,"$201,760.00"
22122,122,0001,ROADWAY,0065,401061M,,HOT MIX ASPHALT 12.5 M E SURFACE COURSE,"1,261",T,CARBRO CONSTRUCTORS CORP.,$141.00,"$177,801.00"
22122,122,0001,ROADWAY,0066,401072M,,HOT MIX ASPHALT 12.5 M 64 INTERMEDIATE COURSE,502,T,"ANSELMI & DECICCO, INC.",$150.00,"$75,300.00"
22122,122,0001,ROADWAY,0066,401072M,,HOT MIX ASPHALT 12.5 M 64 INTERMEDIATE COURSE,502,T,"RITACCO CONSTRUCTION, INC.",$140.00,"$70,280.00"
22122,122,0001,ROADWAY,0066,401072M,,HOT MIX ASPHALT 12.5 M 64 INTERMEDIATE COURSE,502,T,CARBRO CONSTRUCTORS CORP.,$146.00,"$73,292.00"
22122,122,0001,ROADWAY,0067,401099M,,HOT MIX ASPHALT 25 M 64 BASE COURSE,"2,837",T,"ANSELMI & DECICCO, INC.",$135.00,"$382,995.00"
22122,122,0001,ROADWAY,0067,401099M,,HOT MIX ASPHALT 25 M 64 BASE COURSE,"2,837",T,"RITACCO CONSTRUCTION, INC.",$160.00,"$453,920.00"
22122,122,0001,ROADWAY,0067,401099M,,HOT MIX ASPHALT 25 M 64 BASE COURSE,"2,837",T,CARBRO CONSTRUCTORS CORP.,$118.00,"$334,766.00"
22122,122,0001,ROADWAY,0068,401108M,,"CORE SAMPLES, HOT MIX ASPHALT",25,U,"ANSELMI & DECICCO, INC.",$110.00,"$2,750.00"
22122,122,0001,ROADWAY,0068,401108M,,"CORE SAMPLES, HOT MIX ASPHALT",25,U,"RITACCO CONSTRUCTION, INC.",$300.00,"$7,500.00"
22122,122,0001,ROADWAY,0068,401108M,,"CORE SAMPLES, HOT MIX ASPHALT",25,U,CARBRO CONSTRUCTORS CORP.,$110.00,"$2,750.00"
22122,122,0001,ROADWAY,0069,501003P,,TEMPORARY SHEETING,"1,036",SF,"ANSELMI & DECICCO, INC.",$1.00,"$1,036.00"
22122,122,0001,ROADWAY,0069,501003P,,TEMPORARY SHEETING,"1,036",SF,"RITACCO CONSTRUCTION, INC.",$1.00,"$1,036.00"
22122,122,0001,ROADWAY,0069,501003P,,TEMPORARY SHEETING,"1,036",SF,CARBRO CONSTRUCTORS CORP.,$40.00,"$41,440.00"
22122,122,0001,ROADWAY,0070,601122P,,"15"" REINFORCED CONCRETE PIPE",14,LF,"ANSELMI & DECICCO, INC.",$150.00,"$2,100.00"
22122,122,0001,ROADWAY,0070,601122P,,"15"" REINFORCED CONCRETE PIPE",14,LF,"RITACCO CONSTRUCTION, INC.",$130.00,"$1,820.00"
22122,122,0001,ROADWAY,0070,601122P,,"15"" REINFORCED CONCRETE PIPE",14,LF,CARBRO CONSTRUCTORS CORP.,$300.00,"$4,200.00"
22122,122,0001,ROADWAY,0071,601124P,,"18"" REINFORCED CONCRETE PIPE",251,LF,"ANSELMI & DECICCO, INC.",$200.00,"$50,200.00"
22122,122,0001,ROADWAY,0071,601124P,,"18"" REINFORCED CONCRETE PIPE",251,LF,"RITACCO CONSTRUCTION, INC.",$190.00,"$47,690.00"
22122,122,0001,ROADWAY,0071,601124P,,"18"" REINFORCED CONCRETE PIPE",251,LF,CARBRO CONSTRUCTORS CORP.,$310.00,"$77,810.00"
22122,122,0001,ROADWAY,0072,601160P,,"18"" REINFORCED CONCRETE PIPE, CLASS IV",23,LF,"ANSELMI & DECICCO, INC.",$225.00,"$5,175.00"
22122,122,0001,ROADWAY,0072,601160P,,"18"" REINFORCED CONCRETE PIPE, CLASS IV",23,LF,"RITACCO CONSTRUCTION, INC.",$90.00,"$2,070.00"
22122,122,0001,ROADWAY,0072,601160P,,"18"" REINFORCED CONCRETE PIPE, CLASS IV",23,LF,CARBRO CONSTRUCTORS CORP.,$350.00,"$8,050.00"
22122,122,0001,ROADWAY,0073,601630P,,"14"" X 23"" REINFORCED CONCRETE ELLIPTICAL PIPE, CLSS HE - IV",40,LF,"ANSELMI & DECICCO, INC.",$350.00,"$14,000.00"
22122,122,0001,ROADWAY,0073,601630P,,"14"" X 23"" REINFORCED CONCRETE ELLIPTICAL PIPE, CLSS HE - IV",40,LF,"RITACCO CONSTRUCTION, INC.",$350.00,"$14,000.00"
22122,122,0001,ROADWAY,0073,601630P,,"14"" X 23"" REINFORCED CONCRETE ELLIPTICAL PIPE, CLSS HE - IV",40,LF,CARBRO CONSTRUCTORS CORP.,$380.00,"$15,200.00"
22122,122,0003,NON-PARTICIPATING (ROADWAY),0074,601670M,,"CLEANING EXISTING PIPE, 12"" TO 24"" DIAMETER",968,LF,"ANSELMI & DECICCO, INC.",$50.00,"$48,400.00"
22122,122,0003,NON-PARTICIPATING (ROADWAY),0074,601670M,,"CLEANING EXISTING PIPE, 12"" TO 24"" DIAMETER",968,LF,"RITACCO CONSTRUCTION, INC.",$4.00,"$3,872.00"
22122,122,0003,NON-PARTICIPATING (ROADWAY),0074,601670M,,"CLEANING EXISTING PIPE, 12"" TO 24"" DIAMETER",968,LF,CARBRO CONSTRUCTORS CORP.,$9.00,"$8,712.00"
22122,122,0001,ROADWAY,0075,602006P,,CONCRETE HEADWALL,6,CY,"ANSELMI & DECICCO, INC.","$2,500.00","$15,000.00"
22122,122,0001,ROADWAY,0075,602006P,,CONCRETE HEADWALL,6,CY,"RITACCO CONSTRUCTION, INC.","$2,500.00","$15,000.00"
22122,122,0001,ROADWAY,0075,602006P,,CONCRETE HEADWALL,6,CY,CARBRO CONSTRUCTORS CORP.,"$1,600.00","$9,600.00"
22122,122,0001,ROADWAY,0076,602009M,,"INLET, TYPE A",4,U,"ANSELMI & DECICCO, INC.","$6,000.00","$24,000.00"
22122,122,0001,ROADWAY,0076,602009M,,"INLET, TYPE A",4,U,"RITACCO CONSTRUCTION, INC.","$3,000.00","$12,000.00"
22122,122,0001,ROADWAY,0076,602009M,,"INLET, TYPE A",4,U,CARBRO CONSTRUCTORS CORP.,"$5,900.00","$23,600.00"
22122,122,0001,ROADWAY,0077,602012M,,"INLET, TYPE B",8,U,"ANSELMI & DECICCO, INC.","$7,000.00","$56,000.00"
22122,122,0001,ROADWAY,0077,602012M,,"INLET, TYPE B",8,U,"RITACCO CONSTRUCTION, INC.","$4,000.00","$32,000.00"
22122,122,0001,ROADWAY,0077,602012M,,"INLET, TYPE B",8,U,CARBRO CONSTRUCTORS CORP.,"$6,200.00","$49,600.00"
22122,122,0001,ROADWAY,0078,602021M,,"INLET, TYPE ES",2,U,"ANSELMI & DECICCO, INC.","$15,000.00","$30,000.00"
22122,122,0001,ROADWAY,0078,602021M,,"INLET, TYPE ES",2,U,"RITACCO CONSTRUCTION, INC.","$6,000.00","$12,000.00"
22122,122,0001,ROADWAY,0078,602021M,,"INLET, TYPE ES",2,U,CARBRO CONSTRUCTORS CORP.,"$10,500.00","$21,000.00"
22122,122,0001,ROADWAY,0079,602051M,,"INLET, TYPE B-2 MODIFIED",1,U,"ANSELMI & DECICCO, INC.","$15,000.00","$15,000.00"
22122,122,0001,ROADWAY,0079,602051M,,"INLET, TYPE B-2 MODIFIED",1,U,"RITACCO CONSTRUCTION, INC.","$8,000.00","$8,000.00"
22122,122,0001,ROADWAY,0079,602051M,,"INLET, TYPE B-2 MODIFIED",1,U,CARBRO CONSTRUCTORS CORP.,"$7,500.00","$7,500.00"
22122,122,0001,ROADWAY,0080,602054M,,"MANHOLE, 4' DIAMETER",1,U,"ANSELMI & DECICCO, INC.","$7,500.00","$7,500.00"
22122,122,0001,ROADWAY,0080,602054M,,"MANHOLE, 4' DIAMETER",1,U,"RITACCO CONSTRUCTION, INC.","$4,000.00","$4,000.00"
22122,122,0001,ROADWAY,0080,602054M,,"MANHOLE, 4' DIAMETER",1,U,CARBRO CONSTRUCTORS CORP.,"$3,000.00","$3,000.00"
22122,122,0001,ROADWAY,0081,602096M,,INLET CONVERTED TO MANHOLE,1,U,"ANSELMI & DECICCO, INC.","$3,000.00","$3,000.00"
22122,122,0001,ROADWAY,0081,602096M,,INLET CONVERTED TO MANHOLE,1,U,"RITACCO CONSTRUCTION, INC.","$4,000.00","$4,000.00"
22122,122,0001,ROADWAY,0081,602096M,,INLET CONVERTED TO MANHOLE,1,U,CARBRO CONSTRUCTORS CORP.,"$3,000.00","$3,000.00"
22122,122,0001,ROADWAY,0082,602099M,,RESET EXISTING CASTING,1,U,"ANSELMI & DECICCO, INC.","$1,500.00","$1,500.00"
22122,122,0001,ROADWAY,0082,602099M,,RESET EXISTING CASTING,1,U,"RITACCO CONSTRUCTION, INC.",$300.00,$300.00
22122,122,0001,ROADWAY,0082,602099M,,RESET EXISTING CASTING,1,U,CARBRO CONSTRUCTORS CORP.,$50.00,$50.00
22122,122,0001,ROADWAY,0083,602105M,,"SET INLET TYPE B, CASTING",3,U,"ANSELMI & DECICCO, INC.","$2,500.00","$7,500.00"
22122,122,0001,ROADWAY,0083,602105M,,"SET INLET TYPE B, CASTING",3,U,"RITACCO CONSTRUCTION, INC.","$1,000.00","$3,000.00"
22122,122,0001,ROADWAY,0083,602105M,,"SET INLET TYPE B, CASTING",3,U,CARBRO CONSTRUCTORS CORP.,"$2,500.00","$7,500.00"
22122,122,0001,ROADWAY,0084,602108M,,"SET INLET TYPE E, CASTING",10,U,"ANSELMI & DECICCO, INC.","$2,500.00","$25,000.00"
22122,122,0001,ROADWAY,0084,602108M,,"SET INLET TYPE E, CASTING",10,U,"RITACCO CONSTRUCTION, INC.","$1,000.00","$10,000.00"
22122,122,0001,ROADWAY,0084,602108M,,"SET INLET TYPE E, CASTING",10,U,CARBRO CONSTRUCTORS CORP.,"$2,000.00","$20,000.00"
22122,122,0001,ROADWAY,0085,602123M,,"RECONSTRUCTED INLET, TYPE B, USING EXISTING CASTING",1,U,"ANSELMI & DECICCO, INC.","$5,000.00","$5,000.00"
22122,122,0001,ROADWAY,0085,602123M,,"RECONSTRUCTED INLET, TYPE B, USING EXISTING CASTING",1,U,"RITACCO CONSTRUCTION, INC.","$1,500.00","$1,500.00"
22122,122,0001,ROADWAY,0085,602123M,,"RECONSTRUCTED INLET, TYPE B, USING EXISTING CASTING",1,U,CARBRO CONSTRUCTORS CORP.,"$2,500.00","$2,500.00"
22122,122,0001,ROADWAY,0086,602129M,,"RECONSTRUCTED INLET, TYPE E, USING EXISTING CASTING",2,U,"ANSELMI & DECICCO, INC.","$5,000.00","$10,000.00"
22122,122,0001,ROADWAY,0086,602129M,,"RECONSTRUCTED INLET, TYPE E, USING EXISTING CASTING",2,U,"RITACCO CONSTRUCTION, INC.","$1,500.00","$3,000.00"
22122,122,0001,ROADWAY,0086,602129M,,"RECONSTRUCTED INLET, TYPE E, USING EXISTING CASTING",2,U,CARBRO CONSTRUCTORS CORP.,"$2,500.00","$5,000.00"
22122,122,0001,ROADWAY,0087,602147M,,"RECONSTRUCTED INLET, TYPE E-2, USING EXISTING CASTING",1,U,"ANSELMI & DECICCO, INC.","$5,000.00","$5,000.00"
22122,122,0001,ROADWAY,0087,602147M,,"RECONSTRUCTED INLET, TYPE E-2, USING EXISTING CASTING",1,U,"RITACCO CONSTRUCTION, INC.","$1,900.00","$1,900.00"
22122,122,0001,ROADWAY,0087,602147M,,"RECONSTRUCTED INLET, TYPE E-2, USING EXISTING CASTING",1,U,CARBRO CONSTRUCTORS CORP.,"$2,500.00","$2,500.00"
22122,122,0003,NON-PARTICIPATING (ROADWAY),0088,602216M,,CLEANING DRAINAGE STRUCTURE,4,U,"ANSELMI & DECICCO, INC.","$1,000.00","$4,000.00"
22122,122,0003,NON-PARTICIPATING (ROADWAY),0088,602216M,,CLEANING DRAINAGE STRUCTURE,4,U,"RITACCO CONSTRUCTION, INC.",$900.00,"$3,600.00"
22122,122,0003,NON-PARTICIPATING (ROADWAY),0088,602216M,,CLEANING DRAINAGE STRUCTURE,4,U,CARBRO CONSTRUCTORS CORP.,$660.00,"$2,640.00"
22122,122,0001,ROADWAY,0089,602285M,,"INLET, TYPE ES MODIFIED",1,U,"ANSELMI & DECICCO, INC.","$17,500.00","$17,500.00"
22122,122,0001,ROADWAY,0089,602285M,,"INLET, TYPE ES MODIFIED",1,U,"RITACCO CONSTRUCTION, INC.","$6,000.00","$6,000.00"
22122,122,0001,ROADWAY,0089,602285M,,"INLET, TYPE ES MODIFIED",1,U,CARBRO CONSTRUCTORS CORP.,"$10,500.00","$10,500.00"
22122,122,0001,ROADWAY,0090,603036P,,"RIPRAP STONE CHANNEL PROTECTION, 12"" THICK (D50=6"")",36,SY,"ANSELMI & DECICCO, INC.",$75.00,"$2,700.00"
22122,122,0001,ROADWAY,0090,603036P,,"RIPRAP STONE CHANNEL PROTECTION, 12"" THICK (D50=6"")",36,SY,"RITACCO CONSTRUCTION, INC.",$60.00,"$2,160.00"
22122,122,0001,ROADWAY,0090,603036P,,"RIPRAP STONE CHANNEL PROTECTION, 12"" THICK (D50=6"")",36,SY,CARBRO CONSTRUCTORS CORP.,$250.00,"$9,000.00"
22122,122,0001,ROADWAY,0091,603039P,,"RIPRAP STONE CHANNEL PROTECTION, 16"" THICK (D50=8"")",215,SY,"ANSELMI & DECICCO, INC.",$85.00,"$18,275.00"
22122,122,0001,ROADWAY,0091,603039P,,"RIPRAP STONE CHANNEL PROTECTION, 16"" THICK (D50=8"")",215,SY,"RITACCO CONSTRUCTION, INC.",$60.00,"$12,900.00"
22122,122,0001,ROADWAY,0091,603039P,,"RIPRAP STONE CHANNEL PROTECTION, 16"" THICK (D50=8"")",215,SY,CARBRO CONSTRUCTORS CORP.,$150.00,"$32,250.00"
22122,122,0001,ROADWAY,0092,606003P,,"HOT MIX ASPHALT SIDEWALK, 2"" THICK",9,SY,"ANSELMI & DECICCO, INC.",$100.00,$900.00
22122,122,0001,ROADWAY,0092,606003P,,"HOT MIX ASPHALT SIDEWALK, 2"" THICK",9,SY,"RITACCO CONSTRUCTION, INC.",$160.00,"$1,440.00"
22122,122,0001,ROADWAY,0092,606003P,,"HOT MIX ASPHALT SIDEWALK, 2"" THICK",9,SY,CARBRO CONSTRUCTORS CORP.,$150.00,"$1,350.00"
22122,122,0001,ROADWAY,0093,606018P,,"CONCRETE SIDEWALK, 6"" THICK",1,SY,"ANSELMI & DECICCO, INC.","$1,100.00","$1,100.00"
22122,122,0001,ROADWAY,0093,606018P,,"CONCRETE SIDEWALK, 6"" THICK",1,SY,"RITACCO CONSTRUCTION, INC.",$500.00,$500.00
22122,122,0001,ROADWAY,0093,606018P,,"CONCRETE SIDEWALK, 6"" THICK",1,SY,CARBRO CONSTRUCTORS CORP.,$500.00,$500.00
22122,122,0001,ROADWAY,0094,606042P,,"HOT MIX ASPHALT DRIVEWAY, VARIABLE THICKNESS",223,SY,"ANSELMI & DECICCO, INC.",$65.00,"$14,495.00"
22122,122,0001,ROADWAY,0094,606042P,,"HOT MIX ASPHALT DRIVEWAY, VARIABLE THICKNESS",223,SY,"RITACCO CONSTRUCTION, INC.",$100.00,"$22,300.00"
22122,122,0001,ROADWAY,0094,606042P,,"HOT MIX ASPHALT DRIVEWAY, VARIABLE THICKNESS",223,SY,CARBRO CONSTRUCTORS CORP.,$55.00,"$12,265.00"
22122,122,0001,ROADWAY,0095,606044P,,"STONE OR GRAVEL DRIVEWAY, __"" THICK 6""",149,SY,"ANSELMI & DECICCO, INC.",$35.00,"$5,215.00"
22122,122,0001,ROADWAY,0095,606044P,,"STONE OR GRAVEL DRIVEWAY, __"" THICK 6""",149,SY,"RITACCO CONSTRUCTION, INC.",$20.00,"$2,980.00"
22122,122,0001,ROADWAY,0095,606044P,,"STONE OR GRAVEL DRIVEWAY, __"" THICK 6""",149,SY,CARBRO CONSTRUCTORS CORP.,$49.00,"$7,301.00"
22122,122,0001,ROADWAY,0096,606078P,,"CONCRETE ISLAND, 6"" THICK",15,SY,"ANSELMI & DECICCO, INC.",$300.00,"$4,500.00"
22122,122,0001,ROADWAY,0096,606078P,,"CONCRETE ISLAND, 6"" THICK",15,SY,"RITACCO CONSTRUCTION, INC.",$500.00,"$7,500.00"
22122,122,0001,ROADWAY,0096,606078P,,"CONCRETE ISLAND, 6"" THICK",15,SY,CARBRO CONSTRUCTORS CORP.,$135.00,"$2,025.00"
22122,122,0001,ROADWAY,0097,607018P,,"9"" X 16"" CONCRETE VERTICAL CURB",20,LF,"ANSELMI & DECICCO, INC.",$51.00,"$1,020.00"
22122,122,0001,ROADWAY,0097,607018P,,"9"" X 16"" CONCRETE VERTICAL CURB",20,LF,"RITACCO CONSTRUCTION, INC.",$50.00,"$1,000.00"
22122,122,0001,ROADWAY,0097,607018P,,"9"" X 16"" CONCRETE VERTICAL CURB",20,LF,CARBRO CONSTRUCTORS CORP.,$46.00,$920.00
22122,122,0001,ROADWAY,0098,607021P,,"9"" X 18"" CONCRETE VERTICAL CURB",327,LF,"ANSELMI & DECICCO, INC.",$51.00,"$16,677.00"
22122,122,0001,ROADWAY,0098,607021P,,"9"" X 18"" CONCRETE VERTICAL CURB",327,LF,"RITACCO CONSTRUCTION, INC.",$55.00,"$17,985.00"
22122,122,0001,ROADWAY,0098,607021P,,"9"" X 18"" CONCRETE VERTICAL CURB",327,LF,CARBRO CONSTRUCTORS CORP.,$67.00,"$21,909.00"
22122,122,0001,ROADWAY,0099,607030P,,"12"" X 13"" CONCRETE SLOPING CURB","1,492",LF,"ANSELMI & DECICCO, INC.",$36.00,"$53,712.00"
22122,122,0001,ROADWAY,0099,607030P,,"12"" X 13"" CONCRETE SLOPING CURB","1,492",LF,"RITACCO CONSTRUCTION, INC.",$35.00,"$52,220.00"
22122,122,0001,ROADWAY,0099,607030P,,"12"" X 13"" CONCRETE SLOPING CURB","1,492",LF,CARBRO CONSTRUCTORS CORP.,$50.00,"$74,600.00"
22122,122,0001,ROADWAY,0100,607081P,,"9"" X 4"" HOT MIX ASPHALT CURB","1,030",LF,"ANSELMI & DECICCO, INC.",$48.00,"$49,440.00"
22122,122,0001,ROADWAY,0100,607081P,,"9"" X 4"" HOT MIX ASPHALT CURB","1,030",LF,"RITACCO CONSTRUCTION, INC.",$25.00,"$25,750.00"
22122,122,0001,ROADWAY,0100,607081P,,"9"" X 4"" HOT MIX ASPHALT CURB","1,030",LF,CARBRO CONSTRUCTORS CORP.,$15.32,"$15,779.60"
22122,122,0001,ROADWAY,0101,608004P,,"NONVEGETATIVE SURFACE, POROUS HOT MIX ASPHALT, ___ THICK 4""",637,SY,"ANSELMI & DECICCO, INC.",$55.00,"$35,035.00"
22122,122,0001,ROADWAY,0101,608004P,,"NONVEGETATIVE SURFACE, POROUS HOT MIX ASPHALT, ___ THICK 4""",637,SY,"RITACCO CONSTRUCTION, INC.",$65.00,"$41,405.00"
22122,122,0001,ROADWAY,0101,608004P,,"NONVEGETATIVE SURFACE, POROUS HOT MIX ASPHALT, ___ THICK 4""",637,SY,CARBRO CONSTRUCTORS CORP.,$35.00,"$22,295.00"
22122,122,0001,ROADWAY,0102,609003M,,BEAM GUIDE RAIL,"1,187",LF,"ANSELMI & DECICCO, INC.",$40.00,"$47,480.00"
22122,122,0001,ROADWAY,0102,609003M,,BEAM GUIDE RAIL,"1,187",LF,"RITACCO CONSTRUCTION, INC.",$45.00,"$53,415.00"
22122,122,0001,ROADWAY,0102,609003M,,BEAM GUIDE RAIL,"1,187",LF,CARBRO CONSTRUCTORS CORP.,$44.00,"$52,228.00"
22122,122,0001,ROADWAY,0103,609021M,,RUB RAIL,100,LF,"ANSELMI & DECICCO, INC.",$14.00,"$1,400.00"
22122,122,0001,ROADWAY,0103,609021M,,RUB RAIL,100,LF,"RITACCO CONSTRUCTION, INC.",$18.00,"$1,800.00"
22122,122,0001,ROADWAY,0103,609021M,,RUB RAIL,100,LF,CARBRO CONSTRUCTORS CORP.,$16.00,"$1,600.00"
22122,122,0001,ROADWAY,0104,609027M,,TANGENT GUIDE RAIL TERMINAL,2,U,"ANSELMI & DECICCO, INC.","$4,000.00","$8,000.00"
22122,122,0001,ROADWAY,0104,609027M,,TANGENT GUIDE RAIL TERMINAL,2,U,"RITACCO CONSTRUCTION, INC.","$4,000.00","$8,000.00"
22122,122,0001,ROADWAY,0104,609027M,,TANGENT GUIDE RAIL TERMINAL,2,U,CARBRO CONSTRUCTORS CORP.,"$4,100.00","$8,200.00"
22122,122,0001,ROADWAY,0105,609033M,,CONTROLLED RELEASE TERMINAL,1,U,"ANSELMI & DECICCO, INC.",$700.00,$700.00
22122,122,0001,ROADWAY,0105,609033M,,CONTROLLED RELEASE TERMINAL,1,U,"RITACCO CONSTRUCTION, INC.","$2,400.00","$2,400.00"
22122,122,0001,ROADWAY,0105,609033M,,CONTROLLED RELEASE TERMINAL,1,U,CARBRO CONSTRUCTORS CORP.,$799.00,$799.00
22122,122,0001,ROADWAY,0106,609036M,,CONTROLLED RELEASE TERMINAL ANCHORAGE,1,U,"ANSELMI & DECICCO, INC.","$2,700.00","$2,700.00"
22122,122,0001,ROADWAY,0106,609036M,,CONTROLLED RELEASE TERMINAL ANCHORAGE,1,U,"RITACCO CONSTRUCTION, INC.","$2,600.00","$2,600.00"
22122,122,0001,ROADWAY,0106,609036M,,CONTROLLED RELEASE TERMINAL ANCHORAGE,1,U,CARBRO CONSTRUCTORS CORP.,"$3,100.00","$3,100.00"
22122,122,0001,ROADWAY,0107,609039M,,BEAM GUIDE RAIL ANCHORAGE,5,U,"ANSELMI & DECICCO, INC.","$1,400.00","$7,000.00"
22122,122,0001,ROADWAY,0107,609039M,,BEAM GUIDE RAIL ANCHORAGE,5,U,"RITACCO CONSTRUCTION, INC.","$2,000.00","$10,000.00"
22122,122,0001,ROADWAY,0107,609039M,,BEAM GUIDE RAIL ANCHORAGE,5,U,CARBRO CONSTRUCTORS CORP.,"$1,500.00","$7,500.00"
22122,122,0001,ROADWAY,0108,609059M,,APPROACH GUIDE RAIL TRANSITION TL-3,2,U,"ANSELMI & DECICCO, INC.","$5,000.00","$10,000.00"
22122,122,0001,ROADWAY,0108,609059M,,APPROACH GUIDE RAIL TRANSITION TL-3,2,U,"RITACCO CONSTRUCTION, INC.","$6,000.00","$12,000.00"
22122,122,0001,ROADWAY,0108,609059M,,APPROACH GUIDE RAIL TRANSITION TL-3,2,U,CARBRO CONSTRUCTORS CORP.,"$5,600.00","$11,200.00"
22122,122,0001,ROADWAY,0109,609063M,,RESET BEAM GUIDE RAIL WITH EXISTING POSTS,250,LF,"ANSELMI & DECICCO, INC.",$30.00,"$7,500.00"
22122,122,0001,ROADWAY,0109,609063M,,RESET BEAM GUIDE RAIL WITH EXISTING POSTS,250,LF,"RITACCO CONSTRUCTION, INC.",$16.00,"$4,000.00"
22122,122,0001,ROADWAY,0109,609063M,,RESET BEAM GUIDE RAIL WITH EXISTING POSTS,250,LF,CARBRO CONSTRUCTORS CORP.,$28.00,"$7,000.00"
22122,122,0001,ROADWAY,0110,609075M,,REMOVAL OF BEAM GUIDE RAIL,"1,725",LF,"ANSELMI & DECICCO, INC.",$10.00,"$17,250.00"
22122,122,0001,ROADWAY,0110,609075M,,REMOVAL OF BEAM GUIDE RAIL,"1,725",LF,"RITACCO CONSTRUCTION, INC.",$7.00,"$12,075.00"
22122,122,0001,ROADWAY,0110,609075M,,REMOVAL OF BEAM GUIDE RAIL,"1,725",LF,CARBRO CONSTRUCTORS CORP.,$1.10,"$1,897.50"
22122,122,0001,ROADWAY,0111,610003M,,"TRAFFIC STRIPES, 4""","4,868",LF,"ANSELMI & DECICCO, INC.",$0.90,"$4,381.20"
22122,122,0001,ROADWAY,0111,610003M,,"TRAFFIC STRIPES, 4""","4,868",LF,"RITACCO CONSTRUCTION, INC.",$1.00,"$4,868.00"
22122,122,0001,ROADWAY,0111,610003M,,"TRAFFIC STRIPES, 4""","4,868",LF,CARBRO CONSTRUCTORS CORP.,$1.10,"$5,354.80"
22122,122,0001,ROADWAY,0112,610012M,,"RPM, MONO-DIRECTIONAL, WHITE LENS",32,U,"ANSELMI & DECICCO, INC.",$55.00,"$1,760.00"
22122,122,0001,ROADWAY,0112,610012M,,"RPM, MONO-DIRECTIONAL, WHITE LENS",32,U,"RITACCO CONSTRUCTION, INC.",$150.00,"$4,800.00"
22122,122,0001,ROADWAY,0112,610012M,,"RPM, MONO-DIRECTIONAL, WHITE LENS",32,U,CARBRO CONSTRUCTORS CORP.,$66.00,"$2,112.00"
22122,122,0001,ROADWAY,0113,610016M,,"TRAFFIC MARKING LINES, 12""",120,LF,"ANSELMI & DECICCO, INC.",$7.00,$840.00
22122,122,0001,ROADWAY,0113,610016M,,"TRAFFIC MARKING LINES, 12""",120,LF,"RITACCO CONSTRUCTION, INC.",$8.00,$960.00
22122,122,0001,ROADWAY,0113,610016M,,"TRAFFIC MARKING LINES, 12""",120,LF,CARBRO CONSTRUCTORS CORP.,$8.80,"$1,056.00"
22122,122,0001,ROADWAY,0114,610018M,,"RPM, MONO-DIRECTIONAL, AMBER LENS",27,U,"ANSELMI & DECICCO, INC.",$55.00,"$1,485.00"
22122,122,0001,ROADWAY,0114,610018M,,"RPM, MONO-DIRECTIONAL, AMBER LENS",27,U,"RITACCO CONSTRUCTION, INC.",$150.00,"$4,050.00"
22122,122,0001,ROADWAY,0114,610018M,,"RPM, MONO-DIRECTIONAL, AMBER LENS",27,U,CARBRO CONSTRUCTORS CORP.,$66.00,"$1,782.00"
22122,122,0001,ROADWAY,0115,610024M,,REMOVAL OF RPM,59,U,"ANSELMI & DECICCO, INC.",$15.00,$885.00
22122,122,0001,ROADWAY,0115,610024M,,REMOVAL OF RPM,59,U,"RITACCO CONSTRUCTION, INC.",$40.00,"$2,360.00"
22122,122,0001,ROADWAY,0115,610024M,,REMOVAL OF RPM,59,U,CARBRO CONSTRUCTORS CORP.,$1.00,$59.00
22122,122,0001,ROADWAY,0116,610033M,,RUMBLE STRIP,"2,450",LF,"ANSELMI & DECICCO, INC.",$2.00,"$4,900.00"
22122,122,0001,ROADWAY,0116,610033M,,RUMBLE STRIP,"2,450",LF,"RITACCO CONSTRUCTION, INC.",$4.00,"$9,800.00"
22122,122,0001,ROADWAY,0116,610033M,,RUMBLE STRIP,"2,450",LF,CARBRO CONSTRUCTORS CORP.,$3.00,"$7,350.00"
22122,122,0001,ROADWAY,0117,610036M,,REMOVAL OF TRAFFIC STRIPES,"6,270",LF,"ANSELMI & DECICCO, INC.",$1.00,"$6,270.00"
22122,122,0001,ROADWAY,0117,610036M,,REMOVAL OF TRAFFIC STRIPES,"6,270",LF,"RITACCO CONSTRUCTION, INC.",$0.85,"$5,329.50"
22122,122,0001,ROADWAY,0117,610036M,,REMOVAL OF TRAFFIC STRIPES,"6,270",LF,CARBRO CONSTRUCTORS CORP.,$0.95,"$5,956.50"
22122,122,0001,ROADWAY,0118,610038M,,REMOVAL OF RUMBLE STRIP,"2,214",LF,"ANSELMI & DECICCO, INC.",$20.00,"$44,280.00"
22122,122,0001,ROADWAY,0118,610038M,,REMOVAL OF RUMBLE STRIP,"2,214",LF,"RITACCO CONSTRUCTION, INC.",$18.00,"$39,852.00"
22122,122,0001,ROADWAY,0118,610038M,,REMOVAL OF RUMBLE STRIP,"2,214",LF,CARBRO CONSTRUCTORS CORP.,$18.00,"$39,852.00"
22122,122,0001,ROADWAY,0119,612003P,,REGULATORY AND WARNING SIGN,82,SF,"ANSELMI & DECICCO, INC.",$55.00,"$4,510.00"
22122,122,0001,ROADWAY,0119,612003P,,REGULATORY AND WARNING SIGN,82,SF,"RITACCO CONSTRUCTION, INC.",$45.00,"$3,690.00"
22122,122,0001,ROADWAY,0119,612003P,,REGULATORY AND WARNING SIGN,82,SF,CARBRO CONSTRUCTORS CORP.,$48.00,"$3,936.00"
22122,122,0001,ROADWAY,0120,654007P,,ELECTRICAL UTILITY RELOCATION JCP&L,1,LS,"ANSELMI & DECICCO, INC.","$600,000.00","$600,000.00"
22122,122,0001,ROADWAY,0120,654007P,,ELECTRICAL UTILITY RELOCATION JCP&L,1,LS,"RITACCO CONSTRUCTION, INC.","$450,000.00","$450,000.00"
22122,122,0001,ROADWAY,0120,654007P,,ELECTRICAL UTILITY RELOCATION JCP&L,1,LS,CARBRO CONSTRUCTORS CORP.,"$450,000.00","$450,000.00"
22122,122,0001,ROADWAY,0121,704003M,,JUNCTION BOX ITS TYPE A,2,U,"ANSELMI & DECICCO, INC.","$4,500.00","$9,000.00"
22122,122,0001,ROADWAY,0121,704003M,,JUNCTION BOX ITS TYPE A,2,U,"RITACCO CONSTRUCTION, INC.","$12,000.00","$24,000.00"
22122,122,0001,ROADWAY,0121,704003M,,JUNCTION BOX ITS TYPE A,2,U,CARBRO CONSTRUCTORS CORP.,"$1,400.00","$2,800.00"
22122,122,0005,GENERAL LANDSCAPE,0122,804000P,,"TOPSOIL SPREADING __"" THICK","2,538",SY,"ANSELMI & DECICCO, INC.",$7.00,"$17,766.00"
22122,122,0005,GENERAL LANDSCAPE,0122,804000P,,"TOPSOIL SPREADING __"" THICK","2,538",SY,"RITACCO CONSTRUCTION, INC.",$3.00,"$7,614.00"
22122,122,0005,GENERAL LANDSCAPE,0122,804000P,,"TOPSOIL SPREADING __"" THICK","2,538",SY,CARBRO CONSTRUCTORS CORP.,$3.00,"$7,614.00"
22122,122,0005,GENERAL LANDSCAPE,0123,804001P,,SUBSOIL,511,CY,"ANSELMI & DECICCO, INC.",$55.00,"$28,105.00"
22122,122,0005,GENERAL LANDSCAPE,0123,804001P,,SUBSOIL,511,CY,"RITACCO CONSTRUCTION, INC.",$85.00,"$43,435.00"
22122,122,0005,GENERAL LANDSCAPE,0123,804001P,,SUBSOIL,511,CY,CARBRO CONSTRUCTORS CORP.,$95.00,"$48,545.00"
22122,122,0005,GENERAL LANDSCAPE,0124,804014P,,PLANT PIT SOIL,21,CY,"ANSELMI & DECICCO, INC.",$100.00,"$2,100.00"
22122,122,0005,GENERAL LANDSCAPE,0124,804014P,,PLANT PIT SOIL,21,CY,"RITACCO CONSTRUCTION, INC.",$70.00,"$1,470.00"
22122,122,0005,GENERAL LANDSCAPE,0124,804014P,,PLANT PIT SOIL,21,CY,CARBRO CONSTRUCTORS CORP.,$77.00,"$1,617.00"
22122,122,0005,GENERAL LANDSCAPE,0125,806006P,,"FERTILIZING AND SEEDING, TYPE A-3","5,488",SY,"ANSELMI & DECICCO, INC.",$2.00,"$10,976.00"
22122,122,0005,GENERAL LANDSCAPE,0125,806006P,,"FERTILIZING AND SEEDING, TYPE A-3","5,488",SY,"RITACCO CONSTRUCTION, INC.",$1.50,"$8,232.00"
22122,122,0005,GENERAL LANDSCAPE,0125,806006P,,"FERTILIZING AND SEEDING, TYPE A-3","5,488",SY,CARBRO CONSTRUCTORS CORP.,$1.70,"$9,329.60"
22122,122,0005,GENERAL LANDSCAPE,0126,809003M,,STRAW MULCHING,"2,538",SY,"ANSELMI & DECICCO, INC.",$1.00,"$2,538.00"
22122,122,0005,GENERAL LANDSCAPE,0126,809003M,,STRAW MULCHING,"2,538",SY,"RITACCO CONSTRUCTION, INC.",$1.00,"$2,538.00"
22122,122,0005,GENERAL LANDSCAPE,0126,809003M,,STRAW MULCHING,"2,538",SY,CARBRO CONSTRUCTORS CORP.,$1.00,"$2,538.00"
22122,122,0005,GENERAL LANDSCAPE,0127,809006M,,FIBER MULCHING,"2,950",SY,"ANSELMI & DECICCO, INC.",$3.00,"$8,850.00"
22122,122,0005,GENERAL LANDSCAPE,0127,809006M,,FIBER MULCHING,"2,950",SY,"RITACCO CONSTRUCTION, INC.",$1.00,"$2,950.00"
22122,122,0005,GENERAL LANDSCAPE,0127,809006M,,FIBER MULCHING,"2,950",SY,CARBRO CONSTRUCTORS CORP.,$1.40,"$4,130.00"
22122,122,0005,GENERAL LANDSCAPE,0128,811016M,,"LARGE DECIDUOUS TREE 10-12' HIGH, MULTI-STEM, B&B",4,U,"ANSELMI & DECICCO, INC.",$750.00,"$3,000.00"
22122,122,0005,GENERAL LANDSCAPE,0128,811016M,,"LARGE DECIDUOUS TREE 10-12' HIGH, MULTI-STEM, B&B",4,U,"RITACCO CONSTRUCTION, INC.",$650.00,"$2,600.00"
22122,122,0005,GENERAL LANDSCAPE,0128,811016M,,"LARGE DECIDUOUS TREE 10-12' HIGH, MULTI-STEM, B&B",4,U,CARBRO CONSTRUCTORS CORP.,$710.00,"$2,840.00"
22122,122,0005,GENERAL LANDSCAPE,0129,811024M,,"SMALL DECIDUOUS TREE, 2-2 1/2"" CALIPER, B&B",9,U,"ANSELMI & DECICCO, INC.",$600.00,"$5,400.00"
22122,122,0005,GENERAL LANDSCAPE,0129,811024M,,"SMALL DECIDUOUS TREE, 2-2 1/2"" CALIPER, B&B",9,U,"RITACCO CONSTRUCTION, INC.",$550.00,"$4,950.00"
22122,122,0005,GENERAL LANDSCAPE,0129,811024M,,"SMALL DECIDUOUS TREE, 2-2 1/2"" CALIPER, B&B",9,U,CARBRO CONSTRUCTORS CORP.,$600.00,"$5,400.00"
22122,122,0005,GENERAL LANDSCAPE,0130,811067M,,"DECIDUOUS SHRUB, 24-36"" HIGH, CONTAINER",190,U,"ANSELMI & DECICCO, INC.",$70.00,"$13,300.00"
22122,122,0005,GENERAL LANDSCAPE,0130,811067M,,"DECIDUOUS SHRUB, 24-36"" HIGH, CONTAINER",190,U,"RITACCO CONSTRUCTION, INC.",$90.00,"$17,100.00"
22122,122,0005,GENERAL LANDSCAPE,0130,811067M,,"DECIDUOUS SHRUB, 24-36"" HIGH, CONTAINER",190,U,CARBRO CONSTRUCTORS CORP.,$98.00,"$18,620.00"
22122,122,0005,GENERAL LANDSCAPE,0131,811072M,,"EVERGREEN SHRUB, 30-36"" HIGH, B&B",20,U,"ANSELMI & DECICCO, INC.",$90.00,"$1,800.00"
22122,122,0005,GENERAL LANDSCAPE,0131,811072M,,"EVERGREEN SHRUB, 30-36"" HIGH, B&B",20,U,"RITACCO CONSTRUCTION, INC.",$100.00,"$2,000.00"
22122,122,0005,GENERAL LANDSCAPE,0131,811072M,,"EVERGREEN SHRUB, 30-36"" HIGH, B&B",20,U,CARBRO CONSTRUCTORS CORP.,$124.00,"$2,480.00"
22122,122,0005,GENERAL LANDSCAPE,0132,811138M,,PLANT ESTABLISHMENT AND MAINTENANCE PERIOD,1,LS,"ANSELMI & DECICCO, INC.","$5,000.00","$5,000.00"
22122,122,0005,GENERAL LANDSCAPE,0132,811138M,,PLANT ESTABLISHMENT AND MAINTENANCE PERIOD,1,LS,"RITACCO CONSTRUCTION, INC.","$12,500.00","$12,500.00"
22122,122,0005,GENERAL LANDSCAPE,0132,811138M,,PLANT ESTABLISHMENT AND MAINTENANCE PERIOD,1,LS,CARBRO CONSTRUCTORS CORP.,"$14,000.00","$14,000.00"
22122,122,0005,GENERAL LANDSCAPE,0133,811165M,,WATERING,6,MG,"ANSELMI & DECICCO, INC.",$1.00,$6.00
22122,122,0005,GENERAL LANDSCAPE,0133,811165M,,WATERING,6,MG,"RITACCO CONSTRUCTION, INC.",$300.00,"$1,800.00"
22122,122,0005,GENERAL LANDSCAPE,0133,811165M,,WATERING,6,MG,CARBRO CONSTRUCTORS CORP.,$328.00,"$1,968.00"
22122,122,0006,BRIDGE,0134,162006P,,VIBRATION MONITORING,1,LS,"ANSELMI & DECICCO, INC.","$10,000.00","$10,000.00"
22122,122,0006,BRIDGE,0134,162006P,,VIBRATION MONITORING,1,LS,"RITACCO CONSTRUCTION, INC.","$80,000.00","$80,000.00"
22122,122,0006,BRIDGE,0134,162006P,,VIBRATION MONITORING,1,LS,CARBRO CONSTRUCTORS CORP.,"$90,000.00","$90,000.00"
22122,122,0006,BRIDGE,0135,201006P,,"CLEARING SITE, BRIDGE (___) 1404-158",1,LS,"ANSELMI & DECICCO, INC.","$200,000.00","$200,000.00"
22122,122,0006,BRIDGE,0135,201006P,,"CLEARING SITE, BRIDGE (___) 1404-158",1,LS,"RITACCO CONSTRUCTION, INC.","$200,000.00","$200,000.00"
22122,122,0006,BRIDGE,0135,201006P,,"CLEARING SITE, BRIDGE (___) 1404-158",1,LS,CARBRO CONSTRUCTORS CORP.,"$200,000.00","$200,000.00"
22122,122,0006,BRIDGE,0136,201039P,,TEMPORARY SHIELDING,1,LS,"ANSELMI & DECICCO, INC.","$5,000.00","$5,000.00"
22122,122,0006,BRIDGE,0136,201039P,,TEMPORARY SHIELDING,1,LS,"RITACCO CONSTRUCTION, INC.","$200,000.00","$200,000.00"
22122,122,0006,BRIDGE,0136,201039P,,TEMPORARY SHIELDING,1,LS,CARBRO CONSTRUCTORS CORP.,"$342,100.00","$342,100.00"
22122,122,0006,BRIDGE,0137,202009P,,"EXCAVATION, UNCLASSIFIED","2,950",CY,"ANSELMI & DECICCO, INC.",$75.00,"$221,250.00"
22122,122,0006,BRIDGE,0137,202009P,,"EXCAVATION, UNCLASSIFIED","2,950",CY,"RITACCO CONSTRUCTION, INC.",$60.00,"$177,000.00"
22122,122,0006,BRIDGE,0137,202009P,,"EXCAVATION, UNCLASSIFIED","2,950",CY,CARBRO CONSTRUCTORS CORP.,$220.00,"$649,000.00"
22122,122,0006,BRIDGE,0138,203056P,,LIGHTWEIGHT SOIL AGGREGATE,"2,200",CY,"ANSELMI & DECICCO, INC.",$150.00,"$330,000.00"
22122,122,0006,BRIDGE,0138,203056P,,LIGHTWEIGHT SOIL AGGREGATE,"2,200",CY,"RITACCO CONSTRUCTION, INC.",$120.00,"$264,000.00"
22122,122,0006,BRIDGE,0138,203056P,,LIGHTWEIGHT SOIL AGGREGATE,"2,200",CY,CARBRO CONSTRUCTORS CORP.,$120.00,"$264,000.00"
22122,122,0006,BRIDGE,0139,501003P,,TEMPORARY SHEETING,"5,750",SF,"ANSELMI & DECICCO, INC.",$1.00,"$5,750.00"
22122,122,0006,BRIDGE,0139,501003P,,TEMPORARY SHEETING,"5,750",SF,"RITACCO CONSTRUCTION, INC.",$1.00,"$5,750.00"
22122,122,0006,BRIDGE,0139,501003P,,TEMPORARY SHEETING,"5,750",SF,CARBRO CONSTRUCTORS CORP.,$140.00,"$805,000.00"
22122,122,0006,BRIDGE,0140,501009P,,TEMPORARY COFFERDAM,1,LS,"ANSELMI & DECICCO, INC.","$1,325,000.00","$1,325,000.00"
22122,122,0006,BRIDGE,0140,501009P,,TEMPORARY COFFERDAM,1,LS,"RITACCO CONSTRUCTION, INC.","$2,683,291.70","$2,683,291.70"
22122,122,0006,BRIDGE,0140,501009P,,TEMPORARY COFFERDAM,1,LS,CARBRO CONSTRUCTORS CORP.,"$985,000.00","$985,000.00"
22122,122,0006,BRIDGE,0141,502003P,,FURNISHING EQUIPMENT FOR DRIVING PILES,1,LS,"ANSELMI & DECICCO, INC.","$150,000.00","$150,000.00"
22122,122,0006,BRIDGE,0141,502003P,,FURNISHING EQUIPMENT FOR DRIVING PILES,1,LS,"RITACCO CONSTRUCTION, INC.","$300,000.00","$300,000.00"
22122,122,0006,BRIDGE,0141,502003P,,FURNISHING EQUIPMENT FOR DRIVING PILES,1,LS,CARBRO CONSTRUCTORS CORP.,"$198,000.00","$198,000.00"
22122,122,0006,BRIDGE,0142,502009M,,"TEST PILE, FURNISHED",614,LF,"ANSELMI & DECICCO, INC.",$100.00,"$61,400.00"
22122,122,0006,BRIDGE,0142,502009M,,"TEST PILE, FURNISHED",614,LF,"RITACCO CONSTRUCTION, INC.",$145.00,"$89,030.00"
22122,122,0006,BRIDGE,0142,502009M,,"TEST PILE, FURNISHED",614,LF,CARBRO CONSTRUCTORS CORP.,$250.00,"$153,500.00"
22122,122,0006,BRIDGE,0143,502012M,,"TEST PILE, DRIVEN",614,LF,"ANSELMI & DECICCO, INC.",$150.00,"$92,100.00"
22122,122,0006,BRIDGE,0143,502012M,,"TEST PILE, DRIVEN",614,LF,"RITACCO CONSTRUCTION, INC.",$75.00,"$46,050.00"
22122,122,0006,BRIDGE,0143,502012M,,"TEST PILE, DRIVEN",614,LF,CARBRO CONSTRUCTORS CORP.,$80.00,"$49,120.00"
22122,122,0006,BRIDGE,0144,502018M,,DYNAMIC PILE LOAD TEST,9,U,"ANSELMI & DECICCO, INC.","$3,000.00","$27,000.00"
22122,122,0006,BRIDGE,0144,502018M,,DYNAMIC PILE LOAD TEST,9,U,"RITACCO CONSTRUCTION, INC.","$2,250.00","$20,250.00"
22122,122,0006,BRIDGE,0144,502018M,,DYNAMIC PILE LOAD TEST,9,U,CARBRO CONSTRUCTORS CORP.,"$5,800.00","$52,200.00"
22122,122,0006,BRIDGE,0145,502030M,,"CAST-IN-PLACE CONCRETE PILE, FURNISHED, 18"" DIAMETER","6,821",LF,"ANSELMI & DECICCO, INC.",$100.00,"$682,100.00"
22122,122,0006,BRIDGE,0145,502030M,,"CAST-IN-PLACE CONCRETE PILE, FURNISHED, 18"" DIAMETER","6,821",LF,"RITACCO CONSTRUCTION, INC.",$145.00,"$989,045.00"
22122,122,0006,BRIDGE,0145,502030M,,"CAST-IN-PLACE CONCRETE PILE, FURNISHED, 18"" DIAMETER","6,821",LF,CARBRO CONSTRUCTORS CORP.,$120.00,"$818,520.00"
22122,122,0006,BRIDGE,0146,502054M,,"CAST-IN-PLACE CONCRETE PILE, DRIVEN, 18"" DIAMETER","6,821",LF,"ANSELMI & DECICCO, INC.",$80.00,"$545,680.00"
22122,122,0006,BRIDGE,0146,502054M,,"CAST-IN-PLACE CONCRETE PILE, DRIVEN, 18"" DIAMETER","6,821",LF,"RITACCO CONSTRUCTION, INC.",$38.00,"$259,198.00"
22122,122,0006,BRIDGE,0146,502054M,,"CAST-IN-PLACE CONCRETE PILE, DRIVEN, 18"" DIAMETER","6,821",LF,CARBRO CONSTRUCTORS CORP.,$115.00,"$784,415.00"
22122,122,0006,BRIDGE,0147,502207M,,PILE SHOE,126,U,"ANSELMI & DECICCO, INC.",$750.00,"$94,500.00"
22122,122,0006,BRIDGE,0147,502207M,,PILE SHOE,126,U,"RITACCO CONSTRUCTION, INC.",$450.00,"$56,700.00"
22122,122,0006,BRIDGE,0147,502207M,,PILE SHOE,126,U,CARBRO CONSTRUCTORS CORP.,$500.00,"$63,000.00"
22122,122,0006,BRIDGE,0148,502307M,,RESTRIKE WITH PDA AND CAPWAP ANALYSIS,2,U,"ANSELMI & DECICCO, INC.","$15,000.00","$30,000.00"
22122,122,0006,BRIDGE,0148,502307M,,RESTRIKE WITH PDA AND CAPWAP ANALYSIS,2,U,"RITACCO CONSTRUCTION, INC.","$12,000.00","$24,000.00"
22122,122,0006,BRIDGE,0148,502307M,,RESTRIKE WITH PDA AND CAPWAP ANALYSIS,2,U,CARBRO CONSTRUCTORS CORP.,"$6,500.00","$13,000.00"
22122,122,0006,BRIDGE,0149,504003P,,REINFORCEMENT STEEL,"23,500",LB,"ANSELMI & DECICCO, INC.",$3.00,"$70,500.00"
22122,122,0006,BRIDGE,0149,504003P,,REINFORCEMENT STEEL,"23,500",LB,"RITACCO CONSTRUCTION, INC.",$2.20,"$51,700.00"
22122,122,0006,BRIDGE,0149,504003P,,REINFORCEMENT STEEL,"23,500",LB,CARBRO CONSTRUCTORS CORP.,$2.00,"$47,000.00"
22122,122,0006,BRIDGE,0150,504006P,,"REINFORCEMENT STEEL, EPOXY-COATED","85,000",LB,"ANSELMI & DECICCO, INC.",$4.00,"$340,000.00"
22122,122,0006,BRIDGE,0150,504006P,,"REINFORCEMENT STEEL, EPOXY-COATED","85,000",LB,"RITACCO CONSTRUCTION, INC.",$2.40,"$204,000.00"
22122,122,0006,BRIDGE,0150,504006P,,"REINFORCEMENT STEEL, EPOXY-COATED","85,000",LB,CARBRO CONSTRUCTORS CORP.,$2.20,"$187,000.00"
22122,122,0006,BRIDGE,0151,504010P,,DRILL AND GROUT REINFORCEMENT STEEL,30,LF,"ANSELMI & DECICCO, INC.",$60.00,"$1,800.00"
22122,122,0006,BRIDGE,0151,504010P,,DRILL AND GROUT REINFORCEMENT STEEL,30,LF,"RITACCO CONSTRUCTION, INC.",$35.00,"$1,050.00"
22122,122,0006,BRIDGE,0151,504010P,,DRILL AND GROUT REINFORCEMENT STEEL,30,LF,CARBRO CONSTRUCTORS CORP.,$250.00,"$7,500.00"
22122,122,0006,BRIDGE,0152,504015P,,CONCRETE FOOTING,384,CY,"ANSELMI & DECICCO, INC.","$1,000.00","$384,000.00"
22122,122,0006,BRIDGE,0152,504015P,,CONCRETE FOOTING,384,CY,"RITACCO CONSTRUCTION, INC.",$400.00,"$153,600.00"
22122,122,0006,BRIDGE,0152,504015P,,CONCRETE FOOTING,384,CY,CARBRO CONSTRUCTORS CORP.,$900.00,"$345,600.00"
22122,122,0006,BRIDGE,0153,504018P,,CONCRETE WING WALL,191,CY,"ANSELMI & DECICCO, INC.","$1,500.00","$286,500.00"
22122,122,0006,BRIDGE,0153,504018P,,CONCRETE WING WALL,191,CY,"RITACCO CONSTRUCTION, INC.","$1,600.00","$305,600.00"
22122,122,0006,BRIDGE,0153,504018P,,CONCRETE WING WALL,191,CY,CARBRO CONSTRUCTORS CORP.,"$2,300.00","$439,300.00"
22122,122,0006,BRIDGE,0154,504024P,,CONCRETE ABUTMENT WALL,214,CY,"ANSELMI & DECICCO, INC.","$1,500.00","$321,000.00"
22122,122,0006,BRIDGE,0154,504024P,,CONCRETE ABUTMENT WALL,214,CY,"RITACCO CONSTRUCTION, INC.","$1,600.00","$342,400.00"
22122,122,0006,BRIDGE,0154,504024P,,CONCRETE ABUTMENT WALL,214,CY,CARBRO CONSTRUCTORS CORP.,"$2,350.00","$502,900.00"
22122,122,0006,BRIDGE,0155,504036P,,EPOXY WATERPROOFING,65,SY,"ANSELMI & DECICCO, INC.",$100.00,"$6,500.00"
22122,122,0006,BRIDGE,0155,504036P,,EPOXY WATERPROOFING,65,SY,"RITACCO CONSTRUCTION, INC.",$60.00,"$3,900.00"
22122,122,0006,BRIDGE,0155,504036P,,EPOXY WATERPROOFING,65,SY,CARBRO CONSTRUCTORS CORP.,$30.00,"$1,950.00"
22122,122,0006,BRIDGE,0156,505027P,,"PRESTRESSED CONCRETE BOX BEAM, (TYPE BI-48), 48"" X 27""",458,LF,"ANSELMI & DECICCO, INC.",$600.00,"$274,800.00"
22122,122,0006,BRIDGE,0156,505027P,,"PRESTRESSED CONCRETE BOX BEAM, (TYPE BI-48), 48"" X 27""",458,LF,"RITACCO CONSTRUCTION, INC.","$1,850.00","$847,300.00"
22122,122,0006,BRIDGE,0156,505027P,,"PRESTRESSED CONCRETE BOX BEAM, (TYPE BI-48), 48"" X 27""",458,LF,CARBRO CONSTRUCTORS CORP.,$850.00,"$389,300.00"
22122,122,0006,BRIDGE,0157,506003P,,STRUCTURAL STEEL,1,LS,"ANSELMI & DECICCO, INC.","$15,000.00","$15,000.00"
22122,122,0006,BRIDGE,0157,506003P,,STRUCTURAL STEEL,1,LS,"RITACCO CONSTRUCTION, INC.","$95,000.00","$95,000.00"
22122,122,0006,BRIDGE,0157,506003P,,STRUCTURAL STEEL,1,LS,CARBRO CONSTRUCTORS CORP.,"$22,000.00","$22,000.00"
22122,122,0006,BRIDGE,0158,506006P,,REINFORCED ELASTOMERIC BEARING ASSEMBLY,16,U,"ANSELMI & DECICCO, INC.","$2,000.00","$32,000.00"
22122,122,0006,BRIDGE,0158,506006P,,REINFORCED ELASTOMERIC BEARING ASSEMBLY,16,U,"RITACCO CONSTRUCTION, INC.","$4,000.00","$64,000.00"
22122,122,0006,BRIDGE,0158,506006P,,REINFORCED ELASTOMERIC BEARING ASSEMBLY,16,U,CARBRO CONSTRUCTORS CORP.,"$1,800.00","$28,800.00"
22122,122,0006,BRIDGE,0159,506070P,,TEMPORARY BEAM,1,LS,"ANSELMI & DECICCO, INC.","$10,000.00","$10,000.00"
22122,122,0006,BRIDGE,0159,506070P,,TEMPORARY BEAM,1,LS,"RITACCO CONSTRUCTION, INC.","$95,000.00","$95,000.00"
22122,122,0006,BRIDGE,0159,506070P,,TEMPORARY BEAM,1,LS,CARBRO CONSTRUCTORS CORP.,"$155,000.00","$155,000.00"
22122,122,0006,BRIDGE,0160,507015P,,STRIP SEAL EXPANSION JOINT ASSEMBLY,89,LF,"ANSELMI & DECICCO, INC.",$500.00,"$44,500.00"
22122,122,0006,BRIDGE,0160,507015P,,STRIP SEAL EXPANSION JOINT ASSEMBLY,89,LF,"RITACCO CONSTRUCTION, INC.",$650.00,"$57,850.00"
22122,122,0006,BRIDGE,0160,507015P,,STRIP SEAL EXPANSION JOINT ASSEMBLY,89,LF,CARBRO CONSTRUCTORS CORP.,$550.00,"$48,950.00"
22122,122,0006,BRIDGE,0161,507024P,,"CONCRETE BRIDGE DECK, HPC",141,CY,"ANSELMI & DECICCO, INC.","$2,000.00","$282,000.00"
22122,122,0006,BRIDGE,0161,507024P,,"CONCRETE BRIDGE DECK, HPC",141,CY,"RITACCO CONSTRUCTION, INC.","$3,200.00","$451,200.00"
22122,122,0006,BRIDGE,0161,507024P,,"CONCRETE BRIDGE DECK, HPC",141,CY,CARBRO CONSTRUCTORS CORP.,"$4,200.00","$592,200.00"
22122,122,0006,BRIDGE,0162,507033P,,"CONCRETE BRIDGE SIDEWALK, HPC",35,CY,"ANSELMI & DECICCO, INC.",$900.00,"$31,500.00"
22122,122,0006,BRIDGE,0162,507033P,,"CONCRETE BRIDGE SIDEWALK, HPC",35,CY,"RITACCO CONSTRUCTION, INC.",$200.00,"$7,000.00"
22122,122,0006,BRIDGE,0162,507033P,,"CONCRETE BRIDGE SIDEWALK, HPC",35,CY,CARBRO CONSTRUCTORS CORP.,"$1,400.00","$49,000.00"
22122,122,0006,BRIDGE,0163,507039P,,"CONCRETE BRIDGE PARAPET, HPC",30,LF,"ANSELMI & DECICCO, INC.","$2,000.00","$60,000.00"
22122,122,0006,BRIDGE,0163,507039P,,"CONCRETE BRIDGE PARAPET, HPC",30,LF,"RITACCO CONSTRUCTION, INC.","$1,500.00","$45,000.00"
22122,122,0006,BRIDGE,0163,507039P,,"CONCRETE BRIDGE PARAPET, HPC",30,LF,CARBRO CONSTRUCTORS CORP.,"$1,600.00","$48,000.00"
22122,122,0006,BRIDGE,0164,507050M,,CONCRETE SLEEPER SLAB,46,CY,"ANSELMI & DECICCO, INC.","$1,200.00","$55,200.00"
22122,122,0006,BRIDGE,0164,507050M,,CONCRETE SLEEPER SLAB,46,CY,"RITACCO CONSTRUCTION, INC.","$1,200.00","$55,200.00"
22122,122,0006,BRIDGE,0164,507050M,,CONCRETE SLEEPER SLAB,46,CY,CARBRO CONSTRUCTORS CORP.,"$1,400.00","$64,400.00"
22122,122,0006,BRIDGE,0165,507054P,,CONCRETE BRIDGE RELIEF SLAB,247,SY,"ANSELMI & DECICCO, INC.",$400.00,"$98,800.00"
22122,122,0006,BRIDGE,0165,507054P,,CONCRETE BRIDGE RELIEF SLAB,247,SY,"RITACCO CONSTRUCTION, INC.",$300.00,"$74,100.00"
22122,122,0006,BRIDGE,0165,507054P,,CONCRETE BRIDGE RELIEF SLAB,247,SY,CARBRO CONSTRUCTORS CORP.,$500.00,"$123,500.00"
22122,122,0006,BRIDGE,0166,507085P,,STEEL 4 BAR BRIDGE RAILING,237,LF,"ANSELMI & DECICCO, INC.",$425.00,"$100,725.00"
22122,122,0006,BRIDGE,0166,507085P,,STEEL 4 BAR BRIDGE RAILING,237,LF,"RITACCO CONSTRUCTION, INC.",$350.00,"$82,950.00"
22122,122,0006,BRIDGE,0166,507085P,,STEEL 4 BAR BRIDGE RAILING,237,LF,CARBRO CONSTRUCTORS CORP.,$410.00,"$97,170.00"
22122,122,0006,BRIDGE,0167,601419P,,"8"" PERFORATED HIGH DENSITY POLYETHYLENE PIPE",268,LF,"ANSELMI & DECICCO, INC.",$50.00,"$13,400.00"
22122,122,0006,BRIDGE,0167,601419P,,"8"" PERFORATED HIGH DENSITY POLYETHYLENE PIPE",268,LF,"RITACCO CONSTRUCTION, INC.",$50.00,"$13,400.00"
22122,122,0006,BRIDGE,0167,601419P,,"8"" PERFORATED HIGH DENSITY POLYETHYLENE PIPE",268,LF,CARBRO CONSTRUCTORS CORP.,$85.00,"$22,780.00"
22122,122,0006,BRIDGE,0168,701015P,,"2"" RIGID METALLIC CONDUIT",70,LF,"ANSELMI & DECICCO, INC.",$45.00,"$3,150.00"
22122,122,0006,BRIDGE,0168,701015P,,"2"" RIGID METALLIC CONDUIT",70,LF,"RITACCO CONSTRUCTION, INC.",$150.00,"$10,500.00"
22122,122,0006,BRIDGE,0168,701015P,,"2"" RIGID METALLIC CONDUIT",70,LF,CARBRO CONSTRUCTORS CORP.,$100.00,"$7,000.00"