Proposal,Call Order,Section Number,Section Description,Line,Item,Alternate Code,Item Description,Quantity,Unit,Vendor Name,Unit Price,Extension
22148,148,0001,Roadway,0001,151006M,,PERFORMANCE BOND AND PAYMENT BOND,1,DOLL,"BERTO CONSTRUCTION, INC.","$75,000.00","$75,000.00"
22148,148,0001,Roadway,0001,151006M,,PERFORMANCE BOND AND PAYMENT BOND,1,DOLL,"UNION PAVING & CONSTRUCTION CO., INC.","$65,000.00","$65,000.00"
22148,148,0001,Roadway,0001,151006M,,PERFORMANCE BOND AND PAYMENT BOND,1,DOLL,"ORCHARD HOLDINGS, LLC","$97,600.00","$97,600.00"
22148,148,0001,Roadway,0001,151006M,,PERFORMANCE BOND AND PAYMENT BOND,1,DOLL,"DAIDONE ELECTRIC, INC.","$64,600.00","$64,600.00"
22148,148,0003,Non-Participating (Roadway),0002,152012P,,RAILROAD PROTECTIVE LIABILITY INSURANCE,1,DOLL,"BERTO CONSTRUCTION, INC.","$5,000.00","$5,000.00"
22148,148,0003,Non-Participating (Roadway),0002,152012P,,RAILROAD PROTECTIVE LIABILITY INSURANCE,1,DOLL,"UNION PAVING & CONSTRUCTION CO., INC.","$2,500.00","$2,500.00"
22148,148,0003,Non-Participating (Roadway),0002,152012P,,RAILROAD PROTECTIVE LIABILITY INSURANCE,1,DOLL,"ORCHARD HOLDINGS, LLC","$10,000.00","$10,000.00"
22148,148,0003,Non-Participating (Roadway),0002,152012P,,RAILROAD PROTECTIVE LIABILITY INSURANCE,1,DOLL,"DAIDONE ELECTRIC, INC.","$5,000.00","$5,000.00"
22148,148,0003,Non-Participating (Roadway),0003,152015P,,POLLUTION LIABILITY INSURANCE,1,DOLL,"BERTO CONSTRUCTION, INC.","$14,750.00","$14,750.00"
22148,148,0003,Non-Participating (Roadway),0003,152015P,,POLLUTION LIABILITY INSURANCE,1,DOLL,"UNION PAVING & CONSTRUCTION CO., INC.","$14,000.00","$14,000.00"
22148,148,0003,Non-Participating (Roadway),0003,152015P,,POLLUTION LIABILITY INSURANCE,1,DOLL,"ORCHARD HOLDINGS, LLC","$15,000.00","$15,000.00"
22148,148,0003,Non-Participating (Roadway),0003,152015P,,POLLUTION LIABILITY INSURANCE,1,DOLL,"DAIDONE ELECTRIC, INC.",$0.01,$0.01
22148,148,0001,Roadway,0004,153003P,,PROGRESS SCHEDULE,1,LS,"BERTO CONSTRUCTION, INC.","$5,000.00","$5,000.00"
22148,148,0001,Roadway,0004,153003P,,PROGRESS SCHEDULE,1,LS,"UNION PAVING & CONSTRUCTION CO., INC.","$7,500.00","$7,500.00"
22148,148,0001,Roadway,0004,153003P,,PROGRESS SCHEDULE,1,LS,"ORCHARD HOLDINGS, LLC","$6,240.00","$6,240.00"
22148,148,0001,Roadway,0004,153003P,,PROGRESS SCHEDULE,1,LS,"DAIDONE ELECTRIC, INC.",$0.01,$0.01
22148,148,0001,Roadway,0005,153005M,,PROGRESS SCHEDULE UPDATE,15,U,"BERTO CONSTRUCTION, INC.",$600.00,"$9,000.00"
22148,148,0001,Roadway,0005,153005M,,PROGRESS SCHEDULE UPDATE,15,U,"UNION PAVING & CONSTRUCTION CO., INC.",$600.00,"$9,000.00"
22148,148,0001,Roadway,0005,153005M,,PROGRESS SCHEDULE UPDATE,15,U,"ORCHARD HOLDINGS, LLC",$585.00,"$8,775.00"
22148,148,0001,Roadway,0005,153005M,,PROGRESS SCHEDULE UPDATE,15,U,"DAIDONE ELECTRIC, INC.",$0.01,$0.15
22148,148,0001,Roadway,0006,153011M,,TRAINEES,"3,590",HOUR,"BERTO CONSTRUCTION, INC.",$0.01,$35.90
22148,148,0001,Roadway,0006,153011M,,TRAINEES,"3,590",HOUR,"UNION PAVING & CONSTRUCTION CO., INC.",$0.01,$35.90
22148,148,0001,Roadway,0006,153011M,,TRAINEES,"3,590",HOUR,"ORCHARD HOLDINGS, LLC",$7.80,"$28,002.00"
22148,148,0001,Roadway,0006,153011M,,TRAINEES,"3,590",HOUR,"DAIDONE ELECTRIC, INC.",$0.01,$35.90
22148,148,0001,Roadway,0007,154003P,,MOBILIZATION,1,LS,"BERTO CONSTRUCTION, INC.","$1,100,000.00","$1,100,000.00"
22148,148,0001,Roadway,0007,154003P,,MOBILIZATION,1,LS,"UNION PAVING & CONSTRUCTION CO., INC.","$1,300,000.00","$1,300,000.00"
22148,148,0001,Roadway,0007,154003P,,MOBILIZATION,1,LS,"ORCHARD HOLDINGS, LLC","$1,330,000.00","$1,330,000.00"
22148,148,0001,Roadway,0007,154003P,,MOBILIZATION,1,LS,"DAIDONE ELECTRIC, INC.","$1,400,000.00","$1,400,000.00"
22148,148,0002,Construction Engineering,0008,155015M,,FIELD OFFICE TYPE E SET UP,1,U,"BERTO CONSTRUCTION, INC.","$40,000.00","$40,000.00"
22148,148,0002,Construction Engineering,0008,155015M,,FIELD OFFICE TYPE E SET UP,1,U,"UNION PAVING & CONSTRUCTION CO., INC.","$25,000.00","$25,000.00"
22148,148,0002,Construction Engineering,0008,155015M,,FIELD OFFICE TYPE E SET UP,1,U,"ORCHARD HOLDINGS, LLC","$45,500.00","$45,500.00"
22148,148,0002,Construction Engineering,0008,155015M,,FIELD OFFICE TYPE E SET UP,1,U,"DAIDONE ELECTRIC, INC.","$20,000.00","$20,000.00"
22148,148,0002,Construction Engineering,0009,155033M,,FIELD OFFICE TYPE E MAINTENANCE,32,MO,"BERTO CONSTRUCTION, INC.","$3,500.00","$112,000.00"
22148,148,0002,Construction Engineering,0009,155033M,,FIELD OFFICE TYPE E MAINTENANCE,32,MO,"UNION PAVING & CONSTRUCTION CO., INC.","$4,200.00","$134,400.00"
22148,148,0002,Construction Engineering,0009,155033M,,FIELD OFFICE TYPE E MAINTENANCE,32,MO,"ORCHARD HOLDINGS, LLC","$4,500.00","$144,000.00"
22148,148,0002,Construction Engineering,0009,155033M,,FIELD OFFICE TYPE E MAINTENANCE,32,MO,"DAIDONE ELECTRIC, INC.","$3,000.00","$96,000.00"
22148,148,0002,Construction Engineering,0010,156015M,,NUCLEAR DENSITY GAUGE,1,U,"BERTO CONSTRUCTION, INC.","$5,000.00","$5,000.00"
22148,148,0002,Construction Engineering,0010,156015M,,NUCLEAR DENSITY GAUGE,1,U,"UNION PAVING & CONSTRUCTION CO., INC.","$12,000.00","$12,000.00"
22148,148,0002,Construction Engineering,0010,156015M,,NUCLEAR DENSITY GAUGE,1,U,"ORCHARD HOLDINGS, LLC","$4,000.00","$4,000.00"
22148,148,0002,Construction Engineering,0010,156015M,,NUCLEAR DENSITY GAUGE,1,U,"DAIDONE ELECTRIC, INC.","$29,400.00","$29,400.00"
22148,148,0001,Roadway,0011,157004M,,CONSTRUCTION LAYOUT,1,DOLL,"BERTO CONSTRUCTION, INC.","$40,000.00","$40,000.00"
22148,148,0001,Roadway,0011,157004M,,CONSTRUCTION LAYOUT,1,DOLL,"UNION PAVING & CONSTRUCTION CO., INC.","$90,000.00","$90,000.00"
22148,148,0001,Roadway,0011,157004M,,CONSTRUCTION LAYOUT,1,DOLL,"ORCHARD HOLDINGS, LLC","$16,250.00","$16,250.00"
22148,148,0001,Roadway,0011,157004M,,CONSTRUCTION LAYOUT,1,DOLL,"DAIDONE ELECTRIC, INC.","$40,908.90","$40,908.90"
22148,148,0004,Erosion Control,0012,158009M,,"HEAVY DUTY SILT FENCE, ORANGE","3,493",LF,"BERTO CONSTRUCTION, INC.",$5.00,"$17,465.00"
22148,148,0004,Erosion Control,0012,158009M,,"HEAVY DUTY SILT FENCE, ORANGE","3,493",LF,"UNION PAVING & CONSTRUCTION CO., INC.",$7.00,"$24,451.00"
22148,148,0004,Erosion Control,0012,158009M,,"HEAVY DUTY SILT FENCE, ORANGE","3,493",LF,"ORCHARD HOLDINGS, LLC",$14.25,"$49,775.25"
22148,148,0004,Erosion Control,0012,158009M,,"HEAVY DUTY SILT FENCE, ORANGE","3,493",LF,"DAIDONE ELECTRIC, INC.",$29.00,"$101,297.00"
22148,148,0004,Erosion Control,0013,158033M,,"INLET FILTER TYPE 2, 4' X 4'",41,U,"BERTO CONSTRUCTION, INC.",$150.00,"$6,150.00"
22148,148,0004,Erosion Control,0013,158033M,,"INLET FILTER TYPE 2, 4' X 4'",41,U,"UNION PAVING & CONSTRUCTION CO., INC.",$250.00,"$10,250.00"
22148,148,0004,Erosion Control,0013,158033M,,"INLET FILTER TYPE 2, 4' X 4'",41,U,"ORCHARD HOLDINGS, LLC",$230.00,"$9,430.00"
22148,148,0004,Erosion Control,0013,158033M,,"INLET FILTER TYPE 2, 4' X 4'",41,U,"DAIDONE ELECTRIC, INC.",$238.00,"$9,758.00"
22148,148,0004,Erosion Control,0014,158060M,,CONSTRUCTION DRIVEWAY,525,T,"BERTO CONSTRUCTION, INC.",$70.00,"$36,750.00"
22148,148,0004,Erosion Control,0014,158060M,,CONSTRUCTION DRIVEWAY,525,T,"UNION PAVING & CONSTRUCTION CO., INC.",$35.00,"$18,375.00"
22148,148,0004,Erosion Control,0014,158060M,,CONSTRUCTION DRIVEWAY,525,T,"ORCHARD HOLDINGS, LLC",$155.00,"$81,375.00"
22148,148,0004,Erosion Control,0014,158060M,,CONSTRUCTION DRIVEWAY,525,T,"DAIDONE ELECTRIC, INC.",$0.01,$5.25
22148,148,0004,Erosion Control,0015,158063P,,CONCRETE WASHOUT SYSTEM,1,LS,"BERTO CONSTRUCTION, INC.","$5,000.00","$5,000.00"
22148,148,0004,Erosion Control,0015,158063P,,CONCRETE WASHOUT SYSTEM,1,LS,"UNION PAVING & CONSTRUCTION CO., INC.","$10,000.00","$10,000.00"
22148,148,0004,Erosion Control,0015,158063P,,CONCRETE WASHOUT SYSTEM,1,LS,"ORCHARD HOLDINGS, LLC","$13,000.00","$13,000.00"
22148,148,0004,Erosion Control,0015,158063P,,CONCRETE WASHOUT SYSTEM,1,LS,"DAIDONE ELECTRIC, INC.",$0.01,$0.01
22148,148,0004,Erosion Control,0016,158072M,,"OIL ONLY EMERGENCY SPILL KIT, TYPE 1",2,U,"BERTO CONSTRUCTION, INC.",$0.01,$0.02
22148,148,0004,Erosion Control,0016,158072M,,"OIL ONLY EMERGENCY SPILL KIT, TYPE 1",2,U,"UNION PAVING & CONSTRUCTION CO., INC.","$1,000.00","$2,000.00"
22148,148,0004,Erosion Control,0016,158072M,,"OIL ONLY EMERGENCY SPILL KIT, TYPE 1",2,U,"ORCHARD HOLDINGS, LLC",$975.00,"$1,950.00"
22148,148,0004,Erosion Control,0016,158072M,,"OIL ONLY EMERGENCY SPILL KIT, TYPE 1",2,U,"DAIDONE ELECTRIC, INC.",$0.01,$0.02
22148,148,0004,Erosion Control,0017,158084M,,EROSION CONTROL SEDIMENT REMOVAL,98,CY,"BERTO CONSTRUCTION, INC.",$0.01,$0.98
22148,148,0004,Erosion Control,0017,158084M,,EROSION CONTROL SEDIMENT REMOVAL,98,CY,"UNION PAVING & CONSTRUCTION CO., INC.",$1.00,$98.00
22148,148,0004,Erosion Control,0017,158084M,,EROSION CONTROL SEDIMENT REMOVAL,98,CY,"ORCHARD HOLDINGS, LLC",$1.00,$98.00
22148,148,0004,Erosion Control,0017,158084M,,EROSION CONTROL SEDIMENT REMOVAL,98,CY,"DAIDONE ELECTRIC, INC.",$0.01,$0.98
22148,148,0001,Roadway,0018,159003M,,BREAKAWAY BARRICADE,50,U,"BERTO CONSTRUCTION, INC.",$0.01,$0.50
22148,148,0001,Roadway,0018,159003M,,BREAKAWAY BARRICADE,50,U,"UNION PAVING & CONSTRUCTION CO., INC.",$100.00,"$5,000.00"
22148,148,0001,Roadway,0018,159003M,,BREAKAWAY BARRICADE,50,U,"ORCHARD HOLDINGS, LLC",$0.01,$0.50
22148,148,0001,Roadway,0018,159003M,,BREAKAWAY BARRICADE,50,U,"DAIDONE ELECTRIC, INC.",$0.01,$0.50
22148,148,0001,Roadway,0019,159006M,,DRUM,150,U,"BERTO CONSTRUCTION, INC.",$0.01,$1.50
22148,148,0001,Roadway,0019,159006M,,DRUM,150,U,"UNION PAVING & CONSTRUCTION CO., INC.",$100.00,"$15,000.00"
22148,148,0001,Roadway,0019,159006M,,DRUM,150,U,"ORCHARD HOLDINGS, LLC",$0.01,$1.50
22148,148,0001,Roadway,0019,159006M,,DRUM,150,U,"DAIDONE ELECTRIC, INC.",$0.01,$1.50
22148,148,0001,Roadway,0020,159009M,,TRAFFIC CONE,150,U,"BERTO CONSTRUCTION, INC.",$0.01,$1.50
22148,148,0001,Roadway,0020,159009M,,TRAFFIC CONE,150,U,"UNION PAVING & CONSTRUCTION CO., INC.",$25.00,"$3,750.00"
22148,148,0001,Roadway,0020,159009M,,TRAFFIC CONE,150,U,"ORCHARD HOLDINGS, LLC",$0.01,$1.50
22148,148,0001,Roadway,0020,159009M,,TRAFFIC CONE,150,U,"DAIDONE ELECTRIC, INC.",$0.01,$1.50
22148,148,0001,Roadway,0021,159012M,,CONSTRUCTION SIGNS,"1,817",SF,"BERTO CONSTRUCTION, INC.",$16.00,"$29,072.00"
22148,148,0001,Roadway,0021,159012M,,CONSTRUCTION SIGNS,"1,817",SF,"UNION PAVING & CONSTRUCTION CO., INC.",$21.00,"$38,157.00"
22148,148,0001,Roadway,0021,159012M,,CONSTRUCTION SIGNS,"1,817",SF,"ORCHARD HOLDINGS, LLC",$19.50,"$35,431.50"
22148,148,0001,Roadway,0021,159012M,,CONSTRUCTION SIGNS,"1,817",SF,"DAIDONE ELECTRIC, INC.",$0.01,$18.17
22148,148,0001,Roadway,0022,159015M,,"CONSTRUCTION IDENTIFICATION SIGN, 4' X 8'",2,U,"BERTO CONSTRUCTION, INC.","$1,000.00","$2,000.00"
22148,148,0001,Roadway,0022,159015M,,"CONSTRUCTION IDENTIFICATION SIGN, 4' X 8'",2,U,"UNION PAVING & CONSTRUCTION CO., INC.","$1,000.00","$2,000.00"
22148,148,0001,Roadway,0022,159015M,,"CONSTRUCTION IDENTIFICATION SIGN, 4' X 8'",2,U,"ORCHARD HOLDINGS, LLC","$1,235.00","$2,470.00"
22148,148,0001,Roadway,0022,159015M,,"CONSTRUCTION IDENTIFICATION SIGN, 4' X 8'",2,U,"DAIDONE ELECTRIC, INC.","$3,900.00","$7,800.00"
22148,148,0001,Roadway,0023,159027M,,"FLASHING ARROW BOARD, 4' X 8'",3,U,"BERTO CONSTRUCTION, INC.",$0.01,$0.03
22148,148,0001,Roadway,0023,159027M,,"FLASHING ARROW BOARD, 4' X 8'",3,U,"UNION PAVING & CONSTRUCTION CO., INC.","$3,500.00","$10,500.00"
22148,148,0001,Roadway,0023,159027M,,"FLASHING ARROW BOARD, 4' X 8'",3,U,"ORCHARD HOLDINGS, LLC","$6,500.00","$19,500.00"
22148,148,0001,Roadway,0023,159027M,,"FLASHING ARROW BOARD, 4' X 8'",3,U,"DAIDONE ELECTRIC, INC.",$0.01,$0.03
22148,148,0001,Roadway,0024,159030M,,PORTABLE VARIABLE MESSAGE SIGN,4,U,"BERTO CONSTRUCTION, INC.",$0.01,$0.04
22148,148,0001,Roadway,0024,159030M,,PORTABLE VARIABLE MESSAGE SIGN,4,U,"UNION PAVING & CONSTRUCTION CO., INC.","$7,500.00","$30,000.00"
22148,148,0001,Roadway,0024,159030M,,PORTABLE VARIABLE MESSAGE SIGN,4,U,"ORCHARD HOLDINGS, LLC","$19,500.00","$78,000.00"
22148,148,0001,Roadway,0024,159030M,,PORTABLE VARIABLE MESSAGE SIGN,4,U,"DAIDONE ELECTRIC, INC.",$0.01,$0.04
22148,148,0001,Roadway,0025,159108M,,TRAFFIC CONTROL TRUCK WITH MOUNTED CRASH CUSHION,3,U,"BERTO CONSTRUCTION, INC.",$0.01,$0.03
22148,148,0001,Roadway,0025,159108M,,TRAFFIC CONTROL TRUCK WITH MOUNTED CRASH CUSHION,3,U,"UNION PAVING & CONSTRUCTION CO., INC.","$20,000.00","$60,000.00"
22148,148,0001,Roadway,0025,159108M,,TRAFFIC CONTROL TRUCK WITH MOUNTED CRASH CUSHION,3,U,"ORCHARD HOLDINGS, LLC","$76,330.00","$228,990.00"
22148,148,0001,Roadway,0025,159108M,,TRAFFIC CONTROL TRUCK WITH MOUNTED CRASH CUSHION,3,U,"DAIDONE ELECTRIC, INC.",$0.01,$0.03
22148,148,0001,Roadway,0026,159114M,,"REMOVABLE BLACK LINE MASKING TAPE, 6""",500,LF,"BERTO CONSTRUCTION, INC.",$5.20,"$2,600.00"
22148,148,0001,Roadway,0026,159114M,,"REMOVABLE BLACK LINE MASKING TAPE, 6""",500,LF,"UNION PAVING & CONSTRUCTION CO., INC.",$5.00,"$2,500.00"
22148,148,0001,Roadway,0026,159114M,,"REMOVABLE BLACK LINE MASKING TAPE, 6""",500,LF,"ORCHARD HOLDINGS, LLC",$0.85,$425.00
22148,148,0001,Roadway,0026,159114M,,"REMOVABLE BLACK LINE MASKING TAPE, 6""",500,LF,"DAIDONE ELECTRIC, INC.",$1.20,$600.00
22148,148,0001,Roadway,0027,159120M,,"TEMPORARY PAVEMENT MARKING TAPE, 4""",500,LF,"BERTO CONSTRUCTION, INC.",$4.25,"$2,125.00"
22148,148,0001,Roadway,0027,159120M,,"TEMPORARY PAVEMENT MARKING TAPE, 4""",500,LF,"UNION PAVING & CONSTRUCTION CO., INC.",$4.00,"$2,000.00"
22148,148,0001,Roadway,0027,159120M,,"TEMPORARY PAVEMENT MARKING TAPE, 4""",500,LF,"ORCHARD HOLDINGS, LLC",$2.35,"$1,175.00"
22148,148,0001,Roadway,0027,159120M,,"TEMPORARY PAVEMENT MARKING TAPE, 4""",500,LF,"DAIDONE ELECTRIC, INC.",$3.40,"$1,700.00"
22148,148,0001,Roadway,0028,159141M,,"TRAFFIC DIRECTOR, FLAGGER",48,HOUR,"BERTO CONSTRUCTION, INC.",$0.01,$0.48
22148,148,0001,Roadway,0028,159141M,,"TRAFFIC DIRECTOR, FLAGGER",48,HOUR,"UNION PAVING & CONSTRUCTION CO., INC.",$150.00,"$7,200.00"
22148,148,0001,Roadway,0028,159141M,,"TRAFFIC DIRECTOR, FLAGGER",48,HOUR,"ORCHARD HOLDINGS, LLC",$182.00,"$8,736.00"
22148,148,0001,Roadway,0028,159141M,,"TRAFFIC DIRECTOR, FLAGGER",48,HOUR,"DAIDONE ELECTRIC, INC.",$115.00,"$5,520.00"
22148,148,0001,Roadway,0029,159144M,,EMERGENCY TOWING SERVICE,1,U,"BERTO CONSTRUCTION, INC.",$0.01,$0.01
22148,148,0001,Roadway,0029,159144M,,EMERGENCY TOWING SERVICE,1,U,"UNION PAVING & CONSTRUCTION CO., INC.","$1,200.00","$1,200.00"
22148,148,0001,Roadway,0029,159144M,,EMERGENCY TOWING SERVICE,1,U,"ORCHARD HOLDINGS, LLC",$1.00,$1.00
22148,148,0001,Roadway,0029,159144M,,EMERGENCY TOWING SERVICE,1,U,"DAIDONE ELECTRIC, INC.",$0.01,$0.01
22148,148,0001,Roadway,0030,160004M,,FUEL PRICE ADJUSTMENT,1,DOLL,"BERTO CONSTRUCTION, INC.","$4,300.00","$4,300.00"
22148,148,0001,Roadway,0030,160004M,,FUEL PRICE ADJUSTMENT,1,DOLL,"UNION PAVING & CONSTRUCTION CO., INC.","$4,300.00","$4,300.00"
22148,148,0001,Roadway,0030,160004M,,FUEL PRICE ADJUSTMENT,1,DOLL,"ORCHARD HOLDINGS, LLC","$4,300.00","$4,300.00"
22148,148,0001,Roadway,0030,160004M,,FUEL PRICE ADJUSTMENT,1,DOLL,"DAIDONE ELECTRIC, INC.","$4,300.00","$4,300.00"
22148,148,0001,Roadway,0031,160007M,,ASPHALT PRICE ADJUSTMENT,1,DOLL,"BERTO CONSTRUCTION, INC.","$7,500.00","$7,500.00"
22148,148,0001,Roadway,0031,160007M,,ASPHALT PRICE ADJUSTMENT,1,DOLL,"UNION PAVING & CONSTRUCTION CO., INC.","$7,500.00","$7,500.00"
22148,148,0001,Roadway,0031,160007M,,ASPHALT PRICE ADJUSTMENT,1,DOLL,"ORCHARD HOLDINGS, LLC","$7,500.00","$7,500.00"
22148,148,0001,Roadway,0031,160007M,,ASPHALT PRICE ADJUSTMENT,1,DOLL,"DAIDONE ELECTRIC, INC.","$7,500.00","$7,500.00"
22148,148,0001,Roadway,0032,161003P,,FINAL CLEANUP,1,LS,"BERTO CONSTRUCTION, INC.","$25,000.00","$25,000.00"
22148,148,0001,Roadway,0032,161003P,,FINAL CLEANUP,1,LS,"UNION PAVING & CONSTRUCTION CO., INC.","$15,000.00","$15,000.00"
22148,148,0001,Roadway,0032,161003P,,FINAL CLEANUP,1,LS,"ORCHARD HOLDINGS, LLC",$1.00,$1.00
22148,148,0001,Roadway,0032,161003P,,FINAL CLEANUP,1,LS,"DAIDONE ELECTRIC, INC.",$0.01,$0.01
22148,148,0001,Roadway,0033,201003P,,CLEARING SITE,1,LS,"BERTO CONSTRUCTION, INC.","$60,000.00","$60,000.00"
22148,148,0001,Roadway,0033,201003P,,CLEARING SITE,1,LS,"UNION PAVING & CONSTRUCTION CO., INC.","$60,000.00","$60,000.00"
22148,148,0001,Roadway,0033,201003P,,CLEARING SITE,1,LS,"ORCHARD HOLDINGS, LLC","$60,000.00","$60,000.00"
22148,148,0001,Roadway,0033,201003P,,CLEARING SITE,1,LS,"DAIDONE ELECTRIC, INC.","$60,000.00","$60,000.00"
22148,148,0001,Roadway,0034,202009P,,"EXCAVATION, UNCLASSIFIED",82,CY,"BERTO CONSTRUCTION, INC.",$55.00,"$4,510.00"
22148,148,0001,Roadway,0034,202009P,,"EXCAVATION, UNCLASSIFIED",82,CY,"UNION PAVING & CONSTRUCTION CO., INC.",$150.00,"$12,300.00"
22148,148,0001,Roadway,0034,202009P,,"EXCAVATION, UNCLASSIFIED",82,CY,"ORCHARD HOLDINGS, LLC",$45.00,"$3,690.00"
22148,148,0001,Roadway,0034,202009P,,"EXCAVATION, UNCLASSIFIED",82,CY,"DAIDONE ELECTRIC, INC.",$238.00,"$19,516.00"
22148,148,0001,Roadway,0035,202021P,,REMOVAL OF PAVEMENT,89,SY,"BERTO CONSTRUCTION, INC.",$80.00,"$7,120.00"
22148,148,0001,Roadway,0035,202021P,,REMOVAL OF PAVEMENT,89,SY,"UNION PAVING & CONSTRUCTION CO., INC.",$100.00,"$8,900.00"
22148,148,0001,Roadway,0035,202021P,,REMOVAL OF PAVEMENT,89,SY,"ORCHARD HOLDINGS, LLC",$71.50,"$6,363.50"
22148,148,0001,Roadway,0035,202021P,,REMOVAL OF PAVEMENT,89,SY,"DAIDONE ELECTRIC, INC.",$145.00,"$12,905.00"
22148,148,0001,Roadway,0036,203021P,,I-14 SOIL AGGREGATE,14,CY,"BERTO CONSTRUCTION, INC.",$100.00,"$1,400.00"
22148,148,0001,Roadway,0036,203021P,,I-14 SOIL AGGREGATE,14,CY,"UNION PAVING & CONSTRUCTION CO., INC.",$100.00,"$1,400.00"
22148,148,0001,Roadway,0036,203021P,,I-14 SOIL AGGREGATE,14,CY,"ORCHARD HOLDINGS, LLC",$247.00,"$3,458.00"
22148,148,0001,Roadway,0036,203021P,,I-14 SOIL AGGREGATE,14,CY,"DAIDONE ELECTRIC, INC.",$67.00,$938.00
22148,148,0001,Roadway,0037,301006P,,SUBBASE,5,CY,"BERTO CONSTRUCTION, INC.",$100.00,$500.00
22148,148,0001,Roadway,0037,301006P,,SUBBASE,5,CY,"UNION PAVING & CONSTRUCTION CO., INC.",$150.00,$750.00
22148,148,0001,Roadway,0037,301006P,,SUBBASE,5,CY,"ORCHARD HOLDINGS, LLC",$247.00,"$1,235.00"
22148,148,0001,Roadway,0037,301006P,,SUBBASE,5,CY,"DAIDONE ELECTRIC, INC.",$334.00,"$1,670.00"
22148,148,0001,Roadway,0038,302042P,,"DENSE-GRADED AGGREGATE BASE COURSE, 8"" THICK",37,SY,"BERTO CONSTRUCTION, INC.",$40.00,"$1,480.00"
22148,148,0001,Roadway,0038,302042P,,"DENSE-GRADED AGGREGATE BASE COURSE, 8"" THICK",37,SY,"UNION PAVING & CONSTRUCTION CO., INC.",$100.00,"$3,700.00"
22148,148,0001,Roadway,0038,302042P,,"DENSE-GRADED AGGREGATE BASE COURSE, 8"" THICK",37,SY,"ORCHARD HOLDINGS, LLC",$47.00,"$1,739.00"
22148,148,0001,Roadway,0038,302042P,,"DENSE-GRADED AGGREGATE BASE COURSE, 8"" THICK",37,SY,"DAIDONE ELECTRIC, INC.",$7.00,$259.00
22148,148,0001,Roadway,0039,401009P,,"HMA MILLING, 3"" OR LESS","14,224",SY,"BERTO CONSTRUCTION, INC.",$10.00,"$142,240.00"
22148,148,0001,Roadway,0039,401009P,,"HMA MILLING, 3"" OR LESS","14,224",SY,"UNION PAVING & CONSTRUCTION CO., INC.",$7.50,"$106,680.00"
22148,148,0001,Roadway,0039,401009P,,"HMA MILLING, 3"" OR LESS","14,224",SY,"ORCHARD HOLDINGS, LLC",$10.50,"$149,352.00"
22148,148,0001,Roadway,0039,401009P,,"HMA MILLING, 3"" OR LESS","14,224",SY,"DAIDONE ELECTRIC, INC.",$14.00,"$199,136.00"
22148,148,0001,Roadway,0040,401027M,,POLYMERIZED JOINT ADHESIVE,"6,197",LF,"BERTO CONSTRUCTION, INC.",$0.70,"$4,337.90"
22148,148,0001,Roadway,0040,401027M,,POLYMERIZED JOINT ADHESIVE,"6,197",LF,"UNION PAVING & CONSTRUCTION CO., INC.",$1.25,"$7,746.25"
22148,148,0001,Roadway,0040,401027M,,POLYMERIZED JOINT ADHESIVE,"6,197",LF,"ORCHARD HOLDINGS, LLC",$1.25,"$7,746.25"
22148,148,0001,Roadway,0040,401027M,,POLYMERIZED JOINT ADHESIVE,"6,197",LF,"DAIDONE ELECTRIC, INC.",$1.00,"$6,197.00"
22148,148,0001,Roadway,0041,401030M,,TACK COAT,"1,424",GAL,"BERTO CONSTRUCTION, INC.",$4.00,"$5,696.00"
22148,148,0001,Roadway,0041,401030M,,TACK COAT,"1,424",GAL,"UNION PAVING & CONSTRUCTION CO., INC.",$3.00,"$4,272.00"
22148,148,0001,Roadway,0041,401030M,,TACK COAT,"1,424",GAL,"ORCHARD HOLDINGS, LLC",$6.50,"$9,256.00"
22148,148,0001,Roadway,0041,401030M,,TACK COAT,"1,424",GAL,"DAIDONE ELECTRIC, INC.",$5.00,"$7,120.00"
22148,148,0001,Roadway,0042,401049M,,HOT MIX ASPHALT 9.5 M E SURFACE COURSE,"1,684",T,"BERTO CONSTRUCTION, INC.",$215.00,"$362,060.00"
22148,148,0001,Roadway,0042,401049M,,HOT MIX ASPHALT 9.5 M E SURFACE COURSE,"1,684",T,"UNION PAVING & CONSTRUCTION CO., INC.",$135.00,"$227,340.00"
22148,148,0001,Roadway,0042,401049M,,HOT MIX ASPHALT 9.5 M E SURFACE COURSE,"1,684",T,"ORCHARD HOLDINGS, LLC",$187.25,"$315,329.00"
22148,148,0001,Roadway,0042,401049M,,HOT MIX ASPHALT 9.5 M E SURFACE COURSE,"1,684",T,"DAIDONE ELECTRIC, INC.",$264.00,"$444,576.00"
22148,148,0001,Roadway,0043,401072M,,HOT MIX ASPHALT 12.5 M 64 INTERMEDIATE COURSE,12,T,"BERTO CONSTRUCTION, INC.",$285.00,"$3,420.00"
22148,148,0001,Roadway,0043,401072M,,HOT MIX ASPHALT 12.5 M 64 INTERMEDIATE COURSE,12,T,"UNION PAVING & CONSTRUCTION CO., INC.",$300.00,"$3,600.00"
22148,148,0001,Roadway,0043,401072M,,HOT MIX ASPHALT 12.5 M 64 INTERMEDIATE COURSE,12,T,"ORCHARD HOLDINGS, LLC",$187.25,"$2,247.00"
22148,148,0001,Roadway,0043,401072M,,HOT MIX ASPHALT 12.5 M 64 INTERMEDIATE COURSE,12,T,"DAIDONE ELECTRIC, INC.",$232.00,"$2,784.00"
22148,148,0001,Roadway,0044,401096M,,HOT MIX ASPHALT 19 M 64 BASE COURSE,7,T,"BERTO CONSTRUCTION, INC.",$285.00,"$1,995.00"
22148,148,0001,Roadway,0044,401096M,,HOT MIX ASPHALT 19 M 64 BASE COURSE,7,T,"UNION PAVING & CONSTRUCTION CO., INC.",$375.00,"$2,625.00"
22148,148,0001,Roadway,0044,401096M,,HOT MIX ASPHALT 19 M 64 BASE COURSE,7,T,"ORCHARD HOLDINGS, LLC",$187.25,"$1,310.75"
22148,148,0001,Roadway,0044,401096M,,HOT MIX ASPHALT 19 M 64 BASE COURSE,7,T,"DAIDONE ELECTRIC, INC.",$322.00,"$2,254.00"
22148,148,0001,Roadway,0045,401108M,,"CORE SAMPLES, HOT MIX ASPHALT",10,U,"BERTO CONSTRUCTION, INC.",$150.00,"$1,500.00"
22148,148,0001,Roadway,0045,401108M,,"CORE SAMPLES, HOT MIX ASPHALT",10,U,"UNION PAVING & CONSTRUCTION CO., INC.",$325.00,"$3,250.00"
22148,148,0001,Roadway,0045,401108M,,"CORE SAMPLES, HOT MIX ASPHALT",10,U,"ORCHARD HOLDINGS, LLC",$195.00,"$1,950.00"
22148,148,0001,Roadway,0045,401108M,,"CORE SAMPLES, HOT MIX ASPHALT",10,U,"DAIDONE ELECTRIC, INC.",$366.00,"$3,660.00"
22148,148,0001,Roadway,0046,601122P,,"15"" REINFORCED CONCRETE PIPE",34,LF,"BERTO CONSTRUCTION, INC.",$400.00,"$13,600.00"
22148,148,0001,Roadway,0046,601122P,,"15"" REINFORCED CONCRETE PIPE",34,LF,"UNION PAVING & CONSTRUCTION CO., INC.",$200.00,"$6,800.00"
22148,148,0001,Roadway,0046,601122P,,"15"" REINFORCED CONCRETE PIPE",34,LF,"ORCHARD HOLDINGS, LLC",$213.00,"$7,242.00"
22148,148,0001,Roadway,0046,601122P,,"15"" REINFORCED CONCRETE PIPE",34,LF,"DAIDONE ELECTRIC, INC.",$477.00,"$16,218.00"
22148,148,0001,Roadway,0047,602012M,,"INLET, TYPE B",3,U,"BERTO CONSTRUCTION, INC.","$9,000.00","$27,000.00"
22148,148,0001,Roadway,0047,602012M,,"INLET, TYPE B",3,U,"UNION PAVING & CONSTRUCTION CO., INC.","$7,500.00","$22,500.00"
22148,148,0001,Roadway,0047,602012M,,"INLET, TYPE B",3,U,"ORCHARD HOLDINGS, LLC","$11,025.00","$33,075.00"
22148,148,0001,Roadway,0047,602012M,,"INLET, TYPE B",3,U,"DAIDONE ELECTRIC, INC.","$15,400.00","$46,200.00"
22148,148,0001,Roadway,0048,606012P,,"CONCRETE SIDEWALK, 4"" THICK",237,SY,"BERTO CONSTRUCTION, INC.",$200.00,"$47,400.00"
22148,148,0001,Roadway,0048,606012P,,"CONCRETE SIDEWALK, 4"" THICK",237,SY,"UNION PAVING & CONSTRUCTION CO., INC.",$165.00,"$39,105.00"
22148,148,0001,Roadway,0048,606012P,,"CONCRETE SIDEWALK, 4"" THICK",237,SY,"ORCHARD HOLDINGS, LLC",$147.00,"$34,839.00"
22148,148,0001,Roadway,0048,606012P,,"CONCRETE SIDEWALK, 4"" THICK",237,SY,"DAIDONE ELECTRIC, INC.",$564.00,"$133,668.00"
22148,148,0001,Roadway,0049,606029P,,BRICK PAVERS,69,SY,"BERTO CONSTRUCTION, INC.",$275.00,"$18,975.00"
22148,148,0001,Roadway,0049,606029P,,BRICK PAVERS,69,SY,"UNION PAVING & CONSTRUCTION CO., INC.",$675.00,"$46,575.00"
22148,148,0001,Roadway,0049,606029P,,BRICK PAVERS,69,SY,"ORCHARD HOLDINGS, LLC",$162.50,"$11,212.50"
22148,148,0001,Roadway,0049,606029P,,BRICK PAVERS,69,SY,"DAIDONE ELECTRIC, INC.",$350.00,"$24,150.00"
22148,148,0001,Roadway,0050,606084P,,DETECTABLE WARNING SURFACE,17,SY,"BERTO CONSTRUCTION, INC.",$250.00,"$4,250.00"
22148,148,0001,Roadway,0050,606084P,,DETECTABLE WARNING SURFACE,17,SY,"UNION PAVING & CONSTRUCTION CO., INC.",$600.00,"$10,200.00"
22148,148,0001,Roadway,0050,606084P,,DETECTABLE WARNING SURFACE,17,SY,"ORCHARD HOLDINGS, LLC",$240.50,"$4,088.50"
22148,148,0001,Roadway,0050,606084P,,DETECTABLE WARNING SURFACE,17,SY,"DAIDONE ELECTRIC, INC.",$181.00,"$3,077.00"
22148,148,0001,Roadway,0051,606095P,,TURF PAVERS,460,SY,"BERTO CONSTRUCTION, INC.",$350.00,"$161,000.00"
22148,148,0001,Roadway,0051,606095P,,TURF PAVERS,460,SY,"UNION PAVING & CONSTRUCTION CO., INC.",$275.00,"$126,500.00"
22148,148,0001,Roadway,0051,606095P,,TURF PAVERS,460,SY,"ORCHARD HOLDINGS, LLC",$335.50,"$154,330.00"
22148,148,0001,Roadway,0051,606095P,,TURF PAVERS,460,SY,"DAIDONE ELECTRIC, INC.",$300.00,"$138,000.00"
22148,148,0001,Roadway,0052,607018P,,"9"" X 16"" CONCRETE VERTICAL CURB",556,LF,"BERTO CONSTRUCTION, INC.",$125.00,"$69,500.00"
22148,148,0001,Roadway,0052,607018P,,"9"" X 16"" CONCRETE VERTICAL CURB",556,LF,"UNION PAVING & CONSTRUCTION CO., INC.",$60.00,"$33,360.00"
22148,148,0001,Roadway,0052,607018P,,"9"" X 16"" CONCRETE VERTICAL CURB",556,LF,"ORCHARD HOLDINGS, LLC",$92.25,"$51,291.00"
22148,148,0001,Roadway,0052,607018P,,"9"" X 16"" CONCRETE VERTICAL CURB",556,LF,"DAIDONE ELECTRIC, INC.",$180.00,"$100,080.00"
22148,148,0001,Roadway,0053,608003P,,"NONVEGETATIVE SURFACE, HOT MIX ASPHALT",266,SY,"BERTO CONSTRUCTION, INC.",$75.00,"$19,950.00"
22148,148,0001,Roadway,0053,608003P,,"NONVEGETATIVE SURFACE, HOT MIX ASPHALT",266,SY,"UNION PAVING & CONSTRUCTION CO., INC.",$90.00,"$23,940.00"
22148,148,0001,Roadway,0053,608003P,,"NONVEGETATIVE SURFACE, HOT MIX ASPHALT",266,SY,"ORCHARD HOLDINGS, LLC",$97.50,"$25,935.00"
22148,148,0001,Roadway,0053,608003P,,"NONVEGETATIVE SURFACE, HOT MIX ASPHALT",266,SY,"DAIDONE ELECTRIC, INC.",$120.00,"$31,920.00"
22148,148,0001,Roadway,0054,609003M,,BEAM GUIDE RAIL,325,LF,"BERTO CONSTRUCTION, INC.",$48.00,"$15,600.00"
22148,148,0001,Roadway,0054,609003M,,BEAM GUIDE RAIL,325,LF,"UNION PAVING & CONSTRUCTION CO., INC.",$70.00,"$22,750.00"
22148,148,0001,Roadway,0054,609003M,,BEAM GUIDE RAIL,325,LF,"ORCHARD HOLDINGS, LLC",$70.25,"$22,831.25"
22148,148,0001,Roadway,0054,609003M,,BEAM GUIDE RAIL,325,LF,"DAIDONE ELECTRIC, INC.",$105.00,"$34,125.00"
22148,148,0001,Roadway,0055,609039M,,BEAM GUIDE RAIL ANCHORAGE,2,U,"BERTO CONSTRUCTION, INC.","$2,300.00","$4,600.00"
22148,148,0001,Roadway,0055,609039M,,BEAM GUIDE RAIL ANCHORAGE,2,U,"UNION PAVING & CONSTRUCTION CO., INC.","$3,000.00","$6,000.00"
22148,148,0001,Roadway,0055,609039M,,BEAM GUIDE RAIL ANCHORAGE,2,U,"ORCHARD HOLDINGS, LLC","$4,550.00","$9,100.00"
22148,148,0001,Roadway,0055,609039M,,BEAM GUIDE RAIL ANCHORAGE,2,U,"DAIDONE ELECTRIC, INC.","$2,700.00","$5,400.00"
22148,148,0001,Roadway,0056,609075M,,REMOVAL OF BEAM GUIDE RAIL,366,LF,"BERTO CONSTRUCTION, INC.",$1.00,$366.00
22148,148,0001,Roadway,0056,609075M,,REMOVAL OF BEAM GUIDE RAIL,366,LF,"UNION PAVING & CONSTRUCTION CO., INC.",$5.00,"$1,830.00"
22148,148,0001,Roadway,0056,609075M,,REMOVAL OF BEAM GUIDE RAIL,366,LF,"ORCHARD HOLDINGS, LLC",$3.90,"$1,427.40"
22148,148,0001,Roadway,0056,609075M,,REMOVAL OF BEAM GUIDE RAIL,366,LF,"DAIDONE ELECTRIC, INC.",$12.00,"$4,392.00"
22148,148,0001,Roadway,0057,610003M,,"TRAFFIC STRIPES, 4""","5,624",LF,"BERTO CONSTRUCTION, INC.",$0.80,"$4,499.20"
22148,148,0001,Roadway,0057,610003M,,"TRAFFIC STRIPES, 4""","5,624",LF,"UNION PAVING & CONSTRUCTION CO., INC.",$1.00,"$5,624.00"
22148,148,0001,Roadway,0057,610003M,,"TRAFFIC STRIPES, 4""","5,624",LF,"ORCHARD HOLDINGS, LLC",$1.45,"$8,154.80"
22148,148,0001,Roadway,0057,610003M,,"TRAFFIC STRIPES, 4""","5,624",LF,"DAIDONE ELECTRIC, INC.",$2.10,"$11,810.40"
22148,148,0001,Roadway,0058,610007M,,"TRAFFIC STRIPES, 8""","1,146",LF,"BERTO CONSTRUCTION, INC.",$1.55,"$1,776.30"
22148,148,0001,Roadway,0058,610007M,,"TRAFFIC STRIPES, 8""","1,146",LF,"UNION PAVING & CONSTRUCTION CO., INC.",$2.00,"$2,292.00"
22148,148,0001,Roadway,0058,610007M,,"TRAFFIC STRIPES, 8""","1,146",LF,"ORCHARD HOLDINGS, LLC",$2.85,"$3,266.10"
22148,148,0001,Roadway,0058,610007M,,"TRAFFIC STRIPES, 8""","1,146",LF,"DAIDONE ELECTRIC, INC.",$4.10,"$4,698.60"
22148,148,0001,Roadway,0059,610012M,,"RPM, MONO-DIRECTIONAL, WHITE LENS",124,U,"BERTO CONSTRUCTION, INC.",$36.50,"$4,526.00"
22148,148,0001,Roadway,0059,610012M,,"RPM, MONO-DIRECTIONAL, WHITE LENS",124,U,"UNION PAVING & CONSTRUCTION CO., INC.",$40.00,"$4,960.00"
22148,148,0001,Roadway,0059,610012M,,"RPM, MONO-DIRECTIONAL, WHITE LENS",124,U,"ORCHARD HOLDINGS, LLC",$63.00,"$7,812.00"
22148,148,0001,Roadway,0059,610012M,,"RPM, MONO-DIRECTIONAL, WHITE LENS",124,U,"DAIDONE ELECTRIC, INC.",$91.00,"$11,284.00"
22148,148,0001,Roadway,0060,610016M,,"TRAFFIC MARKING LINES, 12""",582,LF,"BERTO CONSTRUCTION, INC.",$2.50,"$1,455.00"
22148,148,0001,Roadway,0060,610016M,,"TRAFFIC MARKING LINES, 12""",582,LF,"UNION PAVING & CONSTRUCTION CO., INC.",$3.00,"$1,746.00"
22148,148,0001,Roadway,0060,610016M,,"TRAFFIC MARKING LINES, 12""",582,LF,"ORCHARD HOLDINGS, LLC",$3.00,"$1,746.00"
22148,148,0001,Roadway,0060,610016M,,"TRAFFIC MARKING LINES, 12""",582,LF,"DAIDONE ELECTRIC, INC.",$4.20,"$2,444.40"
22148,148,0001,Roadway,0061,610017M,,"TRAFFIC MARKING LINES, 24""",640,LF,"BERTO CONSTRUCTION, INC.",$5.00,"$3,200.00"
22148,148,0001,Roadway,0061,610017M,,"TRAFFIC MARKING LINES, 24""",640,LF,"UNION PAVING & CONSTRUCTION CO., INC.",$6.00,"$3,840.00"
22148,148,0001,Roadway,0061,610017M,,"TRAFFIC MARKING LINES, 24""",640,LF,"ORCHARD HOLDINGS, LLC",$5.85,"$3,744.00"
22148,148,0001,Roadway,0061,610017M,,"TRAFFIC MARKING LINES, 24""",640,LF,"DAIDONE ELECTRIC, INC.",$8.50,"$5,440.00"
22148,148,0001,Roadway,0062,610018M,,"RPM, MONO-DIRECTIONAL, AMBER LENS",68,U,"BERTO CONSTRUCTION, INC.",$36.50,"$2,482.00"
22148,148,0001,Roadway,0062,610018M,,"RPM, MONO-DIRECTIONAL, AMBER LENS",68,U,"UNION PAVING & CONSTRUCTION CO., INC.",$40.00,"$2,720.00"
22148,148,0001,Roadway,0062,610018M,,"RPM, MONO-DIRECTIONAL, AMBER LENS",68,U,"ORCHARD HOLDINGS, LLC",$63.00,"$4,284.00"
22148,148,0001,Roadway,0062,610018M,,"RPM, MONO-DIRECTIONAL, AMBER LENS",68,U,"DAIDONE ELECTRIC, INC.",$91.00,"$6,188.00"
22148,148,0001,Roadway,0063,610060M,,TRAFFIC MARKINGS SYMBOLS,545,SF,"BERTO CONSTRUCTION, INC.",$7.85,"$4,278.25"
22148,148,0001,Roadway,0063,610060M,,TRAFFIC MARKINGS SYMBOLS,545,SF,"UNION PAVING & CONSTRUCTION CO., INC.",$9.00,"$4,905.00"
22148,148,0001,Roadway,0063,610060M,,TRAFFIC MARKINGS SYMBOLS,545,SF,"ORCHARD HOLDINGS, LLC",$9.75,"$5,313.75"
22148,148,0001,Roadway,0063,610060M,,TRAFFIC MARKINGS SYMBOLS,545,SF,"DAIDONE ELECTRIC, INC.",$14.00,"$7,630.00"
22148,148,0001,Roadway,0064,612003P,,REGULATORY AND WARNING SIGN,370,SF,"BERTO CONSTRUCTION, INC.",$45.00,"$16,650.00"
22148,148,0001,Roadway,0064,612003P,,REGULATORY AND WARNING SIGN,370,SF,"UNION PAVING & CONSTRUCTION CO., INC.",$50.00,"$18,500.00"
22148,148,0001,Roadway,0064,612003P,,REGULATORY AND WARNING SIGN,370,SF,"ORCHARD HOLDINGS, LLC",$52.00,"$19,240.00"
22148,148,0001,Roadway,0064,612003P,,REGULATORY AND WARNING SIGN,370,SF,"DAIDONE ELECTRIC, INC.",$75.00,"$27,750.00"
22148,148,0001,Roadway,0065,612021M,,RELOCATE SIGN,1,U,"BERTO CONSTRUCTION, INC.",$300.00,$300.00
22148,148,0001,Roadway,0065,612021M,,RELOCATE SIGN,1,U,"UNION PAVING & CONSTRUCTION CO., INC.","$2,500.00","$2,500.00"
22148,148,0001,Roadway,0065,612021M,,RELOCATE SIGN,1,U,"ORCHARD HOLDINGS, LLC",$325.00,$325.00
22148,148,0001,Roadway,0065,612021M,,RELOCATE SIGN,1,U,"DAIDONE ELECTRIC, INC.",$183.00,$183.00
22148,148,0001,Roadway,0066,612030P,,OVERHEAD STREET NAME SIGNS,165,SF,"BERTO CONSTRUCTION, INC.",$55.00,"$9,075.00"
22148,148,0001,Roadway,0066,612030P,,OVERHEAD STREET NAME SIGNS,165,SF,"UNION PAVING & CONSTRUCTION CO., INC.",$60.00,"$9,900.00"
22148,148,0001,Roadway,0066,612030P,,OVERHEAD STREET NAME SIGNS,165,SF,"ORCHARD HOLDINGS, LLC",$80.75,"$13,323.75"
22148,148,0001,Roadway,0066,612030P,,OVERHEAD STREET NAME SIGNS,165,SF,"DAIDONE ELECTRIC, INC.",$50.00,"$8,250.00"
22148,148,0001,Roadway,0067,701015P,,"2"" RIGID METALLIC CONDUIT","2,671",LF,"BERTO CONSTRUCTION, INC.",$97.00,"$259,087.00"
22148,148,0001,Roadway,0067,701015P,,"2"" RIGID METALLIC CONDUIT","2,671",LF,"UNION PAVING & CONSTRUCTION CO., INC.",$90.00,"$240,390.00"
22148,148,0001,Roadway,0067,701015P,,"2"" RIGID METALLIC CONDUIT","2,671",LF,"ORCHARD HOLDINGS, LLC",$117.00,"$312,507.00"
22148,148,0001,Roadway,0067,701015P,,"2"" RIGID METALLIC CONDUIT","2,671",LF,"DAIDONE ELECTRIC, INC.",$83.00,"$221,693.00"
22148,148,0001,Roadway,0068,701021P,,"3"" RIGID METALLIC CONDUIT","2,229",LF,"BERTO CONSTRUCTION, INC.",$84.00,"$187,236.00"
22148,148,0001,Roadway,0068,701021P,,"3"" RIGID METALLIC CONDUIT","2,229",LF,"UNION PAVING & CONSTRUCTION CO., INC.",$110.00,"$245,190.00"
22148,148,0001,Roadway,0068,701021P,,"3"" RIGID METALLIC CONDUIT","2,229",LF,"ORCHARD HOLDINGS, LLC",$123.50,"$275,281.50"
22148,148,0001,Roadway,0068,701021P,,"3"" RIGID METALLIC CONDUIT","2,229",LF,"DAIDONE ELECTRIC, INC.",$130.00,"$289,770.00"
22148,148,0001,Roadway,0069,701102M,,"18"" X 36"" JUNCTION BOX",29,U,"BERTO CONSTRUCTION, INC.","$31,560.00","$915,240.00"
22148,148,0001,Roadway,0069,701102M,,"18"" X 36"" JUNCTION BOX",29,U,"UNION PAVING & CONSTRUCTION CO., INC.","$3,500.00","$101,500.00"
22148,148,0001,Roadway,0069,701102M,,"18"" X 36"" JUNCTION BOX",29,U,"ORCHARD HOLDINGS, LLC","$2,510.00","$72,790.00"
22148,148,0001,Roadway,0069,701102M,,"18"" X 36"" JUNCTION BOX",29,U,"DAIDONE ELECTRIC, INC.","$4,200.00","$121,800.00"
22148,148,0001,Roadway,0070,999999P,,NO ITEM,1,U,"BERTO CONSTRUCTION, INC.",$0.00,$0.00
22148,148,0001,Roadway,0070,999999P,,NO ITEM,1,U,"UNION PAVING & CONSTRUCTION CO., INC.",$0.00,$0.00
22148,148,0001,Roadway,0070,999999P,,NO ITEM,1,U,"ORCHARD HOLDINGS, LLC",$0.00,$0.00
22148,148,0001,Roadway,0070,999999P,,NO ITEM,1,U,"DAIDONE ELECTRIC, INC.",$0.00,$0.00
22148,148,0001,Roadway,0071,701123M,,"FOUNDATION, TYPE SFT",11,U,"BERTO CONSTRUCTION, INC.","$3,400.00","$37,400.00"
22148,148,0001,Roadway,0071,701123M,,"FOUNDATION, TYPE SFT",11,U,"UNION PAVING & CONSTRUCTION CO., INC.","$4,000.00","$44,000.00"
22148,148,0001,Roadway,0071,701123M,,"FOUNDATION, TYPE SFT",11,U,"ORCHARD HOLDINGS, LLC","$2,210.00","$24,310.00"
22148,148,0001,Roadway,0071,701123M,,"FOUNDATION, TYPE SFT",11,U,"DAIDONE ELECTRIC, INC.","$4,000.00","$44,000.00"
22148,148,0001,Roadway,0072,701128M,,"FOUNDATION, TYPE P-MC MODIFIED",2,U,"BERTO CONSTRUCTION, INC.","$6,350.00","$12,700.00"
22148,148,0001,Roadway,0072,701128M,,"FOUNDATION, TYPE P-MC MODIFIED",2,U,"UNION PAVING & CONSTRUCTION CO., INC.","$5,500.00","$11,000.00"
22148,148,0001,Roadway,0072,701128M,,"FOUNDATION, TYPE P-MC MODIFIED",2,U,"ORCHARD HOLDINGS, LLC","$6,645.00","$13,290.00"
22148,148,0001,Roadway,0072,701128M,,"FOUNDATION, TYPE P-MC MODIFIED",2,U,"DAIDONE ELECTRIC, INC.","$6,500.00","$13,000.00"
22148,148,0001,Roadway,0073,701135M,,"FOUNDATION, TYPE SPF",6,U,"BERTO CONSTRUCTION, INC.","$2,200.00","$13,200.00"
22148,148,0001,Roadway,0073,701135M,,"FOUNDATION, TYPE SPF",6,U,"UNION PAVING & CONSTRUCTION CO., INC.","$2,600.00","$15,600.00"
22148,148,0001,Roadway,0073,701135M,,"FOUNDATION, TYPE SPF",6,U,"ORCHARD HOLDINGS, LLC","$1,780.00","$10,680.00"
22148,148,0001,Roadway,0073,701135M,,"FOUNDATION, TYPE SPF",6,U,"DAIDONE ELECTRIC, INC.","$2,100.00","$12,600.00"
22148,148,0001,Roadway,0074,701136M,,"BORING FOR FOUNDATION, TYPE STF FOR GREATER THAN 50 FOOT MAST ARM",3,U,"BERTO CONSTRUCTION, INC.","$8,500.00","$25,500.00"
22148,148,0001,Roadway,0074,701136M,,"BORING FOR FOUNDATION, TYPE STF FOR GREATER THAN 50 FOOT MAST ARM",3,U,"UNION PAVING & CONSTRUCTION CO., INC.","$11,000.00","$33,000.00"
22148,148,0001,Roadway,0074,701136M,,"BORING FOR FOUNDATION, TYPE STF FOR GREATER THAN 50 FOOT MAST ARM",3,U,"ORCHARD HOLDINGS, LLC","$13,650.00","$40,950.00"
22148,148,0001,Roadway,0074,701136M,,"BORING FOR FOUNDATION, TYPE STF FOR GREATER THAN 50 FOOT MAST ARM",3,U,"DAIDONE ELECTRIC, INC.","$20,700.00","$62,100.00"
22148,148,0001,Roadway,0075,701137M,,"FOUNDATION, TYPE STF FOR GREATER THAN 50 FOOT MAST ARM",60,LF,"BERTO CONSTRUCTION, INC.","$2,100.00","$126,000.00"
22148,148,0001,Roadway,0075,701137M,,"FOUNDATION, TYPE STF FOR GREATER THAN 50 FOOT MAST ARM",60,LF,"UNION PAVING & CONSTRUCTION CO., INC.","$4,500.00","$270,000.00"
22148,148,0001,Roadway,0075,701137M,,"FOUNDATION, TYPE STF FOR GREATER THAN 50 FOOT MAST ARM",60,LF,"ORCHARD HOLDINGS, LLC","$2,170.00","$130,200.00"
22148,148,0001,Roadway,0075,701137M,,"FOUNDATION, TYPE STF FOR GREATER THAN 50 FOOT MAST ARM",60,LF,"DAIDONE ELECTRIC, INC.","$3,100.00","$186,000.00"
22148,148,0001,Roadway,0076,701138M,,"FOUNDATION, TYPE STF",2,U,"BERTO CONSTRUCTION, INC.","$11,000.00","$22,000.00"
22148,148,0001,Roadway,0076,701138M,,"FOUNDATION, TYPE STF",2,U,"UNION PAVING & CONSTRUCTION CO., INC.","$12,000.00","$24,000.00"
22148,148,0001,Roadway,0076,701138M,,"FOUNDATION, TYPE STF",2,U,"ORCHARD HOLDINGS, LLC","$6,000.00","$12,000.00"
22148,148,0001,Roadway,0076,701138M,,"FOUNDATION, TYPE STF",2,U,"DAIDONE ELECTRIC, INC.","$9,200.00","$18,400.00"
22148,148,0001,Roadway,0077,701144M,,"FOUNDATION, TYPE SFK",2,U,"BERTO CONSTRUCTION, INC.","$3,500.00","$7,000.00"
22148,148,0001,Roadway,0077,701144M,,"FOUNDATION, TYPE SFK",2,U,"UNION PAVING & CONSTRUCTION CO., INC.","$4,000.00","$8,000.00"
22148,148,0001,Roadway,0077,701144M,,"FOUNDATION, TYPE SFK",2,U,"ORCHARD HOLDINGS, LLC","$2,640.00","$5,280.00"
22148,148,0001,Roadway,0077,701144M,,"FOUNDATION, TYPE SFK",2,U,"DAIDONE ELECTRIC, INC.","$4,000.00","$8,000.00"
22148,148,0001,Roadway,0078,701171M,,"METER CABINET, TYPE TL",2,U,"BERTO CONSTRUCTION, INC.","$4,450.00","$8,900.00"
22148,148,0001,Roadway,0078,701171M,,"METER CABINET, TYPE TL",2,U,"UNION PAVING & CONSTRUCTION CO., INC.","$5,000.00","$10,000.00"
22148,148,0001,Roadway,0078,701171M,,"METER CABINET, TYPE TL",2,U,"ORCHARD HOLDINGS, LLC","$5,070.00","$10,140.00"
22148,148,0001,Roadway,0078,701171M,,"METER CABINET, TYPE TL",2,U,"DAIDONE ELECTRIC, INC.","$4,200.00","$8,400.00"
22148,148,0001,Roadway,0079,701192P,,"GROUND WIRE, NO. 8 AWG","3,278",LF,"BERTO CONSTRUCTION, INC.",$240.00,"$786,720.00"
22148,148,0001,Roadway,0079,701192P,,"GROUND WIRE, NO. 8 AWG","3,278",LF,"UNION PAVING & CONSTRUCTION CO., INC.",$2.65,"$8,686.70"
22148,148,0001,Roadway,0079,701192P,,"GROUND WIRE, NO. 8 AWG","3,278",LF,"ORCHARD HOLDINGS, LLC",$3.05,"$9,997.90"
22148,148,0001,Roadway,0079,701192P,,"GROUND WIRE, NO. 8 AWG","3,278",LF,"DAIDONE ELECTRIC, INC.",$4.60,"$15,078.80"
22148,148,0001,Roadway,0080,701195P,,"MULTIPLE LIGHTING WIRE, NO. 2 AWG","4,356",LF,"BERTO CONSTRUCTION, INC.",$6.80,"$29,620.80"
22148,148,0001,Roadway,0080,701195P,,"MULTIPLE LIGHTING WIRE, NO. 2 AWG","4,356",LF,"UNION PAVING & CONSTRUCTION CO., INC.",$7.50,"$32,670.00"
22148,148,0001,Roadway,0080,701195P,,"MULTIPLE LIGHTING WIRE, NO. 2 AWG","4,356",LF,"ORCHARD HOLDINGS, LLC",$7.45,"$32,452.20"
22148,148,0001,Roadway,0080,701195P,,"MULTIPLE LIGHTING WIRE, NO. 2 AWG","4,356",LF,"DAIDONE ELECTRIC, INC.",$7.00,"$30,492.00"
22148,148,0001,Roadway,0081,701196P,,"MULTIPLE LIGHTING WIRE, NO. 4 AWG",285,LF,"BERTO CONSTRUCTION, INC.",$6.25,"$1,781.25"
22148,148,0001,Roadway,0081,701196P,,"MULTIPLE LIGHTING WIRE, NO. 4 AWG",285,LF,"UNION PAVING & CONSTRUCTION CO., INC.",$7.00,"$1,995.00"
22148,148,0001,Roadway,0081,701196P,,"MULTIPLE LIGHTING WIRE, NO. 4 AWG",285,LF,"ORCHARD HOLDINGS, LLC",$7.15,"$2,037.75"
22148,148,0001,Roadway,0081,701196P,,"MULTIPLE LIGHTING WIRE, NO. 4 AWG",285,LF,"DAIDONE ELECTRIC, INC.",$6.10,"$1,738.50"
22148,148,0001,Roadway,0082,701201P,,"MULTIPLE LIGHTING WIRE, NO. 8 AWG","2,840",LF,"BERTO CONSTRUCTION, INC.",$2.95,"$8,378.00"
22148,148,0001,Roadway,0082,701201P,,"MULTIPLE LIGHTING WIRE, NO. 8 AWG","2,840",LF,"UNION PAVING & CONSTRUCTION CO., INC.",$3.00,"$8,520.00"
22148,148,0001,Roadway,0082,701201P,,"MULTIPLE LIGHTING WIRE, NO. 8 AWG","2,840",LF,"ORCHARD HOLDINGS, LLC",$4.15,"$11,786.00"
22148,148,0001,Roadway,0082,701201P,,"MULTIPLE LIGHTING WIRE, NO. 8 AWG","2,840",LF,"DAIDONE ELECTRIC, INC.",$4.80,"$13,632.00"
22148,148,0001,Roadway,0083,701210P,,"SERVICE WIRE, NO. 2 AWG",797,LF,"BERTO CONSTRUCTION, INC.",$19.45,"$15,501.65"
22148,148,0001,Roadway,0083,701210P,,"SERVICE WIRE, NO. 2 AWG",797,LF,"UNION PAVING & CONSTRUCTION CO., INC.",$21.00,"$16,737.00"
22148,148,0001,Roadway,0083,701210P,,"SERVICE WIRE, NO. 2 AWG",797,LF,"ORCHARD HOLDINGS, LLC",$7.20,"$5,738.40"
22148,148,0001,Roadway,0083,701210P,,"SERVICE WIRE, NO. 2 AWG",797,LF,"DAIDONE ELECTRIC, INC.",$17.10,"$13,628.70"
22148,148,0001,Roadway,0084,701213P,,"SERVICE WIRE, NO. 6 AWG",236,LF,"BERTO CONSTRUCTION, INC.",$6.35,"$1,498.60"
22148,148,0001,Roadway,0084,701213P,,"SERVICE WIRE, NO. 6 AWG",236,LF,"UNION PAVING & CONSTRUCTION CO., INC.",$7.00,"$1,652.00"
22148,148,0001,Roadway,0084,701213P,,"SERVICE WIRE, NO. 6 AWG",236,LF,"ORCHARD HOLDINGS, LLC",$4.75,"$1,121.00"
22148,148,0001,Roadway,0084,701213P,,"SERVICE WIRE, NO. 6 AWG",236,LF,"DAIDONE ELECTRIC, INC.",$11.60,"$2,737.60"
22148,148,0001,Roadway,0085,702012M,,"TRAFFIC SIGNAL STANDARD, ALUMINUM",13,U,"BERTO CONSTRUCTION, INC.","$4,250.00","$55,250.00"
22148,148,0001,Roadway,0085,702012M,,"TRAFFIC SIGNAL STANDARD, ALUMINUM",13,U,"UNION PAVING & CONSTRUCTION CO., INC.","$4,600.00","$59,800.00"
22148,148,0001,Roadway,0085,702012M,,"TRAFFIC SIGNAL STANDARD, ALUMINUM",13,U,"ORCHARD HOLDINGS, LLC","$6,380.00","$82,940.00"
22148,148,0001,Roadway,0085,702012M,,"TRAFFIC SIGNAL STANDARD, ALUMINUM",13,U,"DAIDONE ELECTRIC, INC.","$6,000.00","$78,000.00"
22148,148,0001,Roadway,0086,702014M,,"TRAFFIC SIGNAL STANDARD WITH GREATER THAN 50 FOOT MAST ARM, STEEL",3,U,"BERTO CONSTRUCTION, INC.","$19,400.00","$58,200.00"
22148,148,0001,Roadway,0086,702014M,,"TRAFFIC SIGNAL STANDARD WITH GREATER THAN 50 FOOT MAST ARM, STEEL",3,U,"UNION PAVING & CONSTRUCTION CO., INC.","$21,000.00","$63,000.00"
22148,148,0001,Roadway,0086,702014M,,"TRAFFIC SIGNAL STANDARD WITH GREATER THAN 50 FOOT MAST ARM, STEEL",3,U,"ORCHARD HOLDINGS, LLC","$16,205.00","$48,615.00"
22148,148,0001,Roadway,0086,702014M,,"TRAFFIC SIGNAL STANDARD WITH GREATER THAN 50 FOOT MAST ARM, STEEL",3,U,"DAIDONE ELECTRIC, INC.","$17,700.00","$53,100.00"
22148,148,0001,Roadway,0087,702015M,,"TRAFFIC SIGNAL STANDARD, STEEL",3,U,"BERTO CONSTRUCTION, INC.","$8,450.00","$25,350.00"
22148,148,0001,Roadway,0087,702015M,,"TRAFFIC SIGNAL STANDARD, STEEL",3,U,"UNION PAVING & CONSTRUCTION CO., INC.","$9,000.00","$27,000.00"
22148,148,0001,Roadway,0087,702015M,,"TRAFFIC SIGNAL STANDARD, STEEL",3,U,"ORCHARD HOLDINGS, LLC","$12,330.00","$36,990.00"
22148,148,0001,Roadway,0087,702015M,,"TRAFFIC SIGNAL STANDARD, STEEL",3,U,"DAIDONE ELECTRIC, INC.","$16,100.00","$48,300.00"
22148,148,0001,Roadway,0088,702018M,,PEDESTRIAN SIGNAL STANDARD,5,U,"BERTO CONSTRUCTION, INC.","$1,300.00","$6,500.00"
22148,148,0001,Roadway,0088,702018M,,PEDESTRIAN SIGNAL STANDARD,5,U,"UNION PAVING & CONSTRUCTION CO., INC.","$1,350.00","$6,750.00"
22148,148,0001,Roadway,0088,702018M,,PEDESTRIAN SIGNAL STANDARD,5,U,"ORCHARD HOLDINGS, LLC","$1,250.00","$6,250.00"
22148,148,0001,Roadway,0088,702018M,,PEDESTRIAN SIGNAL STANDARD,5,U,"DAIDONE ELECTRIC, INC.","$1,700.00","$8,500.00"
22148,148,0001,Roadway,0089,702021M,,"TRAFFIC SIGNAL MAST ARM, ALUMINUM",7,U,"BERTO CONSTRUCTION, INC.","$2,700.00","$18,900.00"
22148,148,0001,Roadway,0089,702021M,,"TRAFFIC SIGNAL MAST ARM, ALUMINUM",7,U,"UNION PAVING & CONSTRUCTION CO., INC.","$3,000.00","$21,000.00"
22148,148,0001,Roadway,0089,702021M,,"TRAFFIC SIGNAL MAST ARM, ALUMINUM",7,U,"ORCHARD HOLDINGS, LLC","$3,620.00","$25,340.00"
22148,148,0001,Roadway,0089,702021M,,"TRAFFIC SIGNAL MAST ARM, ALUMINUM",7,U,"DAIDONE ELECTRIC, INC.","$4,700.00","$32,900.00"
22148,148,0001,Roadway,0090,702024M,,"TRAFFIC SIGNAL MAST ARM, STEEL",2,U,"BERTO CONSTRUCTION, INC.","$11,000.00","$22,000.00"
22148,148,0001,Roadway,0090,702024M,,"TRAFFIC SIGNAL MAST ARM, STEEL",2,U,"UNION PAVING & CONSTRUCTION CO., INC.","$11,800.00","$23,600.00"
22148,148,0001,Roadway,0090,702024M,,"TRAFFIC SIGNAL MAST ARM, STEEL",2,U,"ORCHARD HOLDINGS, LLC","$10,625.00","$21,250.00"
22148,148,0001,Roadway,0090,702024M,,"TRAFFIC SIGNAL MAST ARM, STEEL",2,U,"DAIDONE ELECTRIC, INC.","$13,100.00","$26,200.00"
22148,148,0001,Roadway,0091,702025M,,"TRAFFIC SIGNAL MAST ARM GREATER THAN 50 FOOT, STEEL",3,U,"BERTO CONSTRUCTION, INC.","$45,400.00","$136,200.00"
22148,148,0001,Roadway,0091,702025M,,"TRAFFIC SIGNAL MAST ARM GREATER THAN 50 FOOT, STEEL",3,U,"UNION PAVING & CONSTRUCTION CO., INC.","$48,500.00","$145,500.00"
22148,148,0001,Roadway,0091,702025M,,"TRAFFIC SIGNAL MAST ARM GREATER THAN 50 FOOT, STEEL",3,U,"ORCHARD HOLDINGS, LLC","$22,080.00","$66,240.00"
22148,148,0001,Roadway,0091,702025M,,"TRAFFIC SIGNAL MAST ARM GREATER THAN 50 FOOT, STEEL",3,U,"DAIDONE ELECTRIC, INC.","$17,600.00","$52,800.00"
22148,148,0001,Roadway,0092,702027P,,"TRAFFIC SIGNAL CABLE, 2 CONDUCTOR","2,008",LF,"BERTO CONSTRUCTION, INC.",$3.30,"$6,626.40"
22148,148,0001,Roadway,0092,702027P,,"TRAFFIC SIGNAL CABLE, 2 CONDUCTOR","2,008",LF,"UNION PAVING & CONSTRUCTION CO., INC.",$3.50,"$7,028.00"
22148,148,0001,Roadway,0092,702027P,,"TRAFFIC SIGNAL CABLE, 2 CONDUCTOR","2,008",LF,"ORCHARD HOLDINGS, LLC",$5.35,"$10,742.80"
22148,148,0001,Roadway,0092,702027P,,"TRAFFIC SIGNAL CABLE, 2 CONDUCTOR","2,008",LF,"DAIDONE ELECTRIC, INC.",$6.00,"$12,048.00"
22148,148,0001,Roadway,0093,702030P,,"TRAFFIC SIGNAL CABLE, 5 CONDUCTOR","3,935",LF,"BERTO CONSTRUCTION, INC.",$3.90,"$15,346.50"
22148,148,0001,Roadway,0093,702030P,,"TRAFFIC SIGNAL CABLE, 5 CONDUCTOR","3,935",LF,"UNION PAVING & CONSTRUCTION CO., INC.",$4.25,"$16,723.75"
22148,148,0001,Roadway,0093,702030P,,"TRAFFIC SIGNAL CABLE, 5 CONDUCTOR","3,935",LF,"ORCHARD HOLDINGS, LLC",$6.00,"$23,610.00"
22148,148,0001,Roadway,0093,702030P,,"TRAFFIC SIGNAL CABLE, 5 CONDUCTOR","3,935",LF,"DAIDONE ELECTRIC, INC.",$6.80,"$26,758.00"
22148,148,0001,Roadway,0094,702033P,,"TRAFFIC SIGNAL CABLE, 10 CONDUCTOR","6,364",LF,"BERTO CONSTRUCTION, INC.",$4.80,"$30,547.20"
22148,148,0001,Roadway,0094,702033P,,"TRAFFIC SIGNAL CABLE, 10 CONDUCTOR","6,364",LF,"UNION PAVING & CONSTRUCTION CO., INC.",$5.25,"$33,411.00"
22148,148,0001,Roadway,0094,702033P,,"TRAFFIC SIGNAL CABLE, 10 CONDUCTOR","6,364",LF,"ORCHARD HOLDINGS, LLC",$7.30,"$46,457.20"
22148,148,0001,Roadway,0094,702033P,,"TRAFFIC SIGNAL CABLE, 10 CONDUCTOR","6,364",LF,"DAIDONE ELECTRIC, INC.",$8.00,"$50,912.00"
22148,148,0001,Roadway,0095,702036M,,TRAFFIC SIGNAL HEAD,32,U,"BERTO CONSTRUCTION, INC.","$1,600.00","$51,200.00"
22148,148,0001,Roadway,0095,702036M,,TRAFFIC SIGNAL HEAD,32,U,"UNION PAVING & CONSTRUCTION CO., INC.","$1,700.00","$54,400.00"
22148,148,0001,Roadway,0095,702036M,,TRAFFIC SIGNAL HEAD,32,U,"ORCHARD HOLDINGS, LLC","$1,670.00","$53,440.00"
22148,148,0001,Roadway,0095,702036M,,TRAFFIC SIGNAL HEAD,32,U,"DAIDONE ELECTRIC, INC.","$2,400.00","$76,800.00"
22148,148,0001,Roadway,0096,702039M,,PEDESTRIAN SIGNAL HEAD,18,U,"BERTO CONSTRUCTION, INC.","$1,100.00","$19,800.00"
22148,148,0001,Roadway,0096,702039M,,PEDESTRIAN SIGNAL HEAD,18,U,"UNION PAVING & CONSTRUCTION CO., INC.","$1,200.00","$21,600.00"
22148,148,0001,Roadway,0096,702039M,,PEDESTRIAN SIGNAL HEAD,18,U,"ORCHARD HOLDINGS, LLC","$1,050.00","$18,900.00"
22148,148,0001,Roadway,0096,702039M,,PEDESTRIAN SIGNAL HEAD,18,U,"DAIDONE ELECTRIC, INC.","$1,600.00","$28,800.00"
22148,148,0001,Roadway,0097,702041M,,"PUSH BUTTON ASSEMBILIES, TYPE APS",8,U,"BERTO CONSTRUCTION, INC.","$1,300.00","$10,400.00"
22148,148,0001,Roadway,0097,702041M,,"PUSH BUTTON ASSEMBILIES, TYPE APS",8,U,"UNION PAVING & CONSTRUCTION CO., INC.","$1,400.00","$11,200.00"
22148,148,0001,Roadway,0097,702041M,,"PUSH BUTTON ASSEMBILIES, TYPE APS",8,U,"ORCHARD HOLDINGS, LLC","$1,110.00","$8,880.00"
22148,148,0001,Roadway,0097,702041M,,"PUSH BUTTON ASSEMBILIES, TYPE APS",8,U,"DAIDONE ELECTRIC, INC.","$1,500.00","$12,000.00"
22148,148,0001,Roadway,0098,702042M,,PUSH BUTTON,8,U,"BERTO CONSTRUCTION, INC.",$560.00,"$4,480.00"
22148,148,0001,Roadway,0098,702042M,,PUSH BUTTON,8,U,"UNION PAVING & CONSTRUCTION CO., INC.",$600.00,"$4,800.00"
22148,148,0001,Roadway,0098,702042M,,PUSH BUTTON,8,U,"ORCHARD HOLDINGS, LLC",$390.00,"$3,120.00"
22148,148,0001,Roadway,0098,702042M,,PUSH BUTTON,8,U,"DAIDONE ELECTRIC, INC.",$300.00,"$2,400.00"
22148,148,0001,Roadway,0099,702046M,,RADAR DETECTOR,5,U,"BERTO CONSTRUCTION, INC.","$69,000.00","$345,000.00"
22148,148,0001,Roadway,0099,702046M,,RADAR DETECTOR,5,U,"UNION PAVING & CONSTRUCTION CO., INC.","$76,000.00","$380,000.00"
22148,148,0001,Roadway,0099,702046M,,RADAR DETECTOR,5,U,"ORCHARD HOLDINGS, LLC","$86,500.00","$432,500.00"
22148,148,0001,Roadway,0099,702046M,,RADAR DETECTOR,5,U,"DAIDONE ELECTRIC, INC.","$68,400.00","$342,000.00"
22148,148,0001,Roadway,0100,702050M,,GENERATOR AUXILIARY CABINET,2,U,"BERTO CONSTRUCTION, INC.","$8,700.00","$17,400.00"
22148,148,0001,Roadway,0100,702050M,,GENERATOR AUXILIARY CABINET,2,U,"UNION PAVING & CONSTRUCTION CO., INC.","$9,500.00","$19,000.00"
22148,148,0001,Roadway,0100,702050M,,GENERATOR AUXILIARY CABINET,2,U,"ORCHARD HOLDINGS, LLC","$10,220.00","$20,440.00"
22148,148,0001,Roadway,0100,702050M,,GENERATOR AUXILIARY CABINET,2,U,"DAIDONE ELECTRIC, INC.","$9,100.00","$18,200.00"
22148,148,0001,Roadway,0101,702057M,,"INTERIM TRAFFIC SIGNAL SYSTEM, LOCATION NO. ___ INTERIM TRAFFIC SIGNAL SYSTEM, LOCATION NO. 1",1,LS,"BERTO CONSTRUCTION, INC.","$36,000.00","$36,000.00"
22148,148,0001,Roadway,0101,702057M,,"INTERIM TRAFFIC SIGNAL SYSTEM, LOCATION NO. ___ INTERIM TRAFFIC SIGNAL SYSTEM, LOCATION NO. 1",1,LS,"UNION PAVING & CONSTRUCTION CO., INC.","$40,000.00","$40,000.00"
22148,148,0001,Roadway,0101,702057M,,"INTERIM TRAFFIC SIGNAL SYSTEM, LOCATION NO. ___ INTERIM TRAFFIC SIGNAL SYSTEM, LOCATION NO. 1",1,LS,"ORCHARD HOLDINGS, LLC","$9,440.00","$9,440.00"
22148,148,0001,Roadway,0101,702057M,,"INTERIM TRAFFIC SIGNAL SYSTEM, LOCATION NO. ___ INTERIM TRAFFIC SIGNAL SYSTEM, LOCATION NO. 1",1,LS,"DAIDONE ELECTRIC, INC.","$10,700.00","$10,700.00"
22148,148,0001,Roadway,0102,702057M,,"INTERIM TRAFFIC SIGNAL SYSTEM, LOCATION NO. ___ INTERIM TRAFFIC SIGNAL SYSTEM, LOCATION NO. 2",1,LS,"BERTO CONSTRUCTION, INC.","$47,000.00","$47,000.00"
22148,148,0001,Roadway,0102,702057M,,"INTERIM TRAFFIC SIGNAL SYSTEM, LOCATION NO. ___ INTERIM TRAFFIC SIGNAL SYSTEM, LOCATION NO. 2",1,LS,"UNION PAVING & CONSTRUCTION CO., INC.","$52,000.00","$52,000.00"
22148,148,0001,Roadway,0102,702057M,,"INTERIM TRAFFIC SIGNAL SYSTEM, LOCATION NO. ___ INTERIM TRAFFIC SIGNAL SYSTEM, LOCATION NO. 2",1,LS,"ORCHARD HOLDINGS, LLC","$9,440.00","$9,440.00"
22148,148,0001,Roadway,0102,702057M,,"INTERIM TRAFFIC SIGNAL SYSTEM, LOCATION NO. ___ INTERIM TRAFFIC SIGNAL SYSTEM, LOCATION NO. 2",1,LS,"DAIDONE ELECTRIC, INC.","$10,700.00","$10,700.00"
22148,148,0001,Roadway,0103,702059M,,GPS UNIT,2,U,"BERTO CONSTRUCTION, INC.",$760.00,"$1,520.00"
22148,148,0001,Roadway,0103,702059M,,GPS UNIT,2,U,"UNION PAVING & CONSTRUCTION CO., INC.",$850.00,"$1,700.00"
22148,148,0001,Roadway,0103,702059M,,GPS UNIT,2,U,"ORCHARD HOLDINGS, LLC",$390.00,$780.00
22148,148,0001,Roadway,0103,702059M,,GPS UNIT,2,U,"DAIDONE ELECTRIC, INC.",$400.00,$800.00
22148,148,0001,Roadway,0104,703018M,,LUMINAIRE,5,U,"BERTO CONSTRUCTION, INC.","$2,400.00","$12,000.00"
22148,148,0001,Roadway,0104,703018M,,LUMINAIRE,5,U,"UNION PAVING & CONSTRUCTION CO., INC.","$2,650.00","$13,250.00"
22148,148,0001,Roadway,0104,703018M,,LUMINAIRE,5,U,"ORCHARD HOLDINGS, LLC","$2,310.00","$11,550.00"
22148,148,0001,Roadway,0104,703018M,,LUMINAIRE,5,U,"DAIDONE ELECTRIC, INC.","$2,700.00","$13,500.00"
22148,148,0001,Roadway,0105,704002M,,"ITS CONDUIT, TYPE A","29,272",LF,"BERTO CONSTRUCTION, INC.",$62.00,"$1,814,864.00"
22148,148,0001,Roadway,0105,704002M,,"ITS CONDUIT, TYPE A","29,272",LF,"UNION PAVING & CONSTRUCTION CO., INC.",$80.00,"$2,341,760.00"
22148,148,0001,Roadway,0105,704002M,,"ITS CONDUIT, TYPE A","29,272",LF,"ORCHARD HOLDINGS, LLC",$48.00,"$1,405,056.00"
22148,148,0001,Roadway,0105,704002M,,"ITS CONDUIT, TYPE A","29,272",LF,"DAIDONE ELECTRIC, INC.",$72.00,"$2,107,584.00"
22148,148,0001,Roadway,0106,704003M,,JUNCTION BOX ITS TYPE A,66,U,"BERTO CONSTRUCTION, INC.","$6,100.00","$402,600.00"
22148,148,0001,Roadway,0106,704003M,,JUNCTION BOX ITS TYPE A,66,U,"UNION PAVING & CONSTRUCTION CO., INC.","$12,000.00","$792,000.00"
22148,148,0001,Roadway,0106,704003M,,JUNCTION BOX ITS TYPE A,66,U,"ORCHARD HOLDINGS, LLC","$7,385.00","$487,410.00"
22148,148,0001,Roadway,0106,704003M,,JUNCTION BOX ITS TYPE A,66,U,"DAIDONE ELECTRIC, INC.","$9,700.00","$640,200.00"
22148,148,0001,Roadway,0107,704006M,,JUNCTION BOX ITS TYPE B,4,U,"BERTO CONSTRUCTION, INC.","$4,600.00","$18,400.00"
22148,148,0001,Roadway,0107,704006M,,JUNCTION BOX ITS TYPE B,4,U,"UNION PAVING & CONSTRUCTION CO., INC.","$10,000.00","$40,000.00"
22148,148,0001,Roadway,0107,704006M,,JUNCTION BOX ITS TYPE B,4,U,"ORCHARD HOLDINGS, LLC","$14,925.00","$59,700.00"
22148,148,0001,Roadway,0107,704006M,,JUNCTION BOX ITS TYPE B,4,U,"DAIDONE ELECTRIC, INC.","$17,800.00","$71,200.00"
22148,148,0001,Roadway,0108,704009M,,JUNCTION BOX ITS TYPE C,14,U,"BERTO CONSTRUCTION, INC.","$3,350.00","$46,900.00"
22148,148,0001,Roadway,0108,704009M,,JUNCTION BOX ITS TYPE C,14,U,"UNION PAVING & CONSTRUCTION CO., INC.","$10,000.00","$140,000.00"
22148,148,0001,Roadway,0108,704009M,,JUNCTION BOX ITS TYPE C,14,U,"ORCHARD HOLDINGS, LLC","$2,815.00","$39,410.00"
22148,148,0001,Roadway,0108,704009M,,JUNCTION BOX ITS TYPE C,14,U,"DAIDONE ELECTRIC, INC.","$6,100.00","$85,400.00"
22148,148,0001,Roadway,0109,704011M,,METER CABINET ITS,9,U,"BERTO CONSTRUCTION, INC.","$4,700.00","$42,300.00"
22148,148,0001,Roadway,0109,704011M,,METER CABINET ITS,9,U,"UNION PAVING & CONSTRUCTION CO., INC.","$5,000.00","$45,000.00"
22148,148,0001,Roadway,0109,704011M,,METER CABINET ITS,9,U,"ORCHARD HOLDINGS, LLC","$5,335.00","$48,015.00"
22148,148,0001,Roadway,0109,704011M,,METER CABINET ITS,9,U,"DAIDONE ELECTRIC, INC.","$4,200.00","$37,800.00"
22148,148,0001,Roadway,0110,704014M,,"FOUNDATION, ITS",9,U,"BERTO CONSTRUCTION, INC.","$2,300.00","$20,700.00"
22148,148,0001,Roadway,0110,704014M,,"FOUNDATION, ITS",9,U,"UNION PAVING & CONSTRUCTION CO., INC.","$7,500.00","$67,500.00"
22148,148,0001,Roadway,0110,704014M,,"FOUNDATION, ITS",9,U,"ORCHARD HOLDINGS, LLC","$1,420.00","$12,780.00"
22148,148,0001,Roadway,0110,704014M,,"FOUNDATION, ITS",9,U,"DAIDONE ELECTRIC, INC.","$3,900.00","$35,100.00"
22148,148,0001,Roadway,0111,704015M,,FOUNDATION ITS TYPE A,1,U,"BERTO CONSTRUCTION, INC.","$6,550.00","$6,550.00"
22148,148,0001,Roadway,0111,704015M,,FOUNDATION ITS TYPE A,1,U,"UNION PAVING & CONSTRUCTION CO., INC.","$7,500.00","$7,500.00"
22148,148,0001,Roadway,0111,704015M,,FOUNDATION ITS TYPE A,1,U,"ORCHARD HOLDINGS, LLC","$5,930.00","$5,930.00"
22148,148,0001,Roadway,0111,704015M,,FOUNDATION ITS TYPE A,1,U,"DAIDONE ELECTRIC, INC.","$4,100.00","$4,100.00"
22148,148,0001,Roadway,0112,704024M,,FOUNDATION ITS TYPE D,5,U,"BERTO CONSTRUCTION, INC.","$3,000.00","$15,000.00"
22148,148,0001,Roadway,0112,704024M,,FOUNDATION ITS TYPE D,5,U,"UNION PAVING & CONSTRUCTION CO., INC.","$7,500.00","$37,500.00"
22148,148,0001,Roadway,0112,704024M,,FOUNDATION ITS TYPE D,5,U,"ORCHARD HOLDINGS, LLC","$6,320.00","$31,600.00"
22148,148,0001,Roadway,0112,704024M,,FOUNDATION ITS TYPE D,5,U,"DAIDONE ELECTRIC, INC.","$5,600.00","$28,000.00"
22148,148,0001,Roadway,0113,704029M,,COMMUNICATION HUB MODIFICATIONS,3,U,"BERTO CONSTRUCTION, INC.","$13,900.00","$41,700.00"
22148,148,0001,Roadway,0113,704029M,,COMMUNICATION HUB MODIFICATIONS,3,U,"UNION PAVING & CONSTRUCTION CO., INC.","$15,000.00","$45,000.00"
22148,148,0001,Roadway,0113,704029M,,COMMUNICATION HUB MODIFICATIONS,3,U,"ORCHARD HOLDINGS, LLC","$59,515.00","$178,545.00"
22148,148,0001,Roadway,0113,704029M,,COMMUNICATION HUB MODIFICATIONS,3,U,"DAIDONE ELECTRIC, INC.","$11,800.00","$35,400.00"
22148,148,0001,Roadway,0114,704036M,,FOUNDATION CSS TYPE A,1,U,"BERTO CONSTRUCTION, INC.","$23,350.00","$23,350.00"
22148,148,0001,Roadway,0114,704036M,,FOUNDATION CSS TYPE A,1,U,"UNION PAVING & CONSTRUCTION CO., INC.","$100,000.00","$100,000.00"
22148,148,0001,Roadway,0114,704036M,,FOUNDATION CSS TYPE A,1,U,"ORCHARD HOLDINGS, LLC","$46,250.00","$46,250.00"
22148,148,0001,Roadway,0114,704036M,,FOUNDATION CSS TYPE A,1,U,"DAIDONE ELECTRIC, INC.","$49,200.00","$49,200.00"
22148,148,0001,Roadway,0115,704048M,,CAMERA STANDARD TYPE A,1,U,"BERTO CONSTRUCTION, INC.","$90,000.00","$90,000.00"
22148,148,0001,Roadway,0115,704048M,,CAMERA STANDARD TYPE A,1,U,"UNION PAVING & CONSTRUCTION CO., INC.","$100,000.00","$100,000.00"
22148,148,0001,Roadway,0115,704048M,,CAMERA STANDARD TYPE A,1,U,"ORCHARD HOLDINGS, LLC","$95,950.00","$95,950.00"
22148,148,0001,Roadway,0115,704048M,,CAMERA STANDARD TYPE A,1,U,"DAIDONE ELECTRIC, INC.","$99,800.00","$99,800.00"
22148,148,0001,Roadway,0116,704060M,,CAMERA,6,U,"BERTO CONSTRUCTION, INC.","$12,250.00","$73,500.00"
22148,148,0001,Roadway,0116,704060M,,CAMERA,6,U,"UNION PAVING & CONSTRUCTION CO., INC.","$13,500.00","$81,000.00"
22148,148,0001,Roadway,0116,704060M,,CAMERA,6,U,"ORCHARD HOLDINGS, LLC","$7,800.00","$46,800.00"
22148,148,0001,Roadway,0116,704060M,,CAMERA,6,U,"DAIDONE ELECTRIC, INC.","$9,800.00","$58,800.00"
22148,148,0001,Roadway,0117,704063M,,"CONTROLLER, CAMERA",2,U,"BERTO CONSTRUCTION, INC.","$52,500.00","$105,000.00"
22148,148,0001,Roadway,0117,704063M,,"CONTROLLER, CAMERA",2,U,"UNION PAVING & CONSTRUCTION CO., INC.","$60,000.00","$120,000.00"
22148,148,0001,Roadway,0117,704063M,,"CONTROLLER, CAMERA",2,U,"ORCHARD HOLDINGS, LLC","$58,865.00","$117,730.00"
22148,148,0001,Roadway,0117,704063M,,"CONTROLLER, CAMERA",2,U,"DAIDONE ELECTRIC, INC.","$57,800.00","$115,600.00"
22148,148,0001,Roadway,0118,704076P,,FIBER OPTIC CABLE TYPE G,"49,405",LF,"BERTO CONSTRUCTION, INC.",$3.40,"$167,977.00"
22148,148,0001,Roadway,0118,704076P,,FIBER OPTIC CABLE TYPE G,"49,405",LF,"UNION PAVING & CONSTRUCTION CO., INC.",$4.60,"$227,263.00"
22148,148,0001,Roadway,0118,704076P,,FIBER OPTIC CABLE TYPE G,"49,405",LF,"ORCHARD HOLDINGS, LLC",$16.75,"$827,533.75"
22148,148,0001,Roadway,0118,704076P,,FIBER OPTIC CABLE TYPE G,"49,405",LF,"DAIDONE ELECTRIC, INC.",$11.10,"$548,395.50"
22148,148,0001,Roadway,0119,704078P,,FIBER OPTIC CABLE TYPE E,"12,086",LF,"BERTO CONSTRUCTION, INC.",$11.00,"$132,946.00"
22148,148,0001,Roadway,0119,704078P,,FIBER OPTIC CABLE TYPE E,"12,086",LF,"UNION PAVING & CONSTRUCTION CO., INC.",$15.00,"$181,290.00"
22148,148,0001,Roadway,0119,704078P,,FIBER OPTIC CABLE TYPE E,"12,086",LF,"ORCHARD HOLDINGS, LLC",$17.75,"$214,526.50"
22148,148,0001,Roadway,0119,704078P,,FIBER OPTIC CABLE TYPE E,"12,086",LF,"DAIDONE ELECTRIC, INC.",$28.90,"$349,285.40"
22148,148,0001,Roadway,0120,704084M,,"CONTROLLER, CTSS",2,U,"BERTO CONSTRUCTION, INC.","$66,000.00","$132,000.00"
22148,148,0001,Roadway,0120,704084M,,"CONTROLLER, CTSS",2,U,"UNION PAVING & CONSTRUCTION CO., INC.","$73,000.00","$146,000.00"
22148,148,0001,Roadway,0120,704084M,,"CONTROLLER, CTSS",2,U,"ORCHARD HOLDINGS, LLC","$126,500.00","$253,000.00"
22148,148,0001,Roadway,0120,704084M,,"CONTROLLER, CTSS",2,U,"DAIDONE ELECTRIC, INC.","$98,600.00","$197,200.00"
22148,148,0001,Roadway,0121,704090M,,"CONTROLLER, CTSS TURN ON",2,U,"BERTO CONSTRUCTION, INC.","$12,500.00","$25,000.00"
22148,148,0001,Roadway,0121,704090M,,"CONTROLLER, CTSS TURN ON",2,U,"UNION PAVING & CONSTRUCTION CO., INC.","$14,000.00","$28,000.00"
22148,148,0001,Roadway,0121,704090M,,"CONTROLLER, CTSS TURN ON",2,U,"ORCHARD HOLDINGS, LLC","$9,580.00","$19,160.00"
22148,148,0001,Roadway,0121,704090M,,"CONTROLLER, CTSS TURN ON",2,U,"DAIDONE ELECTRIC, INC.","$13,000.00","$26,000.00"
22148,148,0001,Roadway,0122,704092M,,"ADAPTIVE IMAGE DETECTOR, CTSS",10,U,"BERTO CONSTRUCTION, INC.","$23,500.00","$235,000.00"
22148,148,0001,Roadway,0122,704092M,,"ADAPTIVE IMAGE DETECTOR, CTSS",10,U,"UNION PAVING & CONSTRUCTION CO., INC.","$25,000.00","$250,000.00"
22148,148,0001,Roadway,0122,704092M,,"ADAPTIVE IMAGE DETECTOR, CTSS",10,U,"ORCHARD HOLDINGS, LLC","$26,720.00","$267,200.00"
22148,148,0001,Roadway,0122,704092M,,"ADAPTIVE IMAGE DETECTOR, CTSS",10,U,"DAIDONE ELECTRIC, INC.","$28,500.00","$285,000.00"
22148,148,0001,Roadway,0123,704147M,,FOUNDATION DMS TYPE A,4,U,"BERTO CONSTRUCTION, INC.","$15,500.00","$62,000.00"
22148,148,0001,Roadway,0123,704147M,,FOUNDATION DMS TYPE A,4,U,"UNION PAVING & CONSTRUCTION CO., INC.","$25,000.00","$100,000.00"
22148,148,0001,Roadway,0123,704147M,,FOUNDATION DMS TYPE A,4,U,"ORCHARD HOLDINGS, LLC","$22,000.00","$88,000.00"
22148,148,0001,Roadway,0123,704147M,,FOUNDATION DMS TYPE A,4,U,"DAIDONE ELECTRIC, INC.","$7,200.00","$28,800.00"
22148,148,0001,Roadway,0124,704169M,,DMS STANDARD GROUND MOUNTED,2,U,"BERTO CONSTRUCTION, INC.","$20,500.00","$41,000.00"
22148,148,0001,Roadway,0124,704169M,,DMS STANDARD GROUND MOUNTED,2,U,"UNION PAVING & CONSTRUCTION CO., INC.","$50,000.00","$100,000.00"
22148,148,0001,Roadway,0124,704169M,,DMS STANDARD GROUND MOUNTED,2,U,"ORCHARD HOLDINGS, LLC","$44,670.00","$89,340.00"
22148,148,0001,Roadway,0124,704169M,,DMS STANDARD GROUND MOUNTED,2,U,"DAIDONE ELECTRIC, INC.","$19,000.00","$38,000.00"
22148,148,0001,Roadway,0125,704171M,,DMS SIGN,3,U,"BERTO CONSTRUCTION, INC.","$110,000.00","$330,000.00"
22148,148,0001,Roadway,0125,704171M,,DMS SIGN,3,U,"UNION PAVING & CONSTRUCTION CO., INC.","$135,000.00","$405,000.00"
22148,148,0001,Roadway,0125,704171M,,DMS SIGN,3,U,"ORCHARD HOLDINGS, LLC","$118,500.00","$355,500.00"
22148,148,0001,Roadway,0125,704171M,,DMS SIGN,3,U,"DAIDONE ELECTRIC, INC.","$130,900.00","$392,700.00"
22148,148,0001,Roadway,0126,704183M,,"CONTROLLER, DMS",3,U,"BERTO CONSTRUCTION, INC.","$73,000.00","$219,000.00"
22148,148,0001,Roadway,0126,704183M,,"CONTROLLER, DMS",3,U,"UNION PAVING & CONSTRUCTION CO., INC.","$82,000.00","$246,000.00"
22148,148,0001,Roadway,0126,704183M,,"CONTROLLER, DMS",3,U,"ORCHARD HOLDINGS, LLC","$86,165.00","$258,495.00"
22148,148,0001,Roadway,0126,704183M,,"CONTROLLER, DMS",3,U,"DAIDONE ELECTRIC, INC.","$75,300.00","$225,900.00"
22148,148,0001,Roadway,0127,704215M,,FIBER CROSSCONNECT CABINET,1,U,"BERTO CONSTRUCTION, INC.","$46,500.00","$46,500.00"
22148,148,0001,Roadway,0127,704215M,,FIBER CROSSCONNECT CABINET,1,U,"UNION PAVING & CONSTRUCTION CO., INC.","$52,000.00","$52,000.00"
22148,148,0001,Roadway,0127,704215M,,FIBER CROSSCONNECT CABINET,1,U,"ORCHARD HOLDINGS, LLC","$64,000.00","$64,000.00"
22148,148,0001,Roadway,0127,704215M,,FIBER CROSSCONNECT CABINET,1,U,"DAIDONE ELECTRIC, INC.","$42,200.00","$42,200.00"
22148,148,0001,Roadway,0128,704237M,,"ITS ROADSIDE UNIT, TYPE ___",16,U,"BERTO CONSTRUCTION, INC.","$31,250.00","$500,000.00"
22148,148,0001,Roadway,0128,704237M,,"ITS ROADSIDE UNIT, TYPE ___",16,U,"UNION PAVING & CONSTRUCTION CO., INC.","$34,000.00","$544,000.00"
22148,148,0001,Roadway,0128,704237M,,"ITS ROADSIDE UNIT, TYPE ___",16,U,"ORCHARD HOLDINGS, LLC","$26,725.00","$427,600.00"
22148,148,0001,Roadway,0128,704237M,,"ITS ROADSIDE UNIT, TYPE ___",16,U,"DAIDONE ELECTRIC, INC.","$35,500.00","$568,000.00"
22148,148,0003,Non-Participating (Roadway),0129,801012M,,SELECTIVE CLEARING,42,SY,"BERTO CONSTRUCTION, INC.",$9.50,$399.00
22148,148,0003,Non-Participating (Roadway),0129,801012M,,SELECTIVE CLEARING,42,SY,"UNION PAVING & CONSTRUCTION CO., INC.",$175.00,"$7,350.00"
22148,148,0003,Non-Participating (Roadway),0129,801012M,,SELECTIVE CLEARING,42,SY,"ORCHARD HOLDINGS, LLC",$325.00,"$13,650.00"
22148,148,0003,Non-Participating (Roadway),0129,801012M,,SELECTIVE CLEARING,42,SY,"DAIDONE ELECTRIC, INC.",$60.00,"$2,520.00"
22148,148,0005,General Landscaping,0130,804000P,,"TOPSOIL SPREADING __"" THICK TOPSOIL SPREADING 4"" THICK",48,SY,"BERTO CONSTRUCTION, INC.",$3.00,$144.00
22148,148,0005,General Landscaping,0130,804000P,,"TOPSOIL SPREADING __"" THICK TOPSOIL SPREADING 4"" THICK",48,SY,"UNION PAVING & CONSTRUCTION CO., INC.",$40.00,"$1,920.00"
22148,148,0005,General Landscaping,0130,804000P,,"TOPSOIL SPREADING __"" THICK TOPSOIL SPREADING 4"" THICK",48,SY,"ORCHARD HOLDINGS, LLC",$52.00,"$2,496.00"
22148,148,0005,General Landscaping,0130,804000P,,"TOPSOIL SPREADING __"" THICK TOPSOIL SPREADING 4"" THICK",48,SY,"DAIDONE ELECTRIC, INC.",$127.00,"$6,096.00"
22148,148,0005,General Landscaping,0131,806006P,,"FERTILIZING AND SEEDING, TYPE A-3",42,SY,"BERTO CONSTRUCTION, INC.",$2.00,$84.00
22148,148,0005,General Landscaping,0131,806006P,,"FERTILIZING AND SEEDING, TYPE A-3",42,SY,"UNION PAVING & CONSTRUCTION CO., INC.",$10.00,$420.00
22148,148,0005,General Landscaping,0131,806006P,,"FERTILIZING AND SEEDING, TYPE A-3",42,SY,"ORCHARD HOLDINGS, LLC",$13.00,$546.00
22148,148,0005,General Landscaping,0131,806006P,,"FERTILIZING AND SEEDING, TYPE A-3",42,SY,"DAIDONE ELECTRIC, INC.",$2.00,$84.00
22148,148,0005,General Landscaping,0132,809021M,,"WOOD MULCHING, 2"" THICK",6,SY,"BERTO CONSTRUCTION, INC.",$11.00,$66.00
22148,148,0005,General Landscaping,0132,809021M,,"WOOD MULCHING, 2"" THICK",6,SY,"UNION PAVING & CONSTRUCTION CO., INC.",$10.00,$60.00
22148,148,0005,General Landscaping,0132,809021M,,"WOOD MULCHING, 2"" THICK",6,SY,"ORCHARD HOLDINGS, LLC",$26.00,$156.00
22148,148,0005,General Landscaping,0132,809021M,,"WOOD MULCHING, 2"" THICK",6,SY,"DAIDONE ELECTRIC, INC.",$2.00,$12.00
22148,148,0001,Roadway,0133,MME122M,,"FOUNDATION, TYPE PBI",1,U,"BERTO CONSTRUCTION, INC.","$2,800.00","$2,800.00"
22148,148,0001,Roadway,0133,MME122M,,"FOUNDATION, TYPE PBI",1,U,"UNION PAVING & CONSTRUCTION CO., INC.","$10,000.00","$10,000.00"
22148,148,0001,Roadway,0133,MME122M,,"FOUNDATION, TYPE PBI",1,U,"ORCHARD HOLDINGS, LLC","$4,550.00","$4,550.00"
22148,148,0001,Roadway,0133,MME122M,,"FOUNDATION, TYPE PBI",1,U,"DAIDONE ELECTRIC, INC.",$900.00,$900.00
22148,148,0006,"Bridge, Structure (1606-158) - US Route 46 Over Passaic Rive r",0134,201039P,,TEMPORARY SHIELDING,1,LS,"BERTO CONSTRUCTION, INC.",$0.01,$0.01
22148,148,0006,"Bridge, Structure (1606-158) - US Route 46 Over Passaic Rive r",0134,201039P,,TEMPORARY SHIELDING,1,LS,"UNION PAVING & CONSTRUCTION CO., INC.","$1,000.00","$1,000.00"
22148,148,0006,"Bridge, Structure (1606-158) - US Route 46 Over Passaic Rive r",0134,201039P,,TEMPORARY SHIELDING,1,LS,"ORCHARD HOLDINGS, LLC",$1.00,$1.00
22148,148,0006,"Bridge, Structure (1606-158) - US Route 46 Over Passaic Rive r",0134,201039P,,TEMPORARY SHIELDING,1,LS,"DAIDONE ELECTRIC, INC.","$179,400.00","$179,400.00"
22148,148,0006,"Bridge, Structure (1606-158) - US Route 46 Over Passaic Rive r",0135,506003P,,STRUCTURAL STEEL,1,LS,"BERTO CONSTRUCTION, INC.","$195,000.00","$195,000.00"
22148,148,0006,"Bridge, Structure (1606-158) - US Route 46 Over Passaic Rive r",0135,506003P,,STRUCTURAL STEEL,1,LS,"UNION PAVING & CONSTRUCTION CO., INC.","$100,000.00","$100,000.00"
22148,148,0006,"Bridge, Structure (1606-158) - US Route 46 Over Passaic Rive r",0135,506003P,,STRUCTURAL STEEL,1,LS,"ORCHARD HOLDINGS, LLC","$266,500.00","$266,500.00"
22148,148,0006,"Bridge, Structure (1606-158) - US Route 46 Over Passaic Rive r",0135,506003P,,STRUCTURAL STEEL,1,LS,"DAIDONE ELECTRIC, INC.","$164,300.00","$164,300.00"
22148,148,0006,"Bridge, Structure (1606-158) - US Route 46 Over Passaic Rive r",0136,704265P,,"FIBERGLASS CONDUIT SLEEVE, 6"" DIAMETER",624,LF,"BERTO CONSTRUCTION, INC.",$175.00,"$109,200.00"
22148,148,0006,"Bridge, Structure (1606-158) - US Route 46 Over Passaic Rive r",0136,704265P,,"FIBERGLASS CONDUIT SLEEVE, 6"" DIAMETER",624,LF,"UNION PAVING & CONSTRUCTION CO., INC.",$200.00,"$124,800.00"
22148,148,0006,"Bridge, Structure (1606-158) - US Route 46 Over Passaic Rive r",0136,704265P,,"FIBERGLASS CONDUIT SLEEVE, 6"" DIAMETER",624,LF,"ORCHARD HOLDINGS, LLC",$335.00,"$209,040.00"
22148,148,0006,"Bridge, Structure (1606-158) - US Route 46 Over Passaic Rive r",0136,704265P,,"FIBERGLASS CONDUIT SLEEVE, 6"" DIAMETER",624,LF,"DAIDONE ELECTRIC, INC.",$315.00,"$196,560.00"
22148,148,0007,"Bridge, Structure (1606-159) - US Route 46 Over McBride Ave",0137,201039P,,TEMPORARY SHIELDING,1,LS,"BERTO CONSTRUCTION, INC.",$0.01,$0.01
22148,148,0007,"Bridge, Structure (1606-159) - US Route 46 Over McBride Ave",0137,201039P,,TEMPORARY SHIELDING,1,LS,"UNION PAVING & CONSTRUCTION CO., INC.",$100.00,$100.00
22148,148,0007,"Bridge, Structure (1606-159) - US Route 46 Over McBride Ave",0137,201039P,,TEMPORARY SHIELDING,1,LS,"ORCHARD HOLDINGS, LLC",$1.00,$1.00
22148,148,0007,"Bridge, Structure (1606-159) - US Route 46 Over McBride Ave",0137,201039P,,TEMPORARY SHIELDING,1,LS,"DAIDONE ELECTRIC, INC.",$0.01,$0.01
22148,148,0007,"Bridge, Structure (1606-159) - US Route 46 Over McBride Ave",0138,506003P,,STRUCTURAL STEEL,1,LS,"BERTO CONSTRUCTION, INC.","$28,000.00","$28,000.00"
22148,148,0007,"Bridge, Structure (1606-159) - US Route 46 Over McBride Ave",0138,506003P,,STRUCTURAL STEEL,1,LS,"UNION PAVING & CONSTRUCTION CO., INC.","$25,000.00","$25,000.00"
22148,148,0007,"Bridge, Structure (1606-159) - US Route 46 Over McBride Ave",0138,506003P,,STRUCTURAL STEEL,1,LS,"ORCHARD HOLDINGS, LLC","$37,700.00","$37,700.00"
22148,148,0007,"Bridge, Structure (1606-159) - US Route 46 Over McBride Ave",0138,506003P,,STRUCTURAL STEEL,1,LS,"DAIDONE ELECTRIC, INC.","$70,600.00","$70,600.00"
22148,148,0007,"Bridge, Structure (1606-159) - US Route 46 Over McBride Ave",0139,704265P,,"FIBERGLASS CONDUIT SLEEVE, 6"" DIAMETER",95,LF,"BERTO CONSTRUCTION, INC.",$175.00,"$16,625.00"
22148,148,0007,"Bridge, Structure (1606-159) - US Route 46 Over McBride Ave",0139,704265P,,"FIBERGLASS CONDUIT SLEEVE, 6"" DIAMETER",95,LF,"UNION PAVING & CONSTRUCTION CO., INC.",$200.00,"$19,000.00"
22148,148,0007,"Bridge, Structure (1606-159) - US Route 46 Over McBride Ave",0139,704265P,,"FIBERGLASS CONDUIT SLEEVE, 6"" DIAMETER",95,LF,"ORCHARD HOLDINGS, LLC",$310.00,"$29,450.00"
22148,148,0007,"Bridge, Structure (1606-159) - US Route 46 Over McBride Ave",0139,704265P,,"FIBERGLASS CONDUIT SLEEVE, 6"" DIAMETER",95,LF,"DAIDONE ELECTRIC, INC.",$662.00,"$62,890.00"
22148,148,0008,"Bridge, Structure (1606-160) - US Route 46 Over Peckman's Ri ver",0140,201039P,,TEMPORARY SHIELDING,1,LS,"BERTO CONSTRUCTION, INC.",$0.01,$0.01
22148,148,0008,"Bridge, Structure (1606-160) - US Route 46 Over Peckman's Ri ver",0140,201039P,,TEMPORARY SHIELDING,1,LS,"UNION PAVING & CONSTRUCTION CO., INC.",$100.00,$100.00
22148,148,0008,"Bridge, Structure (1606-160) - US Route 46 Over Peckman's Ri ver",0140,201039P,,TEMPORARY SHIELDING,1,LS,"ORCHARD HOLDINGS, LLC",$1.00,$1.00
22148,148,0008,"Bridge, Structure (1606-160) - US Route 46 Over Peckman's Ri ver",0140,201039P,,TEMPORARY SHIELDING,1,LS,"DAIDONE ELECTRIC, INC.",$0.01,$0.01
22148,148,0008,"Bridge, Structure (1606-160) - US Route 46 Over Peckman's Ri ver",0141,704265P,,"FIBERGLASS CONDUIT SLEEVE, 6"" DIAMETER",100,LF,"BERTO CONSTRUCTION, INC.",$240.00,"$24,000.00"
22148,148,0008,"Bridge, Structure (1606-160) - US Route 46 Over Peckman's Ri ver",0141,704265P,,"FIBERGLASS CONDUIT SLEEVE, 6"" DIAMETER",100,LF,"UNION PAVING & CONSTRUCTION CO., INC.",$200.00,"$20,000.00"
22148,148,0008,"Bridge, Structure (1606-160) - US Route 46 Over Peckman's Ri ver",0141,704265P,,"FIBERGLASS CONDUIT SLEEVE, 6"" DIAMETER",100,LF,"ORCHARD HOLDINGS, LLC",$648.00,"$64,800.00"
22148,148,0008,"Bridge, Structure (1606-160) - US Route 46 Over Peckman's Ri ver",0141,704265P,,"FIBERGLASS CONDUIT SLEEVE, 6"" DIAMETER",100,LF,"DAIDONE ELECTRIC, INC.",$587.00,"$58,700.00"
22148,148,0009,"Bridge, Structure (1606-163) - US Route 46 Over Browertown R oad",0142,201039P,,TEMPORARY SHIELDING,1,LS,"BERTO CONSTRUCTION, INC.",$0.01,$0.01
22148,148,0009,"Bridge, Structure (1606-163) - US Route 46 Over Browertown R oad",0142,201039P,,TEMPORARY SHIELDING,1,LS,"UNION PAVING & CONSTRUCTION CO., INC.",$100.00,$100.00
22148,148,0009,"Bridge, Structure (1606-163) - US Route 46 Over Browertown R oad",0142,201039P,,TEMPORARY SHIELDING,1,LS,"ORCHARD HOLDINGS, LLC",$1.00,$1.00
22148,148,0009,"Bridge, Structure (1606-163) - US Route 46 Over Browertown R oad",0142,201039P,,TEMPORARY SHIELDING,1,LS,"DAIDONE ELECTRIC, INC.",$0.01,$0.01
22148,148,0009,"Bridge, Structure (1606-163) - US Route 46 Over Browertown R oad",0143,506003P,,STRUCTURAL STEEL,1,LS,"BERTO CONSTRUCTION, INC.","$28,000.00","$28,000.00"
22148,148,0009,"Bridge, Structure (1606-163) - US Route 46 Over Browertown R oad",0143,506003P,,STRUCTURAL STEEL,1,LS,"UNION PAVING & CONSTRUCTION CO., INC.","$30,000.00","$30,000.00"
22148,148,0009,"Bridge, Structure (1606-163) - US Route 46 Over Browertown R oad",0143,506003P,,STRUCTURAL STEEL,1,LS,"ORCHARD HOLDINGS, LLC","$39,000.00","$39,000.00"
22148,148,0009,"Bridge, Structure (1606-163) - US Route 46 Over Browertown R oad",0143,506003P,,STRUCTURAL STEEL,1,LS,"DAIDONE ELECTRIC, INC.","$71,000.00","$71,000.00"
22148,148,0009,"Bridge, Structure (1606-163) - US Route 46 Over Browertown R oad",0144,704265P,,"FIBERGLASS CONDUIT SLEEVE, 6"" DIAMETER",95,LF,"BERTO CONSTRUCTION, INC.",$175.00,"$16,625.00"
22148,148,0009,"Bridge, Structure (1606-163) - US Route 46 Over Browertown R oad",0144,704265P,,"FIBERGLASS CONDUIT SLEEVE, 6"" DIAMETER",95,LF,"UNION PAVING & CONSTRUCTION CO., INC.",$200.00,"$19,000.00"
22148,148,0009,"Bridge, Structure (1606-163) - US Route 46 Over Browertown R oad",0144,704265P,,"FIBERGLASS CONDUIT SLEEVE, 6"" DIAMETER",95,LF,"ORCHARD HOLDINGS, LLC",$310.00,"$29,450.00"
22148,148,0009,"Bridge, Structure (1606-163) - US Route 46 Over Browertown R oad",0144,704265P,,"FIBERGLASS CONDUIT SLEEVE, 6"" DIAMETER",95,LF,"DAIDONE ELECTRIC, INC.",$643.00,"$61,085.00"
22148,148,0010,"Bridge, Structure (1607-154) - US Route 46 Over Broad Street",0145,201039P,,TEMPORARY SHIELDING,1,LS,"BERTO CONSTRUCTION, INC.",$0.01,$0.01
22148,148,0010,"Bridge, Structure (1607-154) - US Route 46 Over Broad Street",0145,201039P,,TEMPORARY SHIELDING,1,LS,"UNION PAVING & CONSTRUCTION CO., INC.",$100.00,$100.00
22148,148,0010,"Bridge, Structure (1607-154) - US Route 46 Over Broad Street",0145,201039P,,TEMPORARY SHIELDING,1,LS,"ORCHARD HOLDINGS, LLC",$1.00,$1.00
22148,148,0010,"Bridge, Structure (1607-154) - US Route 46 Over Broad Street",0145,201039P,,TEMPORARY SHIELDING,1,LS,"DAIDONE ELECTRIC, INC.",$0.01,$0.01
22148,148,0010,"Bridge, Structure (1607-154) - US Route 46 Over Broad Street",0146,506003P,,STRUCTURAL STEEL,1,LS,"BERTO CONSTRUCTION, INC.","$42,500.00","$42,500.00"
22148,148,0010,"Bridge, Structure (1607-154) - US Route 46 Over Broad Street",0146,506003P,,STRUCTURAL STEEL,1,LS,"UNION PAVING & CONSTRUCTION CO., INC.","$40,000.00","$40,000.00"
22148,148,0010,"Bridge, Structure (1607-154) - US Route 46 Over Broad Street",0146,506003P,,STRUCTURAL STEEL,1,LS,"ORCHARD HOLDINGS, LLC","$46,800.00","$46,800.00"
22148,148,0010,"Bridge, Structure (1607-154) - US Route 46 Over Broad Street",0146,506003P,,STRUCTURAL STEEL,1,LS,"DAIDONE ELECTRIC, INC.","$84,200.00","$84,200.00"
22148,148,0010,"Bridge, Structure (1607-154) - US Route 46 Over Broad Street",0147,704265P,,"FIBERGLASS CONDUIT SLEEVE, 6"" DIAMETER",85,LF,"BERTO CONSTRUCTION, INC.",$190.00,"$16,150.00"
22148,148,0010,"Bridge, Structure (1607-154) - US Route 46 Over Broad Street",0147,704265P,,"FIBERGLASS CONDUIT SLEEVE, 6"" DIAMETER",85,LF,"UNION PAVING & CONSTRUCTION CO., INC.",$200.00,"$17,000.00"
22148,148,0010,"Bridge, Structure (1607-154) - US Route 46 Over Broad Street",0147,704265P,,"FIBERGLASS CONDUIT SLEEVE, 6"" DIAMETER",85,LF,"ORCHARD HOLDINGS, LLC",$310.00,"$26,350.00"
22148,148,0010,"Bridge, Structure (1607-154) - US Route 46 Over Broad Street",0147,704265P,,"FIBERGLASS CONDUIT SLEEVE, 6"" DIAMETER",85,LF,"DAIDONE ELECTRIC, INC.",$677.00,"$57,545.00"
22148,148,0011,"Bridge, Structure (1607-156) - US Route 46 Over Norfolk Sout hern Railroad",0148,201039P,,TEMPORARY SHIELDING,1,LS,"BERTO CONSTRUCTION, INC.",$0.01,$0.01
22148,148,0011,"Bridge, Structure (1607-156) - US Route 46 Over Norfolk Sout hern Railroad",0148,201039P,,TEMPORARY SHIELDING,1,LS,"UNION PAVING & CONSTRUCTION CO., INC.",$100.00,$100.00
22148,148,0011,"Bridge, Structure (1607-156) - US Route 46 Over Norfolk Sout hern Railroad",0148,201039P,,TEMPORARY SHIELDING,1,LS,"ORCHARD HOLDINGS, LLC",$1.00,$1.00
22148,148,0011,"Bridge, Structure (1607-156) - US Route 46 Over Norfolk Sout hern Railroad",0148,201039P,,TEMPORARY SHIELDING,1,LS,"DAIDONE ELECTRIC, INC.",$0.01,$0.01
22148,148,0011,"Bridge, Structure (1607-156) - US Route 46 Over Norfolk Sout hern Railroad",0149,704265P,,"FIBERGLASS CONDUIT SLEEVE, 6"" DIAMETER",157,LF,"BERTO CONSTRUCTION, INC.",$185.00,"$29,045.00"
22148,148,0011,"Bridge, Structure (1607-156) - US Route 46 Over Norfolk Sout hern Railroad",0149,704265P,,"FIBERGLASS CONDUIT SLEEVE, 6"" DIAMETER",157,LF,"UNION PAVING & CONSTRUCTION CO., INC.",$200.00,"$31,400.00"
22148,148,0011,"Bridge, Structure (1607-156) - US Route 46 Over Norfolk Sout hern Railroad",0149,704265P,,"FIBERGLASS CONDUIT SLEEVE, 6"" DIAMETER",157,LF,"ORCHARD HOLDINGS, LLC",$648.00,"$101,736.00"
22148,148,0011,"Bridge, Structure (1607-156) - US Route 46 Over Norfolk Sout hern Railroad",0149,704265P,,"FIBERGLASS CONDUIT SLEEVE, 6"" DIAMETER",157,LF,"DAIDONE ELECTRIC, INC.",$467.00,"$73,319.00"
22148,148,0012,"Bridge, Structure (1606-157) - US Route 46 Over Erie Lackawa nna Railroad",0150,201039P,,TEMPORARY SHIELDING,1,LS,"BERTO CONSTRUCTION, INC.",$0.01,$0.01
22148,148,0012,"Bridge, Structure (1606-157) - US Route 46 Over Erie Lackawa nna Railroad",0150,201039P,,TEMPORARY SHIELDING,1,LS,"UNION PAVING & CONSTRUCTION CO., INC.","$1,000.00","$1,000.00"
22148,148,0012,"Bridge, Structure (1606-157) - US Route 46 Over Erie Lackawa nna Railroad",0150,201039P,,TEMPORARY SHIELDING,1,LS,"ORCHARD HOLDINGS, LLC",$1.00,$1.00
22148,148,0012,"Bridge, Structure (1606-157) - US Route 46 Over Erie Lackawa nna Railroad",0150,201039P,,TEMPORARY SHIELDING,1,LS,"DAIDONE ELECTRIC, INC.","$165,400.00","$165,400.00"
22148,148,0012,"Bridge, Structure (1606-157) - US Route 46 Over Erie Lackawa nna Railroad",0151,506003P,,STRUCTURAL STEEL,1,LS,"BERTO CONSTRUCTION, INC.","$67,000.00","$67,000.00"
22148,148,0012,"Bridge, Structure (1606-157) - US Route 46 Over Erie Lackawa nna Railroad",0151,506003P,,STRUCTURAL STEEL,1,LS,"UNION PAVING & CONSTRUCTION CO., INC.","$100,000.00","$100,000.00"
22148,148,0012,"Bridge, Structure (1606-157) - US Route 46 Over Erie Lackawa nna Railroad",0151,506003P,,STRUCTURAL STEEL,1,LS,"ORCHARD HOLDINGS, LLC","$236,600.00","$236,600.00"
22148,148,0012,"Bridge, Structure (1606-157) - US Route 46 Over Erie Lackawa nna Railroad",0151,506003P,,STRUCTURAL STEEL,1,LS,"DAIDONE ELECTRIC, INC.","$123,900.00","$123,900.00"
22148,148,0012,"Bridge, Structure (1606-157) - US Route 46 Over Erie Lackawa nna Railroad",0152,704265P,,"FIBERGLASS CONDUIT SLEEVE, 6"" DIAMETER",32,LF,"BERTO CONSTRUCTION, INC.",$245.00,"$7,840.00"
22148,148,0012,"Bridge, Structure (1606-157) - US Route 46 Over Erie Lackawa nna Railroad",0152,704265P,,"FIBERGLASS CONDUIT SLEEVE, 6"" DIAMETER",32,LF,"UNION PAVING & CONSTRUCTION CO., INC.",$325.00,"$10,400.00"
22148,148,0012,"Bridge, Structure (1606-157) - US Route 46 Over Erie Lackawa nna Railroad",0152,704265P,,"FIBERGLASS CONDUIT SLEEVE, 6"" DIAMETER",32,LF,"ORCHARD HOLDINGS, LLC",$310.00,"$9,920.00"
22148,148,0012,"Bridge, Structure (1606-157) - US Route 46 Over Erie Lackawa nna Railroad",0152,704265P,,"FIBERGLASS CONDUIT SLEEVE, 6"" DIAMETER",32,LF,"DAIDONE ELECTRIC, INC.",$964.00,"$30,848.00"
22148,148,0013,"Bridge, Structure (1607-158) - US Route 46 Over Paulison Ave nue",0153,201039P,,TEMPORARY SHIELDING,1,LS,"BERTO CONSTRUCTION, INC.",$0.01,$0.01
22148,148,0013,"Bridge, Structure (1607-158) - US Route 46 Over Paulison Ave nue",0153,201039P,,TEMPORARY SHIELDING,1,LS,"UNION PAVING & CONSTRUCTION CO., INC.",$100.00,$100.00
22148,148,0013,"Bridge, Structure (1607-158) - US Route 46 Over Paulison Ave nue",0153,201039P,,TEMPORARY SHIELDING,1,LS,"ORCHARD HOLDINGS, LLC",$1.00,$1.00
22148,148,0013,"Bridge, Structure (1607-158) - US Route 46 Over Paulison Ave nue",0153,201039P,,TEMPORARY SHIELDING,1,LS,"DAIDONE ELECTRIC, INC.",$0.01,$0.01
22148,148,0013,"Bridge, Structure (1607-158) - US Route 46 Over Paulison Ave nue",0154,704265P,,"FIBERGLASS CONDUIT SLEEVE, 6"" DIAMETER",123,LF,"BERTO CONSTRUCTION, INC.",$220.00,"$27,060.00"
22148,148,0013,"Bridge, Structure (1607-158) - US Route 46 Over Paulison Ave nue",0154,704265P,,"FIBERGLASS CONDUIT SLEEVE, 6"" DIAMETER",123,LF,"UNION PAVING & CONSTRUCTION CO., INC.",$200.00,"$24,600.00"
22148,148,0013,"Bridge, Structure (1607-158) - US Route 46 Over Paulison Ave nue",0154,704265P,,"FIBERGLASS CONDUIT SLEEVE, 6"" DIAMETER",123,LF,"ORCHARD HOLDINGS, LLC",$648.00,"$79,704.00"
22148,148,0013,"Bridge, Structure (1607-158) - US Route 46 Over Paulison Ave nue",0154,704265P,,"FIBERGLASS CONDUIT SLEEVE, 6"" DIAMETER",123,LF,"DAIDONE ELECTRIC, INC.",$505.00,"$62,115.00"
22148,148,0014,"Bridge, Structure (1607-160) - US Route 46 Over Piaget Avenu e",0155,201039P,,TEMPORARY SHIELDING,1,LS,"BERTO CONSTRUCTION, INC.",$0.01,$0.01
22148,148,0014,"Bridge, Structure (1607-160) - US Route 46 Over Piaget Avenu e",0155,201039P,,TEMPORARY SHIELDING,1,LS,"UNION PAVING & CONSTRUCTION CO., INC.",$100.00,$100.00
22148,148,0014,"Bridge, Structure (1607-160) - US Route 46 Over Piaget Avenu e",0155,201039P,,TEMPORARY SHIELDING,1,LS,"ORCHARD HOLDINGS, LLC",$1.00,$1.00
22148,148,0014,"Bridge, Structure (1607-160) - US Route 46 Over Piaget Avenu e",0155,201039P,,TEMPORARY SHIELDING,1,LS,"DAIDONE ELECTRIC, INC.",$0.01,$0.01
22148,148,0014,"Bridge, Structure (1607-160) - US Route 46 Over Piaget Avenu e",0156,704265P,,"FIBERGLASS CONDUIT SLEEVE, 6"" DIAMETER",154,LF,"BERTO CONSTRUCTION, INC.",$185.00,"$28,490.00"
22148,148,0014,"Bridge, Structure (1607-160) - US Route 46 Over Piaget Avenu e",0156,704265P,,"FIBERGLASS CONDUIT SLEEVE, 6"" DIAMETER",154,LF,"UNION PAVING & CONSTRUCTION CO., INC.",$200.00,"$30,800.00"
22148,148,0014,"Bridge, Structure (1607-160) - US Route 46 Over Piaget Avenu e",0156,704265P,,"FIBERGLASS CONDUIT SLEEVE, 6"" DIAMETER",154,LF,"ORCHARD HOLDINGS, LLC",$648.00,"$99,792.00"
22148,148,0014,"Bridge, Structure (1607-160) - US Route 46 Over Piaget Avenu e",0156,704265P,,"FIBERGLASS CONDUIT SLEEVE, 6"" DIAMETER",154,LF,"DAIDONE ELECTRIC, INC.",$452.00,"$69,608.00"
22148,148,0015,"Bridge, Structure (1607-163) - US Route 46 Over Lakeview Ave nue",0157,201039P,,TEMPORARY SHIELDING,1,LS,"BERTO CONSTRUCTION, INC.",$0.01,$0.01
22148,148,0015,"Bridge, Structure (1607-163) - US Route 46 Over Lakeview Ave nue",0157,201039P,,TEMPORARY SHIELDING,1,LS,"UNION PAVING & CONSTRUCTION CO., INC.",$100.00,$100.00
22148,148,0015,"Bridge, Structure (1607-163) - US Route 46 Over Lakeview Ave nue",0157,201039P,,TEMPORARY SHIELDING,1,LS,"ORCHARD HOLDINGS, LLC",$1.00,$1.00
22148,148,0015,"Bridge, Structure (1607-163) - US Route 46 Over Lakeview Ave nue",0157,201039P,,TEMPORARY SHIELDING,1,LS,"DAIDONE ELECTRIC, INC.",$0.01,$0.01
22148,148,0015,"Bridge, Structure (1607-163) - US Route 46 Over Lakeview Ave nue",0158,704265P,,"FIBERGLASS CONDUIT SLEEVE, 6"" DIAMETER",157,LF,"BERTO CONSTRUCTION, INC.",$190.00,"$29,830.00"
22148,148,0015,"Bridge, Structure (1607-163) - US Route 46 Over Lakeview Ave nue",0158,704265P,,"FIBERGLASS CONDUIT SLEEVE, 6"" DIAMETER",157,LF,"UNION PAVING & CONSTRUCTION CO., INC.",$250.00,"$39,250.00"
22148,148,0015,"Bridge, Structure (1607-163) - US Route 46 Over Lakeview Ave nue",0158,704265P,,"FIBERGLASS CONDUIT SLEEVE, 6"" DIAMETER",157,LF,"ORCHARD HOLDINGS, LLC",$648.00,"$101,736.00"
22148,148,0015,"Bridge, Structure (1607-163) - US Route 46 Over Lakeview Ave nue",0158,704265P,,"FIBERGLASS CONDUIT SLEEVE, 6"" DIAMETER",157,LF,"DAIDONE ELECTRIC, INC.",$500.00,"$78,500.00"
22148,148,0016,Structure (S46E62.38) -  Cantilever DMS Replacement Site No. 11,0159,201009P,,"CLEARING SITE, STRUCTURE (___) CLEARING SITE, STRUCTURE (S46E62.38)",1,LS,"BERTO CONSTRUCTION, INC.","$6,000.00","$6,000.00"
22148,148,0016,Structure (S46E62.38) -  Cantilever DMS Replacement Site No. 11,0159,201009P,,"CLEARING SITE, STRUCTURE (___) CLEARING SITE, STRUCTURE (S46E62.38)",1,LS,"UNION PAVING & CONSTRUCTION CO., INC.","$25,000.00","$25,000.00"
22148,148,0016,Structure (S46E62.38) -  Cantilever DMS Replacement Site No. 11,0159,201009P,,"CLEARING SITE, STRUCTURE (___) CLEARING SITE, STRUCTURE (S46E62.38)",1,LS,"ORCHARD HOLDINGS, LLC","$19,060.00","$19,060.00"
22148,148,0016,Structure (S46E62.38) -  Cantilever DMS Replacement Site No. 11,0159,201009P,,"CLEARING SITE, STRUCTURE (___) CLEARING SITE, STRUCTURE (S46E62.38)",1,LS,"DAIDONE ELECTRIC, INC.","$15,000.00","$15,000.00"
22148,148,0016,Structure (S46E62.38) -  Cantilever DMS Replacement Site No. 11,0160,512005M,,INSTALL CANTILEVER SIGN SUPPORT STRUCTURE NO. ___ INSTALL CANTILEVER SIGN SUPPORT STRUCTURE NO. S46E62.38 (Walkway Only),1,U,"BERTO CONSTRUCTION, INC.","$43,500.00","$43,500.00"
22148,148,0016,Structure (S46E62.38) -  Cantilever DMS Replacement Site No. 11,0160,512005M,,INSTALL CANTILEVER SIGN SUPPORT STRUCTURE NO. ___ INSTALL CANTILEVER SIGN SUPPORT STRUCTURE NO. S46E62.38 (Walkway Only),1,U,"UNION PAVING & CONSTRUCTION CO., INC.","$75,000.00","$75,000.00"
22148,148,0016,Structure (S46E62.38) -  Cantilever DMS Replacement Site No. 11,0160,512005M,,INSTALL CANTILEVER SIGN SUPPORT STRUCTURE NO. ___ INSTALL CANTILEVER SIGN SUPPORT STRUCTURE NO. S46E62.38 (Walkway Only),1,U,"ORCHARD HOLDINGS, LLC","$59,500.00","$59,500.00"
22148,148,0016,Structure (S46E62.38) -  Cantilever DMS Replacement Site No. 11,0160,512005M,,INSTALL CANTILEVER SIGN SUPPORT STRUCTURE NO. ___ INSTALL CANTILEVER SIGN SUPPORT STRUCTURE NO. S46E62.38 (Walkway Only),1,U,"DAIDONE ELECTRIC, INC.","$57,400.00","$57,400.00"
22148,148,0001,Roadway,0161,704033P,,"CONTROL CENTER SYSTEM, LOCATION NO. ___ (NJDOT DATA CENTERS)",1,LS,"BERTO CONSTRUCTION, INC.","$775,000.00","$775,000.00"
22148,148,0001,Roadway,0161,704033P,,"CONTROL CENTER SYSTEM, LOCATION NO. ___ (NJDOT DATA CENTERS)",1,LS,"UNION PAVING & CONSTRUCTION CO., INC.","$750,000.00","$750,000.00"
22148,148,0001,Roadway,0161,704033P,,"CONTROL CENTER SYSTEM, LOCATION NO. ___ (NJDOT DATA CENTERS)",1,LS,"ORCHARD HOLDINGS, LLC","$285,600.00","$285,600.00"
22148,148,0001,Roadway,0161,704033P,,"CONTROL CENTER SYSTEM, LOCATION NO. ___ (NJDOT DATA CENTERS)",1,LS,"DAIDONE ELECTRIC, INC.","$177,600.00","$177,600.00"
22148,148,0001,Roadway,0162,704034P,,MODIFY CONTROL CENTER SYSTEM,1,LS,"BERTO CONSTRUCTION, INC.","$65,000.00","$65,000.00"
22148,148,0001,Roadway,0162,704034P,,MODIFY CONTROL CENTER SYSTEM,1,LS,"UNION PAVING & CONSTRUCTION CO., INC.","$62,000.00","$62,000.00"
22148,148,0001,Roadway,0162,704034P,,MODIFY CONTROL CENTER SYSTEM,1,LS,"ORCHARD HOLDINGS, LLC","$124,800.00","$124,800.00"
22148,148,0001,Roadway,0162,704034P,,MODIFY CONTROL CENTER SYSTEM,1,LS,"DAIDONE ELECTRIC, INC.","$65,900.00","$65,900.00"
22148,148,0001,Roadway,0163,704340M,,BEFORE AND AFTER TRAFFIC STUDIES,1,L S,"BERTO CONSTRUCTION, INC.","$240,000.00","$240,000.00"
22148,148,0001,Roadway,0163,704340M,,BEFORE AND AFTER TRAFFIC STUDIES,1,L S,"UNION PAVING & CONSTRUCTION CO., INC.","$175,000.00","$175,000.00"
22148,148,0001,Roadway,0163,704340M,,BEFORE AND AFTER TRAFFIC STUDIES,1,L S,"ORCHARD HOLDINGS, LLC","$223,000.00","$223,000.00"
22148,148,0001,Roadway,0163,704340M,,BEFORE AND AFTER TRAFFIC STUDIES,1,L S,"DAIDONE ELECTRIC, INC.","$156,200.00","$156,200.00"
22148,148,0001,Roadway,0164,701016P,,"2"" RIGID METALLIC CONDUIT, PVC COATED","1,077",LF,"BERTO CONSTRUCTION, INC.",$90.00,"$96,930.00"
22148,148,0001,Roadway,0164,701016P,,"2"" RIGID METALLIC CONDUIT, PVC COATED","1,077",LF,"UNION PAVING & CONSTRUCTION CO., INC.",$53.00,"$57,081.00"
22148,148,0001,Roadway,0164,701016P,,"2"" RIGID METALLIC CONDUIT, PVC COATED","1,077",LF,"ORCHARD HOLDINGS, LLC",$134.50,"$144,856.50"
22148,148,0001,Roadway,0164,701016P,,"2"" RIGID METALLIC CONDUIT, PVC COATED","1,077",LF,"DAIDONE ELECTRIC, INC.",$209.00,"$225,093.00"
22148,148,0001,Roadway,0165,701110M,,"24"" X 24"" X 12"" METAL JUNCTION BOX",26,U,"BERTO CONSTRUCTION, INC.","$2,250.00","$58,500.00"
22148,148,0001,Roadway,0165,701110M,,"24"" X 24"" X 12"" METAL JUNCTION BOX",26,U,"UNION PAVING & CONSTRUCTION CO., INC.","$2,000.00","$52,000.00"
22148,148,0001,Roadway,0165,701110M,,"24"" X 24"" X 12"" METAL JUNCTION BOX",26,U,"ORCHARD HOLDINGS, LLC","$4,315.00","$112,190.00"
22148,148,0001,Roadway,0165,701110M,,"24"" X 24"" X 12"" METAL JUNCTION BOX",26,U,"DAIDONE ELECTRIC, INC.","$2,800.00","$72,800.00"
22148,148,0001,Roadway,0166,701390M,,ARC FLASH STUDIES,1,U,"BERTO CONSTRUCTION, INC.","$75,000.00","$75,000.00"
22148,148,0001,Roadway,0166,701390M,,ARC FLASH STUDIES,1,U,"UNION PAVING & CONSTRUCTION CO., INC.","$72,000.00","$72,000.00"
22148,148,0001,Roadway,0166,701390M,,ARC FLASH STUDIES,1,U,"ORCHARD HOLDINGS, LLC","$6,500.00","$6,500.00"
22148,148,0001,Roadway,0166,701390M,,ARC FLASH STUDIES,1,U,"DAIDONE ELECTRIC, INC.","$39,000.00","$39,000.00"
22148,148,0001,Roadway,0167,704032M,,"CONTROLLER MODIFICATIONS, TYPE ___ ITS",6,U,"BERTO CONSTRUCTION, INC.","$37,000.00","$222,000.00"
22148,148,0001,Roadway,0167,704032M,,"CONTROLLER MODIFICATIONS, TYPE ___ ITS",6,U,"UNION PAVING & CONSTRUCTION CO., INC.","$35,000.00","$210,000.00"
22148,148,0001,Roadway,0167,704032M,,"CONTROLLER MODIFICATIONS, TYPE ___ ITS",6,U,"ORCHARD HOLDINGS, LLC","$56,085.00","$336,510.00"
22148,148,0001,Roadway,0167,704032M,,"CONTROLLER MODIFICATIONS, TYPE ___ ITS",6,U,"DAIDONE ELECTRIC, INC.","$37,300.00","$223,800.00"
22148,148,0001,Roadway,0168,704247M,,FURNISH AND INSTALL ___ CAMERA POLE EXTENSION,1,U,"BERTO CONSTRUCTION, INC.","$10,500.00","$10,500.00"
22148,148,0001,Roadway,0168,704247M,,FURNISH AND INSTALL ___ CAMERA POLE EXTENSION,1,U,"UNION PAVING & CONSTRUCTION CO., INC.","$10,000.00","$10,000.00"
22148,148,0001,Roadway,0168,704247M,,FURNISH AND INSTALL ___ CAMERA POLE EXTENSION,1,U,"ORCHARD HOLDINGS, LLC","$13,365.00","$13,365.00"
22148,148,0001,Roadway,0168,704247M,,FURNISH AND INSTALL ___ CAMERA POLE EXTENSION,1,U,"DAIDONE ELECTRIC, INC.","$5,100.00","$5,100.00"