Proposal,Call Order,Section Number,Section Description,Line,Item,Alternate Code,Item Description,Quantity,Unit,Vendor Name,Unit Price,Extension
23115,115,0001,ROADWAY,0001,151006M,,PERFORMANCE BOND AND PAYMENT BOND,1,DOLL,"BERTO CONSTRUCTION, INC.","$80,000.00","$80,000.00"
23115,115,0001,ROADWAY,0001,151006M,,PERFORMANCE BOND AND PAYMENT BOND,1,DOLL,"RITACCO CONSTRUCTION, INC.","$65,000.00","$65,000.00"
23115,115,0001,ROADWAY,0001,151006M,,PERFORMANCE BOND AND PAYMENT BOND,1,DOLL,"FERREIRA CONSTRUCTION CO., INC.","$90,000.00","$90,000.00"
23115,115,0003,NON-PARTICIPATING (ROADWAY),0002,152015P,,POLLUTION LIABILITY INSURANCE,1,DOLL,"BERTO CONSTRUCTION, INC.","$23,000.00","$23,000.00"
23115,115,0003,NON-PARTICIPATING (ROADWAY),0002,152015P,,POLLUTION LIABILITY INSURANCE,1,DOLL,"RITACCO CONSTRUCTION, INC.","$18,000.00","$18,000.00"
23115,115,0003,NON-PARTICIPATING (ROADWAY),0002,152015P,,POLLUTION LIABILITY INSURANCE,1,DOLL,"FERREIRA CONSTRUCTION CO., INC.","$35,000.00","$35,000.00"
23115,115,0001,ROADWAY,0003,153003P,,PROGRESS SCHEDULE,1,LS,"BERTO CONSTRUCTION, INC.","$4,000.00","$4,000.00"
23115,115,0001,ROADWAY,0003,153003P,,PROGRESS SCHEDULE,1,LS,"RITACCO CONSTRUCTION, INC.","$7,500.00","$7,500.00"
23115,115,0001,ROADWAY,0003,153003P,,PROGRESS SCHEDULE,1,LS,"FERREIRA CONSTRUCTION CO., INC.","$15,000.00","$15,000.00"
23115,115,0001,ROADWAY,0004,153005M,,PROGRESS SCHEDULE UPDATE,13,U,"BERTO CONSTRUCTION, INC.",$500.00,"$6,500.00"
23115,115,0001,ROADWAY,0004,153005M,,PROGRESS SCHEDULE UPDATE,13,U,"RITACCO CONSTRUCTION, INC.",$250.00,"$3,250.00"
23115,115,0001,ROADWAY,0004,153005M,,PROGRESS SCHEDULE UPDATE,13,U,"FERREIRA CONSTRUCTION CO., INC.",$500.00,"$6,500.00"
23115,115,0001,ROADWAY,0005,153011M,,TRAINEES,"2,550",HOUR,"BERTO CONSTRUCTION, INC.",$1.00,"$2,550.00"
23115,115,0001,ROADWAY,0005,153011M,,TRAINEES,"2,550",HOUR,"RITACCO CONSTRUCTION, INC.",$1.00,"$2,550.00"
23115,115,0001,ROADWAY,0005,153011M,,TRAINEES,"2,550",HOUR,"FERREIRA CONSTRUCTION CO., INC.",$1.00,"$2,550.00"
23115,115,0001,ROADWAY,0006,154003P,,MOBILIZATION,1,LS,"BERTO CONSTRUCTION, INC.","$800,000.00","$800,000.00"
23115,115,0001,ROADWAY,0006,154003P,,MOBILIZATION,1,LS,"RITACCO CONSTRUCTION, INC.","$1,242,400.00","$1,242,400.00"
23115,115,0001,ROADWAY,0006,154003P,,MOBILIZATION,1,LS,"FERREIRA CONSTRUCTION CO., INC.","$820,500.00","$820,500.00"
23115,115,0002,CONSTRUCTION ENGINEERING,0007,155015M,,FIELD OFFICE TYPE E SET UP,1,U,"BERTO CONSTRUCTION, INC.","$35,000.00","$35,000.00"
23115,115,0002,CONSTRUCTION ENGINEERING,0007,155015M,,FIELD OFFICE TYPE E SET UP,1,U,"RITACCO CONSTRUCTION, INC.","$20,000.00","$20,000.00"
23115,115,0002,CONSTRUCTION ENGINEERING,0007,155015M,,FIELD OFFICE TYPE E SET UP,1,U,"FERREIRA CONSTRUCTION CO., INC.","$30,000.00","$30,000.00"
23115,115,0002,CONSTRUCTION ENGINEERING,0008,155033M,,FIELD OFFICE TYPE E MAINTENANCE,29,MO,"BERTO CONSTRUCTION, INC.","$3,500.00","$101,500.00"
23115,115,0002,CONSTRUCTION ENGINEERING,0008,155033M,,FIELD OFFICE TYPE E MAINTENANCE,29,MO,"RITACCO CONSTRUCTION, INC.","$3,000.00","$87,000.00"
23115,115,0002,CONSTRUCTION ENGINEERING,0008,155033M,,FIELD OFFICE TYPE E MAINTENANCE,29,MO,"FERREIRA CONSTRUCTION CO., INC.","$4,000.00","$116,000.00"
23115,115,0002,CONSTRUCTION ENGINEERING,0009,156003M,,MATERIALS FIELD LABORATORY SET-UP,1,U,"BERTO CONSTRUCTION, INC.","$35,000.00","$35,000.00"
23115,115,0002,CONSTRUCTION ENGINEERING,0009,156003M,,MATERIALS FIELD LABORATORY SET-UP,1,U,"RITACCO CONSTRUCTION, INC.","$40,000.00","$40,000.00"
23115,115,0002,CONSTRUCTION ENGINEERING,0009,156003M,,MATERIALS FIELD LABORATORY SET-UP,1,U,"FERREIRA CONSTRUCTION CO., INC.","$25,000.00","$25,000.00"
23115,115,0002,CONSTRUCTION ENGINEERING,0010,156006M,,MATERIALS FIELD LABORATORY MAINTENANCE,27,MO,"BERTO CONSTRUCTION, INC.","$3,500.00","$94,500.00"
23115,115,0002,CONSTRUCTION ENGINEERING,0010,156006M,,MATERIALS FIELD LABORATORY MAINTENANCE,27,MO,"RITACCO CONSTRUCTION, INC.","$3,000.00","$81,000.00"
23115,115,0002,CONSTRUCTION ENGINEERING,0010,156006M,,MATERIALS FIELD LABORATORY MAINTENANCE,27,MO,"FERREIRA CONSTRUCTION CO., INC.",$800.00,"$21,600.00"
23115,115,0002,CONSTRUCTION ENGINEERING,0011,156015M,,NUCLEAR DENSITY GAUGE,1,U,"BERTO CONSTRUCTION, INC.","$12,000.00","$12,000.00"
23115,115,0002,CONSTRUCTION ENGINEERING,0011,156015M,,NUCLEAR DENSITY GAUGE,1,U,"RITACCO CONSTRUCTION, INC.","$10,500.00","$10,500.00"
23115,115,0002,CONSTRUCTION ENGINEERING,0011,156015M,,NUCLEAR DENSITY GAUGE,1,U,"FERREIRA CONSTRUCTION CO., INC.","$5,000.00","$5,000.00"
23115,115,0001,ROADWAY,0012,156021M,,CONCRETE COMPRESSION TESTING EQUIPMENT,1,U,"BERTO CONSTRUCTION, INC.","$12,000.00","$12,000.00"
23115,115,0001,ROADWAY,0012,156021M,,CONCRETE COMPRESSION TESTING EQUIPMENT,1,U,"RITACCO CONSTRUCTION, INC.","$9,500.00","$9,500.00"
23115,115,0001,ROADWAY,0012,156021M,,CONCRETE COMPRESSION TESTING EQUIPMENT,1,U,"FERREIRA CONSTRUCTION CO., INC.","$8,000.00","$8,000.00"
23115,115,0001,ROADWAY,0013,157004M,,CONSTRUCTION LAYOUT,1,DOLL,"BERTO CONSTRUCTION, INC.","$200,000.00","$200,000.00"
23115,115,0001,ROADWAY,0013,157004M,,CONSTRUCTION LAYOUT,1,DOLL,"RITACCO CONSTRUCTION, INC.","$110,000.00","$110,000.00"
23115,115,0001,ROADWAY,0013,157004M,,CONSTRUCTION LAYOUT,1,DOLL,"FERREIRA CONSTRUCTION CO., INC.","$100,000.00","$100,000.00"
23115,115,0004,EROSION CONTROL,0014,158012M,,"HEAVY DUTY SILT FENCE, BLACK","1,249",LF,"BERTO CONSTRUCTION, INC.",$8.00,"$9,992.00"
23115,115,0004,EROSION CONTROL,0014,158012M,,"HEAVY DUTY SILT FENCE, BLACK","1,249",LF,"RITACCO CONSTRUCTION, INC.",$10.00,"$12,490.00"
23115,115,0004,EROSION CONTROL,0014,158012M,,"HEAVY DUTY SILT FENCE, BLACK","1,249",LF,"FERREIRA CONSTRUCTION CO., INC.",$9.50,"$11,865.50"
23115,115,0004,EROSION CONTROL,0015,158015M,,HAYBALE,25,U,"BERTO CONSTRUCTION, INC.",$10.00,$250.00
23115,115,0004,EROSION CONTROL,0015,158015M,,HAYBALE,25,U,"RITACCO CONSTRUCTION, INC.",$10.00,$250.00
23115,115,0004,EROSION CONTROL,0015,158015M,,HAYBALE,25,U,"FERREIRA CONSTRUCTION CO., INC.",$25.00,$625.00
23115,115,0001,ROADWAY,0016,158021M,,TEMPORARY STONE CHECK DAM,6,CY,"BERTO CONSTRUCTION, INC.",$120.00,$720.00
23115,115,0001,ROADWAY,0016,158021M,,TEMPORARY STONE CHECK DAM,6,CY,"RITACCO CONSTRUCTION, INC.",$1.00,$6.00
23115,115,0001,ROADWAY,0016,158021M,,TEMPORARY STONE CHECK DAM,6,CY,"FERREIRA CONSTRUCTION CO., INC.",$400.00,"$2,400.00"
23115,115,0004,EROSION CONTROL,0017,158030M,,"INLET FILTER TYPE 2, 2' X 4'",40,U,"BERTO CONSTRUCTION, INC.",$100.00,"$4,000.00"
23115,115,0004,EROSION CONTROL,0017,158030M,,"INLET FILTER TYPE 2, 2' X 4'",40,U,"RITACCO CONSTRUCTION, INC.",$200.00,"$8,000.00"
23115,115,0004,EROSION CONTROL,0017,158030M,,"INLET FILTER TYPE 2, 2' X 4'",40,U,"FERREIRA CONSTRUCTION CO., INC.",$220.00,"$8,800.00"
23115,115,0004,EROSION CONTROL,0018,158033M,,"INLET FILTER TYPE 2, 4' X 4'",4,U,"BERTO CONSTRUCTION, INC.",$100.00,$400.00
23115,115,0004,EROSION CONTROL,0018,158033M,,"INLET FILTER TYPE 2, 4' X 4'",4,U,"RITACCO CONSTRUCTION, INC.",$250.00,"$1,000.00"
23115,115,0004,EROSION CONTROL,0018,158033M,,"INLET FILTER TYPE 2, 4' X 4'",4,U,"FERREIRA CONSTRUCTION CO., INC.",$290.00,"$1,160.00"
23115,115,0004,EROSION CONTROL,0019,158054M,,SEDIMENT CONTROL BAG,750,SF,"BERTO CONSTRUCTION, INC.",$5.00,"$3,750.00"
23115,115,0004,EROSION CONTROL,0019,158054M,,SEDIMENT CONTROL BAG,750,SF,"RITACCO CONSTRUCTION, INC.",$1.00,$750.00
23115,115,0004,EROSION CONTROL,0019,158054M,,SEDIMENT CONTROL BAG,750,SF,"FERREIRA CONSTRUCTION CO., INC.",$1.50,"$1,125.00"
23115,115,0004,EROSION CONTROL,0020,158060M,,CONSTRUCTION DRIVEWAY,120,T,"BERTO CONSTRUCTION, INC.",$0.05,$6.00
23115,115,0004,EROSION CONTROL,0020,158060M,,CONSTRUCTION DRIVEWAY,120,T,"RITACCO CONSTRUCTION, INC.",$40.00,"$4,800.00"
23115,115,0004,EROSION CONTROL,0020,158060M,,CONSTRUCTION DRIVEWAY,120,T,"FERREIRA CONSTRUCTION CO., INC.",$80.00,"$9,600.00"
23115,115,0004,EROSION CONTROL,0021,158063P,,CONCRETE WASHOUT SYSTEM,1,LS,"BERTO CONSTRUCTION, INC.","$5,000.00","$5,000.00"
23115,115,0004,EROSION CONTROL,0021,158063P,,CONCRETE WASHOUT SYSTEM,1,LS,"RITACCO CONSTRUCTION, INC.","$5,000.00","$5,000.00"
23115,115,0004,EROSION CONTROL,0021,158063P,,CONCRETE WASHOUT SYSTEM,1,LS,"FERREIRA CONSTRUCTION CO., INC.","$15,000.00","$15,000.00"
23115,115,0004,EROSION CONTROL,0022,158072M,,"OIL ONLY EMERGENCY SPILL KIT, TYPE 1",2,U,"BERTO CONSTRUCTION, INC.","$1,200.00","$2,400.00"
23115,115,0004,EROSION CONTROL,0022,158072M,,"OIL ONLY EMERGENCY SPILL KIT, TYPE 1",2,U,"RITACCO CONSTRUCTION, INC.",$500.00,"$1,000.00"
23115,115,0004,EROSION CONTROL,0022,158072M,,"OIL ONLY EMERGENCY SPILL KIT, TYPE 1",2,U,"FERREIRA CONSTRUCTION CO., INC.","$1,000.00","$2,000.00"
23115,115,0004,EROSION CONTROL,0023,158084M,,EROSION CONTROL SEDIMENT REMOVAL,111,CY,"BERTO CONSTRUCTION, INC.",$1.00,$111.00
23115,115,0004,EROSION CONTROL,0023,158084M,,EROSION CONTROL SEDIMENT REMOVAL,111,CY,"RITACCO CONSTRUCTION, INC.",$1.00,$111.00
23115,115,0004,EROSION CONTROL,0023,158084M,,EROSION CONTROL SEDIMENT REMOVAL,111,CY,"FERREIRA CONSTRUCTION CO., INC.",$55.00,"$6,105.00"
23115,115,0001,ROADWAY,0024,159003M,,BREAKAWAY BARRICADE,50,U,"BERTO CONSTRUCTION, INC.","$1,000.00","$50,000.00"
23115,115,0001,ROADWAY,0024,159003M,,BREAKAWAY BARRICADE,50,U,"RITACCO CONSTRUCTION, INC.",$10.00,$500.00
23115,115,0001,ROADWAY,0024,159003M,,BREAKAWAY BARRICADE,50,U,"FERREIRA CONSTRUCTION CO., INC.",$60.00,"$3,000.00"
23115,115,0001,ROADWAY,0025,159006M,,DRUM,"1,500",U,"BERTO CONSTRUCTION, INC.",$0.01,$15.00
23115,115,0001,ROADWAY,0025,159006M,,DRUM,"1,500",U,"RITACCO CONSTRUCTION, INC.",$1.00,"$1,500.00"
23115,115,0001,ROADWAY,0025,159006M,,DRUM,"1,500",U,"FERREIRA CONSTRUCTION CO., INC.",$1.00,"$1,500.00"
23115,115,0001,ROADWAY,0026,159009M,,TRAFFIC CONE,"1,500",U,"BERTO CONSTRUCTION, INC.",$0.01,$15.00
23115,115,0001,ROADWAY,0026,159009M,,TRAFFIC CONE,"1,500",U,"RITACCO CONSTRUCTION, INC.",$1.00,"$1,500.00"
23115,115,0001,ROADWAY,0026,159009M,,TRAFFIC CONE,"1,500",U,"FERREIRA CONSTRUCTION CO., INC.",$1.00,"$1,500.00"
23115,115,0001,ROADWAY,0027,159012M,,CONSTRUCTION SIGNS,"1,495",SF,"BERTO CONSTRUCTION, INC.",$200.00,"$299,000.00"
23115,115,0001,ROADWAY,0027,159012M,,CONSTRUCTION SIGNS,"1,495",SF,"RITACCO CONSTRUCTION, INC.",$18.00,"$26,910.00"
23115,115,0001,ROADWAY,0027,159012M,,CONSTRUCTION SIGNS,"1,495",SF,"FERREIRA CONSTRUCTION CO., INC.",$18.00,"$26,910.00"
23115,115,0001,ROADWAY,0028,159015M,,"CONSTRUCTION IDENTIFICATION SIGN, 4' X 8'",32,U,"BERTO CONSTRUCTION, INC.",$1.00,$32.00
23115,115,0001,ROADWAY,0028,159015M,,"CONSTRUCTION IDENTIFICATION SIGN, 4' X 8'",32,U,"RITACCO CONSTRUCTION, INC.",$10.00,$320.00
23115,115,0001,ROADWAY,0028,159015M,,"CONSTRUCTION IDENTIFICATION SIGN, 4' X 8'",32,U,"FERREIRA CONSTRUCTION CO., INC.",$80.00,"$2,560.00"
23115,115,0001,ROADWAY,0029,159021P,,CONSTRUCTION BARRIER CURB,"1,161",LF,"BERTO CONSTRUCTION, INC.",$100.00,"$116,100.00"
23115,115,0001,ROADWAY,0029,159021P,,CONSTRUCTION BARRIER CURB,"1,161",LF,"RITACCO CONSTRUCTION, INC.",$100.00,"$116,100.00"
23115,115,0001,ROADWAY,0029,159021P,,CONSTRUCTION BARRIER CURB,"1,161",LF,"FERREIRA CONSTRUCTION CO., INC.",$175.00,"$203,175.00"
23115,115,0001,ROADWAY,0030,159027M,,"FLASHING ARROW BOARD, 4' X 8'",2,U,"BERTO CONSTRUCTION, INC.","$10,000.00","$20,000.00"
23115,115,0001,ROADWAY,0030,159027M,,"FLASHING ARROW BOARD, 4' X 8'",2,U,"RITACCO CONSTRUCTION, INC.",$500.00,"$1,000.00"
23115,115,0001,ROADWAY,0030,159027M,,"FLASHING ARROW BOARD, 4' X 8'",2,U,"FERREIRA CONSTRUCTION CO., INC.","$3,000.00","$6,000.00"
23115,115,0001,ROADWAY,0031,159030M,,PORTABLE VARIABLE MESSAGE SIGN,4,U,"BERTO CONSTRUCTION, INC.","$5,000.00","$20,000.00"
23115,115,0001,ROADWAY,0031,159030M,,PORTABLE VARIABLE MESSAGE SIGN,4,U,"RITACCO CONSTRUCTION, INC.","$1,500.00","$6,000.00"
23115,115,0001,ROADWAY,0031,159030M,,PORTABLE VARIABLE MESSAGE SIGN,4,U,"FERREIRA CONSTRUCTION CO., INC.","$4,000.00","$16,000.00"
23115,115,0001,ROADWAY,0032,159036M,,"TEMPORARY CRASH CUSHION, INERTIAL BARRIER SYSTEM, 8 MODULES",2,U,"BERTO CONSTRUCTION, INC.","$5,000.00","$10,000.00"
23115,115,0001,ROADWAY,0032,159036M,,"TEMPORARY CRASH CUSHION, INERTIAL BARRIER SYSTEM, 8 MODULES",2,U,"RITACCO CONSTRUCTION, INC.",$1.00,$2.00
23115,115,0001,ROADWAY,0032,159036M,,"TEMPORARY CRASH CUSHION, INERTIAL BARRIER SYSTEM, 8 MODULES",2,U,"FERREIRA CONSTRUCTION CO., INC.","$5,000.00","$10,000.00"
23115,115,0001,ROADWAY,0033,159060M,,"TEMPORARY CRASH CUSHION, INERTIAL BARRIER SYSTEM, 16 MODULES",3,U,"BERTO CONSTRUCTION, INC.","$10,000.00","$30,000.00"
23115,115,0001,ROADWAY,0033,159060M,,"TEMPORARY CRASH CUSHION, INERTIAL BARRIER SYSTEM, 16 MODULES",3,U,"RITACCO CONSTRUCTION, INC.","$5,500.00","$16,500.00"
23115,115,0001,ROADWAY,0033,159060M,,"TEMPORARY CRASH CUSHION, INERTIAL BARRIER SYSTEM, 16 MODULES",3,U,"FERREIRA CONSTRUCTION CO., INC.","$5,000.00","$15,000.00"
23115,115,0001,ROADWAY,0034,159108M,,TRAFFIC CONTROL TRUCK WITH MOUNTED CRASH CUSHION,4,U,"BERTO CONSTRUCTION, INC.","$50,000.00","$200,000.00"
23115,115,0001,ROADWAY,0034,159108M,,TRAFFIC CONTROL TRUCK WITH MOUNTED CRASH CUSHION,4,U,"RITACCO CONSTRUCTION, INC.","$2,500.00","$10,000.00"
23115,115,0001,ROADWAY,0034,159108M,,TRAFFIC CONTROL TRUCK WITH MOUNTED CRASH CUSHION,4,U,"FERREIRA CONSTRUCTION CO., INC.","$75,000.00","$300,000.00"
23115,115,0001,ROADWAY,0035,159120M,,"TEMPORARY PAVEMENT MARKING TAPE, 4""",900,LF,"BERTO CONSTRUCTION, INC.",$2.00,"$1,800.00"
23115,115,0001,ROADWAY,0035,159120M,,"TEMPORARY PAVEMENT MARKING TAPE, 4""",900,LF,"RITACCO CONSTRUCTION, INC.",$2.00,"$1,800.00"
23115,115,0001,ROADWAY,0035,159120M,,"TEMPORARY PAVEMENT MARKING TAPE, 4""",900,LF,"FERREIRA CONSTRUCTION CO., INC.",$2.20,"$1,980.00"
23115,115,0001,ROADWAY,0036,159138M,,HMA PATCH,50,T,"BERTO CONSTRUCTION, INC.",$500.00,"$25,000.00"
23115,115,0001,ROADWAY,0036,159138M,,HMA PATCH,50,T,"RITACCO CONSTRUCTION, INC.",$50.00,"$2,500.00"
23115,115,0001,ROADWAY,0036,159138M,,HMA PATCH,50,T,"FERREIRA CONSTRUCTION CO., INC.",$136.00,"$6,800.00"
23115,115,0001,ROADWAY,0037,159141M,,"TRAFFIC DIRECTOR, FLAGGER",100,HOUR,"BERTO CONSTRUCTION, INC.",$107.00,"$10,700.00"
23115,115,0001,ROADWAY,0037,159141M,,"TRAFFIC DIRECTOR, FLAGGER",100,HOUR,"RITACCO CONSTRUCTION, INC.",$101.00,"$10,100.00"
23115,115,0001,ROADWAY,0037,159141M,,"TRAFFIC DIRECTOR, FLAGGER",100,HOUR,"FERREIRA CONSTRUCTION CO., INC.",$125.00,"$12,500.00"
23115,115,0001,ROADWAY,0038,159190M,,SNOW REMOVAL,1,LS,"BERTO CONSTRUCTION, INC.","$25,000.00","$25,000.00"
23115,115,0001,ROADWAY,0038,159190M,,SNOW REMOVAL,1,LS,"RITACCO CONSTRUCTION, INC.","$10,000.00","$10,000.00"
23115,115,0001,ROADWAY,0038,159190M,,SNOW REMOVAL,1,LS,"FERREIRA CONSTRUCTION CO., INC.","$1,000.00","$1,000.00"
23115,115,0001,ROADWAY,0039,159200M,,"TEMPORARY CRASH CUSHION, COMPRESSIVE BARRIER, TYPE 2, WIDTH NARROW",2,U,"BERTO CONSTRUCTION, INC.","$40,000.00","$80,000.00"
23115,115,0001,ROADWAY,0039,159200M,,"TEMPORARY CRASH CUSHION, COMPRESSIVE BARRIER, TYPE 2, WIDTH NARROW",2,U,"RITACCO CONSTRUCTION, INC.","$25,000.00","$50,000.00"
23115,115,0001,ROADWAY,0039,159200M,,"TEMPORARY CRASH CUSHION, COMPRESSIVE BARRIER, TYPE 2, WIDTH NARROW",2,U,"FERREIRA CONSTRUCTION CO., INC.","$25,000.00","$50,000.00"
23115,115,0001,ROADWAY,0040,159260M,,"CONSTRUCTION IDENTIFICATION SIGN, IIJA 6' X 4'",1,U,"BERTO CONSTRUCTION, INC.","$1,600.00","$1,600.00"
23115,115,0001,ROADWAY,0040,159260M,,"CONSTRUCTION IDENTIFICATION SIGN, IIJA 6' X 4'",1,U,"RITACCO CONSTRUCTION, INC.",$750.00,$750.00
23115,115,0001,ROADWAY,0040,159260M,,"CONSTRUCTION IDENTIFICATION SIGN, IIJA 6' X 4'",1,U,"FERREIRA CONSTRUCTION CO., INC.","$2,800.00","$2,800.00"
23115,115,0001,ROADWAY,0041,159300M,,"TRAFFIC STRIPES, LATEX, 4""","4,410",LF,"BERTO CONSTRUCTION, INC.",$0.30,"$1,323.00"
23115,115,0001,ROADWAY,0041,159300M,,"TRAFFIC STRIPES, LATEX, 4""","4,410",LF,"RITACCO CONSTRUCTION, INC.",$0.50,"$2,205.00"
23115,115,0001,ROADWAY,0041,159300M,,"TRAFFIC STRIPES, LATEX, 4""","4,410",LF,"FERREIRA CONSTRUCTION CO., INC.",$0.65,"$2,866.50"
23115,115,0001,ROADWAY,0042,159312M,,"TRAFFIC MARKINGS LINES, LATEX, 8""",420,LF,"BERTO CONSTRUCTION, INC.",$0.50,$210.00
23115,115,0001,ROADWAY,0042,159312M,,"TRAFFIC MARKINGS LINES, LATEX, 8""",420,LF,"RITACCO CONSTRUCTION, INC.",$1.00,$420.00
23115,115,0001,ROADWAY,0042,159312M,,"TRAFFIC MARKINGS LINES, LATEX, 8""",420,LF,"FERREIRA CONSTRUCTION CO., INC.",$1.20,$504.00
23115,115,0001,ROADWAY,0043,160004M,,FUEL PRICE ADJUSTMENT,1,DOLL,"BERTO CONSTRUCTION, INC.","$4,400.00","$4,400.00"
23115,115,0001,ROADWAY,0043,160004M,,FUEL PRICE ADJUSTMENT,1,DOLL,"RITACCO CONSTRUCTION, INC.","$4,400.00","$4,400.00"
23115,115,0001,ROADWAY,0043,160004M,,FUEL PRICE ADJUSTMENT,1,DOLL,"FERREIRA CONSTRUCTION CO., INC.","$4,400.00","$4,400.00"
23115,115,0001,ROADWAY,0044,160007M,,ASPHALT PRICE ADJUSTMENT,1,DOLL,"BERTO CONSTRUCTION, INC.","$7,300.00","$7,300.00"
23115,115,0001,ROADWAY,0044,160007M,,ASPHALT PRICE ADJUSTMENT,1,DOLL,"RITACCO CONSTRUCTION, INC.","$7,300.00","$7,300.00"
23115,115,0001,ROADWAY,0044,160007M,,ASPHALT PRICE ADJUSTMENT,1,DOLL,"FERREIRA CONSTRUCTION CO., INC.","$7,300.00","$7,300.00"
23115,115,0001,ROADWAY,0045,160009M,,STEEL PRICE ADJUSTMENT,1,DOLL,"BERTO CONSTRUCTION, INC.","$50,000.00","$50,000.00"
23115,115,0001,ROADWAY,0045,160009M,,STEEL PRICE ADJUSTMENT,1,DOLL,"RITACCO CONSTRUCTION, INC.","$50,000.00","$50,000.00"
23115,115,0001,ROADWAY,0045,160009M,,STEEL PRICE ADJUSTMENT,1,DOLL,"FERREIRA CONSTRUCTION CO., INC.","$50,000.00","$50,000.00"
23115,115,0001,ROADWAY,0046,161003P,,FINAL CLEANUP,1,LS,"BERTO CONSTRUCTION, INC.","$5,000.00","$5,000.00"
23115,115,0001,ROADWAY,0046,161003P,,FINAL CLEANUP,1,LS,"RITACCO CONSTRUCTION, INC.","$7,500.00","$7,500.00"
23115,115,0001,ROADWAY,0046,161003P,,FINAL CLEANUP,1,LS,"FERREIRA CONSTRUCTION CO., INC.","$35,000.00","$35,000.00"
23115,115,0001,ROADWAY,0047,201003P,,CLEARING SITE,1,LS,"BERTO CONSTRUCTION, INC.","$150,000.00","$150,000.00"
23115,115,0001,ROADWAY,0047,201003P,,CLEARING SITE,1,LS,"RITACCO CONSTRUCTION, INC.","$150,000.00","$150,000.00"
23115,115,0001,ROADWAY,0047,201003P,,CLEARING SITE,1,LS,"FERREIRA CONSTRUCTION CO., INC.","$150,000.00","$150,000.00"
23115,115,0001,ROADWAY,0048,202006M,,"EXCAVATION, TEST PIT",50,CY,"BERTO CONSTRUCTION, INC.",$300.00,"$15,000.00"
23115,115,0001,ROADWAY,0048,202006M,,"EXCAVATION, TEST PIT",50,CY,"RITACCO CONSTRUCTION, INC.",$25.00,"$1,250.00"
23115,115,0001,ROADWAY,0048,202006M,,"EXCAVATION, TEST PIT",50,CY,"FERREIRA CONSTRUCTION CO., INC.",$300.00,"$15,000.00"
23115,115,0001,ROADWAY,0049,202009P,,"EXCAVATION, UNCLASSIFIED","1,400",CY,"BERTO CONSTRUCTION, INC.",$50.00,"$70,000.00"
23115,115,0001,ROADWAY,0049,202009P,,"EXCAVATION, UNCLASSIFIED","1,400",CY,"RITACCO CONSTRUCTION, INC.",$50.00,"$70,000.00"
23115,115,0001,ROADWAY,0049,202009P,,"EXCAVATION, UNCLASSIFIED","1,400",CY,"FERREIRA CONSTRUCTION CO., INC.",$125.00,"$175,000.00"
23115,115,0001,ROADWAY,0050,202021P,,REMOVAL OF PAVEMENT,"1,552",SY,"BERTO CONSTRUCTION, INC.",$50.00,"$77,600.00"
23115,115,0001,ROADWAY,0050,202021P,,REMOVAL OF PAVEMENT,"1,552",SY,"RITACCO CONSTRUCTION, INC.",$30.00,"$46,560.00"
23115,115,0001,ROADWAY,0050,202021P,,REMOVAL OF PAVEMENT,"1,552",SY,"FERREIRA CONSTRUCTION CO., INC.",$56.00,"$86,912.00"
23115,115,0001,ROADWAY,0051,203050M,,CONTROLLED LOW STRENGTH MATERIAL,6,CY,"BERTO CONSTRUCTION, INC.",$500.00,"$3,000.00"
23115,115,0001,ROADWAY,0051,203050M,,CONTROLLED LOW STRENGTH MATERIAL,6,CY,"RITACCO CONSTRUCTION, INC.",$300.00,"$1,800.00"
23115,115,0001,ROADWAY,0051,203050M,,CONTROLLED LOW STRENGTH MATERIAL,6,CY,"FERREIRA CONSTRUCTION CO., INC.",$300.00,"$1,800.00"
23115,115,0001,ROADWAY,0052,301006P,,SUBBASE,400,CY,"BERTO CONSTRUCTION, INC.",$150.00,"$60,000.00"
23115,115,0001,ROADWAY,0052,301006P,,SUBBASE,400,CY,"RITACCO CONSTRUCTION, INC.",$50.00,"$20,000.00"
23115,115,0001,ROADWAY,0052,301006P,,SUBBASE,400,CY,"FERREIRA CONSTRUCTION CO., INC.",$100.00,"$40,000.00"
23115,115,0001,ROADWAY,0053,302042P,,"DENSE-GRADED AGGREGATE BASE COURSE, 8"" THICK","2,161",SY,"BERTO CONSTRUCTION, INC.",$30.00,"$64,830.00"
23115,115,0001,ROADWAY,0053,302042P,,"DENSE-GRADED AGGREGATE BASE COURSE, 8"" THICK","2,161",SY,"RITACCO CONSTRUCTION, INC.",$20.00,"$43,220.00"
23115,115,0001,ROADWAY,0053,302042P,,"DENSE-GRADED AGGREGATE BASE COURSE, 8"" THICK","2,161",SY,"FERREIRA CONSTRUCTION CO., INC.",$18.00,"$38,898.00"
23115,115,0001,ROADWAY,0054,401009P,,"HMA MILLING, 3"" OR LESS","3,722",SY,"BERTO CONSTRUCTION, INC.",$13.00,"$48,386.00"
23115,115,0001,ROADWAY,0054,401009P,,"HMA MILLING, 3"" OR LESS","3,722",SY,"RITACCO CONSTRUCTION, INC.",$14.00,"$52,108.00"
23115,115,0001,ROADWAY,0054,401009P,,"HMA MILLING, 3"" OR LESS","3,722",SY,"FERREIRA CONSTRUCTION CO., INC.",$28.00,"$104,216.00"
23115,115,0001,ROADWAY,0055,401021M,,HOT MIX ASPHALT PAVEMENT REPAIR,20,SY,"BERTO CONSTRUCTION, INC.",$350.00,"$7,000.00"
23115,115,0001,ROADWAY,0055,401021M,,HOT MIX ASPHALT PAVEMENT REPAIR,20,SY,"RITACCO CONSTRUCTION, INC.",$50.00,"$1,000.00"
23115,115,0001,ROADWAY,0055,401021M,,HOT MIX ASPHALT PAVEMENT REPAIR,20,SY,"FERREIRA CONSTRUCTION CO., INC.",$600.00,"$12,000.00"
23115,115,0001,ROADWAY,0056,401027M,,POLYMERIZED JOINT ADHESIVE,"1,825",LF,"BERTO CONSTRUCTION, INC.",$2.00,"$3,650.00"
23115,115,0001,ROADWAY,0056,401027M,,POLYMERIZED JOINT ADHESIVE,"1,825",LF,"RITACCO CONSTRUCTION, INC.",$1.50,"$2,737.50"
23115,115,0001,ROADWAY,0056,401027M,,POLYMERIZED JOINT ADHESIVE,"1,825",LF,"FERREIRA CONSTRUCTION CO., INC.",$4.00,"$7,300.00"
23115,115,0001,ROADWAY,0057,401030M,,TACK COAT,"1,200",GAL,"BERTO CONSTRUCTION, INC.",$0.01,$12.00
23115,115,0001,ROADWAY,0057,401030M,,TACK COAT,"1,200",GAL,"RITACCO CONSTRUCTION, INC.",$0.10,$120.00
23115,115,0001,ROADWAY,0057,401030M,,TACK COAT,"1,200",GAL,"FERREIRA CONSTRUCTION CO., INC.",$5.00,"$6,000.00"
23115,115,0001,ROADWAY,0058,401084M,,HOT MIX ASPHALT 19 M 64 INTERMEDIATE COURSE,502,T,"BERTO CONSTRUCTION, INC.",$150.00,"$75,300.00"
23115,115,0001,ROADWAY,0058,401084M,,HOT MIX ASPHALT 19 M 64 INTERMEDIATE COURSE,502,T,"RITACCO CONSTRUCTION, INC.",$140.00,"$70,280.00"
23115,115,0001,ROADWAY,0058,401084M,,HOT MIX ASPHALT 19 M 64 INTERMEDIATE COURSE,502,T,"FERREIRA CONSTRUCTION CO., INC.",$225.00,"$112,950.00"
23115,115,0001,ROADWAY,0059,401099M,,HOT MIX ASPHALT 25 M 64 BASE COURSE,635,T,"BERTO CONSTRUCTION, INC.",$150.00,"$95,250.00"
23115,115,0001,ROADWAY,0059,401099M,,HOT MIX ASPHALT 25 M 64 BASE COURSE,635,T,"RITACCO CONSTRUCTION, INC.",$140.00,"$88,900.00"
23115,115,0001,ROADWAY,0059,401099M,,HOT MIX ASPHALT 25 M 64 BASE COURSE,635,T,"FERREIRA CONSTRUCTION CO., INC.",$230.00,"$146,050.00"
23115,115,0001,ROADWAY,0060,401108M,,"CORE SAMPLES, HOT MIX ASPHALT",15,U,"BERTO CONSTRUCTION, INC.",$375.00,"$5,625.00"
23115,115,0001,ROADWAY,0060,401108M,,"CORE SAMPLES, HOT MIX ASPHALT",15,U,"RITACCO CONSTRUCTION, INC.",$400.00,"$6,000.00"
23115,115,0001,ROADWAY,0060,401108M,,"CORE SAMPLES, HOT MIX ASPHALT",15,U,"FERREIRA CONSTRUCTION CO., INC.",$370.00,"$5,550.00"
23115,115,0001,ROADWAY,0061,404006M,,STONE MATRIX ASPHALT 12.5 MM SURFACE COURSE,901,T,"BERTO CONSTRUCTION, INC.",$230.00,"$207,230.00"
23115,115,0001,ROADWAY,0061,404006M,,STONE MATRIX ASPHALT 12.5 MM SURFACE COURSE,901,T,"RITACCO CONSTRUCTION, INC.",$210.00,"$189,210.00"
23115,115,0001,ROADWAY,0061,404006M,,STONE MATRIX ASPHALT 12.5 MM SURFACE COURSE,901,T,"FERREIRA CONSTRUCTION CO., INC.",$400.00,"$360,400.00"
23115,115,0001,ROADWAY,0062,508902P,,"_____"" FIBERGLASS PIPE 8""",36,LF,"BERTO CONSTRUCTION, INC.",$125.00,"$4,500.00"
23115,115,0001,ROADWAY,0062,508902P,,"_____"" FIBERGLASS PIPE 8""",36,LF,"RITACCO CONSTRUCTION, INC.",$100.00,"$3,600.00"
23115,115,0001,ROADWAY,0062,508902P,,"_____"" FIBERGLASS PIPE 8""",36,LF,"FERREIRA CONSTRUCTION CO., INC.",$220.00,"$7,920.00"
23115,115,0001,ROADWAY,0063,601122P,,"15"" REINFORCED CONCRETE PIPE",254,LF,"BERTO CONSTRUCTION, INC.",$140.00,"$35,560.00"
23115,115,0001,ROADWAY,0063,601122P,,"15"" REINFORCED CONCRETE PIPE",254,LF,"RITACCO CONSTRUCTION, INC.",$90.00,"$22,860.00"
23115,115,0001,ROADWAY,0063,601122P,,"15"" REINFORCED CONCRETE PIPE",254,LF,"FERREIRA CONSTRUCTION CO., INC.",$140.00,"$35,560.00"
23115,115,0001,ROADWAY,0064,601124P,,"18"" REINFORCED CONCRETE PIPE",620,LF,"BERTO CONSTRUCTION, INC.",$150.00,"$93,000.00"
23115,115,0001,ROADWAY,0064,601124P,,"18"" REINFORCED CONCRETE PIPE",620,LF,"RITACCO CONSTRUCTION, INC.",$100.00,"$62,000.00"
23115,115,0001,ROADWAY,0064,601124P,,"18"" REINFORCED CONCRETE PIPE",620,LF,"FERREIRA CONSTRUCTION CO., INC.",$145.00,"$89,900.00"
23115,115,0001,ROADWAY,0065,601248P,,"15"" HIGH DENSITY POLYETHYLENE PIPE",183,LF,"BERTO CONSTRUCTION, INC.",$130.00,"$23,790.00"
23115,115,0001,ROADWAY,0065,601248P,,"15"" HIGH DENSITY POLYETHYLENE PIPE",183,LF,"RITACCO CONSTRUCTION, INC.",$70.00,"$12,810.00"
23115,115,0001,ROADWAY,0065,601248P,,"15"" HIGH DENSITY POLYETHYLENE PIPE",183,LF,"FERREIRA CONSTRUCTION CO., INC.",$130.00,"$23,790.00"
23115,115,0001,ROADWAY,0066,601370M,,"15"" REINFORCED CONCRETE END SECTION",4,U,"BERTO CONSTRUCTION, INC.","$2,500.00","$10,000.00"
23115,115,0001,ROADWAY,0066,601370M,,"15"" REINFORCED CONCRETE END SECTION",4,U,"RITACCO CONSTRUCTION, INC.","$2,500.00","$10,000.00"
23115,115,0001,ROADWAY,0066,601370M,,"15"" REINFORCED CONCRETE END SECTION",4,U,"FERREIRA CONSTRUCTION CO., INC.","$1,640.00","$6,560.00"
23115,115,0001,ROADWAY,0067,601372M,,"18"" REINFORCED CONCRETE END SECTION",1,U,"BERTO CONSTRUCTION, INC.","$2,800.00","$2,800.00"
23115,115,0001,ROADWAY,0067,601372M,,"18"" REINFORCED CONCRETE END SECTION",1,U,"RITACCO CONSTRUCTION, INC.","$3,000.00","$3,000.00"
23115,115,0001,ROADWAY,0067,601372M,,"18"" REINFORCED CONCRETE END SECTION",1,U,"FERREIRA CONSTRUCTION CO., INC.","$3,035.00","$3,035.00"
23115,115,0001,ROADWAY,0068,601630P,,"14"" X 23"" REINFORCED CONCRETE ELLIPTICAL PIPE, CLSS HE - IV",4,LF,"BERTO CONSTRUCTION, INC.",$550.00,"$2,200.00"
23115,115,0001,ROADWAY,0068,601630P,,"14"" X 23"" REINFORCED CONCRETE ELLIPTICAL PIPE, CLSS HE - IV",4,LF,"RITACCO CONSTRUCTION, INC.",$300.00,"$1,200.00"
23115,115,0001,ROADWAY,0068,601630P,,"14"" X 23"" REINFORCED CONCRETE ELLIPTICAL PIPE, CLSS HE - IV",4,LF,"FERREIRA CONSTRUCTION CO., INC.",$560.00,"$2,240.00"
23115,115,0003,NON-PARTICIPATING (ROADWAY),0069,601670M,,"CLEANING EXISTING PIPE, 12"" TO 24"" DIAMETER",574,LF,"BERTO CONSTRUCTION, INC.",$25.00,"$14,350.00"
23115,115,0003,NON-PARTICIPATING (ROADWAY),0069,601670M,,"CLEANING EXISTING PIPE, 12"" TO 24"" DIAMETER",574,LF,"RITACCO CONSTRUCTION, INC.",$8.00,"$4,592.00"
23115,115,0003,NON-PARTICIPATING (ROADWAY),0069,601670M,,"CLEANING EXISTING PIPE, 12"" TO 24"" DIAMETER",574,LF,"FERREIRA CONSTRUCTION CO., INC.",$20.00,"$11,480.00"
23115,115,0001,ROADWAY,0070,602009M,,"INLET, TYPE A",4,U,"BERTO CONSTRUCTION, INC.","$3,500.00","$14,000.00"
23115,115,0001,ROADWAY,0070,602009M,,"INLET, TYPE A",4,U,"RITACCO CONSTRUCTION, INC.","$4,000.00","$16,000.00"
23115,115,0001,ROADWAY,0070,602009M,,"INLET, TYPE A",4,U,"FERREIRA CONSTRUCTION CO., INC.","$4,000.00","$16,000.00"
23115,115,0001,ROADWAY,0071,602012M,,"INLET, TYPE B",7,U,"BERTO CONSTRUCTION, INC.","$5,000.00","$35,000.00"
23115,115,0001,ROADWAY,0071,602012M,,"INLET, TYPE B",7,U,"RITACCO CONSTRUCTION, INC.","$5,000.00","$35,000.00"
23115,115,0001,ROADWAY,0071,602012M,,"INLET, TYPE B",7,U,"FERREIRA CONSTRUCTION CO., INC.","$5,000.00","$35,000.00"
23115,115,0001,ROADWAY,0072,602013M,,"INLET, TYPE DOUBLE B",1,U,"BERTO CONSTRUCTION, INC.","$7,200.00","$7,200.00"
23115,115,0001,ROADWAY,0072,602013M,,"INLET, TYPE DOUBLE B",1,U,"RITACCO CONSTRUCTION, INC.","$5,500.00","$5,500.00"
23115,115,0001,ROADWAY,0072,602013M,,"INLET, TYPE DOUBLE B",1,U,"FERREIRA CONSTRUCTION CO., INC.","$8,000.00","$8,000.00"
23115,115,0001,ROADWAY,0073,602018M,,"INLET, TYPE E",2,U,"BERTO CONSTRUCTION, INC.","$5,500.00","$11,000.00"
23115,115,0001,ROADWAY,0073,602018M,,"INLET, TYPE E",2,U,"RITACCO CONSTRUCTION, INC.","$5,000.00","$10,000.00"
23115,115,0001,ROADWAY,0073,602018M,,"INLET, TYPE E",2,U,"FERREIRA CONSTRUCTION CO., INC.","$7,000.00","$14,000.00"
23115,115,0001,ROADWAY,0074,602024M,,"INLET, TYPE B-1",2,U,"BERTO CONSTRUCTION, INC.","$6,000.00","$12,000.00"
23115,115,0001,ROADWAY,0074,602024M,,"INLET, TYPE B-1",2,U,"RITACCO CONSTRUCTION, INC.","$5,000.00","$10,000.00"
23115,115,0001,ROADWAY,0074,602024M,,"INLET, TYPE B-1",2,U,"FERREIRA CONSTRUCTION CO., INC.","$8,000.00","$16,000.00"
23115,115,0001,ROADWAY,0075,602045M,,"INLET, TYPE B MODIFIED",2,U,"BERTO CONSTRUCTION, INC.","$7,000.00","$14,000.00"
23115,115,0001,ROADWAY,0075,602045M,,"INLET, TYPE B MODIFIED",2,U,"RITACCO CONSTRUCTION, INC.","$5,000.00","$10,000.00"
23115,115,0001,ROADWAY,0075,602045M,,"INLET, TYPE B MODIFIED",2,U,"FERREIRA CONSTRUCTION CO., INC.","$6,500.00","$13,000.00"
23115,115,0001,ROADWAY,0076,602054M,,"MANHOLE, 4' DIAMETER",2,U,"BERTO CONSTRUCTION, INC.","$4,500.00","$9,000.00"
23115,115,0001,ROADWAY,0076,602054M,,"MANHOLE, 4' DIAMETER",2,U,"RITACCO CONSTRUCTION, INC.","$4,000.00","$8,000.00"
23115,115,0001,ROADWAY,0076,602054M,,"MANHOLE, 4' DIAMETER",2,U,"FERREIRA CONSTRUCTION CO., INC.","$5,000.00","$10,000.00"
23115,115,0001,ROADWAY,0077,602057M,,"MANHOLE, 5' DIAMETER",1,U,"BERTO CONSTRUCTION, INC.","$6,500.00","$6,500.00"
23115,115,0001,ROADWAY,0077,602057M,,"MANHOLE, 5' DIAMETER",1,U,"RITACCO CONSTRUCTION, INC.","$5,000.00","$5,000.00"
23115,115,0001,ROADWAY,0077,602057M,,"MANHOLE, 5' DIAMETER",1,U,"FERREIRA CONSTRUCTION CO., INC.","$8,000.00","$8,000.00"
23115,115,0001,ROADWAY,0078,602060M,,"MANHOLE, 6' DIAMETER",1,U,"BERTO CONSTRUCTION, INC.","$11,000.00","$11,000.00"
23115,115,0001,ROADWAY,0078,602060M,,"MANHOLE, 6' DIAMETER",1,U,"RITACCO CONSTRUCTION, INC.","$9,000.00","$9,000.00"
23115,115,0001,ROADWAY,0078,602060M,,"MANHOLE, 6' DIAMETER",1,U,"FERREIRA CONSTRUCTION CO., INC.","$16,000.00","$16,000.00"
23115,115,0001,ROADWAY,0079,602105M,,"SET INLET TYPE B, CASTING",4,U,"BERTO CONSTRUCTION, INC.","$2,000.00","$8,000.00"
23115,115,0001,ROADWAY,0079,602105M,,"SET INLET TYPE B, CASTING",4,U,"RITACCO CONSTRUCTION, INC.","$1,000.00","$4,000.00"
23115,115,0001,ROADWAY,0079,602105M,,"SET INLET TYPE B, CASTING",4,U,"FERREIRA CONSTRUCTION CO., INC.","$2,500.00","$10,000.00"
23115,115,0001,ROADWAY,0080,602153M,,"RECONSTRUCTED INLET, TYPE B, USING NEW CASTING",2,U,"BERTO CONSTRUCTION, INC.","$3,000.00","$6,000.00"
23115,115,0001,ROADWAY,0080,602153M,,"RECONSTRUCTED INLET, TYPE B, USING NEW CASTING",2,U,"RITACCO CONSTRUCTION, INC.","$2,000.00","$4,000.00"
23115,115,0001,ROADWAY,0080,602153M,,"RECONSTRUCTED INLET, TYPE B, USING NEW CASTING",2,U,"FERREIRA CONSTRUCTION CO., INC.","$2,500.00","$5,000.00"
23115,115,0001,ROADWAY,0081,602223M,,OUTLET CONTROL STRUCTURE,1,U,"BERTO CONSTRUCTION, INC.","$12,000.00","$12,000.00"
23115,115,0001,ROADWAY,0081,602223M,,OUTLET CONTROL STRUCTURE,1,U,"RITACCO CONSTRUCTION, INC.","$15,000.00","$15,000.00"
23115,115,0001,ROADWAY,0081,602223M,,OUTLET CONTROL STRUCTURE,1,U,"FERREIRA CONSTRUCTION CO., INC.","$12,000.00","$12,000.00"
23115,115,0001,ROADWAY,0082,602291M,,"18"" TIDE CONTROL CHECK VALVE, INLINE",1,U,"BERTO CONSTRUCTION, INC.","$7,000.00","$7,000.00"
23115,115,0001,ROADWAY,0082,602291M,,"18"" TIDE CONTROL CHECK VALVE, INLINE",1,U,"RITACCO CONSTRUCTION, INC.","$5,000.00","$5,000.00"
23115,115,0001,ROADWAY,0082,602291M,,"18"" TIDE CONTROL CHECK VALVE, INLINE",1,U,"FERREIRA CONSTRUCTION CO., INC.","$5,000.00","$5,000.00"
23115,115,0001,ROADWAY,0083,603018P,,"RIPRAP STONE SLOPE PROTECTION, 16"" THICK (D50=8"")",153,SY,"BERTO CONSTRUCTION, INC.",$150.00,"$22,950.00"
23115,115,0001,ROADWAY,0083,603018P,,"RIPRAP STONE SLOPE PROTECTION, 16"" THICK (D50=8"")",153,SY,"RITACCO CONSTRUCTION, INC.",$50.00,"$7,650.00"
23115,115,0001,ROADWAY,0083,603018P,,"RIPRAP STONE SLOPE PROTECTION, 16"" THICK (D50=8"")",153,SY,"FERREIRA CONSTRUCTION CO., INC.",$105.00,"$16,065.00"
23115,115,0001,ROADWAY,0084,603036P,,"RIPRAP STONE CHANNEL PROTECTION, 12"" THICK (D50=6"")",25,SY,"BERTO CONSTRUCTION, INC.",$400.00,"$10,000.00"
23115,115,0001,ROADWAY,0084,603036P,,"RIPRAP STONE CHANNEL PROTECTION, 12"" THICK (D50=6"")",25,SY,"RITACCO CONSTRUCTION, INC.",$50.00,"$1,250.00"
23115,115,0001,ROADWAY,0084,603036P,,"RIPRAP STONE CHANNEL PROTECTION, 12"" THICK (D50=6"")",25,SY,"FERREIRA CONSTRUCTION CO., INC.",$135.00,"$3,375.00"
23115,115,0001,ROADWAY,0085,605045P,,"CHAIN-LINK FENCE, 6' HIGH",855,LF,"BERTO CONSTRUCTION, INC.",$42.00,"$35,910.00"
23115,115,0001,ROADWAY,0085,605045P,,"CHAIN-LINK FENCE, 6' HIGH",855,LF,"RITACCO CONSTRUCTION, INC.",$60.00,"$51,300.00"
23115,115,0001,ROADWAY,0085,605045P,,"CHAIN-LINK FENCE, 6' HIGH",855,LF,"FERREIRA CONSTRUCTION CO., INC.",$70.00,"$59,850.00"
23115,115,0001,ROADWAY,0086,605165M,,"GATE, CHAIN-LINK FENCE, 20' WIDE",1,U,"BERTO CONSTRUCTION, INC.","$2,500.00","$2,500.00"
23115,115,0001,ROADWAY,0086,605165M,,"GATE, CHAIN-LINK FENCE, 20' WIDE",1,U,"RITACCO CONSTRUCTION, INC.","$2,500.00","$2,500.00"
23115,115,0001,ROADWAY,0086,605165M,,"GATE, CHAIN-LINK FENCE, 20' WIDE",1,U,"FERREIRA CONSTRUCTION CO., INC.","$4,000.00","$4,000.00"
23115,115,0001,ROADWAY,0087,605183P,,"TEMPORARY CHAIN-LINK FENCE, 6' HIGH",277,LF,"BERTO CONSTRUCTION, INC.",$25.00,"$6,925.00"
23115,115,0001,ROADWAY,0087,605183P,,"TEMPORARY CHAIN-LINK FENCE, 6' HIGH",277,LF,"RITACCO CONSTRUCTION, INC.",$50.00,"$13,850.00"
23115,115,0001,ROADWAY,0087,605183P,,"TEMPORARY CHAIN-LINK FENCE, 6' HIGH",277,LF,"FERREIRA CONSTRUCTION CO., INC.",$70.00,"$19,390.00"
23115,115,0001,ROADWAY,0088,606006P,,"HOT MIX ASPHALT SIDEWALK, 5"" THICK",153,SY,"BERTO CONSTRUCTION, INC.",$95.00,"$14,535.00"
23115,115,0001,ROADWAY,0088,606006P,,"HOT MIX ASPHALT SIDEWALK, 5"" THICK",153,SY,"RITACCO CONSTRUCTION, INC.",$75.00,"$11,475.00"
23115,115,0001,ROADWAY,0088,606006P,,"HOT MIX ASPHALT SIDEWALK, 5"" THICK",153,SY,"FERREIRA CONSTRUCTION CO., INC.",$180.00,"$27,540.00"
23115,115,0001,ROADWAY,0089,606012P,,"CONCRETE SIDEWALK, 4"" THICK",704,SY,"BERTO CONSTRUCTION, INC.",$100.00,"$70,400.00"
23115,115,0001,ROADWAY,0089,606012P,,"CONCRETE SIDEWALK, 4"" THICK",704,SY,"RITACCO CONSTRUCTION, INC.",$50.00,"$35,200.00"
23115,115,0001,ROADWAY,0089,606012P,,"CONCRETE SIDEWALK, 4"" THICK",704,SY,"FERREIRA CONSTRUCTION CO., INC.",$116.00,"$81,664.00"
23115,115,0001,ROADWAY,0090,606051P,,"CONCRETE DRIVEWAY, 6"" THICK",31,SY,"BERTO CONSTRUCTION, INC.",$200.00,"$6,200.00"
23115,115,0001,ROADWAY,0090,606051P,,"CONCRETE DRIVEWAY, 6"" THICK",31,SY,"RITACCO CONSTRUCTION, INC.",$100.00,"$3,100.00"
23115,115,0001,ROADWAY,0090,606051P,,"CONCRETE DRIVEWAY, 6"" THICK",31,SY,"FERREIRA CONSTRUCTION CO., INC.",$205.00,"$6,355.00"
23115,115,0001,ROADWAY,0091,606084P,,DETECTABLE WARNING SURFACE,24,SY,"BERTO CONSTRUCTION, INC.",$200.00,"$4,800.00"
23115,115,0001,ROADWAY,0091,606084P,,DETECTABLE WARNING SURFACE,24,SY,"RITACCO CONSTRUCTION, INC.",$300.00,"$7,200.00"
23115,115,0001,ROADWAY,0091,606084P,,DETECTABLE WARNING SURFACE,24,SY,"FERREIRA CONSTRUCTION CO., INC.",$325.00,"$7,800.00"
23115,115,0001,ROADWAY,0092,607018P,,"9"" X 16"" CONCRETE VERTICAL CURB","2,058",LF,"BERTO CONSTRUCTION, INC.",$50.00,"$102,900.00"
23115,115,0001,ROADWAY,0092,607018P,,"9"" X 16"" CONCRETE VERTICAL CURB","2,058",LF,"RITACCO CONSTRUCTION, INC.",$30.00,"$61,740.00"
23115,115,0001,ROADWAY,0092,607018P,,"9"" X 16"" CONCRETE VERTICAL CURB","2,058",LF,"FERREIRA CONSTRUCTION CO., INC.",$60.00,"$123,480.00"
23115,115,0001,ROADWAY,0093,608003P,,"NONVEGETATIVE SURFACE, HOT MIX ASPHALT",512,SY,"BERTO CONSTRUCTION, INC.",$42.00,"$21,504.00"
23115,115,0001,ROADWAY,0093,608003P,,"NONVEGETATIVE SURFACE, HOT MIX ASPHALT",512,SY,"RITACCO CONSTRUCTION, INC.",$70.00,"$35,840.00"
23115,115,0001,ROADWAY,0093,608003P,,"NONVEGETATIVE SURFACE, HOT MIX ASPHALT",512,SY,"FERREIRA CONSTRUCTION CO., INC.",$80.00,"$40,960.00"
23115,115,0001,ROADWAY,0094,609003M,,BEAM GUIDE RAIL,688,LF,"BERTO CONSTRUCTION, INC.",$35.00,"$24,080.00"
23115,115,0001,ROADWAY,0094,609003M,,BEAM GUIDE RAIL,688,LF,"RITACCO CONSTRUCTION, INC.",$35.00,"$24,080.00"
23115,115,0001,ROADWAY,0094,609003M,,BEAM GUIDE RAIL,688,LF,"FERREIRA CONSTRUCTION CO., INC.",$40.00,"$27,520.00"
23115,115,0001,ROADWAY,0095,609027M,,TANGENT GUIDE RAIL TERMINAL,3,U,"BERTO CONSTRUCTION, INC.","$4,200.00","$12,600.00"
23115,115,0001,ROADWAY,0095,609027M,,TANGENT GUIDE RAIL TERMINAL,3,U,"RITACCO CONSTRUCTION, INC.","$4,000.00","$12,000.00"
23115,115,0001,ROADWAY,0095,609027M,,TANGENT GUIDE RAIL TERMINAL,3,U,"FERREIRA CONSTRUCTION CO., INC.","$5,000.00","$15,000.00"
23115,115,0001,ROADWAY,0096,609039M,,BEAM GUIDE RAIL ANCHORAGE,3,U,"BERTO CONSTRUCTION, INC.","$1,500.00","$4,500.00"
23115,115,0001,ROADWAY,0096,609039M,,BEAM GUIDE RAIL ANCHORAGE,3,U,"RITACCO CONSTRUCTION, INC.","$3,000.00","$9,000.00"
23115,115,0001,ROADWAY,0096,609039M,,BEAM GUIDE RAIL ANCHORAGE,3,U,"FERREIRA CONSTRUCTION CO., INC.","$4,000.00","$12,000.00"
23115,115,0001,ROADWAY,0097,609058M,,APPROACH GUIDE RAIL TRANSITION TL-2,4,U,"BERTO CONSTRUCTION, INC.","$2,700.00","$10,800.00"
23115,115,0001,ROADWAY,0097,609058M,,APPROACH GUIDE RAIL TRANSITION TL-2,4,U,"RITACCO CONSTRUCTION, INC.","$4,000.00","$16,000.00"
23115,115,0001,ROADWAY,0097,609058M,,APPROACH GUIDE RAIL TRANSITION TL-2,4,U,"FERREIRA CONSTRUCTION CO., INC.","$4,500.00","$18,000.00"
23115,115,0001,ROADWAY,0098,609060M,,BEAM GUIDE RAIL BLOCKOUT,12,U,"BERTO CONSTRUCTION, INC.",$100.00,"$1,200.00"
23115,115,0001,ROADWAY,0098,609060M,,BEAM GUIDE RAIL BLOCKOUT,12,U,"RITACCO CONSTRUCTION, INC.",$25.00,$300.00
23115,115,0001,ROADWAY,0098,609060M,,BEAM GUIDE RAIL BLOCKOUT,12,U,"FERREIRA CONSTRUCTION CO., INC.",$30.00,$360.00
23115,115,0001,ROADWAY,0099,609075M,,REMOVAL OF BEAM GUIDE RAIL,910,LF,"BERTO CONSTRUCTION, INC.",$1.00,$910.00
23115,115,0001,ROADWAY,0099,609075M,,REMOVAL OF BEAM GUIDE RAIL,910,LF,"RITACCO CONSTRUCTION, INC.",$1.00,$910.00
23115,115,0001,ROADWAY,0099,609075M,,REMOVAL OF BEAM GUIDE RAIL,910,LF,"FERREIRA CONSTRUCTION CO., INC.",$10.00,"$9,100.00"
23115,115,0001,ROADWAY,0100,610003M,,"TRAFFIC STRIPES, 4""","6,906",LF,"BERTO CONSTRUCTION, INC.",$1.00,"$6,906.00"
23115,115,0001,ROADWAY,0100,610003M,,"TRAFFIC STRIPES, 4""","6,906",LF,"RITACCO CONSTRUCTION, INC.",$0.75,"$5,179.50"
23115,115,0001,ROADWAY,0100,610003M,,"TRAFFIC STRIPES, 4""","6,906",LF,"FERREIRA CONSTRUCTION CO., INC.",$1.00,"$6,906.00"
23115,115,0001,ROADWAY,0101,610006M,,"TRAFFIC STRIPES, 6""",150,LF,"BERTO CONSTRUCTION, INC.",$1.20,$180.00
23115,115,0001,ROADWAY,0101,610006M,,"TRAFFIC STRIPES, 6""",150,LF,"RITACCO CONSTRUCTION, INC.",$1.00,$150.00
23115,115,0001,ROADWAY,0101,610006M,,"TRAFFIC STRIPES, 6""",150,LF,"FERREIRA CONSTRUCTION CO., INC.",$1.25,$187.50
23115,115,0001,ROADWAY,0102,610007M,,"TRAFFIC STRIPES, 8""",355,LF,"BERTO CONSTRUCTION, INC.",$2.00,$710.00
23115,115,0001,ROADWAY,0102,610007M,,"TRAFFIC STRIPES, 8""",355,LF,"RITACCO CONSTRUCTION, INC.",$1.50,$532.50
23115,115,0001,ROADWAY,0102,610007M,,"TRAFFIC STRIPES, 8""",355,LF,"FERREIRA CONSTRUCTION CO., INC.",$1.65,$585.75
23115,115,0001,ROADWAY,0103,610009M,,TRAFFIC MARKINGS,74,SF,"BERTO CONSTRUCTION, INC.",$10.00,$740.00
23115,115,0001,ROADWAY,0103,610009M,,TRAFFIC MARKINGS,74,SF,"RITACCO CONSTRUCTION, INC.",$8.00,$592.00
23115,115,0001,ROADWAY,0103,610009M,,TRAFFIC MARKINGS,74,SF,"FERREIRA CONSTRUCTION CO., INC.",$9.50,$703.00
23115,115,0001,ROADWAY,0104,610013M,,"TRAFFIC MARKING LINES, 4""",210,LF,"BERTO CONSTRUCTION, INC.",$1.00,$210.00
23115,115,0001,ROADWAY,0104,610013M,,"TRAFFIC MARKING LINES, 4""",210,LF,"RITACCO CONSTRUCTION, INC.",$0.75,$157.50
23115,115,0001,ROADWAY,0104,610013M,,"TRAFFIC MARKING LINES, 4""",210,LF,"FERREIRA CONSTRUCTION CO., INC.",$1.00,$210.00
23115,115,0001,ROADWAY,0105,610014M,,"TRAFFIC MARKING LINES, 8""",572,LF,"BERTO CONSTRUCTION, INC.",$2.00,"$1,144.00"
23115,115,0001,ROADWAY,0105,610014M,,"TRAFFIC MARKING LINES, 8""",572,LF,"RITACCO CONSTRUCTION, INC.",$1.50,$858.00
23115,115,0001,ROADWAY,0105,610014M,,"TRAFFIC MARKING LINES, 8""",572,LF,"FERREIRA CONSTRUCTION CO., INC.",$1.65,$943.80
23115,115,0001,ROADWAY,0106,610017M,,"TRAFFIC MARKING LINES, 24""",353,LF,"BERTO CONSTRUCTION, INC.",$5.00,"$1,765.00"
23115,115,0001,ROADWAY,0106,610017M,,"TRAFFIC MARKING LINES, 24""",353,LF,"RITACCO CONSTRUCTION, INC.",$4.50,"$1,588.50"
23115,115,0001,ROADWAY,0106,610017M,,"TRAFFIC MARKING LINES, 24""",353,LF,"FERREIRA CONSTRUCTION CO., INC.",$5.00,"$1,765.00"
23115,115,0001,ROADWAY,0107,610036M,,REMOVAL OF TRAFFIC STRIPES,"7,731",LF,"BERTO CONSTRUCTION, INC.",$1.00,"$7,731.00"
23115,115,0001,ROADWAY,0107,610036M,,REMOVAL OF TRAFFIC STRIPES,"7,731",LF,"RITACCO CONSTRUCTION, INC.",$1.00,"$7,731.00"
23115,115,0001,ROADWAY,0107,610036M,,REMOVAL OF TRAFFIC STRIPES,"7,731",LF,"FERREIRA CONSTRUCTION CO., INC.",$1.00,"$7,731.00"
23115,115,0001,ROADWAY,0108,612003P,,REGULATORY AND WARNING SIGN,229,SF,"BERTO CONSTRUCTION, INC.",$50.00,"$11,450.00"
23115,115,0001,ROADWAY,0108,612003P,,REGULATORY AND WARNING SIGN,229,SF,"RITACCO CONSTRUCTION, INC.",$40.00,"$9,160.00"
23115,115,0001,ROADWAY,0108,612003P,,REGULATORY AND WARNING SIGN,229,SF,"FERREIRA CONSTRUCTION CO., INC.",$45.00,"$10,305.00"
23115,115,0001,ROADWAY,0109,612015P,,"GUIDE SIGN PANEL, TYPE GO",206,SF,"BERTO CONSTRUCTION, INC.",$40.00,"$8,240.00"
23115,115,0001,ROADWAY,0109,612015P,,"GUIDE SIGN PANEL, TYPE GO",206,SF,"RITACCO CONSTRUCTION, INC.",$45.00,"$9,270.00"
23115,115,0001,ROADWAY,0109,612015P,,"GUIDE SIGN PANEL, TYPE GO",206,SF,"FERREIRA CONSTRUCTION CO., INC.",$28.00,"$5,768.00"
23115,115,0001,ROADWAY,0110,612030P,,OVERHEAD STREET NAME SIGNS,12,SF,"BERTO CONSTRUCTION, INC.",$50.00,$600.00
23115,115,0001,ROADWAY,0110,612030P,,OVERHEAD STREET NAME SIGNS,12,SF,"RITACCO CONSTRUCTION, INC.",$45.00,$540.00
23115,115,0001,ROADWAY,0110,612030P,,OVERHEAD STREET NAME SIGNS,12,SF,"FERREIRA CONSTRUCTION CO., INC.",$110.00,"$1,320.00"
23115,115,0001,ROADWAY,0111,653002P,,"TEMPORARY GAS MAIN, ____ 2"" (IF AND WHERE DIRECTED)",1,LS,"BERTO CONSTRUCTION, INC.","$120,000.00","$120,000.00"
23115,115,0001,ROADWAY,0111,653002P,,"TEMPORARY GAS MAIN, ____ 2"" (IF AND WHERE DIRECTED)",1,LS,"RITACCO CONSTRUCTION, INC.","$25,000.00","$25,000.00"
23115,115,0001,ROADWAY,0111,653002P,,"TEMPORARY GAS MAIN, ____ 2"" (IF AND WHERE DIRECTED)",1,LS,"FERREIRA CONSTRUCTION CO., INC.","$150,000.00","$150,000.00"
23115,115,0001,ROADWAY,0112,653012P,,"8"" GAS MAIN",132,LF,"BERTO CONSTRUCTION, INC.",$350.00,"$46,200.00"
23115,115,0001,ROADWAY,0112,653012P,,"8"" GAS MAIN",132,LF,"RITACCO CONSTRUCTION, INC.",$350.00,"$46,200.00"
23115,115,0001,ROADWAY,0112,653012P,,"8"" GAS MAIN",132,LF,"FERREIRA CONSTRUCTION CO., INC.",$500.00,"$66,000.00"
23115,115,0001,ROADWAY,0113,653051P,,"8"" GAS MAIN, BRIDGE",222,LF,"BERTO CONSTRUCTION, INC.",$560.00,"$124,320.00"
23115,115,0001,ROADWAY,0113,653051P,,"8"" GAS MAIN, BRIDGE",222,LF,"RITACCO CONSTRUCTION, INC.",$550.00,"$122,100.00"
23115,115,0001,ROADWAY,0113,653051P,,"8"" GAS MAIN, BRIDGE",222,LF,"FERREIRA CONSTRUCTION CO., INC.",$350.00,"$77,700.00"
23115,115,0001,ROADWAY,0114,653084M,,RESET GAS VALVE BOX,12,U,"BERTO CONSTRUCTION, INC.",$500.00,"$6,000.00"
23115,115,0001,ROADWAY,0114,653084M,,RESET GAS VALVE BOX,12,U,"RITACCO CONSTRUCTION, INC.",$550.00,"$6,600.00"
23115,115,0001,ROADWAY,0114,653084M,,RESET GAS VALVE BOX,12,U,"FERREIRA CONSTRUCTION CO., INC.",$300.00,"$3,600.00"
23115,115,0001,ROADWAY,0115,654007P,,ELECTRICAL UTILITY RELOCATION ELECTRIC UTILITY RELOCATION,1,LS,"BERTO CONSTRUCTION, INC.","$220,000.00","$220,000.00"
23115,115,0001,ROADWAY,0115,654007P,,ELECTRICAL UTILITY RELOCATION ELECTRIC UTILITY RELOCATION,1,LS,"RITACCO CONSTRUCTION, INC.","$260,000.00","$260,000.00"
23115,115,0001,ROADWAY,0115,654007P,,ELECTRICAL UTILITY RELOCATION ELECTRIC UTILITY RELOCATION,1,LS,"FERREIRA CONSTRUCTION CO., INC.","$300,000.00","$300,000.00"
23115,115,0001,ROADWAY,0116,654029M,,RESET ELECTRIC MANHOLE,2,U,"BERTO CONSTRUCTION, INC.","$2,000.00","$4,000.00"
23115,115,0001,ROADWAY,0116,654029M,,RESET ELECTRIC MANHOLE,2,U,"RITACCO CONSTRUCTION, INC.","$2,000.00","$4,000.00"
23115,115,0001,ROADWAY,0116,654029M,,RESET ELECTRIC MANHOLE,2,U,"FERREIRA CONSTRUCTION CO., INC.","$1,300.00","$2,600.00"
23115,115,0001,ROADWAY,0117,655007P,,TELECOMMUNICATIONS RELOCATION,1,LS,"BERTO CONSTRUCTION, INC.","$180,000.00","$180,000.00"
23115,115,0001,ROADWAY,0117,655007P,,TELECOMMUNICATIONS RELOCATION,1,LS,"RITACCO CONSTRUCTION, INC.","$240,000.00","$240,000.00"
23115,115,0001,ROADWAY,0117,655007P,,TELECOMMUNICATIONS RELOCATION,1,LS,"FERREIRA CONSTRUCTION CO., INC.","$350,000.00","$350,000.00"
23115,115,0001,ROADWAY,0118,655013P,,RESET TELECOMMUNICATIONS MANHOLE,3,U,"BERTO CONSTRUCTION, INC.","$4,000.00","$12,000.00"
23115,115,0001,ROADWAY,0118,655013P,,RESET TELECOMMUNICATIONS MANHOLE,3,U,"RITACCO CONSTRUCTION, INC.","$3,000.00","$9,000.00"
23115,115,0001,ROADWAY,0118,655013P,,RESET TELECOMMUNICATIONS MANHOLE,3,U,"FERREIRA CONSTRUCTION CO., INC.","$4,000.00","$12,000.00"
23115,115,0001,ROADWAY,0119,701012P,,"1 1/2"" RIGID METALLIC CONDUIT",45,LF,"BERTO CONSTRUCTION, INC.",$65.00,"$2,925.00"
23115,115,0001,ROADWAY,0119,701012P,,"1 1/2"" RIGID METALLIC CONDUIT",45,LF,"RITACCO CONSTRUCTION, INC.",$60.00,"$2,700.00"
23115,115,0001,ROADWAY,0119,701012P,,"1 1/2"" RIGID METALLIC CONDUIT",45,LF,"FERREIRA CONSTRUCTION CO., INC.",$110.00,"$4,950.00"
23115,115,0001,ROADWAY,0120,701021P,,"3"" RIGID METALLIC CONDUIT","2,016",LF,"BERTO CONSTRUCTION, INC.",$80.00,"$161,280.00"
23115,115,0001,ROADWAY,0120,701021P,,"3"" RIGID METALLIC CONDUIT","2,016",LF,"RITACCO CONSTRUCTION, INC.",$75.00,"$151,200.00"
23115,115,0001,ROADWAY,0120,701021P,,"3"" RIGID METALLIC CONDUIT","2,016",LF,"FERREIRA CONSTRUCTION CO., INC.",$100.00,"$201,600.00"
23115,115,0001,ROADWAY,0121,701102M,,"18"" X 36"" JUNCTION BOX",20,U,"BERTO CONSTRUCTION, INC.","$2,300.00","$46,000.00"
23115,115,0001,ROADWAY,0121,701102M,,"18"" X 36"" JUNCTION BOX",20,U,"RITACCO CONSTRUCTION, INC.","$2,200.00","$44,000.00"
23115,115,0001,ROADWAY,0121,701102M,,"18"" X 36"" JUNCTION BOX",20,U,"FERREIRA CONSTRUCTION CO., INC.","$3,000.00","$60,000.00"
23115,115,0001,ROADWAY,0122,701117M,,JUNCTION BOX FOUNDATION,7,U,"BERTO CONSTRUCTION, INC.","$2,900.00","$20,300.00"
23115,115,0001,ROADWAY,0122,701117M,,JUNCTION BOX FOUNDATION,7,U,"RITACCO CONSTRUCTION, INC.","$2,800.00","$19,600.00"
23115,115,0001,ROADWAY,0122,701117M,,JUNCTION BOX FOUNDATION,7,U,"FERREIRA CONSTRUCTION CO., INC.","$3,300.00","$23,100.00"
23115,115,0001,ROADWAY,0123,701123M,,"FOUNDATION, TYPE SFT",3,U,"BERTO CONSTRUCTION, INC.","$2,400.00","$7,200.00"
23115,115,0001,ROADWAY,0123,701123M,,"FOUNDATION, TYPE SFT",3,U,"RITACCO CONSTRUCTION, INC.","$2,300.00","$6,900.00"
23115,115,0001,ROADWAY,0123,701123M,,"FOUNDATION, TYPE SFT",3,U,"FERREIRA CONSTRUCTION CO., INC.","$3,025.00","$9,075.00"
23115,115,0001,ROADWAY,0124,701128M,,"FOUNDATION, TYPE P-MC MODIFIED",1,U,"BERTO CONSTRUCTION, INC.","$4,000.00","$4,000.00"
23115,115,0001,ROADWAY,0124,701128M,,"FOUNDATION, TYPE P-MC MODIFIED",1,U,"RITACCO CONSTRUCTION, INC.","$3,800.00","$3,800.00"
23115,115,0001,ROADWAY,0124,701128M,,"FOUNDATION, TYPE P-MC MODIFIED",1,U,"FERREIRA CONSTRUCTION CO., INC.","$5,600.00","$5,600.00"
23115,115,0001,ROADWAY,0125,701138M,,"FOUNDATION, TYPE STF",1,U,"BERTO CONSTRUCTION, INC.","$5,500.00","$5,500.00"
23115,115,0001,ROADWAY,0125,701138M,,"FOUNDATION, TYPE STF",1,U,"RITACCO CONSTRUCTION, INC.","$5,400.00","$5,400.00"
23115,115,0001,ROADWAY,0125,701138M,,"FOUNDATION, TYPE STF",1,U,"FERREIRA CONSTRUCTION CO., INC.","$7,000.00","$7,000.00"
23115,115,0001,ROADWAY,0126,701144M,,"FOUNDATION, TYPE SFK",2,U,"BERTO CONSTRUCTION, INC.","$2,800.00","$5,600.00"
23115,115,0001,ROADWAY,0126,701144M,,"FOUNDATION, TYPE SFK",2,U,"RITACCO CONSTRUCTION, INC.","$2,500.00","$5,000.00"
23115,115,0001,ROADWAY,0126,701144M,,"FOUNDATION, TYPE SFK",2,U,"FERREIRA CONSTRUCTION CO., INC.","$3,500.00","$7,000.00"
23115,115,0001,ROADWAY,0127,701171M,,"METER CABINET, TYPE TL",2,U,"BERTO CONSTRUCTION, INC.","$6,500.00","$13,000.00"
23115,115,0001,ROADWAY,0127,701171M,,"METER CABINET, TYPE TL",2,U,"RITACCO CONSTRUCTION, INC.","$6,000.00","$12,000.00"
23115,115,0001,ROADWAY,0127,701171M,,"METER CABINET, TYPE TL",2,U,"FERREIRA CONSTRUCTION CO., INC.","$4,500.00","$9,000.00"
23115,115,0001,ROADWAY,0128,701192P,,"GROUND WIRE, NO. 8 AWG","2,522",LF,"BERTO CONSTRUCTION, INC.",$2.00,"$5,044.00"
23115,115,0001,ROADWAY,0128,701192P,,"GROUND WIRE, NO. 8 AWG","2,522",LF,"RITACCO CONSTRUCTION, INC.",$2.00,"$5,044.00"
23115,115,0001,ROADWAY,0128,701192P,,"GROUND WIRE, NO. 8 AWG","2,522",LF,"FERREIRA CONSTRUCTION CO., INC.",$4.00,"$10,088.00"
23115,115,0001,ROADWAY,0129,701195P,,"MULTIPLE LIGHTING WIRE, NO. 2 AWG","9,196",LF,"BERTO CONSTRUCTION, INC.",$7.00,"$64,372.00"
23115,115,0001,ROADWAY,0129,701195P,,"MULTIPLE LIGHTING WIRE, NO. 2 AWG","9,196",LF,"RITACCO CONSTRUCTION, INC.",$6.50,"$59,774.00"
23115,115,0001,ROADWAY,0129,701195P,,"MULTIPLE LIGHTING WIRE, NO. 2 AWG","9,196",LF,"FERREIRA CONSTRUCTION CO., INC.",$8.00,"$73,568.00"
23115,115,0001,ROADWAY,0130,701201P,,"MULTIPLE LIGHTING WIRE, NO. 8 AWG",312,LF,"BERTO CONSTRUCTION, INC.",$4.00,"$1,248.00"
23115,115,0001,ROADWAY,0130,701201P,,"MULTIPLE LIGHTING WIRE, NO. 8 AWG",312,LF,"RITACCO CONSTRUCTION, INC.",$3.50,"$1,092.00"
23115,115,0001,ROADWAY,0130,701201P,,"MULTIPLE LIGHTING WIRE, NO. 8 AWG",312,LF,"FERREIRA CONSTRUCTION CO., INC.",$4.00,"$1,248.00"
23115,115,0001,ROADWAY,0131,701204P,,"MULTIPLE LIGHTING WIRE, NO. 10 AWG",156,LF,"BERTO CONSTRUCTION, INC.",$6.00,$936.00
23115,115,0001,ROADWAY,0131,701204P,,"MULTIPLE LIGHTING WIRE, NO. 10 AWG",156,LF,"RITACCO CONSTRUCTION, INC.",$5.50,$858.00
23115,115,0001,ROADWAY,0131,701204P,,"MULTIPLE LIGHTING WIRE, NO. 10 AWG",156,LF,"FERREIRA CONSTRUCTION CO., INC.",$11.00,"$1,716.00"
23115,115,0001,ROADWAY,0132,701213P,,"SERVICE WIRE, NO. 6 AWG",78,LF,"BERTO CONSTRUCTION, INC.",$4.00,$312.00
23115,115,0001,ROADWAY,0132,701213P,,"SERVICE WIRE, NO. 6 AWG",78,LF,"RITACCO CONSTRUCTION, INC.",$4.00,$312.00
23115,115,0001,ROADWAY,0132,701213P,,"SERVICE WIRE, NO. 6 AWG",78,LF,"FERREIRA CONSTRUCTION CO., INC.",$11.00,$858.00
23115,115,0001,ROADWAY,0133,702009M,,"CONTROLLER, 8 PHASE",1,U,"BERTO CONSTRUCTION, INC.","$25,000.00","$25,000.00"
23115,115,0001,ROADWAY,0133,702009M,,"CONTROLLER, 8 PHASE",1,U,"RITACCO CONSTRUCTION, INC.","$35,000.00","$35,000.00"
23115,115,0001,ROADWAY,0133,702009M,,"CONTROLLER, 8 PHASE",1,U,"FERREIRA CONSTRUCTION CO., INC.","$24,000.00","$24,000.00"
23115,115,0001,ROADWAY,0134,702012M,,"TRAFFIC SIGNAL STANDARD, ALUMINUM",5,U,"BERTO CONSTRUCTION, INC.","$3,600.00","$18,000.00"
23115,115,0001,ROADWAY,0134,702012M,,"TRAFFIC SIGNAL STANDARD, ALUMINUM",5,U,"RITACCO CONSTRUCTION, INC.","$3,400.00","$17,000.00"
23115,115,0001,ROADWAY,0134,702012M,,"TRAFFIC SIGNAL STANDARD, ALUMINUM",5,U,"FERREIRA CONSTRUCTION CO., INC.","$4,500.00","$22,500.00"
23115,115,0001,ROADWAY,0135,702015M,,"TRAFFIC SIGNAL STANDARD, STEEL",1,U,"BERTO CONSTRUCTION, INC.","$7,600.00","$7,600.00"
23115,115,0001,ROADWAY,0135,702015M,,"TRAFFIC SIGNAL STANDARD, STEEL",1,U,"RITACCO CONSTRUCTION, INC.","$7,400.00","$7,400.00"
23115,115,0001,ROADWAY,0135,702015M,,"TRAFFIC SIGNAL STANDARD, STEEL",1,U,"FERREIRA CONSTRUCTION CO., INC.","$10,000.00","$10,000.00"
23115,115,0001,ROADWAY,0136,702021M,,"TRAFFIC SIGNAL MAST ARM, ALUMINUM",4,U,"BERTO CONSTRUCTION, INC.","$4,200.00","$16,800.00"
23115,115,0001,ROADWAY,0136,702021M,,"TRAFFIC SIGNAL MAST ARM, ALUMINUM",4,U,"RITACCO CONSTRUCTION, INC.","$3,800.00","$15,200.00"
23115,115,0001,ROADWAY,0136,702021M,,"TRAFFIC SIGNAL MAST ARM, ALUMINUM",4,U,"FERREIRA CONSTRUCTION CO., INC.","$3,500.00","$14,000.00"
23115,115,0001,ROADWAY,0137,702024M,,"TRAFFIC SIGNAL MAST ARM, STEEL",1,U,"BERTO CONSTRUCTION, INC.","$7,500.00","$7,500.00"
23115,115,0001,ROADWAY,0137,702024M,,"TRAFFIC SIGNAL MAST ARM, STEEL",1,U,"RITACCO CONSTRUCTION, INC.","$7,200.00","$7,200.00"
23115,115,0001,ROADWAY,0137,702024M,,"TRAFFIC SIGNAL MAST ARM, STEEL",1,U,"FERREIRA CONSTRUCTION CO., INC.","$10,000.00","$10,000.00"
23115,115,0001,ROADWAY,0138,702027P,,"TRAFFIC SIGNAL CABLE, 2 CONDUCTOR",256,LF,"BERTO CONSTRUCTION, INC.",$4.00,"$1,024.00"
23115,115,0001,ROADWAY,0138,702027P,,"TRAFFIC SIGNAL CABLE, 2 CONDUCTOR",256,LF,"RITACCO CONSTRUCTION, INC.",$3.00,$768.00
23115,115,0001,ROADWAY,0138,702027P,,"TRAFFIC SIGNAL CABLE, 2 CONDUCTOR",256,LF,"FERREIRA CONSTRUCTION CO., INC.",$3.85,$985.60
23115,115,0001,ROADWAY,0139,702030P,,"TRAFFIC SIGNAL CABLE, 5 CONDUCTOR","1,631",LF,"BERTO CONSTRUCTION, INC.",$5.00,"$8,155.00"
23115,115,0001,ROADWAY,0139,702030P,,"TRAFFIC SIGNAL CABLE, 5 CONDUCTOR","1,631",LF,"RITACCO CONSTRUCTION, INC.",$3.50,"$5,708.50"
23115,115,0001,ROADWAY,0139,702030P,,"TRAFFIC SIGNAL CABLE, 5 CONDUCTOR","1,631",LF,"FERREIRA CONSTRUCTION CO., INC.",$4.50,"$7,339.50"
23115,115,0001,ROADWAY,0140,702033P,,"TRAFFIC SIGNAL CABLE, 10 CONDUCTOR","1,655",LF,"BERTO CONSTRUCTION, INC.",$6.00,"$9,930.00"
23115,115,0001,ROADWAY,0140,702033P,,"TRAFFIC SIGNAL CABLE, 10 CONDUCTOR","1,655",LF,"RITACCO CONSTRUCTION, INC.",$4.50,"$7,447.50"
23115,115,0001,ROADWAY,0140,702033P,,"TRAFFIC SIGNAL CABLE, 10 CONDUCTOR","1,655",LF,"FERREIRA CONSTRUCTION CO., INC.",$5.50,"$9,102.50"
23115,115,0001,ROADWAY,0141,702036M,,TRAFFIC SIGNAL HEAD,13,U,"BERTO CONSTRUCTION, INC.","$1,500.00","$19,500.00"
23115,115,0001,ROADWAY,0141,702036M,,TRAFFIC SIGNAL HEAD,13,U,"RITACCO CONSTRUCTION, INC.","$1,200.00","$15,600.00"
23115,115,0001,ROADWAY,0141,702036M,,TRAFFIC SIGNAL HEAD,13,U,"FERREIRA CONSTRUCTION CO., INC.","$1,500.00","$19,500.00"
23115,115,0001,ROADWAY,0142,702039M,,PEDESTRIAN SIGNAL HEAD,6,U,"BERTO CONSTRUCTION, INC.","$1,000.00","$6,000.00"
23115,115,0001,ROADWAY,0142,702039M,,PEDESTRIAN SIGNAL HEAD,6,U,"RITACCO CONSTRUCTION, INC.",$900.00,"$5,400.00"
23115,115,0001,ROADWAY,0142,702039M,,PEDESTRIAN SIGNAL HEAD,6,U,"FERREIRA CONSTRUCTION CO., INC.","$1,200.00","$7,200.00"
23115,115,0001,ROADWAY,0143,702042M,,PUSH BUTTON,2,U,"BERTO CONSTRUCTION, INC.",$500.00,"$1,000.00"
23115,115,0001,ROADWAY,0143,702042M,,PUSH BUTTON,2,U,"RITACCO CONSTRUCTION, INC.",$350.00,$700.00
23115,115,0001,ROADWAY,0143,702042M,,PUSH BUTTON,2,U,"FERREIRA CONSTRUCTION CO., INC.",$605.00,"$1,210.00"
23115,115,0001,ROADWAY,0144,702046M,,RADAR DETECTOR,4,U,"BERTO CONSTRUCTION, INC.","$10,000.00","$40,000.00"
23115,115,0001,ROADWAY,0144,702046M,,RADAR DETECTOR,4,U,"RITACCO CONSTRUCTION, INC.","$10,500.00","$42,000.00"
23115,115,0001,ROADWAY,0144,702046M,,RADAR DETECTOR,4,U,"FERREIRA CONSTRUCTION CO., INC.","$11,500.00","$46,000.00"
23115,115,0001,ROADWAY,0145,702050M,,GENERATOR AUXILIARY CABINET,1,U,"BERTO CONSTRUCTION, INC.","$9,500.00","$9,500.00"
23115,115,0001,ROADWAY,0145,702050M,,GENERATOR AUXILIARY CABINET,1,U,"RITACCO CONSTRUCTION, INC.","$8,500.00","$8,500.00"
23115,115,0001,ROADWAY,0145,702050M,,GENERATOR AUXILIARY CABINET,1,U,"FERREIRA CONSTRUCTION CO., INC.","$10,000.00","$10,000.00"
23115,115,0001,ROADWAY,0146,702060M,,CONTROLLER TURN-ON,1,U,"BERTO CONSTRUCTION, INC.","$10,000.00","$10,000.00"
23115,115,0001,ROADWAY,0146,702060M,,CONTROLLER TURN-ON,1,U,"RITACCO CONSTRUCTION, INC.","$9,500.00","$9,500.00"
23115,115,0001,ROADWAY,0146,702060M,,CONTROLLER TURN-ON,1,U,"FERREIRA CONSTRUCTION CO., INC.","$10,000.00","$10,000.00"
23115,115,0001,ROADWAY,0147,703003M,,LIGHTING STANDARD ALUMINUM,14,U,"BERTO CONSTRUCTION, INC.","$4,000.00","$56,000.00"
23115,115,0001,ROADWAY,0147,703003M,,LIGHTING STANDARD ALUMINUM,14,U,"RITACCO CONSTRUCTION, INC.","$3,000.00","$42,000.00"
23115,115,0001,ROADWAY,0147,703003M,,LIGHTING STANDARD ALUMINUM,14,U,"FERREIRA CONSTRUCTION CO., INC.","$3,600.00","$50,400.00"
23115,115,0001,ROADWAY,0148,703012M,,LIGHTING MAST ARM ALUMINUM,14,U,"BERTO CONSTRUCTION, INC.","$1,000.00","$14,000.00"
23115,115,0001,ROADWAY,0148,703012M,,LIGHTING MAST ARM ALUMINUM,14,U,"RITACCO CONSTRUCTION, INC.",$750.00,"$10,500.00"
23115,115,0001,ROADWAY,0148,703012M,,LIGHTING MAST ARM ALUMINUM,14,U,"FERREIRA CONSTRUCTION CO., INC.","$1,100.00","$15,400.00"
23115,115,0001,ROADWAY,0149,703018M,,LUMINAIRE,15,U,"BERTO CONSTRUCTION, INC.","$1,500.00","$22,500.00"
23115,115,0001,ROADWAY,0149,703018M,,LUMINAIRE,15,U,"RITACCO CONSTRUCTION, INC.","$1,250.00","$18,750.00"
23115,115,0001,ROADWAY,0149,703018M,,LUMINAIRE,15,U,"FERREIRA CONSTRUCTION CO., INC.","$1,800.00","$27,000.00"
23115,115,0001,ROADWAY,0150,703021M,,"SIGN LIGHTING, STRUCTURE NO. ___ 1610-277",1,LS,"BERTO CONSTRUCTION, INC.","$20,000.00","$20,000.00"
23115,115,0001,ROADWAY,0150,703021M,,"SIGN LIGHTING, STRUCTURE NO. ___ 1610-277",1,LS,"RITACCO CONSTRUCTION, INC.","$15,000.00","$15,000.00"
23115,115,0001,ROADWAY,0150,703021M,,"SIGN LIGHTING, STRUCTURE NO. ___ 1610-277",1,LS,"FERREIRA CONSTRUCTION CO., INC.","$35,000.00","$35,000.00"
23115,115,0001,ROADWAY,0151,703031M,,TEMPORARY LIGHTING,1,U,"BERTO CONSTRUCTION, INC.","$50,000.00","$50,000.00"
23115,115,0001,ROADWAY,0151,703031M,,TEMPORARY LIGHTING,1,U,"RITACCO CONSTRUCTION, INC.","$60,000.00","$60,000.00"
23115,115,0001,ROADWAY,0151,703031M,,TEMPORARY LIGHTING,1,U,"FERREIRA CONSTRUCTION CO., INC.","$40,000.00","$40,000.00"
23115,115,0005,GENERAL LANDSCAPING,0152,804000P,,"TOPSOIL SPREADING __"" THICK 4""","3,878",SY,"BERTO CONSTRUCTION, INC.",$16.00,"$62,048.00"
23115,115,0005,GENERAL LANDSCAPING,0152,804000P,,"TOPSOIL SPREADING __"" THICK 4""","3,878",SY,"RITACCO CONSTRUCTION, INC.",$6.00,"$23,268.00"
23115,115,0005,GENERAL LANDSCAPING,0152,804000P,,"TOPSOIL SPREADING __"" THICK 4""","3,878",SY,"FERREIRA CONSTRUCTION CO., INC.",$17.50,"$67,865.00"
23115,115,0005,GENERAL LANDSCAPING,0153,804015P,,BORROW TOPSOIL,753,CY,"BERTO CONSTRUCTION, INC.",$60.00,"$45,180.00"
23115,115,0005,GENERAL LANDSCAPING,0153,804015P,,BORROW TOPSOIL,753,CY,"RITACCO CONSTRUCTION, INC.",$45.00,"$33,885.00"
23115,115,0005,GENERAL LANDSCAPING,0153,804015P,,BORROW TOPSOIL,753,CY,"FERREIRA CONSTRUCTION CO., INC.",$65.00,"$48,945.00"
23115,115,0005,GENERAL LANDSCAPING,0154,806006P,,"FERTILIZING AND SEEDING, TYPE A-3","3,878",SY,"BERTO CONSTRUCTION, INC.",$4.00,"$15,512.00"
23115,115,0005,GENERAL LANDSCAPING,0154,806006P,,"FERTILIZING AND SEEDING, TYPE A-3","3,878",SY,"RITACCO CONSTRUCTION, INC.",$1.00,"$3,878.00"
23115,115,0005,GENERAL LANDSCAPING,0154,806006P,,"FERTILIZING AND SEEDING, TYPE A-3","3,878",SY,"FERREIRA CONSTRUCTION CO., INC.",$4.50,"$17,451.00"
23115,115,0004,EROSION CONTROL,0155,806018P,,"FERTILIZING AND SEEDING, TYPE F",388,SY,"BERTO CONSTRUCTION, INC.",$5.00,"$1,940.00"
23115,115,0004,EROSION CONTROL,0155,806018P,,"FERTILIZING AND SEEDING, TYPE F",388,SY,"RITACCO CONSTRUCTION, INC.",$2.00,$776.00
23115,115,0004,EROSION CONTROL,0155,806018P,,"FERTILIZING AND SEEDING, TYPE F",388,SY,"FERREIRA CONSTRUCTION CO., INC.",$5.50,"$2,134.00"
23115,115,0005,GENERAL LANDSCAPING,0156,809003M,,STRAW MULCHING,"4,266",SY,"BERTO CONSTRUCTION, INC.",$3.00,"$12,798.00"
23115,115,0005,GENERAL LANDSCAPING,0156,809003M,,STRAW MULCHING,"4,266",SY,"RITACCO CONSTRUCTION, INC.",$2.00,"$8,532.00"
23115,115,0005,GENERAL LANDSCAPING,0156,809003M,,STRAW MULCHING,"4,266",SY,"FERREIRA CONSTRUCTION CO., INC.",$2.75,"$11,731.50"
23115,115,0003,NON-PARTICIPATING (ROADWAY),0157,810006M,,MOWING,"7,756",SY,"BERTO CONSTRUCTION, INC.",$2.00,"$15,512.00"
23115,115,0003,NON-PARTICIPATING (ROADWAY),0157,810006M,,MOWING,"7,756",SY,"RITACCO CONSTRUCTION, INC.",$0.10,$775.60
23115,115,0003,NON-PARTICIPATING (ROADWAY),0157,810006M,,MOWING,"7,756",SY,"FERREIRA CONSTRUCTION CO., INC.",$1.00,"$7,756.00"
23115,115,0006,"SQUIRRELWOOD RD, BRIDGE OVER ROUTE 80 - STRUCTURE NO. 1610-1 55",0158,162006P,,VIBRATION MONITORING,1,LS,"BERTO CONSTRUCTION, INC.","$25,000.00","$25,000.00"
23115,115,0006,"SQUIRRELWOOD RD, BRIDGE OVER ROUTE 80 - STRUCTURE NO. 1610-1 55",0158,162006P,,VIBRATION MONITORING,1,LS,"RITACCO CONSTRUCTION, INC.","$75,000.00","$75,000.00"
23115,115,0006,"SQUIRRELWOOD RD, BRIDGE OVER ROUTE 80 - STRUCTURE NO. 1610-1 55",0158,162006P,,VIBRATION MONITORING,1,LS,"FERREIRA CONSTRUCTION CO., INC.","$100,000.00","$100,000.00"
23115,115,0006,"SQUIRRELWOOD RD, BRIDGE OVER ROUTE 80 - STRUCTURE NO. 1610-1 55",0159,201006P,,"CLEARING SITE, BRIDGE (___) (1610-155)",1,LS,"BERTO CONSTRUCTION, INC.","$320,000.00","$320,000.00"
23115,115,0006,"SQUIRRELWOOD RD, BRIDGE OVER ROUTE 80 - STRUCTURE NO. 1610-1 55",0159,201006P,,"CLEARING SITE, BRIDGE (___) (1610-155)",1,LS,"RITACCO CONSTRUCTION, INC.","$320,000.00","$320,000.00"
23115,115,0006,"SQUIRRELWOOD RD, BRIDGE OVER ROUTE 80 - STRUCTURE NO. 1610-1 55",0159,201006P,,"CLEARING SITE, BRIDGE (___) (1610-155)",1,LS,"FERREIRA CONSTRUCTION CO., INC.","$320,000.00","$320,000.00"
23115,115,0006,"SQUIRRELWOOD RD, BRIDGE OVER ROUTE 80 - STRUCTURE NO. 1610-1 55",0160,201039P,,TEMPORARY SHIELDING,1,LS,"BERTO CONSTRUCTION, INC.","$1,000,000.00","$1,000,000.00"
23115,115,0006,"SQUIRRELWOOD RD, BRIDGE OVER ROUTE 80 - STRUCTURE NO. 1610-1 55",0160,201039P,,TEMPORARY SHIELDING,1,LS,"RITACCO CONSTRUCTION, INC.","$1,759,985.90","$1,759,985.90"
23115,115,0006,"SQUIRRELWOOD RD, BRIDGE OVER ROUTE 80 - STRUCTURE NO. 1610-1 55",0160,201039P,,TEMPORARY SHIELDING,1,LS,"FERREIRA CONSTRUCTION CO., INC.","$600,000.00","$600,000.00"
23115,115,0006,"SQUIRRELWOOD RD, BRIDGE OVER ROUTE 80 - STRUCTURE NO. 1610-1 55",0161,202009P,,"EXCAVATION, UNCLASSIFIED",780,CY,"BERTO CONSTRUCTION, INC.",$100.00,"$78,000.00"
23115,115,0006,"SQUIRRELWOOD RD, BRIDGE OVER ROUTE 80 - STRUCTURE NO. 1610-1 55",0161,202009P,,"EXCAVATION, UNCLASSIFIED",780,CY,"RITACCO CONSTRUCTION, INC.",$50.00,"$39,000.00"
23115,115,0006,"SQUIRRELWOOD RD, BRIDGE OVER ROUTE 80 - STRUCTURE NO. 1610-1 55",0161,202009P,,"EXCAVATION, UNCLASSIFIED",780,CY,"FERREIRA CONSTRUCTION CO., INC.",$105.00,"$81,900.00"
23115,115,0006,"SQUIRRELWOOD RD, BRIDGE OVER ROUTE 80 - STRUCTURE NO. 1610-1 55",0162,203009P,,I-9 SOIL AGGREGATE,270,CY,"BERTO CONSTRUCTION, INC.",$180.00,"$48,600.00"
23115,115,0006,"SQUIRRELWOOD RD, BRIDGE OVER ROUTE 80 - STRUCTURE NO. 1610-1 55",0162,203009P,,I-9 SOIL AGGREGATE,270,CY,"RITACCO CONSTRUCTION, INC.",$60.00,"$16,200.00"
23115,115,0006,"SQUIRRELWOOD RD, BRIDGE OVER ROUTE 80 - STRUCTURE NO. 1610-1 55",0162,203009P,,I-9 SOIL AGGREGATE,270,CY,"FERREIRA CONSTRUCTION CO., INC.",$95.00,"$25,650.00"
23115,115,0006,"SQUIRRELWOOD RD, BRIDGE OVER ROUTE 80 - STRUCTURE NO. 1610-1 55",0163,501003P,,TEMPORARY SHEETING,560,SF,"BERTO CONSTRUCTION, INC.",$140.00,"$78,400.00"
23115,115,0006,"SQUIRRELWOOD RD, BRIDGE OVER ROUTE 80 - STRUCTURE NO. 1610-1 55",0163,501003P,,TEMPORARY SHEETING,560,SF,"RITACCO CONSTRUCTION, INC.",$1.00,$560.00
23115,115,0006,"SQUIRRELWOOD RD, BRIDGE OVER ROUTE 80 - STRUCTURE NO. 1610-1 55",0163,501003P,,TEMPORARY SHEETING,560,SF,"FERREIRA CONSTRUCTION CO., INC.",$75.00,"$42,000.00"
23115,115,0006,"SQUIRRELWOOD RD, BRIDGE OVER ROUTE 80 - STRUCTURE NO. 1610-1 55",0164,504006P,,"REINFORCEMENT STEEL, EPOXY-COATED","20,700",LB,"BERTO CONSTRUCTION, INC.",$5.00,"$103,500.00"
23115,115,0006,"SQUIRRELWOOD RD, BRIDGE OVER ROUTE 80 - STRUCTURE NO. 1610-1 55",0164,504006P,,"REINFORCEMENT STEEL, EPOXY-COATED","20,700",LB,"RITACCO CONSTRUCTION, INC.",$3.00,"$62,100.00"
23115,115,0006,"SQUIRRELWOOD RD, BRIDGE OVER ROUTE 80 - STRUCTURE NO. 1610-1 55",0164,504006P,,"REINFORCEMENT STEEL, EPOXY-COATED","20,700",LB,"FERREIRA CONSTRUCTION CO., INC.",$2.65,"$54,855.00"
23115,115,0006,"SQUIRRELWOOD RD, BRIDGE OVER ROUTE 80 - STRUCTURE NO. 1610-1 55",0165,504009P,,"REINFORCEMENT STEEL, GALVANIZED","93,000",LB,"BERTO CONSTRUCTION, INC.",$3.00,"$279,000.00"
23115,115,0006,"SQUIRRELWOOD RD, BRIDGE OVER ROUTE 80 - STRUCTURE NO. 1610-1 55",0165,504009P,,"REINFORCEMENT STEEL, GALVANIZED","93,000",LB,"RITACCO CONSTRUCTION, INC.",$2.50,"$232,500.00"
23115,115,0006,"SQUIRRELWOOD RD, BRIDGE OVER ROUTE 80 - STRUCTURE NO. 1610-1 55",0165,504009P,,"REINFORCEMENT STEEL, GALVANIZED","93,000",LB,"FERREIRA CONSTRUCTION CO., INC.",$2.75,"$255,750.00"
23115,115,0006,"SQUIRRELWOOD RD, BRIDGE OVER ROUTE 80 - STRUCTURE NO. 1610-1 55",0166,504024P,,CONCRETE ABUTMENT WALL,128,CY,"BERTO CONSTRUCTION, INC.","$2,500.00","$320,000.00"
23115,115,0006,"SQUIRRELWOOD RD, BRIDGE OVER ROUTE 80 - STRUCTURE NO. 1610-1 55",0166,504024P,,CONCRETE ABUTMENT WALL,128,CY,"RITACCO CONSTRUCTION, INC.","$1,250.00","$160,000.00"
23115,115,0006,"SQUIRRELWOOD RD, BRIDGE OVER ROUTE 80 - STRUCTURE NO. 1610-1 55",0166,504024P,,CONCRETE ABUTMENT WALL,128,CY,"FERREIRA CONSTRUCTION CO., INC.","$1,600.00","$204,800.00"
23115,115,0006,"SQUIRRELWOOD RD, BRIDGE OVER ROUTE 80 - STRUCTURE NO. 1610-1 55",0167,504026P,,"CONCRETE PIER COLUMN AND CAP, HPC",20,CY,"BERTO CONSTRUCTION, INC.","$4,000.00","$80,000.00"
23115,115,0006,"SQUIRRELWOOD RD, BRIDGE OVER ROUTE 80 - STRUCTURE NO. 1610-1 55",0167,504026P,,"CONCRETE PIER COLUMN AND CAP, HPC",20,CY,"RITACCO CONSTRUCTION, INC.","$2,250.00","$45,000.00"
23115,115,0006,"SQUIRRELWOOD RD, BRIDGE OVER ROUTE 80 - STRUCTURE NO. 1610-1 55",0167,504026P,,"CONCRETE PIER COLUMN AND CAP, HPC",20,CY,"FERREIRA CONSTRUCTION CO., INC.","$5,500.00","$110,000.00"
23115,115,0006,"SQUIRRELWOOD RD, BRIDGE OVER ROUTE 80 - STRUCTURE NO. 1610-1 55",0168,504036P,,EPOXY WATERPROOFING,44,SY,"BERTO CONSTRUCTION, INC.",$65.00,"$2,860.00"
23115,115,0006,"SQUIRRELWOOD RD, BRIDGE OVER ROUTE 80 - STRUCTURE NO. 1610-1 55",0168,504036P,,EPOXY WATERPROOFING,44,SY,"RITACCO CONSTRUCTION, INC.",$60.00,"$2,640.00"
23115,115,0006,"SQUIRRELWOOD RD, BRIDGE OVER ROUTE 80 - STRUCTURE NO. 1610-1 55",0168,504036P,,EPOXY WATERPROOFING,44,SY,"FERREIRA CONSTRUCTION CO., INC.",$90.00,"$3,960.00"
23115,115,0006,"SQUIRRELWOOD RD, BRIDGE OVER ROUTE 80 - STRUCTURE NO. 1610-1 55",0169,504053P,,CONCRETE PYLON,36,LF,"BERTO CONSTRUCTION, INC.",$500.00,"$18,000.00"
23115,115,0006,"SQUIRRELWOOD RD, BRIDGE OVER ROUTE 80 - STRUCTURE NO. 1610-1 55",0169,504053P,,CONCRETE PYLON,36,LF,"RITACCO CONSTRUCTION, INC.",$500.00,"$18,000.00"
23115,115,0006,"SQUIRRELWOOD RD, BRIDGE OVER ROUTE 80 - STRUCTURE NO. 1610-1 55",0169,504053P,,CONCRETE PYLON,36,LF,"FERREIRA CONSTRUCTION CO., INC.","$1,400.00","$50,400.00"
23115,115,0006,"SQUIRRELWOOD RD, BRIDGE OVER ROUTE 80 - STRUCTURE NO. 1610-1 55",0170,506003P,,STRUCTURAL STEEL 390000 LBS,1,LS,"BERTO CONSTRUCTION, INC.","$2,000,000.00","$2,000,000.00"
23115,115,0006,"SQUIRRELWOOD RD, BRIDGE OVER ROUTE 80 - STRUCTURE NO. 1610-1 55",0170,506003P,,STRUCTURAL STEEL 390000 LBS,1,LS,"RITACCO CONSTRUCTION, INC.","$2,900,000.00","$2,900,000.00"
23115,115,0006,"SQUIRRELWOOD RD, BRIDGE OVER ROUTE 80 - STRUCTURE NO. 1610-1 55",0170,506003P,,STRUCTURAL STEEL 390000 LBS,1,LS,"FERREIRA CONSTRUCTION CO., INC.","$3,000,000.00","$3,000,000.00"
23115,115,0006,"SQUIRRELWOOD RD, BRIDGE OVER ROUTE 80 - STRUCTURE NO. 1610-1 55",0171,506010M,,HIGH LOAD MULTIROTATIONAL BEARING ASSEMBLY,18,U,"BERTO CONSTRUCTION, INC.","$10,000.00","$180,000.00"
23115,115,0006,"SQUIRRELWOOD RD, BRIDGE OVER ROUTE 80 - STRUCTURE NO. 1610-1 55",0171,506010M,,HIGH LOAD MULTIROTATIONAL BEARING ASSEMBLY,18,U,"RITACCO CONSTRUCTION, INC.","$9,500.00","$171,000.00"
23115,115,0006,"SQUIRRELWOOD RD, BRIDGE OVER ROUTE 80 - STRUCTURE NO. 1610-1 55",0171,506010M,,HIGH LOAD MULTIROTATIONAL BEARING ASSEMBLY,18,U,"FERREIRA CONSTRUCTION CO., INC.","$10,000.00","$180,000.00"
23115,115,0006,"SQUIRRELWOOD RD, BRIDGE OVER ROUTE 80 - STRUCTURE NO. 1610-1 55",0172,506012P,,SHEAR CONNECTOR,"6,800",U,"BERTO CONSTRUCTION, INC.",$6.00,"$40,800.00"
23115,115,0006,"SQUIRRELWOOD RD, BRIDGE OVER ROUTE 80 - STRUCTURE NO. 1610-1 55",0172,506012P,,SHEAR CONNECTOR,"6,800",U,"RITACCO CONSTRUCTION, INC.",$9.00,"$61,200.00"
23115,115,0006,"SQUIRRELWOOD RD, BRIDGE OVER ROUTE 80 - STRUCTURE NO. 1610-1 55",0172,506012P,,SHEAR CONNECTOR,"6,800",U,"FERREIRA CONSTRUCTION CO., INC.",$6.75,"$45,900.00"
23115,115,0006,"SQUIRRELWOOD RD, BRIDGE OVER ROUTE 80 - STRUCTURE NO. 1610-1 55",0173,507015P,,STRIP SEAL EXPANSION JOINT ASSEMBLY,89,LF,"BERTO CONSTRUCTION, INC.","$1,000.00","$89,000.00"
23115,115,0006,"SQUIRRELWOOD RD, BRIDGE OVER ROUTE 80 - STRUCTURE NO. 1610-1 55",0173,507015P,,STRIP SEAL EXPANSION JOINT ASSEMBLY,89,LF,"RITACCO CONSTRUCTION, INC.",$900.00,"$80,100.00"
23115,115,0006,"SQUIRRELWOOD RD, BRIDGE OVER ROUTE 80 - STRUCTURE NO. 1610-1 55",0173,507015P,,STRIP SEAL EXPANSION JOINT ASSEMBLY,89,LF,"FERREIRA CONSTRUCTION CO., INC.","$1,300.00","$115,700.00"
23115,115,0006,"SQUIRRELWOOD RD, BRIDGE OVER ROUTE 80 - STRUCTURE NO. 1610-1 55",0174,507024P,,"CONCRETE BRIDGE DECK, HPC",280,CY,"BERTO CONSTRUCTION, INC.","$2,400.00","$672,000.00"
23115,115,0006,"SQUIRRELWOOD RD, BRIDGE OVER ROUTE 80 - STRUCTURE NO. 1610-1 55",0174,507024P,,"CONCRETE BRIDGE DECK, HPC",280,CY,"RITACCO CONSTRUCTION, INC.","$1,200.00","$336,000.00"
23115,115,0006,"SQUIRRELWOOD RD, BRIDGE OVER ROUTE 80 - STRUCTURE NO. 1610-1 55",0174,507024P,,"CONCRETE BRIDGE DECK, HPC",280,CY,"FERREIRA CONSTRUCTION CO., INC.","$2,000.00","$560,000.00"
23115,115,0006,"SQUIRRELWOOD RD, BRIDGE OVER ROUTE 80 - STRUCTURE NO. 1610-1 55",0175,507027M,,DATE PANEL,2,U,"BERTO CONSTRUCTION, INC.","$2,500.00","$5,000.00"
23115,115,0006,"SQUIRRELWOOD RD, BRIDGE OVER ROUTE 80 - STRUCTURE NO. 1610-1 55",0175,507027M,,DATE PANEL,2,U,"RITACCO CONSTRUCTION, INC.","$2,000.00","$4,000.00"
23115,115,0006,"SQUIRRELWOOD RD, BRIDGE OVER ROUTE 80 - STRUCTURE NO. 1610-1 55",0175,507027M,,DATE PANEL,2,U,"FERREIRA CONSTRUCTION CO., INC.","$1,000.00","$2,000.00"
23115,115,0006,"SQUIRRELWOOD RD, BRIDGE OVER ROUTE 80 - STRUCTURE NO. 1610-1 55",0176,507033P,,"CONCRETE BRIDGE SIDEWALK, HPC",43,CY,"BERTO CONSTRUCTION, INC.","$1,000.00","$43,000.00"
23115,115,0006,"SQUIRRELWOOD RD, BRIDGE OVER ROUTE 80 - STRUCTURE NO. 1610-1 55",0176,507033P,,"CONCRETE BRIDGE SIDEWALK, HPC",43,CY,"RITACCO CONSTRUCTION, INC.","$1,300.00","$55,900.00"
23115,115,0006,"SQUIRRELWOOD RD, BRIDGE OVER ROUTE 80 - STRUCTURE NO. 1610-1 55",0176,507033P,,"CONCRETE BRIDGE SIDEWALK, HPC",43,CY,"FERREIRA CONSTRUCTION CO., INC.","$1,240.00","$53,320.00"
23115,115,0006,"SQUIRRELWOOD RD, BRIDGE OVER ROUTE 80 - STRUCTURE NO. 1610-1 55",0177,507039P,,"CONCRETE BRIDGE PARAPET, HPC",392,LF,"BERTO CONSTRUCTION, INC.",$300.00,"$117,600.00"
23115,115,0006,"SQUIRRELWOOD RD, BRIDGE OVER ROUTE 80 - STRUCTURE NO. 1610-1 55",0177,507039P,,"CONCRETE BRIDGE PARAPET, HPC",392,LF,"RITACCO CONSTRUCTION, INC.",$400.00,"$156,800.00"
23115,115,0006,"SQUIRRELWOOD RD, BRIDGE OVER ROUTE 80 - STRUCTURE NO. 1610-1 55",0177,507039P,,"CONCRETE BRIDGE PARAPET, HPC",392,LF,"FERREIRA CONSTRUCTION CO., INC.",$415.00,"$162,680.00"
23115,115,0006,"SQUIRRELWOOD RD, BRIDGE OVER ROUTE 80 - STRUCTURE NO. 1610-1 55",0178,507051P,,CONCRETE BRIDGE APPROACH,100,CY,"BERTO CONSTRUCTION, INC.","$1,500.00","$150,000.00"
23115,115,0006,"SQUIRRELWOOD RD, BRIDGE OVER ROUTE 80 - STRUCTURE NO. 1610-1 55",0178,507051P,,CONCRETE BRIDGE APPROACH,100,CY,"RITACCO CONSTRUCTION, INC.",$800.00,"$80,000.00"
23115,115,0006,"SQUIRRELWOOD RD, BRIDGE OVER ROUTE 80 - STRUCTURE NO. 1610-1 55",0178,507051P,,CONCRETE BRIDGE APPROACH,100,CY,"FERREIRA CONSTRUCTION CO., INC.","$2,000.00","$200,000.00"
23115,115,0006,"SQUIRRELWOOD RD, BRIDGE OVER ROUTE 80 - STRUCTURE NO. 1610-1 55",0179,507140P,,BRIDGE DECK AND BRIDGE APPROACH SEALING,500,SF,"BERTO CONSTRUCTION, INC.",$25.00,"$12,500.00"
23115,115,0006,"SQUIRRELWOOD RD, BRIDGE OVER ROUTE 80 - STRUCTURE NO. 1610-1 55",0179,507140P,,BRIDGE DECK AND BRIDGE APPROACH SEALING,500,SF,"RITACCO CONSTRUCTION, INC.",$15.00,"$7,500.00"
23115,115,0006,"SQUIRRELWOOD RD, BRIDGE OVER ROUTE 80 - STRUCTURE NO. 1610-1 55",0179,507140P,,BRIDGE DECK AND BRIDGE APPROACH SEALING,500,SF,"FERREIRA CONSTRUCTION CO., INC.",$10.00,"$5,000.00"
23115,115,0006,"SQUIRRELWOOD RD, BRIDGE OVER ROUTE 80 - STRUCTURE NO. 1610-1 55",0180,508003M,,INLET FRAME AND GRATE,1,U,"BERTO CONSTRUCTION, INC.","$3,000.00","$3,000.00"
23115,115,0006,"SQUIRRELWOOD RD, BRIDGE OVER ROUTE 80 - STRUCTURE NO. 1610-1 55",0180,508003M,,INLET FRAME AND GRATE,1,U,"RITACCO CONSTRUCTION, INC.","$5,500.00","$5,500.00"
23115,115,0006,"SQUIRRELWOOD RD, BRIDGE OVER ROUTE 80 - STRUCTURE NO. 1610-1 55",0180,508003M,,INLET FRAME AND GRATE,1,U,"FERREIRA CONSTRUCTION CO., INC.","$8,230.00","$8,230.00"
23115,115,0006,"SQUIRRELWOOD RD, BRIDGE OVER ROUTE 80 - STRUCTURE NO. 1610-1 55",0181,508902P,,"_____"" FIBERGLASS PIPE 8"" FIBERGLASS PIPE",15,LF,"BERTO CONSTRUCTION, INC.",$300.00,"$4,500.00"
23115,115,0006,"SQUIRRELWOOD RD, BRIDGE OVER ROUTE 80 - STRUCTURE NO. 1610-1 55",0181,508902P,,"_____"" FIBERGLASS PIPE 8"" FIBERGLASS PIPE",15,LF,"RITACCO CONSTRUCTION, INC.",$300.00,"$4,500.00"
23115,115,0006,"SQUIRRELWOOD RD, BRIDGE OVER ROUTE 80 - STRUCTURE NO. 1610-1 55",0181,508902P,,"_____"" FIBERGLASS PIPE 8"" FIBERGLASS PIPE",15,LF,"FERREIRA CONSTRUCTION CO., INC.",$405.00,"$6,075.00"
23115,115,0006,"SQUIRRELWOOD RD, BRIDGE OVER ROUTE 80 - STRUCTURE NO. 1610-1 55",0182,509083P,,"CHAIN-LINK FENCE, TYPE IV, PVC-COATED STEEL, BRIDGE, 6' 3"" HIGH, CURVED TOP",392,LF,"BERTO CONSTRUCTION, INC.",$175.00,"$68,600.00"
23115,115,0006,"SQUIRRELWOOD RD, BRIDGE OVER ROUTE 80 - STRUCTURE NO. 1610-1 55",0182,509083P,,"CHAIN-LINK FENCE, TYPE IV, PVC-COATED STEEL, BRIDGE, 6' 3"" HIGH, CURVED TOP",392,LF,"RITACCO CONSTRUCTION, INC.",$250.00,"$98,000.00"
23115,115,0006,"SQUIRRELWOOD RD, BRIDGE OVER ROUTE 80 - STRUCTURE NO. 1610-1 55",0182,509083P,,"CHAIN-LINK FENCE, TYPE IV, PVC-COATED STEEL, BRIDGE, 6' 3"" HIGH, CURVED TOP",392,LF,"FERREIRA CONSTRUCTION CO., INC.",$330.00,"$129,360.00"
23115,115,0006,"SQUIRRELWOOD RD, BRIDGE OVER ROUTE 80 - STRUCTURE NO. 1610-1 55",0183,509151P,,"BRIDGE COMBINATION RAILING (2 RAIL, STEEL)",392,LF,"BERTO CONSTRUCTION, INC.",$250.00,"$98,000.00"
23115,115,0006,"SQUIRRELWOOD RD, BRIDGE OVER ROUTE 80 - STRUCTURE NO. 1610-1 55",0183,509151P,,"BRIDGE COMBINATION RAILING (2 RAIL, STEEL)",392,LF,"RITACCO CONSTRUCTION, INC.",$400.00,"$156,800.00"
23115,115,0006,"SQUIRRELWOOD RD, BRIDGE OVER ROUTE 80 - STRUCTURE NO. 1610-1 55",0183,509151P,,"BRIDGE COMBINATION RAILING (2 RAIL, STEEL)",392,LF,"FERREIRA CONSTRUCTION CO., INC.",$275.00,"$107,800.00"
23115,115,0006,"SQUIRRELWOOD RD, BRIDGE OVER ROUTE 80 - STRUCTURE NO. 1610-1 55",0184,514008P,,"TEMPORARY STRUCTURE, WALKWAY",1,LS,"BERTO CONSTRUCTION, INC.","$75,000.00","$75,000.00"
23115,115,0006,"SQUIRRELWOOD RD, BRIDGE OVER ROUTE 80 - STRUCTURE NO. 1610-1 55",0184,514008P,,"TEMPORARY STRUCTURE, WALKWAY",1,LS,"RITACCO CONSTRUCTION, INC.","$95,000.00","$95,000.00"
23115,115,0006,"SQUIRRELWOOD RD, BRIDGE OVER ROUTE 80 - STRUCTURE NO. 1610-1 55",0184,514008P,,"TEMPORARY STRUCTURE, WALKWAY",1,LS,"FERREIRA CONSTRUCTION CO., INC.","$165,000.00","$165,000.00"
23115,115,0006,"SQUIRRELWOOD RD, BRIDGE OVER ROUTE 80 - STRUCTURE NO. 1610-1 55",0185,552003M,,"PRESSURE INJECTION, CONCRETE CRACKS",40,LF,"BERTO CONSTRUCTION, INC.",$100.00,"$4,000.00"
23115,115,0006,"SQUIRRELWOOD RD, BRIDGE OVER ROUTE 80 - STRUCTURE NO. 1610-1 55",0185,552003M,,"PRESSURE INJECTION, CONCRETE CRACKS",40,LF,"RITACCO CONSTRUCTION, INC.",$220.00,"$8,800.00"
23115,115,0006,"SQUIRRELWOOD RD, BRIDGE OVER ROUTE 80 - STRUCTURE NO. 1610-1 55",0185,552003M,,"PRESSURE INJECTION, CONCRETE CRACKS",40,LF,"FERREIRA CONSTRUCTION CO., INC.",$190.00,"$7,600.00"
23115,115,0006,"SQUIRRELWOOD RD, BRIDGE OVER ROUTE 80 - STRUCTURE NO. 1610-1 55",0186,555003M,,SUBSTRUCTURE CONCRETE REPAIR,20,SF,"BERTO CONSTRUCTION, INC.",$400.00,"$8,000.00"
23115,115,0006,"SQUIRRELWOOD RD, BRIDGE OVER ROUTE 80 - STRUCTURE NO. 1610-1 55",0186,555003M,,SUBSTRUCTURE CONCRETE REPAIR,20,SF,"RITACCO CONSTRUCTION, INC.",$340.00,"$6,800.00"
23115,115,0006,"SQUIRRELWOOD RD, BRIDGE OVER ROUTE 80 - STRUCTURE NO. 1610-1 55",0186,555003M,,SUBSTRUCTURE CONCRETE REPAIR,20,SF,"FERREIRA CONSTRUCTION CO., INC.",$600.00,"$12,000.00"
23115,115,0006,"SQUIRRELWOOD RD, BRIDGE OVER ROUTE 80 - STRUCTURE NO. 1610-1 55",0187,557006P,,ELECTROCHEMICAL CHLORIDE EXTRACTION,1,LS,"BERTO CONSTRUCTION, INC.","$350,000.00","$350,000.00"
23115,115,0006,"SQUIRRELWOOD RD, BRIDGE OVER ROUTE 80 - STRUCTURE NO. 1610-1 55",0187,557006P,,ELECTROCHEMICAL CHLORIDE EXTRACTION,1,LS,"RITACCO CONSTRUCTION, INC.","$225,000.00","$225,000.00"
23115,115,0006,"SQUIRRELWOOD RD, BRIDGE OVER ROUTE 80 - STRUCTURE NO. 1610-1 55",0187,557006P,,ELECTROCHEMICAL CHLORIDE EXTRACTION,1,LS,"FERREIRA CONSTRUCTION CO., INC.","$150,000.00","$150,000.00"
23115,115,0006,"SQUIRRELWOOD RD, BRIDGE OVER ROUTE 80 - STRUCTURE NO. 1610-1 55",0188,558020P,,GALVANIC ANODES IN CONCRETE,48,U,"BERTO CONSTRUCTION, INC.",$600.00,"$28,800.00"
23115,115,0006,"SQUIRRELWOOD RD, BRIDGE OVER ROUTE 80 - STRUCTURE NO. 1610-1 55",0188,558020P,,GALVANIC ANODES IN CONCRETE,48,U,"RITACCO CONSTRUCTION, INC.",$400.00,"$19,200.00"
23115,115,0006,"SQUIRRELWOOD RD, BRIDGE OVER ROUTE 80 - STRUCTURE NO. 1610-1 55",0188,558020P,,GALVANIC ANODES IN CONCRETE,48,U,"FERREIRA CONSTRUCTION CO., INC.",$700.00,"$33,600.00"
23115,115,0006,"SQUIRRELWOOD RD, BRIDGE OVER ROUTE 80 - STRUCTURE NO. 1610-1 55",0189,701021P,,"3"" RIGID METALLIC CONDUIT",460,LF,"BERTO CONSTRUCTION, INC.",$55.00,"$25,300.00"
23115,115,0006,"SQUIRRELWOOD RD, BRIDGE OVER ROUTE 80 - STRUCTURE NO. 1610-1 55",0189,701021P,,"3"" RIGID METALLIC CONDUIT",460,LF,"RITACCO CONSTRUCTION, INC.",$50.00,"$23,000.00"
23115,115,0006,"SQUIRRELWOOD RD, BRIDGE OVER ROUTE 80 - STRUCTURE NO. 1610-1 55",0189,701021P,,"3"" RIGID METALLIC CONDUIT",460,LF,"FERREIRA CONSTRUCTION CO., INC.",$70.00,"$32,200.00"
23115,115,0006,"SQUIRRELWOOD RD, BRIDGE OVER ROUTE 80 - STRUCTURE NO. 1610-1 55",0190,701120M,,JUNCTION BOX FRAME AND COVER,3,U,"BERTO CONSTRUCTION, INC.","$3,000.00","$9,000.00"
23115,115,0006,"SQUIRRELWOOD RD, BRIDGE OVER ROUTE 80 - STRUCTURE NO. 1610-1 55",0190,701120M,,JUNCTION BOX FRAME AND COVER,3,U,"RITACCO CONSTRUCTION, INC.","$1,500.00","$4,500.00"
23115,115,0006,"SQUIRRELWOOD RD, BRIDGE OVER ROUTE 80 - STRUCTURE NO. 1610-1 55",0190,701120M,,JUNCTION BOX FRAME AND COVER,3,U,"FERREIRA CONSTRUCTION CO., INC.","$4,000.00","$12,000.00"
23115,115,0007,CANTILEVER SIGN SUPPORT STRUCTURE NO. 1,0191,202009P,,"EXCAVATION, UNCLASSIFIED",12,CY,"BERTO CONSTRUCTION, INC.","$2,400.00","$28,800.00"
23115,115,0007,CANTILEVER SIGN SUPPORT STRUCTURE NO. 1,0191,202009P,,"EXCAVATION, UNCLASSIFIED",12,CY,"RITACCO CONSTRUCTION, INC.","$2,250.00","$27,000.00"
23115,115,0007,CANTILEVER SIGN SUPPORT STRUCTURE NO. 1,0191,202009P,,"EXCAVATION, UNCLASSIFIED",12,CY,"FERREIRA CONSTRUCTION CO., INC.",$775.00,"$9,300.00"
23115,115,0007,CANTILEVER SIGN SUPPORT STRUCTURE NO. 1,0192,501003P,,TEMPORARY SHEETING,169,SF,"BERTO CONSTRUCTION, INC.",$65.00,"$10,985.00"
23115,115,0007,CANTILEVER SIGN SUPPORT STRUCTURE NO. 1,0192,501003P,,TEMPORARY SHEETING,169,SF,"RITACCO CONSTRUCTION, INC.",$60.00,"$10,140.00"
23115,115,0007,CANTILEVER SIGN SUPPORT STRUCTURE NO. 1,0192,501003P,,TEMPORARY SHEETING,169,SF,"FERREIRA CONSTRUCTION CO., INC.",$65.00,"$10,985.00"
23115,115,0007,CANTILEVER SIGN SUPPORT STRUCTURE NO. 1,0193,503003P,,FURNISHING DRILLED SHAFT EQUIPMENT,1,LS,"BERTO CONSTRUCTION, INC.","$33,000.00","$33,000.00"
23115,115,0007,CANTILEVER SIGN SUPPORT STRUCTURE NO. 1,0193,503003P,,FURNISHING DRILLED SHAFT EQUIPMENT,1,LS,"RITACCO CONSTRUCTION, INC.","$25,000.00","$25,000.00"
23115,115,0007,CANTILEVER SIGN SUPPORT STRUCTURE NO. 1,0193,503003P,,FURNISHING DRILLED SHAFT EQUIPMENT,1,LS,"FERREIRA CONSTRUCTION CO., INC.","$50,000.00","$50,000.00"
23115,115,0007,CANTILEVER SIGN SUPPORT STRUCTURE NO. 1,0194,503012M,,CROSSHOLE SONIC LOGGING,1,U,"BERTO CONSTRUCTION, INC.","$2,400.00","$2,400.00"
23115,115,0007,CANTILEVER SIGN SUPPORT STRUCTURE NO. 1,0194,503012M,,CROSSHOLE SONIC LOGGING,1,U,"RITACCO CONSTRUCTION, INC.","$2,250.00","$2,250.00"
23115,115,0007,CANTILEVER SIGN SUPPORT STRUCTURE NO. 1,0194,503012M,,CROSSHOLE SONIC LOGGING,1,U,"FERREIRA CONSTRUCTION CO., INC.","$3,500.00","$3,500.00"
23115,115,0007,CANTILEVER SIGN SUPPORT STRUCTURE NO. 1,0195,503015M,,SHAFT CORING,12,LF,"BERTO CONSTRUCTION, INC.",$500.00,"$6,000.00"
23115,115,0007,CANTILEVER SIGN SUPPORT STRUCTURE NO. 1,0195,503015M,,SHAFT CORING,12,LF,"RITACCO CONSTRUCTION, INC.",$500.00,"$6,000.00"
23115,115,0007,CANTILEVER SIGN SUPPORT STRUCTURE NO. 1,0195,503015M,,SHAFT CORING,12,LF,"FERREIRA CONSTRUCTION CO., INC.",$200.00,"$2,400.00"
23115,115,0007,CANTILEVER SIGN SUPPORT STRUCTURE NO. 1,0196,503027M,,"DRILLED SHAFT IN SOIL 60"" DIAMETER",2,LF,"BERTO CONSTRUCTION, INC.","$2,000.00","$4,000.00"
23115,115,0007,CANTILEVER SIGN SUPPORT STRUCTURE NO. 1,0196,503027M,,"DRILLED SHAFT IN SOIL 60"" DIAMETER",2,LF,"RITACCO CONSTRUCTION, INC.","$1,900.00","$3,800.00"
23115,115,0007,CANTILEVER SIGN SUPPORT STRUCTURE NO. 1,0196,503027M,,"DRILLED SHAFT IN SOIL 60"" DIAMETER",2,LF,"FERREIRA CONSTRUCTION CO., INC.","$1,950.00","$3,900.00"
23115,115,0007,CANTILEVER SIGN SUPPORT STRUCTURE NO. 1,0197,503042M,,"DRILLED SHAFT IN ROCK 60"" DIAMETER",10,LF,"BERTO CONSTRUCTION, INC.","$7,500.00","$75,000.00"
23115,115,0007,CANTILEVER SIGN SUPPORT STRUCTURE NO. 1,0197,503042M,,"DRILLED SHAFT IN ROCK 60"" DIAMETER",10,LF,"RITACCO CONSTRUCTION, INC.","$7,500.00","$75,000.00"
23115,115,0007,CANTILEVER SIGN SUPPORT STRUCTURE NO. 1,0197,503042M,,"DRILLED SHAFT IN ROCK 60"" DIAMETER",10,LF,"FERREIRA CONSTRUCTION CO., INC.","$3,925.00","$39,250.00"
23115,115,0007,CANTILEVER SIGN SUPPORT STRUCTURE NO. 1,0198,503048M,,OBSTRUCTION REMOVAL,10,LF,"BERTO CONSTRUCTION, INC.","$1,000.00","$10,000.00"
23115,115,0007,CANTILEVER SIGN SUPPORT STRUCTURE NO. 1,0198,503048M,,OBSTRUCTION REMOVAL,10,LF,"RITACCO CONSTRUCTION, INC.",$880.00,"$8,800.00"
23115,115,0007,CANTILEVER SIGN SUPPORT STRUCTURE NO. 1,0198,503048M,,OBSTRUCTION REMOVAL,10,LF,"FERREIRA CONSTRUCTION CO., INC.","$1,275.00","$12,750.00"
23115,115,0007,CANTILEVER SIGN SUPPORT STRUCTURE NO. 1,0199,503051M,,TOMOGRAPHY,1,U,"BERTO CONSTRUCTION, INC.","$2,000.00","$2,000.00"
23115,115,0007,CANTILEVER SIGN SUPPORT STRUCTURE NO. 1,0199,503051M,,TOMOGRAPHY,1,U,"RITACCO CONSTRUCTION, INC.","$1,700.00","$1,700.00"
23115,115,0007,CANTILEVER SIGN SUPPORT STRUCTURE NO. 1,0199,503051M,,TOMOGRAPHY,1,U,"FERREIRA CONSTRUCTION CO., INC.","$1,500.00","$1,500.00"
23115,115,0007,CANTILEVER SIGN SUPPORT STRUCTURE NO. 1,0200,504006P,,"REINFORCEMENT STEEL, EPOXY-COATED","1,500",LB,"BERTO CONSTRUCTION, INC.",$5.00,"$7,500.00"
23115,115,0007,CANTILEVER SIGN SUPPORT STRUCTURE NO. 1,0200,504006P,,"REINFORCEMENT STEEL, EPOXY-COATED","1,500",LB,"RITACCO CONSTRUCTION, INC.",$2.00,"$3,000.00"
23115,115,0007,CANTILEVER SIGN SUPPORT STRUCTURE NO. 1,0200,504006P,,"REINFORCEMENT STEEL, EPOXY-COATED","1,500",LB,"FERREIRA CONSTRUCTION CO., INC.",$2.05,"$3,075.00"
23115,115,0007,CANTILEVER SIGN SUPPORT STRUCTURE NO. 1,0201,504026P,,"CONCRETE PIER COLUMN AND CAP, HPC",7,CY,"BERTO CONSTRUCTION, INC.","$5,500.00","$38,500.00"
23115,115,0007,CANTILEVER SIGN SUPPORT STRUCTURE NO. 1,0201,504026P,,"CONCRETE PIER COLUMN AND CAP, HPC",7,CY,"RITACCO CONSTRUCTION, INC.","$5,000.00","$35,000.00"
23115,115,0007,CANTILEVER SIGN SUPPORT STRUCTURE NO. 1,0201,504026P,,"CONCRETE PIER COLUMN AND CAP, HPC",7,CY,"FERREIRA CONSTRUCTION CO., INC.","$3,500.00","$24,500.00"
23115,115,0007,CANTILEVER SIGN SUPPORT STRUCTURE NO. 1,0202,504036P,,EPOXY WATERPROOFING,8,SY,"BERTO CONSTRUCTION, INC.",$135.00,"$1,080.00"
23115,115,0007,CANTILEVER SIGN SUPPORT STRUCTURE NO. 1,0202,504036P,,EPOXY WATERPROOFING,8,SY,"RITACCO CONSTRUCTION, INC.",$130.00,"$1,040.00"
23115,115,0007,CANTILEVER SIGN SUPPORT STRUCTURE NO. 1,0202,504036P,,EPOXY WATERPROOFING,8,SY,"FERREIRA CONSTRUCTION CO., INC.",$83.00,$664.00
23115,115,0007,CANTILEVER SIGN SUPPORT STRUCTURE NO. 1,0203,512003M,,"CANTILEVER SIGN SUPPORT, STRUCTURE NO. ___ STRUCTURE NO. 1",1,U,"BERTO CONSTRUCTION, INC.","$135,000.00","$135,000.00"
23115,115,0007,CANTILEVER SIGN SUPPORT STRUCTURE NO. 1,0203,512003M,,"CANTILEVER SIGN SUPPORT, STRUCTURE NO. ___ STRUCTURE NO. 1",1,U,"RITACCO CONSTRUCTION, INC.","$175,000.00","$175,000.00"
23115,115,0007,CANTILEVER SIGN SUPPORT STRUCTURE NO. 1,0203,512003M,,"CANTILEVER SIGN SUPPORT, STRUCTURE NO. ___ STRUCTURE NO. 1",1,U,"FERREIRA CONSTRUCTION CO., INC.","$225,000.00","$225,000.00"