Proposal,Call Order,Section Number,Section Description,Line,Item,Alternate Code,Item Description,Quantity,Unit,Vendor Name,Unit Price,Extension
23132,132,0001,Roadway,0001,151006M,,PERFORMANCE BOND AND PAYMENT BOND,1,DOLL,"RITACCO CONSTRUCTION, INC.","$40,000.00","$40,000.00"
23132,132,0001,Roadway,0001,151006M,,PERFORMANCE BOND AND PAYMENT BOND,1,DOLL,"COLONNELLI BROTHERS, INC.","$60,000.00","$60,000.00"
23132,132,0001,Roadway,0001,151006M,,PERFORMANCE BOND AND PAYMENT BOND,1,DOLL,"RENCOR, INC.","$64,500.00","$64,500.00"
23132,132,0001,Roadway,0001,151006M,,PERFORMANCE BOND AND PAYMENT BOND,1,DOLL,"IEW CONSTRUCTION GROUP, INC.","$46,225.83","$46,225.83"
23132,132,0001,Roadway,0001,151006M,,PERFORMANCE BOND AND PAYMENT BOND,1,DOLL,"FERREIRA CONSTRUCTION CO., INC.","$77,700.00","$77,700.00"
23132,132,0003,Non-Participating Roadway,0002,152015P,,POLLUTION LIABILITY INSURANCE,1,DOLL,"RITACCO CONSTRUCTION, INC.","$12,000.00","$12,000.00"
23132,132,0003,Non-Participating Roadway,0002,152015P,,POLLUTION LIABILITY INSURANCE,1,DOLL,"COLONNELLI BROTHERS, INC.","$13,000.00","$13,000.00"
23132,132,0003,Non-Participating Roadway,0002,152015P,,POLLUTION LIABILITY INSURANCE,1,DOLL,"RENCOR, INC.","$14,000.00","$14,000.00"
23132,132,0003,Non-Participating Roadway,0002,152015P,,POLLUTION LIABILITY INSURANCE,1,DOLL,"IEW CONSTRUCTION GROUP, INC.","$13,525.90","$13,525.90"
23132,132,0003,Non-Participating Roadway,0002,152015P,,POLLUTION LIABILITY INSURANCE,1,DOLL,"FERREIRA CONSTRUCTION CO., INC.","$14,500.00","$14,500.00"
23132,132,0001,Roadway,0003,153003P,,PROGRESS SCHEDULE,1,LS,"RITACCO CONSTRUCTION, INC.","$3,000.00","$3,000.00"
23132,132,0001,Roadway,0003,153003P,,PROGRESS SCHEDULE,1,LS,"COLONNELLI BROTHERS, INC.","$10,000.00","$10,000.00"
23132,132,0001,Roadway,0003,153003P,,PROGRESS SCHEDULE,1,LS,"RENCOR, INC.","$5,000.00","$5,000.00"
23132,132,0001,Roadway,0003,153003P,,PROGRESS SCHEDULE,1,LS,"IEW CONSTRUCTION GROUP, INC.","$10,000.00","$10,000.00"
23132,132,0001,Roadway,0003,153003P,,PROGRESS SCHEDULE,1,LS,"FERREIRA CONSTRUCTION CO., INC.","$25,000.00","$25,000.00"
23132,132,0001,Roadway,0004,153005M,,PROGRESS SCHEDULE UPDATE,15,U,"RITACCO CONSTRUCTION, INC.",$300.00,"$4,500.00"
23132,132,0001,Roadway,0004,153005M,,PROGRESS SCHEDULE UPDATE,15,U,"COLONNELLI BROTHERS, INC.",$650.00,"$9,750.00"
23132,132,0001,Roadway,0004,153005M,,PROGRESS SCHEDULE UPDATE,15,U,"RENCOR, INC.",$500.00,"$7,500.00"
23132,132,0001,Roadway,0004,153005M,,PROGRESS SCHEDULE UPDATE,15,U,"IEW CONSTRUCTION GROUP, INC.",$250.00,"$3,750.00"
23132,132,0001,Roadway,0004,153005M,,PROGRESS SCHEDULE UPDATE,15,U,"FERREIRA CONSTRUCTION CO., INC.",$750.00,"$11,250.00"
23132,132,0001,Roadway,0005,154003P,,MOBILIZATION,1,LS,"RITACCO CONSTRUCTION, INC.","$733,700.00","$733,700.00"
23132,132,0001,Roadway,0005,154003P,,MOBILIZATION,1,LS,"COLONNELLI BROTHERS, INC.","$742,000.00","$742,000.00"
23132,132,0001,Roadway,0005,154003P,,MOBILIZATION,1,LS,"RENCOR, INC.","$600,000.00","$600,000.00"
23132,132,0001,Roadway,0005,154003P,,MOBILIZATION,1,LS,"IEW CONSTRUCTION GROUP, INC.","$930,000.00","$930,000.00"
23132,132,0001,Roadway,0005,154003P,,MOBILIZATION,1,LS,"FERREIRA CONSTRUCTION CO., INC.","$850,000.00","$850,000.00"
23132,132,0002,Construction Engineering,0006,155018M,,FIELD OFFICE TYPE F SET UP,1,U,"RITACCO CONSTRUCTION, INC.","$17,500.00","$17,500.00"
23132,132,0002,Construction Engineering,0006,155018M,,FIELD OFFICE TYPE F SET UP,1,U,"COLONNELLI BROTHERS, INC.","$60,000.00","$60,000.00"
23132,132,0002,Construction Engineering,0006,155018M,,FIELD OFFICE TYPE F SET UP,1,U,"RENCOR, INC.","$34,000.00","$34,000.00"
23132,132,0002,Construction Engineering,0006,155018M,,FIELD OFFICE TYPE F SET UP,1,U,"IEW CONSTRUCTION GROUP, INC.","$37,508.17","$37,508.17"
23132,132,0002,Construction Engineering,0006,155018M,,FIELD OFFICE TYPE F SET UP,1,U,"FERREIRA CONSTRUCTION CO., INC.","$50,000.00","$50,000.00"
23132,132,0002,Construction Engineering,0007,155036M,,FIELD OFFICE TYPE F MAINTENANCE,25,MO,"RITACCO CONSTRUCTION, INC.","$2,200.00","$55,000.00"
23132,132,0002,Construction Engineering,0007,155036M,,FIELD OFFICE TYPE F MAINTENANCE,25,MO,"COLONNELLI BROTHERS, INC.","$1,500.00","$37,500.00"
23132,132,0002,Construction Engineering,0007,155036M,,FIELD OFFICE TYPE F MAINTENANCE,25,MO,"RENCOR, INC.","$5,000.00","$125,000.00"
23132,132,0002,Construction Engineering,0007,155036M,,FIELD OFFICE TYPE F MAINTENANCE,25,MO,"IEW CONSTRUCTION GROUP, INC.","$4,495.31","$112,382.75"
23132,132,0002,Construction Engineering,0007,155036M,,FIELD OFFICE TYPE F MAINTENANCE,25,MO,"FERREIRA CONSTRUCTION CO., INC.","$4,000.00","$100,000.00"
23132,132,0001,Roadway,0008,157004M,,CONSTRUCTION LAYOUT,1,DOLL,"RITACCO CONSTRUCTION, INC.","$70,000.00","$70,000.00"
23132,132,0001,Roadway,0008,157004M,,CONSTRUCTION LAYOUT,1,DOLL,"COLONNELLI BROTHERS, INC.","$60,000.00","$60,000.00"
23132,132,0001,Roadway,0008,157004M,,CONSTRUCTION LAYOUT,1,DOLL,"RENCOR, INC.","$100,000.00","$100,000.00"
23132,132,0001,Roadway,0008,157004M,,CONSTRUCTION LAYOUT,1,DOLL,"IEW CONSTRUCTION GROUP, INC.","$169,458.29","$169,458.29"
23132,132,0001,Roadway,0008,157004M,,CONSTRUCTION LAYOUT,1,DOLL,"FERREIRA CONSTRUCTION CO., INC.","$200,000.00","$200,000.00"
23132,132,0004,Erosion Control,0009,158003M,,CAUTION FENCE,100,LF,"RITACCO CONSTRUCTION, INC.",$4.00,$400.00
23132,132,0004,Erosion Control,0009,158003M,,CAUTION FENCE,100,LF,"COLONNELLI BROTHERS, INC.",$1.00,$100.00
23132,132,0004,Erosion Control,0009,158003M,,CAUTION FENCE,100,LF,"RENCOR, INC.",$12.00,"$1,200.00"
23132,132,0004,Erosion Control,0009,158003M,,CAUTION FENCE,100,LF,"IEW CONSTRUCTION GROUP, INC.",$9.42,$942.00
23132,132,0004,Erosion Control,0009,158003M,,CAUTION FENCE,100,LF,"FERREIRA CONSTRUCTION CO., INC.",$12.00,"$1,200.00"
23132,132,0004,Erosion Control,0010,158009M,,"HEAVY DUTY SILT FENCE, ORANGE","2,483",LF,"RITACCO CONSTRUCTION, INC.",$8.00,"$19,864.00"
23132,132,0004,Erosion Control,0010,158009M,,"HEAVY DUTY SILT FENCE, ORANGE","2,483",LF,"COLONNELLI BROTHERS, INC.",$5.00,"$12,415.00"
23132,132,0004,Erosion Control,0010,158009M,,"HEAVY DUTY SILT FENCE, ORANGE","2,483",LF,"RENCOR, INC.",$12.00,"$29,796.00"
23132,132,0004,Erosion Control,0010,158009M,,"HEAVY DUTY SILT FENCE, ORANGE","2,483",LF,"IEW CONSTRUCTION GROUP, INC.",$12.48,"$30,987.84"
23132,132,0004,Erosion Control,0010,158009M,,"HEAVY DUTY SILT FENCE, ORANGE","2,483",LF,"FERREIRA CONSTRUCTION CO., INC.",$8.00,"$19,864.00"
23132,132,0004,Erosion Control,0011,158015M,,HAYBALE,25,U,"RITACCO CONSTRUCTION, INC.",$20.00,$500.00
23132,132,0004,Erosion Control,0011,158015M,,HAYBALE,25,U,"COLONNELLI BROTHERS, INC.",$5.00,$125.00
23132,132,0004,Erosion Control,0011,158015M,,HAYBALE,25,U,"RENCOR, INC.",$70.00,"$1,750.00"
23132,132,0004,Erosion Control,0011,158015M,,HAYBALE,25,U,"IEW CONSTRUCTION GROUP, INC.",$72.76,"$1,819.00"
23132,132,0004,Erosion Control,0011,158015M,,HAYBALE,25,U,"FERREIRA CONSTRUCTION CO., INC.",$50.00,"$1,250.00"
23132,132,0004,Erosion Control,0012,158030M,,"INLET FILTER TYPE 2, 2' X 4'",3,U,"RITACCO CONSTRUCTION, INC.",$175.00,$525.00
23132,132,0004,Erosion Control,0012,158030M,,"INLET FILTER TYPE 2, 2' X 4'",3,U,"COLONNELLI BROTHERS, INC.",$250.00,$750.00
23132,132,0004,Erosion Control,0012,158030M,,"INLET FILTER TYPE 2, 2' X 4'",3,U,"RENCOR, INC.",$450.00,"$1,350.00"
23132,132,0004,Erosion Control,0012,158030M,,"INLET FILTER TYPE 2, 2' X 4'",3,U,"IEW CONSTRUCTION GROUP, INC.",$430.32,"$1,290.96"
23132,132,0004,Erosion Control,0012,158030M,,"INLET FILTER TYPE 2, 2' X 4'",3,U,"FERREIRA CONSTRUCTION CO., INC.",$300.00,$900.00
23132,132,0004,Erosion Control,0013,158033M,,"INLET FILTER TYPE 2, 4' X 4'",14,U,"RITACCO CONSTRUCTION, INC.",$200.00,"$2,800.00"
23132,132,0004,Erosion Control,0013,158033M,,"INLET FILTER TYPE 2, 4' X 4'",14,U,"COLONNELLI BROTHERS, INC.",$250.00,"$3,500.00"
23132,132,0004,Erosion Control,0013,158033M,,"INLET FILTER TYPE 2, 4' X 4'",14,U,"RENCOR, INC.",$300.00,"$4,200.00"
23132,132,0004,Erosion Control,0013,158033M,,"INLET FILTER TYPE 2, 4' X 4'",14,U,"IEW CONSTRUCTION GROUP, INC.",$534.81,"$7,487.34"
23132,132,0004,Erosion Control,0013,158033M,,"INLET FILTER TYPE 2, 4' X 4'",14,U,"FERREIRA CONSTRUCTION CO., INC.",$300.00,"$4,200.00"
23132,132,0004,Erosion Control,0014,158048M,,"FLOATING TURBIDITY BARRIER, TYPE 3",200,LF,"RITACCO CONSTRUCTION, INC.",$30.00,"$6,000.00"
23132,132,0004,Erosion Control,0014,158048M,,"FLOATING TURBIDITY BARRIER, TYPE 3",200,LF,"COLONNELLI BROTHERS, INC.",$45.00,"$9,000.00"
23132,132,0004,Erosion Control,0014,158048M,,"FLOATING TURBIDITY BARRIER, TYPE 3",200,LF,"RENCOR, INC.",$50.00,"$10,000.00"
23132,132,0004,Erosion Control,0014,158048M,,"FLOATING TURBIDITY BARRIER, TYPE 3",200,LF,"IEW CONSTRUCTION GROUP, INC.",$65.28,"$13,056.00"
23132,132,0004,Erosion Control,0014,158048M,,"FLOATING TURBIDITY BARRIER, TYPE 3",200,LF,"FERREIRA CONSTRUCTION CO., INC.",$65.00,"$13,000.00"
23132,132,0004,Erosion Control,0015,158054M,,SEDIMENT CONTROL BAG,36,SF,"RITACCO CONSTRUCTION, INC.",$15.00,$540.00
23132,132,0004,Erosion Control,0015,158054M,,SEDIMENT CONTROL BAG,36,SF,"COLONNELLI BROTHERS, INC.",$3.00,$108.00
23132,132,0004,Erosion Control,0015,158054M,,SEDIMENT CONTROL BAG,36,SF,"RENCOR, INC.",$100.00,"$3,600.00"
23132,132,0004,Erosion Control,0015,158054M,,SEDIMENT CONTROL BAG,36,SF,"IEW CONSTRUCTION GROUP, INC.",$86.02,"$3,096.72"
23132,132,0004,Erosion Control,0015,158054M,,SEDIMENT CONTROL BAG,36,SF,"FERREIRA CONSTRUCTION CO., INC.",$50.00,"$1,800.00"
23132,132,0004,Erosion Control,0016,158060M,,CONSTRUCTION DRIVEWAY,16,T,"RITACCO CONSTRUCTION, INC.",$50.00,$800.00
23132,132,0004,Erosion Control,0016,158060M,,CONSTRUCTION DRIVEWAY,16,T,"COLONNELLI BROTHERS, INC.",$100.00,"$1,600.00"
23132,132,0004,Erosion Control,0016,158060M,,CONSTRUCTION DRIVEWAY,16,T,"RENCOR, INC.",$220.00,"$3,520.00"
23132,132,0004,Erosion Control,0016,158060M,,CONSTRUCTION DRIVEWAY,16,T,"IEW CONSTRUCTION GROUP, INC.",$110.86,"$1,773.76"
23132,132,0004,Erosion Control,0016,158060M,,CONSTRUCTION DRIVEWAY,16,T,"FERREIRA CONSTRUCTION CO., INC.",$100.00,"$1,600.00"
23132,132,0004,Erosion Control,0017,158063P,,CONCRETE WASHOUT SYSTEM,1,LS,"RITACCO CONSTRUCTION, INC.","$3,500.00","$3,500.00"
23132,132,0004,Erosion Control,0017,158063P,,CONCRETE WASHOUT SYSTEM,1,LS,"COLONNELLI BROTHERS, INC.","$20,000.00","$20,000.00"
23132,132,0004,Erosion Control,0017,158063P,,CONCRETE WASHOUT SYSTEM,1,LS,"RENCOR, INC.","$50,000.00","$50,000.00"
23132,132,0004,Erosion Control,0017,158063P,,CONCRETE WASHOUT SYSTEM,1,LS,"IEW CONSTRUCTION GROUP, INC.","$12,486.98","$12,486.98"
23132,132,0004,Erosion Control,0017,158063P,,CONCRETE WASHOUT SYSTEM,1,LS,"FERREIRA CONSTRUCTION CO., INC.","$30,000.00","$30,000.00"
23132,132,0004,Erosion Control,0018,158072M,,"OIL ONLY EMERGENCY SPILL KIT, TYPE 1",1,U,"RITACCO CONSTRUCTION, INC.",$500.00,$500.00
23132,132,0004,Erosion Control,0018,158072M,,"OIL ONLY EMERGENCY SPILL KIT, TYPE 1",1,U,"COLONNELLI BROTHERS, INC.",$500.00,$500.00
23132,132,0004,Erosion Control,0018,158072M,,"OIL ONLY EMERGENCY SPILL KIT, TYPE 1",1,U,"RENCOR, INC.","$1,350.00","$1,350.00"
23132,132,0004,Erosion Control,0018,158072M,,"OIL ONLY EMERGENCY SPILL KIT, TYPE 1",1,U,"IEW CONSTRUCTION GROUP, INC.","$1,248.70","$1,248.70"
23132,132,0004,Erosion Control,0018,158072M,,"OIL ONLY EMERGENCY SPILL KIT, TYPE 1",1,U,"FERREIRA CONSTRUCTION CO., INC.","$1,000.00","$1,000.00"
23132,132,0004,Erosion Control,0019,158084M,,EROSION CONTROL SEDIMENT REMOVAL,505,CY,"RITACCO CONSTRUCTION, INC.",$1.00,$505.00
23132,132,0004,Erosion Control,0019,158084M,,EROSION CONTROL SEDIMENT REMOVAL,505,CY,"COLONNELLI BROTHERS, INC.",$5.00,"$2,525.00"
23132,132,0004,Erosion Control,0019,158084M,,EROSION CONTROL SEDIMENT REMOVAL,505,CY,"RENCOR, INC.",$50.00,"$25,250.00"
23132,132,0004,Erosion Control,0019,158084M,,EROSION CONTROL SEDIMENT REMOVAL,505,CY,"IEW CONSTRUCTION GROUP, INC.",$58.85,"$29,719.25"
23132,132,0004,Erosion Control,0019,158084M,,EROSION CONTROL SEDIMENT REMOVAL,505,CY,"FERREIRA CONSTRUCTION CO., INC.",$25.00,"$12,625.00"
23132,132,0001,Roadway,0020,159003M,,BREAKAWAY BARRICADE,20,U,"RITACCO CONSTRUCTION, INC.",$20.00,$400.00
23132,132,0001,Roadway,0020,159003M,,BREAKAWAY BARRICADE,20,U,"COLONNELLI BROTHERS, INC.",$80.00,"$1,600.00"
23132,132,0001,Roadway,0020,159003M,,BREAKAWAY BARRICADE,20,U,"RENCOR, INC.",$50.00,"$1,000.00"
23132,132,0001,Roadway,0020,159003M,,BREAKAWAY BARRICADE,20,U,"IEW CONSTRUCTION GROUP, INC.",$149.53,"$2,990.60"
23132,132,0001,Roadway,0020,159003M,,BREAKAWAY BARRICADE,20,U,"FERREIRA CONSTRUCTION CO., INC.",$120.00,"$2,400.00"
23132,132,0001,Roadway,0021,159006M,,DRUM,55,U,"RITACCO CONSTRUCTION, INC.",$10.00,$550.00
23132,132,0001,Roadway,0021,159006M,,DRUM,55,U,"COLONNELLI BROTHERS, INC.",$65.00,"$3,575.00"
23132,132,0001,Roadway,0021,159006M,,DRUM,55,U,"RENCOR, INC.",$40.00,"$2,200.00"
23132,132,0001,Roadway,0021,159006M,,DRUM,55,U,"IEW CONSTRUCTION GROUP, INC.",$79.60,"$4,378.00"
23132,132,0001,Roadway,0021,159006M,,DRUM,55,U,"FERREIRA CONSTRUCTION CO., INC.",$75.00,"$4,125.00"
23132,132,0001,Roadway,0022,159012M,,CONSTRUCTION SIGNS,710,SF,"RITACCO CONSTRUCTION, INC.",$16.00,"$11,360.00"
23132,132,0001,Roadway,0022,159012M,,CONSTRUCTION SIGNS,710,SF,"COLONNELLI BROTHERS, INC.",$15.00,"$10,650.00"
23132,132,0001,Roadway,0022,159012M,,CONSTRUCTION SIGNS,710,SF,"RENCOR, INC.",$25.00,"$17,750.00"
23132,132,0001,Roadway,0022,159012M,,CONSTRUCTION SIGNS,710,SF,"IEW CONSTRUCTION GROUP, INC.",$19.26,"$13,674.60"
23132,132,0001,Roadway,0022,159012M,,CONSTRUCTION SIGNS,710,SF,"FERREIRA CONSTRUCTION CO., INC.",$25.00,"$17,750.00"
23132,132,0001,Roadway,0023,159015M,,"CONSTRUCTION IDENTIFICATION SIGN, 4' X 8'",1,U,"RITACCO CONSTRUCTION, INC.",$750.00,$750.00
23132,132,0001,Roadway,0023,159015M,,"CONSTRUCTION IDENTIFICATION SIGN, 4' X 8'",1,U,"COLONNELLI BROTHERS, INC.","$2,500.00","$2,500.00"
23132,132,0001,Roadway,0023,159015M,,"CONSTRUCTION IDENTIFICATION SIGN, 4' X 8'",1,U,"RENCOR, INC.","$3,000.00","$3,000.00"
23132,132,0001,Roadway,0023,159015M,,"CONSTRUCTION IDENTIFICATION SIGN, 4' X 8'",1,U,"IEW CONSTRUCTION GROUP, INC.",$875.26,$875.26
23132,132,0001,Roadway,0023,159015M,,"CONSTRUCTION IDENTIFICATION SIGN, 4' X 8'",1,U,"FERREIRA CONSTRUCTION CO., INC.","$2,000.00","$2,000.00"
23132,132,0001,Roadway,0024,159021P,,CONSTRUCTION BARRIER CURB,"1,400",LF,"RITACCO CONSTRUCTION, INC.",$100.00,"$140,000.00"
23132,132,0001,Roadway,0024,159021P,,CONSTRUCTION BARRIER CURB,"1,400",LF,"COLONNELLI BROTHERS, INC.",$100.00,"$140,000.00"
23132,132,0001,Roadway,0024,159021P,,CONSTRUCTION BARRIER CURB,"1,400",LF,"RENCOR, INC.",$110.00,"$154,000.00"
23132,132,0001,Roadway,0024,159021P,,CONSTRUCTION BARRIER CURB,"1,400",LF,"IEW CONSTRUCTION GROUP, INC.",$143.28,"$200,592.00"
23132,132,0001,Roadway,0024,159021P,,CONSTRUCTION BARRIER CURB,"1,400",LF,"FERREIRA CONSTRUCTION CO., INC.",$120.00,"$168,000.00"
23132,132,0001,Roadway,0025,159027M,,"ARROW BOARD, 4' X 8'",1,U,"RITACCO CONSTRUCTION, INC.",$500.00,$500.00
23132,132,0001,Roadway,0025,159027M,,"ARROW BOARD, 4' X 8'",1,U,"COLONNELLI BROTHERS, INC.","$3,000.00","$3,000.00"
23132,132,0001,Roadway,0025,159027M,,"ARROW BOARD, 4' X 8'",1,U,"RENCOR, INC.","$1,000.00","$1,000.00"
23132,132,0001,Roadway,0025,159027M,,"ARROW BOARD, 4' X 8'",1,U,"IEW CONSTRUCTION GROUP, INC.","$3,121.74","$3,121.74"
23132,132,0001,Roadway,0025,159027M,,"ARROW BOARD, 4' X 8'",1,U,"FERREIRA CONSTRUCTION CO., INC.","$3,000.00","$3,000.00"
23132,132,0001,Roadway,0026,159030M,,PORTABLE VARIABLE MESSAGE SIGN,1,U,"RITACCO CONSTRUCTION, INC.","$1,500.00","$1,500.00"
23132,132,0001,Roadway,0026,159030M,,PORTABLE VARIABLE MESSAGE SIGN,1,U,"COLONNELLI BROTHERS, INC.","$15,000.00","$15,000.00"
23132,132,0001,Roadway,0026,159030M,,PORTABLE VARIABLE MESSAGE SIGN,1,U,"RENCOR, INC.","$6,000.00","$6,000.00"
23132,132,0001,Roadway,0026,159030M,,PORTABLE VARIABLE MESSAGE SIGN,1,U,"IEW CONSTRUCTION GROUP, INC.","$16,108.91","$16,108.91"
23132,132,0001,Roadway,0026,159030M,,PORTABLE VARIABLE MESSAGE SIGN,1,U,"FERREIRA CONSTRUCTION CO., INC.","$25,000.00","$25,000.00"
23132,132,0001,Roadway,0027,159054M,,"TEMPORARY CRASH CUSHION, INERTIAL BARRIER SYSTEM, 14 MODULES",1,U,"RITACCO CONSTRUCTION, INC.","$7,500.00","$7,500.00"
23132,132,0001,Roadway,0027,159054M,,"TEMPORARY CRASH CUSHION, INERTIAL BARRIER SYSTEM, 14 MODULES",1,U,"COLONNELLI BROTHERS, INC.","$25,000.00","$25,000.00"
23132,132,0001,Roadway,0027,159054M,,"TEMPORARY CRASH CUSHION, INERTIAL BARRIER SYSTEM, 14 MODULES",1,U,"RENCOR, INC.","$20,000.00","$20,000.00"
23132,132,0001,Roadway,0027,159054M,,"TEMPORARY CRASH CUSHION, INERTIAL BARRIER SYSTEM, 14 MODULES",1,U,"IEW CONSTRUCTION GROUP, INC.","$8,179.29","$8,179.29"
23132,132,0001,Roadway,0027,159054M,,"TEMPORARY CRASH CUSHION, INERTIAL BARRIER SYSTEM, 14 MODULES",1,U,"FERREIRA CONSTRUCTION CO., INC.","$7,500.00","$7,500.00"
23132,132,0001,Roadway,0028,159056M,,"TEMPORARY CRASH CUSHION, INTERTIAL BARRIER SYSTEM, 22 MODULES",1,U,"RITACCO CONSTRUCTION, INC.","$8,000.00","$8,000.00"
23132,132,0001,Roadway,0028,159056M,,"TEMPORARY CRASH CUSHION, INTERTIAL BARRIER SYSTEM, 22 MODULES",1,U,"COLONNELLI BROTHERS, INC.","$25,000.00","$25,000.00"
23132,132,0001,Roadway,0028,159056M,,"TEMPORARY CRASH CUSHION, INTERTIAL BARRIER SYSTEM, 22 MODULES",1,U,"RENCOR, INC.","$21,000.00","$21,000.00"
23132,132,0001,Roadway,0028,159056M,,"TEMPORARY CRASH CUSHION, INTERTIAL BARRIER SYSTEM, 22 MODULES",1,U,"IEW CONSTRUCTION GROUP, INC.","$9,278.06","$9,278.06"
23132,132,0001,Roadway,0028,159056M,,"TEMPORARY CRASH CUSHION, INTERTIAL BARRIER SYSTEM, 22 MODULES",1,U,"FERREIRA CONSTRUCTION CO., INC.","$7,500.00","$7,500.00"
23132,132,0001,Roadway,0029,159108M,,TRAFFIC CONTROL TRUCK WITH MOUNTED CRASH CUSHION,1,U,"RITACCO CONSTRUCTION, INC.","$2,500.00","$2,500.00"
23132,132,0001,Roadway,0029,159108M,,TRAFFIC CONTROL TRUCK WITH MOUNTED CRASH CUSHION,1,U,"COLONNELLI BROTHERS, INC.","$35,000.00","$35,000.00"
23132,132,0001,Roadway,0029,159108M,,TRAFFIC CONTROL TRUCK WITH MOUNTED CRASH CUSHION,1,U,"RENCOR, INC.","$24,000.00","$24,000.00"
23132,132,0001,Roadway,0029,159108M,,TRAFFIC CONTROL TRUCK WITH MOUNTED CRASH CUSHION,1,U,"IEW CONSTRUCTION GROUP, INC.","$6,243.49","$6,243.49"
23132,132,0001,Roadway,0029,159108M,,TRAFFIC CONTROL TRUCK WITH MOUNTED CRASH CUSHION,1,U,"FERREIRA CONSTRUCTION CO., INC.","$50,000.00","$50,000.00"
23132,132,0003,Non-Participating Roadway,0030,159190M,,SNOW REMOVAL,1,LS,"RITACCO CONSTRUCTION, INC.","$30,000.00","$30,000.00"
23132,132,0003,Non-Participating Roadway,0030,159190M,,SNOW REMOVAL,1,LS,"COLONNELLI BROTHERS, INC.","$10,000.00","$10,000.00"
23132,132,0003,Non-Participating Roadway,0030,159190M,,SNOW REMOVAL,1,LS,"RENCOR, INC.","$1,000.00","$1,000.00"
23132,132,0003,Non-Participating Roadway,0030,159190M,,SNOW REMOVAL,1,LS,"IEW CONSTRUCTION GROUP, INC.","$36,966.88","$36,966.88"
23132,132,0003,Non-Participating Roadway,0030,159190M,,SNOW REMOVAL,1,LS,"FERREIRA CONSTRUCTION CO., INC.","$5,000.00","$5,000.00"
23132,132,0001,Roadway,0031,159262M,,"CONSTRUCTION IDENTIFICATION SIGN, IIJA 8' X 5'",1,U,"RITACCO CONSTRUCTION, INC.","$1,250.00","$1,250.00"
23132,132,0001,Roadway,0031,159262M,,"CONSTRUCTION IDENTIFICATION SIGN, IIJA 8' X 5'",1,U,"COLONNELLI BROTHERS, INC.","$5,000.00","$5,000.00"
23132,132,0001,Roadway,0031,159262M,,"CONSTRUCTION IDENTIFICATION SIGN, IIJA 8' X 5'",1,U,"RENCOR, INC.","$3,500.00","$3,500.00"
23132,132,0001,Roadway,0031,159262M,,"CONSTRUCTION IDENTIFICATION SIGN, IIJA 8' X 5'",1,U,"IEW CONSTRUCTION GROUP, INC.","$1,458.76","$1,458.76"
23132,132,0001,Roadway,0031,159262M,,"CONSTRUCTION IDENTIFICATION SIGN, IIJA 8' X 5'",1,U,"FERREIRA CONSTRUCTION CO., INC.","$5,000.00","$5,000.00"
23132,132,0001,Roadway,0032,159300M,,"TRAFFIC STRIPES, LATEX, 4""","21,000",LF,"RITACCO CONSTRUCTION, INC.",$0.35,"$7,350.00"
23132,132,0001,Roadway,0032,159300M,,"TRAFFIC STRIPES, LATEX, 4""","21,000",LF,"COLONNELLI BROTHERS, INC.",$2.00,"$42,000.00"
23132,132,0001,Roadway,0032,159300M,,"TRAFFIC STRIPES, LATEX, 4""","21,000",LF,"RENCOR, INC.",$0.65,"$13,650.00"
23132,132,0001,Roadway,0032,159300M,,"TRAFFIC STRIPES, LATEX, 4""","21,000",LF,"IEW CONSTRUCTION GROUP, INC.",$0.28,"$5,880.00"
23132,132,0001,Roadway,0032,159300M,,"TRAFFIC STRIPES, LATEX, 4""","21,000",LF,"FERREIRA CONSTRUCTION CO., INC.",$0.50,"$10,500.00"
23132,132,0001,Roadway,0033,159313M,,"TRAFFIC MARKINGS LINES, LATEX, 12""",400,LF,"RITACCO CONSTRUCTION, INC.",$0.75,$300.00
23132,132,0001,Roadway,0033,159313M,,"TRAFFIC MARKINGS LINES, LATEX, 12""",400,LF,"COLONNELLI BROTHERS, INC.",$15.00,"$6,000.00"
23132,132,0001,Roadway,0033,159313M,,"TRAFFIC MARKINGS LINES, LATEX, 12""",400,LF,"RENCOR, INC.",$0.85,$340.00
23132,132,0001,Roadway,0033,159313M,,"TRAFFIC MARKINGS LINES, LATEX, 12""",400,LF,"IEW CONSTRUCTION GROUP, INC.",$1.58,$632.00
23132,132,0001,Roadway,0033,159313M,,"TRAFFIC MARKINGS LINES, LATEX, 12""",400,LF,"FERREIRA CONSTRUCTION CO., INC.",$2.00,$800.00
23132,132,0001,Roadway,0034,159314M,,"TRAFFIC MARKINGS LINES, LATEX, 24""",150,LF,"RITACCO CONSTRUCTION, INC.",$2.00,$300.00
23132,132,0001,Roadway,0034,159314M,,"TRAFFIC MARKINGS LINES, LATEX, 24""",150,LF,"COLONNELLI BROTHERS, INC.",$30.00,"$4,500.00"
23132,132,0001,Roadway,0034,159314M,,"TRAFFIC MARKINGS LINES, LATEX, 24""",150,LF,"RENCOR, INC.",$2.00,$300.00
23132,132,0001,Roadway,0034,159314M,,"TRAFFIC MARKINGS LINES, LATEX, 24""",150,LF,"IEW CONSTRUCTION GROUP, INC.",$3.15,$472.50
23132,132,0001,Roadway,0034,159314M,,"TRAFFIC MARKINGS LINES, LATEX, 24""",150,LF,"FERREIRA CONSTRUCTION CO., INC.",$2.75,$412.50
23132,132,0001,Roadway,0035,160004M,,FUEL PRICE ADJUSTMENT,1,DOLL,"RITACCO CONSTRUCTION, INC.","$4,200.00","$4,200.00"
23132,132,0001,Roadway,0035,160004M,,FUEL PRICE ADJUSTMENT,1,DOLL,"COLONNELLI BROTHERS, INC.","$4,200.00","$4,200.00"
23132,132,0001,Roadway,0035,160004M,,FUEL PRICE ADJUSTMENT,1,DOLL,"RENCOR, INC.","$4,200.00","$4,200.00"
23132,132,0001,Roadway,0035,160004M,,FUEL PRICE ADJUSTMENT,1,DOLL,"IEW CONSTRUCTION GROUP, INC.","$4,200.00","$4,200.00"
23132,132,0001,Roadway,0035,160004M,,FUEL PRICE ADJUSTMENT,1,DOLL,"FERREIRA CONSTRUCTION CO., INC.","$4,200.00","$4,200.00"
23132,132,0001,Roadway,0036,160007M,,ASPHALT PRICE ADJUSTMENT,1,DOLL,"RITACCO CONSTRUCTION, INC.","$7,900.00","$7,900.00"
23132,132,0001,Roadway,0036,160007M,,ASPHALT PRICE ADJUSTMENT,1,DOLL,"COLONNELLI BROTHERS, INC.","$7,900.00","$7,900.00"
23132,132,0001,Roadway,0036,160007M,,ASPHALT PRICE ADJUSTMENT,1,DOLL,"RENCOR, INC.","$7,900.00","$7,900.00"
23132,132,0001,Roadway,0036,160007M,,ASPHALT PRICE ADJUSTMENT,1,DOLL,"IEW CONSTRUCTION GROUP, INC.","$7,900.00","$7,900.00"
23132,132,0001,Roadway,0036,160007M,,ASPHALT PRICE ADJUSTMENT,1,DOLL,"FERREIRA CONSTRUCTION CO., INC.","$7,900.00","$7,900.00"
23132,132,0001,Roadway,0037,161003P,,FINAL CLEANUP,1,LS,"RITACCO CONSTRUCTION, INC.","$5,500.00","$5,500.00"
23132,132,0001,Roadway,0037,161003P,,FINAL CLEANUP,1,LS,"COLONNELLI BROTHERS, INC.","$10,000.00","$10,000.00"
23132,132,0001,Roadway,0037,161003P,,FINAL CLEANUP,1,LS,"RENCOR, INC.","$1,000.00","$1,000.00"
23132,132,0001,Roadway,0037,161003P,,FINAL CLEANUP,1,LS,"IEW CONSTRUCTION GROUP, INC.","$12,984.06","$12,984.06"
23132,132,0001,Roadway,0037,161003P,,FINAL CLEANUP,1,LS,"FERREIRA CONSTRUCTION CO., INC.","$20,000.00","$20,000.00"
23132,132,0001,Roadway,0038,162006P,,VIBRATION MONITORING,1,LS,"RITACCO CONSTRUCTION, INC.","$35,000.00","$35,000.00"
23132,132,0001,Roadway,0038,162006P,,VIBRATION MONITORING,1,LS,"COLONNELLI BROTHERS, INC.","$15,000.00","$15,000.00"
23132,132,0001,Roadway,0038,162006P,,VIBRATION MONITORING,1,LS,"RENCOR, INC.","$60,000.00","$60,000.00"
23132,132,0001,Roadway,0038,162006P,,VIBRATION MONITORING,1,LS,"IEW CONSTRUCTION GROUP, INC.","$130,296.36","$130,296.36"
23132,132,0001,Roadway,0038,162006P,,VIBRATION MONITORING,1,LS,"FERREIRA CONSTRUCTION CO., INC.","$130,000.00","$130,000.00"
23132,132,0001,Roadway,0039,201003P,,CLEARING SITE,1,LS,"RITACCO CONSTRUCTION, INC.","$50,000.00","$50,000.00"
23132,132,0001,Roadway,0039,201003P,,CLEARING SITE,1,LS,"COLONNELLI BROTHERS, INC.","$60,000.00","$60,000.00"
23132,132,0001,Roadway,0039,201003P,,CLEARING SITE,1,LS,"RENCOR, INC.","$50,000.00","$50,000.00"
23132,132,0001,Roadway,0039,201003P,,CLEARING SITE,1,LS,"IEW CONSTRUCTION GROUP, INC.","$50,000.00","$50,000.00"
23132,132,0001,Roadway,0039,201003P,,CLEARING SITE,1,LS,"FERREIRA CONSTRUCTION CO., INC.","$50,000.00","$50,000.00"
23132,132,0001,Roadway,0040,202006M,,"EXCAVATION, TEST PIT",7,CY,"RITACCO CONSTRUCTION, INC.",$50.00,$350.00
23132,132,0001,Roadway,0040,202006M,,"EXCAVATION, TEST PIT",7,CY,"COLONNELLI BROTHERS, INC.",$50.00,$350.00
23132,132,0001,Roadway,0040,202006M,,"EXCAVATION, TEST PIT",7,CY,"RENCOR, INC.",$200.00,"$1,400.00"
23132,132,0001,Roadway,0040,202006M,,"EXCAVATION, TEST PIT",7,CY,"IEW CONSTRUCTION GROUP, INC.",$391.88,"$2,743.16"
23132,132,0001,Roadway,0040,202006M,,"EXCAVATION, TEST PIT",7,CY,"FERREIRA CONSTRUCTION CO., INC.",$250.00,"$1,750.00"
23132,132,0001,Roadway,0041,202009P,,"EXCAVATION, UNCLASSIFIED",459,CY,"RITACCO CONSTRUCTION, INC.",$60.00,"$27,540.00"
23132,132,0001,Roadway,0041,202009P,,"EXCAVATION, UNCLASSIFIED",459,CY,"COLONNELLI BROTHERS, INC.",$65.00,"$29,835.00"
23132,132,0001,Roadway,0041,202009P,,"EXCAVATION, UNCLASSIFIED",459,CY,"RENCOR, INC.",$90.00,"$41,310.00"
23132,132,0001,Roadway,0041,202009P,,"EXCAVATION, UNCLASSIFIED",459,CY,"IEW CONSTRUCTION GROUP, INC.",$110.25,"$50,604.75"
23132,132,0001,Roadway,0041,202009P,,"EXCAVATION, UNCLASSIFIED",459,CY,"FERREIRA CONSTRUCTION CO., INC.",$90.00,"$41,310.00"
23132,132,0001,Roadway,0042,202021P,,REMOVAL OF PAVEMENT,550,SY,"RITACCO CONSTRUCTION, INC.",$40.00,"$22,000.00"
23132,132,0001,Roadway,0042,202021P,,REMOVAL OF PAVEMENT,550,SY,"COLONNELLI BROTHERS, INC.",$55.00,"$30,250.00"
23132,132,0001,Roadway,0042,202021P,,REMOVAL OF PAVEMENT,550,SY,"RENCOR, INC.",$85.00,"$46,750.00"
23132,132,0001,Roadway,0042,202021P,,REMOVAL OF PAVEMENT,550,SY,"IEW CONSTRUCTION GROUP, INC.",$70.57,"$38,813.50"
23132,132,0001,Roadway,0042,202021P,,REMOVAL OF PAVEMENT,550,SY,"FERREIRA CONSTRUCTION CO., INC.",$85.00,"$46,750.00"
23132,132,0001,Roadway,0043,202070M,,LINE DRILLING,40,SY,"RITACCO CONSTRUCTION, INC.",$10.00,$400.00
23132,132,0001,Roadway,0043,202070M,,LINE DRILLING,40,SY,"COLONNELLI BROTHERS, INC.",$550.00,"$22,000.00"
23132,132,0001,Roadway,0043,202070M,,LINE DRILLING,40,SY,"RENCOR, INC.",$110.00,"$4,400.00"
23132,132,0001,Roadway,0043,202070M,,LINE DRILLING,40,SY,"IEW CONSTRUCTION GROUP, INC.",$466.80,"$18,672.00"
23132,132,0001,Roadway,0043,202070M,,LINE DRILLING,40,SY,"FERREIRA CONSTRUCTION CO., INC.",$250.00,"$10,000.00"
23132,132,0001,Roadway,0044,203009P,,I-9 SOIL AGGREGATE,"1,180",CY,"RITACCO CONSTRUCTION, INC.",$70.00,"$82,600.00"
23132,132,0001,Roadway,0044,203009P,,I-9 SOIL AGGREGATE,"1,180",CY,"COLONNELLI BROTHERS, INC.",$60.00,"$70,800.00"
23132,132,0001,Roadway,0044,203009P,,I-9 SOIL AGGREGATE,"1,180",CY,"RENCOR, INC.",$110.00,"$129,800.00"
23132,132,0001,Roadway,0044,203009P,,I-9 SOIL AGGREGATE,"1,180",CY,"IEW CONSTRUCTION GROUP, INC.",$73.58,"$86,824.40"
23132,132,0001,Roadway,0044,203009P,,I-9 SOIL AGGREGATE,"1,180",CY,"FERREIRA CONSTRUCTION CO., INC.",$160.00,"$188,800.00"
23132,132,0001,Roadway,0045,203050M,,CONTROLLED LOW STRENGTH MATERIAL,5,CY,"RITACCO CONSTRUCTION, INC.",$250.00,"$1,250.00"
23132,132,0001,Roadway,0045,203050M,,CONTROLLED LOW STRENGTH MATERIAL,5,CY,"COLONNELLI BROTHERS, INC.",$650.00,"$3,250.00"
23132,132,0001,Roadway,0045,203050M,,CONTROLLED LOW STRENGTH MATERIAL,5,CY,"RENCOR, INC.",$700.00,"$3,500.00"
23132,132,0001,Roadway,0045,203050M,,CONTROLLED LOW STRENGTH MATERIAL,5,CY,"IEW CONSTRUCTION GROUP, INC.","$1,074.75","$5,373.75"
23132,132,0001,Roadway,0045,203050M,,CONTROLLED LOW STRENGTH MATERIAL,5,CY,"FERREIRA CONSTRUCTION CO., INC.",$350.00,"$1,750.00"
23132,132,0001,Roadway,0046,301006P,,SUBBASE,125,CY,"RITACCO CONSTRUCTION, INC.",$70.00,"$8,750.00"
23132,132,0001,Roadway,0046,301006P,,SUBBASE,125,CY,"COLONNELLI BROTHERS, INC.",$100.00,"$12,500.00"
23132,132,0001,Roadway,0046,301006P,,SUBBASE,125,CY,"RENCOR, INC.",$140.00,"$17,500.00"
23132,132,0001,Roadway,0046,301006P,,SUBBASE,125,CY,"IEW CONSTRUCTION GROUP, INC.",$92.39,"$11,548.75"
23132,132,0001,Roadway,0046,301006P,,SUBBASE,125,CY,"FERREIRA CONSTRUCTION CO., INC.",$120.00,"$15,000.00"
23132,132,0001,Roadway,0047,302042P,,"DENSE-GRADED AGGREGATE BASE COURSE, 8"" THICK",660,SY,"RITACCO CONSTRUCTION, INC.",$30.00,"$19,800.00"
23132,132,0001,Roadway,0047,302042P,,"DENSE-GRADED AGGREGATE BASE COURSE, 8"" THICK",660,SY,"COLONNELLI BROTHERS, INC.",$19.00,"$12,540.00"
23132,132,0001,Roadway,0047,302042P,,"DENSE-GRADED AGGREGATE BASE COURSE, 8"" THICK",660,SY,"RENCOR, INC.",$35.00,"$23,100.00"
23132,132,0001,Roadway,0047,302042P,,"DENSE-GRADED AGGREGATE BASE COURSE, 8"" THICK",660,SY,"IEW CONSTRUCTION GROUP, INC.",$25.60,"$16,896.00"
23132,132,0001,Roadway,0047,302042P,,"DENSE-GRADED AGGREGATE BASE COURSE, 8"" THICK",660,SY,"FERREIRA CONSTRUCTION CO., INC.",$40.00,"$26,400.00"
23132,132,0001,Roadway,0048,302051P,,"DENSE-GRADED AGGREGATE BASE COURSE, VARIABLE THICKNESS",40,CY,"RITACCO CONSTRUCTION, INC.",$50.00,"$2,000.00"
23132,132,0001,Roadway,0048,302051P,,"DENSE-GRADED AGGREGATE BASE COURSE, VARIABLE THICKNESS",40,CY,"COLONNELLI BROTHERS, INC.",$50.00,"$2,000.00"
23132,132,0001,Roadway,0048,302051P,,"DENSE-GRADED AGGREGATE BASE COURSE, VARIABLE THICKNESS",40,CY,"RENCOR, INC.",$120.00,"$4,800.00"
23132,132,0001,Roadway,0048,302051P,,"DENSE-GRADED AGGREGATE BASE COURSE, VARIABLE THICKNESS",40,CY,"IEW CONSTRUCTION GROUP, INC.",$109.53,"$4,381.20"
23132,132,0001,Roadway,0048,302051P,,"DENSE-GRADED AGGREGATE BASE COURSE, VARIABLE THICKNESS",40,CY,"FERREIRA CONSTRUCTION CO., INC.",$110.00,"$4,400.00"
23132,132,0001,Roadway,0049,401009P,,"HMA MILLING, 3"" OR LESS","15,450",SY,"RITACCO CONSTRUCTION, INC.",$8.00,"$123,600.00"
23132,132,0001,Roadway,0049,401009P,,"HMA MILLING, 3"" OR LESS","15,450",SY,"COLONNELLI BROTHERS, INC.",$9.00,"$139,050.00"
23132,132,0001,Roadway,0049,401009P,,"HMA MILLING, 3"" OR LESS","15,450",SY,"RENCOR, INC.",$9.00,"$139,050.00"
23132,132,0001,Roadway,0049,401009P,,"HMA MILLING, 3"" OR LESS","15,450",SY,"IEW CONSTRUCTION GROUP, INC.",$11.50,"$177,675.00"
23132,132,0001,Roadway,0049,401009P,,"HMA MILLING, 3"" OR LESS","15,450",SY,"FERREIRA CONSTRUCTION CO., INC.",$15.00,"$231,750.00"
23132,132,0001,Roadway,0050,401014P,,"HMA MILLING, MORE THAN 6"" TO 9""",770,SY,"RITACCO CONSTRUCTION, INC.",$12.00,"$9,240.00"
23132,132,0001,Roadway,0050,401014P,,"HMA MILLING, MORE THAN 6"" TO 9""",770,SY,"COLONNELLI BROTHERS, INC.",$20.00,"$15,400.00"
23132,132,0001,Roadway,0050,401014P,,"HMA MILLING, MORE THAN 6"" TO 9""",770,SY,"RENCOR, INC.",$37.00,"$28,490.00"
23132,132,0001,Roadway,0050,401014P,,"HMA MILLING, MORE THAN 6"" TO 9""",770,SY,"IEW CONSTRUCTION GROUP, INC.",$40.85,"$31,454.50"
23132,132,0001,Roadway,0050,401014P,,"HMA MILLING, MORE THAN 6"" TO 9""",770,SY,"FERREIRA CONSTRUCTION CO., INC.",$40.00,"$30,800.00"
23132,132,0001,Roadway,0051,401027M,,POLYMERIZED JOINT ADHESIVE,"5,400",LF,"RITACCO CONSTRUCTION, INC.",$0.75,"$4,050.00"
23132,132,0001,Roadway,0051,401027M,,POLYMERIZED JOINT ADHESIVE,"5,400",LF,"COLONNELLI BROTHERS, INC.",$2.00,"$10,800.00"
23132,132,0001,Roadway,0051,401027M,,POLYMERIZED JOINT ADHESIVE,"5,400",LF,"RENCOR, INC.",$3.30,"$17,820.00"
23132,132,0001,Roadway,0051,401027M,,POLYMERIZED JOINT ADHESIVE,"5,400",LF,"IEW CONSTRUCTION GROUP, INC.",$2.33,"$12,582.00"
23132,132,0001,Roadway,0051,401027M,,POLYMERIZED JOINT ADHESIVE,"5,400",LF,"FERREIRA CONSTRUCTION CO., INC.",$2.25,"$12,150.00"
23132,132,0001,Roadway,0052,401030M,,TACK COAT,"2,300",GAL,"RITACCO CONSTRUCTION, INC.",$6.00,"$13,800.00"
23132,132,0001,Roadway,0052,401030M,,TACK COAT,"2,300",GAL,"COLONNELLI BROTHERS, INC.",$5.00,"$11,500.00"
23132,132,0001,Roadway,0052,401030M,,TACK COAT,"2,300",GAL,"RENCOR, INC.",$7.15,"$16,445.00"
23132,132,0001,Roadway,0052,401030M,,TACK COAT,"2,300",GAL,"IEW CONSTRUCTION GROUP, INC.",$8.75,"$20,125.00"
23132,132,0001,Roadway,0052,401030M,,TACK COAT,"2,300",GAL,"FERREIRA CONSTRUCTION CO., INC.",$8.00,"$18,400.00"
23132,132,0001,Roadway,0053,401036M,,PRIME COAT,85,GAL,"RITACCO CONSTRUCTION, INC.",$1.00,$85.00
23132,132,0001,Roadway,0053,401036M,,PRIME COAT,85,GAL,"COLONNELLI BROTHERS, INC.",$5.00,$425.00
23132,132,0001,Roadway,0053,401036M,,PRIME COAT,85,GAL,"RENCOR, INC.",$20.00,"$1,700.00"
23132,132,0001,Roadway,0053,401036M,,PRIME COAT,85,GAL,"IEW CONSTRUCTION GROUP, INC.",$0.01,$0.85
23132,132,0001,Roadway,0053,401036M,,PRIME COAT,85,GAL,"FERREIRA CONSTRUCTION CO., INC.",$8.00,$680.00
23132,132,0001,Roadway,0054,401054M,,HOT MIX ASPHALT 12.5 M 64 SURFACE COURSE,"2,242",T,"RITACCO CONSTRUCTION, INC.",$128.00,"$286,976.00"
23132,132,0001,Roadway,0054,401054M,,HOT MIX ASPHALT 12.5 M 64 SURFACE COURSE,"2,242",T,"COLONNELLI BROTHERS, INC.",$118.00,"$264,556.00"
23132,132,0001,Roadway,0054,401054M,,HOT MIX ASPHALT 12.5 M 64 SURFACE COURSE,"2,242",T,"RENCOR, INC.",$130.00,"$291,460.00"
23132,132,0001,Roadway,0054,401054M,,HOT MIX ASPHALT 12.5 M 64 SURFACE COURSE,"2,242",T,"IEW CONSTRUCTION GROUP, INC.",$144.71,"$324,439.82"
23132,132,0001,Roadway,0054,401054M,,HOT MIX ASPHALT 12.5 M 64 SURFACE COURSE,"2,242",T,"FERREIRA CONSTRUCTION CO., INC.",$150.00,"$336,300.00"
23132,132,0001,Roadway,0055,401099M,,HOT MIX ASPHALT 25 M 64 BASE COURSE,"3,472",T,"RITACCO CONSTRUCTION, INC.",$125.00,"$434,000.00"
23132,132,0001,Roadway,0055,401099M,,HOT MIX ASPHALT 25 M 64 BASE COURSE,"3,472",T,"COLONNELLI BROTHERS, INC.",$105.00,"$364,560.00"
23132,132,0001,Roadway,0055,401099M,,HOT MIX ASPHALT 25 M 64 BASE COURSE,"3,472",T,"RENCOR, INC.",$112.00,"$388,864.00"
23132,132,0001,Roadway,0055,401099M,,HOT MIX ASPHALT 25 M 64 BASE COURSE,"3,472",T,"IEW CONSTRUCTION GROUP, INC.",$128.08,"$444,693.76"
23132,132,0001,Roadway,0055,401099M,,HOT MIX ASPHALT 25 M 64 BASE COURSE,"3,472",T,"FERREIRA CONSTRUCTION CO., INC.",$145.00,"$503,440.00"
23132,132,0001,Roadway,0056,401108M,,"CORE SAMPLES, HOT MIX ASPHALT",25,U,"RITACCO CONSTRUCTION, INC.",$300.00,"$7,500.00"
23132,132,0001,Roadway,0056,401108M,,"CORE SAMPLES, HOT MIX ASPHALT",25,U,"COLONNELLI BROTHERS, INC.",$150.00,"$3,750.00"
23132,132,0001,Roadway,0056,401108M,,"CORE SAMPLES, HOT MIX ASPHALT",25,U,"RENCOR, INC.",$660.00,"$16,500.00"
23132,132,0001,Roadway,0056,401108M,,"CORE SAMPLES, HOT MIX ASPHALT",25,U,"IEW CONSTRUCTION GROUP, INC.",$350.10,"$8,752.50"
23132,132,0001,Roadway,0056,401108M,,"CORE SAMPLES, HOT MIX ASPHALT",25,U,"FERREIRA CONSTRUCTION CO., INC.",$350.00,"$8,750.00"
23132,132,0001,Roadway,0057,601120P,,"12"" REINFORCED CONCRETE PIPE",24,LF,"RITACCO CONSTRUCTION, INC.",$125.00,"$3,000.00"
23132,132,0001,Roadway,0057,601120P,,"12"" REINFORCED CONCRETE PIPE",24,LF,"COLONNELLI BROTHERS, INC.",$150.00,"$3,600.00"
23132,132,0001,Roadway,0057,601120P,,"12"" REINFORCED CONCRETE PIPE",24,LF,"RENCOR, INC.",$184.00,"$4,416.00"
23132,132,0001,Roadway,0057,601120P,,"12"" REINFORCED CONCRETE PIPE",24,LF,"IEW CONSTRUCTION GROUP, INC.",$340.23,"$8,165.52"
23132,132,0001,Roadway,0057,601120P,,"12"" REINFORCED CONCRETE PIPE",24,LF,"FERREIRA CONSTRUCTION CO., INC.",$225.00,"$5,400.00"
23132,132,0001,Roadway,0058,601122P,,"15"" REINFORCED CONCRETE PIPE",145,LF,"RITACCO CONSTRUCTION, INC.",$135.00,"$19,575.00"
23132,132,0001,Roadway,0058,601122P,,"15"" REINFORCED CONCRETE PIPE",145,LF,"COLONNELLI BROTHERS, INC.",$190.00,"$27,550.00"
23132,132,0001,Roadway,0058,601122P,,"15"" REINFORCED CONCRETE PIPE",145,LF,"RENCOR, INC.",$175.00,"$25,375.00"
23132,132,0001,Roadway,0058,601122P,,"15"" REINFORCED CONCRETE PIPE",145,LF,"IEW CONSTRUCTION GROUP, INC.",$137.13,"$19,883.85"
23132,132,0001,Roadway,0058,601122P,,"15"" REINFORCED CONCRETE PIPE",145,LF,"FERREIRA CONSTRUCTION CO., INC.",$115.00,"$16,675.00"
23132,132,0001,Roadway,0059,601128P,,"24"" REINFORCED CONCRETE PIPE",27,LF,"RITACCO CONSTRUCTION, INC.",$145.00,"$3,915.00"
23132,132,0001,Roadway,0059,601128P,,"24"" REINFORCED CONCRETE PIPE",27,LF,"COLONNELLI BROTHERS, INC.",$170.00,"$4,590.00"
23132,132,0001,Roadway,0059,601128P,,"24"" REINFORCED CONCRETE PIPE",27,LF,"RENCOR, INC.",$225.00,"$6,075.00"
23132,132,0001,Roadway,0059,601128P,,"24"" REINFORCED CONCRETE PIPE",27,LF,"IEW CONSTRUCTION GROUP, INC.",$205.30,"$5,543.10"
23132,132,0001,Roadway,0059,601128P,,"24"" REINFORCED CONCRETE PIPE",27,LF,"FERREIRA CONSTRUCTION CO., INC.",$225.00,"$6,075.00"
23132,132,0001,Roadway,0060,601404P,,SUBBASE OUTLET DRAIN,84,LF,"RITACCO CONSTRUCTION, INC.",$30.00,"$2,520.00"
23132,132,0001,Roadway,0060,601404P,,SUBBASE OUTLET DRAIN,84,LF,"COLONNELLI BROTHERS, INC.",$40.00,"$3,360.00"
23132,132,0001,Roadway,0060,601404P,,SUBBASE OUTLET DRAIN,84,LF,"RENCOR, INC.",$90.00,"$7,560.00"
23132,132,0001,Roadway,0060,601404P,,SUBBASE OUTLET DRAIN,84,LF,"IEW CONSTRUCTION GROUP, INC.",$95.49,"$8,021.16"
23132,132,0001,Roadway,0060,601404P,,SUBBASE OUTLET DRAIN,84,LF,"FERREIRA CONSTRUCTION CO., INC.",$75.00,"$6,300.00"
23132,132,0001,Roadway,0061,601417P,,"UNDERDRAIN, TYPE X",491,LF,"RITACCO CONSTRUCTION, INC.",$40.00,"$19,640.00"
23132,132,0001,Roadway,0061,601417P,,"UNDERDRAIN, TYPE X",491,LF,"COLONNELLI BROTHERS, INC.",$25.00,"$12,275.00"
23132,132,0001,Roadway,0061,601417P,,"UNDERDRAIN, TYPE X",491,LF,"RENCOR, INC.",$75.00,"$36,825.00"
23132,132,0001,Roadway,0061,601417P,,"UNDERDRAIN, TYPE X",491,LF,"IEW CONSTRUCTION GROUP, INC.",$74.56,"$36,608.96"
23132,132,0001,Roadway,0061,601417P,,"UNDERDRAIN, TYPE X",491,LF,"FERREIRA CONSTRUCTION CO., INC.",$50.00,"$24,550.00"
23132,132,0003,Non-Participating Roadway,0062,601670M,,"CLEANING EXISTING PIPE, 12"" TO 24"" DIAMETER",143,LF,"RITACCO CONSTRUCTION, INC.",$20.00,"$2,860.00"
23132,132,0003,Non-Participating Roadway,0062,601670M,,"CLEANING EXISTING PIPE, 12"" TO 24"" DIAMETER",143,LF,"COLONNELLI BROTHERS, INC.",$20.00,"$2,860.00"
23132,132,0003,Non-Participating Roadway,0062,601670M,,"CLEANING EXISTING PIPE, 12"" TO 24"" DIAMETER",143,LF,"RENCOR, INC.",$44.00,"$6,292.00"
23132,132,0003,Non-Participating Roadway,0062,601670M,,"CLEANING EXISTING PIPE, 12"" TO 24"" DIAMETER",143,LF,"IEW CONSTRUCTION GROUP, INC.",$32.68,"$4,673.24"
23132,132,0003,Non-Participating Roadway,0062,601670M,,"CLEANING EXISTING PIPE, 12"" TO 24"" DIAMETER",143,LF,"FERREIRA CONSTRUCTION CO., INC.",$40.00,"$5,720.00"
23132,132,0001,Roadway,0063,602006P,,CONCRETE HEADWALL,12,CY,"RITACCO CONSTRUCTION, INC.","$1,250.00","$15,000.00"
23132,132,0001,Roadway,0063,602006P,,CONCRETE HEADWALL,12,CY,"COLONNELLI BROTHERS, INC.","$3,000.00","$36,000.00"
23132,132,0001,Roadway,0063,602006P,,CONCRETE HEADWALL,12,CY,"RENCOR, INC.","$1,400.00","$16,800.00"
23132,132,0001,Roadway,0063,602006P,,CONCRETE HEADWALL,12,CY,"IEW CONSTRUCTION GROUP, INC.","$1,098.92","$13,187.04"
23132,132,0001,Roadway,0063,602006P,,CONCRETE HEADWALL,12,CY,"FERREIRA CONSTRUCTION CO., INC.","$2,300.00","$27,600.00"
23132,132,0001,Roadway,0064,602009M,,"INLET, TYPE A",1,U,"RITACCO CONSTRUCTION, INC.","$3,750.00","$3,750.00"
23132,132,0001,Roadway,0064,602009M,,"INLET, TYPE A",1,U,"COLONNELLI BROTHERS, INC.","$10,000.00","$10,000.00"
23132,132,0001,Roadway,0064,602009M,,"INLET, TYPE A",1,U,"RENCOR, INC.","$5,000.00","$5,000.00"
23132,132,0001,Roadway,0064,602009M,,"INLET, TYPE A",1,U,"IEW CONSTRUCTION GROUP, INC.","$8,136.19","$8,136.19"
23132,132,0001,Roadway,0064,602009M,,"INLET, TYPE A",1,U,"FERREIRA CONSTRUCTION CO., INC.","$7,000.00","$7,000.00"
23132,132,0001,Roadway,0065,602018M,,"INLET, TYPE E",4,U,"RITACCO CONSTRUCTION, INC.","$4,750.00","$19,000.00"
23132,132,0001,Roadway,0065,602018M,,"INLET, TYPE E",4,U,"COLONNELLI BROTHERS, INC.","$12,000.00","$48,000.00"
23132,132,0001,Roadway,0065,602018M,,"INLET, TYPE E",4,U,"RENCOR, INC.","$8,000.00","$32,000.00"
23132,132,0001,Roadway,0065,602018M,,"INLET, TYPE E",4,U,"IEW CONSTRUCTION GROUP, INC.","$10,015.36","$40,061.44"
23132,132,0001,Roadway,0065,602018M,,"INLET, TYPE E",4,U,"FERREIRA CONSTRUCTION CO., INC.","$10,000.00","$40,000.00"
23132,132,0001,Roadway,0066,602019M,,"INLET, TYPE DOUBLE E",1,U,"RITACCO CONSTRUCTION, INC.","$7,750.00","$7,750.00"
23132,132,0001,Roadway,0066,602019M,,"INLET, TYPE DOUBLE E",1,U,"COLONNELLI BROTHERS, INC.","$20,000.00","$20,000.00"
23132,132,0001,Roadway,0066,602019M,,"INLET, TYPE DOUBLE E",1,U,"RENCOR, INC.","$13,400.00","$13,400.00"
23132,132,0001,Roadway,0066,602019M,,"INLET, TYPE DOUBLE E",1,U,"IEW CONSTRUCTION GROUP, INC.","$14,903.54","$14,903.54"
23132,132,0001,Roadway,0066,602019M,,"INLET, TYPE DOUBLE E",1,U,"FERREIRA CONSTRUCTION CO., INC.","$14,000.00","$14,000.00"
23132,132,0001,Roadway,0067,602054M,,"MANHOLE, 4' DIAMETER",1,U,"RITACCO CONSTRUCTION, INC.","$4,750.00","$4,750.00"
23132,132,0001,Roadway,0067,602054M,,"MANHOLE, 4' DIAMETER",1,U,"COLONNELLI BROTHERS, INC.","$12,000.00","$12,000.00"
23132,132,0001,Roadway,0067,602054M,,"MANHOLE, 4' DIAMETER",1,U,"RENCOR, INC.","$11,000.00","$11,000.00"
23132,132,0001,Roadway,0067,602054M,,"MANHOLE, 4' DIAMETER",1,U,"IEW CONSTRUCTION GROUP, INC.","$9,063.97","$9,063.97"
23132,132,0001,Roadway,0067,602054M,,"MANHOLE, 4' DIAMETER",1,U,"FERREIRA CONSTRUCTION CO., INC.","$10,000.00","$10,000.00"
23132,132,0001,Roadway,0068,602099M,,RESET EXISTING CASTING,10,U,"RITACCO CONSTRUCTION, INC.",$300.00,"$3,000.00"
23132,132,0001,Roadway,0068,602099M,,RESET EXISTING CASTING,10,U,"COLONNELLI BROTHERS, INC.",$100.00,"$1,000.00"
23132,132,0001,Roadway,0068,602099M,,RESET EXISTING CASTING,10,U,"RENCOR, INC.","$1,000.00","$10,000.00"
23132,132,0001,Roadway,0068,602099M,,RESET EXISTING CASTING,10,U,"IEW CONSTRUCTION GROUP, INC.",$983.44,"$9,834.40"
23132,132,0001,Roadway,0068,602099M,,RESET EXISTING CASTING,10,U,"FERREIRA CONSTRUCTION CO., INC.","$1,000.00","$10,000.00"
23132,132,0003,Non-Participating Roadway,0069,602216M,,CLEANING DRAINAGE STRUCTURE,4,U,"RITACCO CONSTRUCTION, INC.",$750.00,"$3,000.00"
23132,132,0003,Non-Participating Roadway,0069,602216M,,CLEANING DRAINAGE STRUCTURE,4,U,"COLONNELLI BROTHERS, INC.",$800.00,"$3,200.00"
23132,132,0003,Non-Participating Roadway,0069,602216M,,CLEANING DRAINAGE STRUCTURE,4,U,"RENCOR, INC.","$1,100.00","$4,400.00"
23132,132,0003,Non-Participating Roadway,0069,602216M,,CLEANING DRAINAGE STRUCTURE,4,U,"IEW CONSTRUCTION GROUP, INC.","$1,137.83","$4,551.32"
23132,132,0003,Non-Participating Roadway,0069,602216M,,CLEANING DRAINAGE STRUCTURE,4,U,"FERREIRA CONSTRUCTION CO., INC.",$400.00,"$1,600.00"
23132,132,0001,Roadway,0070,603017P,,"RIPRAP STONE SLOPE PROTECTION, ___"" THICK (D50=___"") RIPRAP STONE SLOPE PROTECTION, 18"" THICK (D50=6"")",157,SY,"RITACCO CONSTRUCTION, INC.",$70.00,"$10,990.00"
23132,132,0001,Roadway,0070,603017P,,"RIPRAP STONE SLOPE PROTECTION, ___"" THICK (D50=___"") RIPRAP STONE SLOPE PROTECTION, 18"" THICK (D50=6"")",157,SY,"COLONNELLI BROTHERS, INC.",$135.00,"$21,195.00"
23132,132,0001,Roadway,0070,603017P,,"RIPRAP STONE SLOPE PROTECTION, ___"" THICK (D50=___"") RIPRAP STONE SLOPE PROTECTION, 18"" THICK (D50=6"")",157,SY,"RENCOR, INC.",$180.00,"$28,260.00"
23132,132,0001,Roadway,0070,603017P,,"RIPRAP STONE SLOPE PROTECTION, ___"" THICK (D50=___"") RIPRAP STONE SLOPE PROTECTION, 18"" THICK (D50=6"")",157,SY,"IEW CONSTRUCTION GROUP, INC.",$112.03,"$17,588.71"
23132,132,0001,Roadway,0070,603017P,,"RIPRAP STONE SLOPE PROTECTION, ___"" THICK (D50=___"") RIPRAP STONE SLOPE PROTECTION, 18"" THICK (D50=6"")",157,SY,"FERREIRA CONSTRUCTION CO., INC.",$120.00,"$18,840.00"
23132,132,0001,Roadway,0071,603036P,,"RIPRAP STONE CHANNEL PROTECTION, 12"" THICK (D50=6"")",36,SY,"RITACCO CONSTRUCTION, INC.",$60.00,"$2,160.00"
23132,132,0001,Roadway,0071,603036P,,"RIPRAP STONE CHANNEL PROTECTION, 12"" THICK (D50=6"")",36,SY,"COLONNELLI BROTHERS, INC.",$120.00,"$4,320.00"
23132,132,0001,Roadway,0071,603036P,,"RIPRAP STONE CHANNEL PROTECTION, 12"" THICK (D50=6"")",36,SY,"RENCOR, INC.",$300.00,"$10,800.00"
23132,132,0001,Roadway,0071,603036P,,"RIPRAP STONE CHANNEL PROTECTION, 12"" THICK (D50=6"")",36,SY,"IEW CONSTRUCTION GROUP, INC.",$197.20,"$7,099.20"
23132,132,0001,Roadway,0071,603036P,,"RIPRAP STONE CHANNEL PROTECTION, 12"" THICK (D50=6"")",36,SY,"FERREIRA CONSTRUCTION CO., INC.",$150.00,"$5,400.00"
23132,132,0001,Roadway,0072,606021P,,"CONCRETE SIDEWALK, 8"" THICK",150,SY,"RITACCO CONSTRUCTION, INC.",$90.00,"$13,500.00"
23132,132,0001,Roadway,0072,606021P,,"CONCRETE SIDEWALK, 8"" THICK",150,SY,"COLONNELLI BROTHERS, INC.",$15.00,"$2,250.00"
23132,132,0001,Roadway,0072,606021P,,"CONCRETE SIDEWALK, 8"" THICK",150,SY,"RENCOR, INC.",$190.00,"$28,500.00"
23132,132,0001,Roadway,0072,606021P,,"CONCRETE SIDEWALK, 8"" THICK",150,SY,"IEW CONSTRUCTION GROUP, INC.",$350.10,"$52,515.00"
23132,132,0001,Roadway,0072,606021P,,"CONCRETE SIDEWALK, 8"" THICK",150,SY,"FERREIRA CONSTRUCTION CO., INC.",$200.00,"$30,000.00"
23132,132,0001,Roadway,0073,606036P,,"HOT MIX ASPHALT DRIVEWAY, 4"" THICK",65,SY,"RITACCO CONSTRUCTION, INC.",$50.00,"$3,250.00"
23132,132,0001,Roadway,0073,606036P,,"HOT MIX ASPHALT DRIVEWAY, 4"" THICK",65,SY,"COLONNELLI BROTHERS, INC.",$75.00,"$4,875.00"
23132,132,0001,Roadway,0073,606036P,,"HOT MIX ASPHALT DRIVEWAY, 4"" THICK",65,SY,"RENCOR, INC.",$175.00,"$11,375.00"
23132,132,0001,Roadway,0073,606036P,,"HOT MIX ASPHALT DRIVEWAY, 4"" THICK",65,SY,"IEW CONSTRUCTION GROUP, INC.",$116.70,"$7,585.50"
23132,132,0001,Roadway,0073,606036P,,"HOT MIX ASPHALT DRIVEWAY, 4"" THICK",65,SY,"FERREIRA CONSTRUCTION CO., INC.",$130.00,"$8,450.00"
23132,132,0001,Roadway,0074,607018P,,"9"" X 16"" CONCRETE VERTICAL CURB",250,LF,"RITACCO CONSTRUCTION, INC.",$50.00,"$12,500.00"
23132,132,0001,Roadway,0074,607018P,,"9"" X 16"" CONCRETE VERTICAL CURB",250,LF,"COLONNELLI BROTHERS, INC.",$40.00,"$10,000.00"
23132,132,0001,Roadway,0074,607018P,,"9"" X 16"" CONCRETE VERTICAL CURB",250,LF,"RENCOR, INC.",$60.00,"$15,000.00"
23132,132,0001,Roadway,0074,607018P,,"9"" X 16"" CONCRETE VERTICAL CURB",250,LF,"IEW CONSTRUCTION GROUP, INC.",$210.06,"$52,515.00"
23132,132,0001,Roadway,0074,607018P,,"9"" X 16"" CONCRETE VERTICAL CURB",250,LF,"FERREIRA CONSTRUCTION CO., INC.",$180.00,"$45,000.00"
23132,132,0001,Roadway,0075,608005P,,"NONVEGETATIVE SURFACE, POROUS HOT MIX ASPHALT, 6"" THICK","1,000",SY,"RITACCO CONSTRUCTION, INC.",$60.00,"$60,000.00"
23132,132,0001,Roadway,0075,608005P,,"NONVEGETATIVE SURFACE, POROUS HOT MIX ASPHALT, 6"" THICK","1,000",SY,"COLONNELLI BROTHERS, INC.",$45.00,"$45,000.00"
23132,132,0001,Roadway,0075,608005P,,"NONVEGETATIVE SURFACE, POROUS HOT MIX ASPHALT, 6"" THICK","1,000",SY,"RENCOR, INC.",$59.00,"$59,000.00"
23132,132,0001,Roadway,0075,608005P,,"NONVEGETATIVE SURFACE, POROUS HOT MIX ASPHALT, 6"" THICK","1,000",SY,"IEW CONSTRUCTION GROUP, INC.",$83.44,"$83,440.00"
23132,132,0001,Roadway,0075,608005P,,"NONVEGETATIVE SURFACE, POROUS HOT MIX ASPHALT, 6"" THICK","1,000",SY,"FERREIRA CONSTRUCTION CO., INC.",$60.00,"$60,000.00"
23132,132,0001,Roadway,0076,609003M,,BEAM GUIDE RAIL,"2,400",LF,"RITACCO CONSTRUCTION, INC.",$30.00,"$72,000.00"
23132,132,0001,Roadway,0076,609003M,,BEAM GUIDE RAIL,"2,400",LF,"COLONNELLI BROTHERS, INC.",$36.50,"$87,600.00"
23132,132,0001,Roadway,0076,609003M,,BEAM GUIDE RAIL,"2,400",LF,"RENCOR, INC.",$29.00,"$69,600.00"
23132,132,0001,Roadway,0076,609003M,,BEAM GUIDE RAIL,"2,400",LF,"IEW CONSTRUCTION GROUP, INC.",$36.76,"$88,224.00"
23132,132,0001,Roadway,0076,609003M,,BEAM GUIDE RAIL,"2,400",LF,"FERREIRA CONSTRUCTION CO., INC.",$32.00,"$76,800.00"
23132,132,0001,Roadway,0077,609004M,,"BEAM GUIDE RAIL, BRIDGE",350,LF,"RITACCO CONSTRUCTION, INC.",$150.00,"$52,500.00"
23132,132,0001,Roadway,0077,609004M,,"BEAM GUIDE RAIL, BRIDGE",350,LF,"COLONNELLI BROTHERS, INC.",$1.00,$350.00
23132,132,0001,Roadway,0077,609004M,,"BEAM GUIDE RAIL, BRIDGE",350,LF,"RENCOR, INC.",$160.00,"$56,000.00"
23132,132,0001,Roadway,0077,609004M,,"BEAM GUIDE RAIL, BRIDGE",350,LF,"IEW CONSTRUCTION GROUP, INC.",$262.58,"$91,903.00"
23132,132,0001,Roadway,0077,609004M,,"BEAM GUIDE RAIL, BRIDGE",350,LF,"FERREIRA CONSTRUCTION CO., INC.",$30.00,"$10,500.00"
23132,132,0001,Roadway,0078,609027M,,TANGENT GUIDE RAIL TERMINAL,1,U,"RITACCO CONSTRUCTION, INC.","$3,850.00","$3,850.00"
23132,132,0001,Roadway,0078,609027M,,TANGENT GUIDE RAIL TERMINAL,1,U,"COLONNELLI BROTHERS, INC.","$4,500.00","$4,500.00"
23132,132,0001,Roadway,0078,609027M,,TANGENT GUIDE RAIL TERMINAL,1,U,"RENCOR, INC.","$3,850.00","$3,850.00"
23132,132,0001,Roadway,0078,609027M,,TANGENT GUIDE RAIL TERMINAL,1,U,"IEW CONSTRUCTION GROUP, INC.","$4,113.70","$4,113.70"
23132,132,0001,Roadway,0078,609027M,,TANGENT GUIDE RAIL TERMINAL,1,U,"FERREIRA CONSTRUCTION CO., INC.","$2,800.00","$2,800.00"
23132,132,0001,Roadway,0079,609039M,,BEAM GUIDE RAIL ANCHORAGE,3,U,"RITACCO CONSTRUCTION, INC.","$1,250.00","$3,750.00"
23132,132,0001,Roadway,0079,609039M,,BEAM GUIDE RAIL ANCHORAGE,3,U,"COLONNELLI BROTHERS, INC.","$3,600.00","$10,800.00"
23132,132,0001,Roadway,0079,609039M,,BEAM GUIDE RAIL ANCHORAGE,3,U,"RENCOR, INC.","$1,250.00","$3,750.00"
23132,132,0001,Roadway,0079,609039M,,BEAM GUIDE RAIL ANCHORAGE,3,U,"IEW CONSTRUCTION GROUP, INC.","$2,188.14","$6,564.42"
23132,132,0001,Roadway,0079,609039M,,BEAM GUIDE RAIL ANCHORAGE,3,U,"FERREIRA CONSTRUCTION CO., INC.","$1,500.00","$4,500.00"
23132,132,0001,Roadway,0080,609059M,,APPROACH GUIDE RAIL TRANSITION TL-3,2,U,"RITACCO CONSTRUCTION, INC.","$3,750.00","$7,500.00"
23132,132,0001,Roadway,0080,609059M,,APPROACH GUIDE RAIL TRANSITION TL-3,2,U,"COLONNELLI BROTHERS, INC.","$4,000.00","$8,000.00"
23132,132,0001,Roadway,0080,609059M,,APPROACH GUIDE RAIL TRANSITION TL-3,2,U,"RENCOR, INC.","$3,760.00","$7,520.00"
23132,132,0001,Roadway,0080,609059M,,APPROACH GUIDE RAIL TRANSITION TL-3,2,U,"IEW CONSTRUCTION GROUP, INC.","$5,805.86","$11,611.72"
23132,132,0001,Roadway,0080,609059M,,APPROACH GUIDE RAIL TRANSITION TL-3,2,U,"FERREIRA CONSTRUCTION CO., INC.","$4,500.00","$9,000.00"
23132,132,0001,Roadway,0081,609075M,,REMOVAL OF BEAM GUIDE RAIL,"2,350",LF,"RITACCO CONSTRUCTION, INC.",$1.00,"$2,350.00"
23132,132,0001,Roadway,0081,609075M,,REMOVAL OF BEAM GUIDE RAIL,"2,350",LF,"COLONNELLI BROTHERS, INC.",$1.00,"$2,350.00"
23132,132,0001,Roadway,0081,609075M,,REMOVAL OF BEAM GUIDE RAIL,"2,350",LF,"RENCOR, INC.",$4.50,"$10,575.00"
23132,132,0001,Roadway,0081,609075M,,REMOVAL OF BEAM GUIDE RAIL,"2,350",LF,"IEW CONSTRUCTION GROUP, INC.",$1.75,"$4,112.50"
23132,132,0001,Roadway,0081,609075M,,REMOVAL OF BEAM GUIDE RAIL,"2,350",LF,"FERREIRA CONSTRUCTION CO., INC.",$5.00,"$11,750.00"
23132,132,0001,Roadway,0082,610003M,,"TRAFFIC STRIPES, 4""","7,500",LF,"RITACCO CONSTRUCTION, INC.",$0.60,"$4,500.00"
23132,132,0001,Roadway,0082,610003M,,"TRAFFIC STRIPES, 4""","7,500",LF,"COLONNELLI BROTHERS, INC.",$1.00,"$7,500.00"
23132,132,0001,Roadway,0082,610003M,,"TRAFFIC STRIPES, 4""","7,500",LF,"RENCOR, INC.",$0.97,"$7,275.00"
23132,132,0001,Roadway,0082,610003M,,"TRAFFIC STRIPES, 4""","7,500",LF,"IEW CONSTRUCTION GROUP, INC.",$0.64,"$4,800.00"
23132,132,0001,Roadway,0082,610003M,,"TRAFFIC STRIPES, 4""","7,500",LF,"FERREIRA CONSTRUCTION CO., INC.",$1.00,"$7,500.00"
23132,132,0001,Roadway,0083,610007M,,"TRAFFIC STRIPES, 8""",100,LF,"RITACCO CONSTRUCTION, INC.",$1.00,$100.00
23132,132,0001,Roadway,0083,610007M,,"TRAFFIC STRIPES, 8""",100,LF,"COLONNELLI BROTHERS, INC.",$1.00,$100.00
23132,132,0001,Roadway,0083,610007M,,"TRAFFIC STRIPES, 8""",100,LF,"RENCOR, INC.",$1.94,$194.00
23132,132,0001,Roadway,0083,610007M,,"TRAFFIC STRIPES, 8""",100,LF,"IEW CONSTRUCTION GROUP, INC.",$1.17,$117.00
23132,132,0001,Roadway,0083,610007M,,"TRAFFIC STRIPES, 8""",100,LF,"FERREIRA CONSTRUCTION CO., INC.",$1.50,$150.00
23132,132,0001,Roadway,0084,610012M,,"RPM, MONO-DIRECTIONAL, WHITE LENS",80,U,"RITACCO CONSTRUCTION, INC.",$50.00,"$4,000.00"
23132,132,0001,Roadway,0084,610012M,,"RPM, MONO-DIRECTIONAL, WHITE LENS",80,U,"COLONNELLI BROTHERS, INC.",$30.00,"$2,400.00"
23132,132,0001,Roadway,0084,610012M,,"RPM, MONO-DIRECTIONAL, WHITE LENS",80,U,"RENCOR, INC.",$47.00,"$3,760.00"
23132,132,0001,Roadway,0084,610012M,,"RPM, MONO-DIRECTIONAL, WHITE LENS",80,U,"IEW CONSTRUCTION GROUP, INC.",$38.45,"$3,076.00"
23132,132,0001,Roadway,0084,610012M,,"RPM, MONO-DIRECTIONAL, WHITE LENS",80,U,"FERREIRA CONSTRUCTION CO., INC.",$45.00,"$3,600.00"
23132,132,0001,Roadway,0085,610017M,,"TRAFFIC MARKING LINES, 24""",250,LF,"RITACCO CONSTRUCTION, INC.",$15.00,"$3,750.00"
23132,132,0001,Roadway,0085,610017M,,"TRAFFIC MARKING LINES, 24""",250,LF,"COLONNELLI BROTHERS, INC.",$5.00,"$1,250.00"
23132,132,0001,Roadway,0085,610017M,,"TRAFFIC MARKING LINES, 24""",250,LF,"RENCOR, INC.",$7.00,"$1,750.00"
23132,132,0001,Roadway,0085,610017M,,"TRAFFIC MARKING LINES, 24""",250,LF,"IEW CONSTRUCTION GROUP, INC.",$9.28,"$2,320.00"
23132,132,0001,Roadway,0085,610017M,,"TRAFFIC MARKING LINES, 24""",250,LF,"FERREIRA CONSTRUCTION CO., INC.",$11.00,"$2,750.00"
23132,132,0001,Roadway,0086,610018M,,"RPM, MONO-DIRECTIONAL, AMBER LENS",70,U,"RITACCO CONSTRUCTION, INC.",$50.00,"$3,500.00"
23132,132,0001,Roadway,0086,610018M,,"RPM, MONO-DIRECTIONAL, AMBER LENS",70,U,"COLONNELLI BROTHERS, INC.",$30.00,"$2,100.00"
23132,132,0001,Roadway,0086,610018M,,"RPM, MONO-DIRECTIONAL, AMBER LENS",70,U,"RENCOR, INC.",$47.00,"$3,290.00"
23132,132,0001,Roadway,0086,610018M,,"RPM, MONO-DIRECTIONAL, AMBER LENS",70,U,"IEW CONSTRUCTION GROUP, INC.",$38.45,"$2,691.50"
23132,132,0001,Roadway,0086,610018M,,"RPM, MONO-DIRECTIONAL, AMBER LENS",70,U,"FERREIRA CONSTRUCTION CO., INC.",$45.00,"$3,150.00"
23132,132,0001,Roadway,0087,610024M,,REMOVAL OF RPM,50,U,"RITACCO CONSTRUCTION, INC.",$50.00,"$2,500.00"
23132,132,0001,Roadway,0087,610024M,,REMOVAL OF RPM,50,U,"COLONNELLI BROTHERS, INC.",$30.00,"$1,500.00"
23132,132,0001,Roadway,0087,610024M,,REMOVAL OF RPM,50,U,"RENCOR, INC.",$47.00,"$2,350.00"
23132,132,0001,Roadway,0087,610024M,,REMOVAL OF RPM,50,U,"IEW CONSTRUCTION GROUP, INC.",$64.57,"$3,228.50"
23132,132,0001,Roadway,0087,610024M,,REMOVAL OF RPM,50,U,"FERREIRA CONSTRUCTION CO., INC.",$50.00,"$2,500.00"
23132,132,0001,Roadway,0088,610033M,,RUMBLE STRIP,"3,000",LF,"RITACCO CONSTRUCTION, INC.",$1.00,"$3,000.00"
23132,132,0001,Roadway,0088,610033M,,RUMBLE STRIP,"3,000",LF,"COLONNELLI BROTHERS, INC.",$4.00,"$12,000.00"
23132,132,0001,Roadway,0088,610033M,,RUMBLE STRIP,"3,000",LF,"RENCOR, INC.",$1.50,"$4,500.00"
23132,132,0001,Roadway,0088,610033M,,RUMBLE STRIP,"3,000",LF,"IEW CONSTRUCTION GROUP, INC.",$4.52,"$13,560.00"
23132,132,0001,Roadway,0088,610033M,,RUMBLE STRIP,"3,000",LF,"FERREIRA CONSTRUCTION CO., INC.",$7.00,"$21,000.00"
23132,132,0001,Roadway,0089,610036M,,REMOVAL OF TRAFFIC STRIPES,"3,000",LF,"RITACCO CONSTRUCTION, INC.",$2.00,"$6,000.00"
23132,132,0001,Roadway,0089,610036M,,REMOVAL OF TRAFFIC STRIPES,"3,000",LF,"COLONNELLI BROTHERS, INC.",$1.00,"$3,000.00"
23132,132,0001,Roadway,0089,610036M,,REMOVAL OF TRAFFIC STRIPES,"3,000",LF,"RENCOR, INC.",$1.65,"$4,950.00"
23132,132,0001,Roadway,0089,610036M,,REMOVAL OF TRAFFIC STRIPES,"3,000",LF,"IEW CONSTRUCTION GROUP, INC.",$0.88,"$2,640.00"
23132,132,0001,Roadway,0089,610036M,,REMOVAL OF TRAFFIC STRIPES,"3,000",LF,"FERREIRA CONSTRUCTION CO., INC.",$1.00,"$3,000.00"
23132,132,0001,Roadway,0090,610038M,,REMOVAL OF RUMBLE STRIP,"1,400",LF,"RITACCO CONSTRUCTION, INC.",$1.00,"$1,400.00"
23132,132,0001,Roadway,0090,610038M,,REMOVAL OF RUMBLE STRIP,"1,400",LF,"COLONNELLI BROTHERS, INC.",$1.00,"$1,400.00"
23132,132,0001,Roadway,0090,610038M,,REMOVAL OF RUMBLE STRIP,"1,400",LF,"RENCOR, INC.",$28.60,"$40,040.00"
23132,132,0001,Roadway,0090,610038M,,REMOVAL OF RUMBLE STRIP,"1,400",LF,"IEW CONSTRUCTION GROUP, INC.",$32.36,"$45,304.00"
23132,132,0001,Roadway,0090,610038M,,REMOVAL OF RUMBLE STRIP,"1,400",LF,"FERREIRA CONSTRUCTION CO., INC.",$30.00,"$42,000.00"
23132,132,0001,Roadway,0091,611312M,,"CRASH CUSHION, COMPRESSIVE BARRIER, TYPE 3, WIDTH NARROW",1,U,"RITACCO CONSTRUCTION, INC.","$45,000.00","$45,000.00"
23132,132,0001,Roadway,0091,611312M,,"CRASH CUSHION, COMPRESSIVE BARRIER, TYPE 3, WIDTH NARROW",1,U,"COLONNELLI BROTHERS, INC.","$60,000.00","$60,000.00"
23132,132,0001,Roadway,0091,611312M,,"CRASH CUSHION, COMPRESSIVE BARRIER, TYPE 3, WIDTH NARROW",1,U,"RENCOR, INC.","$43,200.00","$43,200.00"
23132,132,0001,Roadway,0091,611312M,,"CRASH CUSHION, COMPRESSIVE BARRIER, TYPE 3, WIDTH NARROW",1,U,"IEW CONSTRUCTION GROUP, INC.","$57,926.57","$57,926.57"
23132,132,0001,Roadway,0091,611312M,,"CRASH CUSHION, COMPRESSIVE BARRIER, TYPE 3, WIDTH NARROW",1,U,"FERREIRA CONSTRUCTION CO., INC.","$30,000.00","$30,000.00"
23132,132,0001,Roadway,0092,612003P,,REGULATORY AND WARNING SIGN,50,SF,"RITACCO CONSTRUCTION, INC.",$45.00,"$2,250.00"
23132,132,0001,Roadway,0092,612003P,,REGULATORY AND WARNING SIGN,50,SF,"COLONNELLI BROTHERS, INC.",$30.00,"$1,500.00"
23132,132,0001,Roadway,0092,612003P,,REGULATORY AND WARNING SIGN,50,SF,"RENCOR, INC.",$50.00,"$2,500.00"
23132,132,0001,Roadway,0092,612003P,,REGULATORY AND WARNING SIGN,50,SF,"IEW CONSTRUCTION GROUP, INC.",$51.35,"$2,567.50"
23132,132,0001,Roadway,0092,612003P,,REGULATORY AND WARNING SIGN,50,SF,"FERREIRA CONSTRUCTION CO., INC.",$50.00,"$2,500.00"
23132,132,0001,Roadway,0093,612006P,,"GUIDE SIGN, TYPE GA, STEEL ""U"" OR SQUARE TUBE POST SUPPORTS",60,SF,"RITACCO CONSTRUCTION, INC.",$45.00,"$2,700.00"
23132,132,0001,Roadway,0093,612006P,,"GUIDE SIGN, TYPE GA, STEEL ""U"" OR SQUARE TUBE POST SUPPORTS",60,SF,"COLONNELLI BROTHERS, INC.",$40.00,"$2,400.00"
23132,132,0001,Roadway,0093,612006P,,"GUIDE SIGN, TYPE GA, STEEL ""U"" OR SQUARE TUBE POST SUPPORTS",60,SF,"RENCOR, INC.",$42.00,"$2,520.00"
23132,132,0001,Roadway,0093,612006P,,"GUIDE SIGN, TYPE GA, STEEL ""U"" OR SQUARE TUBE POST SUPPORTS",60,SF,"IEW CONSTRUCTION GROUP, INC.",$56.02,"$3,361.20"
23132,132,0001,Roadway,0093,612006P,,"GUIDE SIGN, TYPE GA, STEEL ""U"" OR SQUARE TUBE POST SUPPORTS",60,SF,"FERREIRA CONSTRUCTION CO., INC.",$40.00,"$2,400.00"
23132,132,0003,Non-Participating Roadway,0094,802021M,,"TREE REMOVAL, OVER 6"" TO 12"" DIAMETER",4,U,"RITACCO CONSTRUCTION, INC.",$700.00,"$2,800.00"
23132,132,0003,Non-Participating Roadway,0094,802021M,,"TREE REMOVAL, OVER 6"" TO 12"" DIAMETER",4,U,"COLONNELLI BROTHERS, INC.",$500.00,"$2,000.00"
23132,132,0003,Non-Participating Roadway,0094,802021M,,"TREE REMOVAL, OVER 6"" TO 12"" DIAMETER",4,U,"RENCOR, INC.",$550.00,"$2,200.00"
23132,132,0003,Non-Participating Roadway,0094,802021M,,"TREE REMOVAL, OVER 6"" TO 12"" DIAMETER",4,U,"IEW CONSTRUCTION GROUP, INC.",$583.50,"$2,334.00"
23132,132,0003,Non-Participating Roadway,0094,802021M,,"TREE REMOVAL, OVER 6"" TO 12"" DIAMETER",4,U,"FERREIRA CONSTRUCTION CO., INC.",$500.00,"$2,000.00"
23132,132,0005,General Landscaping,0095,802030M,,"TREE REMOVAL, OVER 24"" TO 30"" DIAMETER",1,U,"RITACCO CONSTRUCTION, INC.","$2,000.00","$2,000.00"
23132,132,0005,General Landscaping,0095,802030M,,"TREE REMOVAL, OVER 24"" TO 30"" DIAMETER",1,U,"COLONNELLI BROTHERS, INC.","$1,200.00","$1,200.00"
23132,132,0005,General Landscaping,0095,802030M,,"TREE REMOVAL, OVER 24"" TO 30"" DIAMETER",1,U,"RENCOR, INC.","$2,035.00","$2,035.00"
23132,132,0005,General Landscaping,0095,802030M,,"TREE REMOVAL, OVER 24"" TO 30"" DIAMETER",1,U,"IEW CONSTRUCTION GROUP, INC.","$2,158.96","$2,158.96"
23132,132,0005,General Landscaping,0095,802030M,,"TREE REMOVAL, OVER 24"" TO 30"" DIAMETER",1,U,"FERREIRA CONSTRUCTION CO., INC.","$2,000.00","$2,000.00"
23132,132,0005,General Landscaping,0096,804000P,,"TOPSOIL SPREADING __"" THICK TOPSOIL SPREADING 4"" THICK","1,377",SY,"RITACCO CONSTRUCTION, INC.",$4.00,"$5,508.00"
23132,132,0005,General Landscaping,0096,804000P,,"TOPSOIL SPREADING __"" THICK TOPSOIL SPREADING 4"" THICK","1,377",SY,"COLONNELLI BROTHERS, INC.",$4.00,"$5,508.00"
23132,132,0005,General Landscaping,0096,804000P,,"TOPSOIL SPREADING __"" THICK TOPSOIL SPREADING 4"" THICK","1,377",SY,"RENCOR, INC.",$5.00,"$6,885.00"
23132,132,0005,General Landscaping,0096,804000P,,"TOPSOIL SPREADING __"" THICK TOPSOIL SPREADING 4"" THICK","1,377",SY,"IEW CONSTRUCTION GROUP, INC.",$5.25,"$7,229.25"
23132,132,0005,General Landscaping,0096,804000P,,"TOPSOIL SPREADING __"" THICK TOPSOIL SPREADING 4"" THICK","1,377",SY,"FERREIRA CONSTRUCTION CO., INC.",$6.00,"$8,262.00"
23132,132,0005,General Landscaping,0097,804014P,,PLANT PIT SOIL,2,CY,"RITACCO CONSTRUCTION, INC.",$75.00,$150.00
23132,132,0005,General Landscaping,0097,804014P,,PLANT PIT SOIL,2,CY,"COLONNELLI BROTHERS, INC.",$50.00,$100.00
23132,132,0005,General Landscaping,0097,804014P,,PLANT PIT SOIL,2,CY,"RENCOR, INC.",$71.50,$143.00
23132,132,0005,General Landscaping,0097,804014P,,PLANT PIT SOIL,2,CY,"IEW CONSTRUCTION GROUP, INC.",$75.86,$151.72
23132,132,0005,General Landscaping,0097,804014P,,PLANT PIT SOIL,2,CY,"FERREIRA CONSTRUCTION CO., INC.",$52.00,$104.00
23132,132,0005,General Landscaping,0098,804015P,,BORROW TOPSOIL,153,CY,"RITACCO CONSTRUCTION, INC.",$60.00,"$9,180.00"
23132,132,0005,General Landscaping,0098,804015P,,BORROW TOPSOIL,153,CY,"COLONNELLI BROTHERS, INC.",$30.00,"$4,590.00"
23132,132,0005,General Landscaping,0098,804015P,,BORROW TOPSOIL,153,CY,"RENCOR, INC.",$60.00,"$9,180.00"
23132,132,0005,General Landscaping,0098,804015P,,BORROW TOPSOIL,153,CY,"IEW CONSTRUCTION GROUP, INC.",$64.19,"$9,821.07"
23132,132,0005,General Landscaping,0098,804015P,,BORROW TOPSOIL,153,CY,"FERREIRA CONSTRUCTION CO., INC.",$75.00,"$11,475.00"
23132,132,0005,General Landscaping,0099,806006P,,"FERTILIZING AND SEEDING, TYPE A-3","1,375",SY,"RITACCO CONSTRUCTION, INC.",$1.50,"$2,062.50"
23132,132,0005,General Landscaping,0099,806006P,,"FERTILIZING AND SEEDING, TYPE A-3","1,375",SY,"COLONNELLI BROTHERS, INC.",$1.00,"$1,375.00"
23132,132,0005,General Landscaping,0099,806006P,,"FERTILIZING AND SEEDING, TYPE A-3","1,375",SY,"RENCOR, INC.",$2.00,"$2,750.00"
23132,132,0005,General Landscaping,0099,806006P,,"FERTILIZING AND SEEDING, TYPE A-3","1,375",SY,"IEW CONSTRUCTION GROUP, INC.",$2.04,"$2,805.00"
23132,132,0005,General Landscaping,0099,806006P,,"FERTILIZING AND SEEDING, TYPE A-3","1,375",SY,"FERREIRA CONSTRUCTION CO., INC.",$2.00,"$2,750.00"
23132,132,0004,Erosion Control,0100,806018P,,"FERTILIZING AND SEEDING, TYPE F",125,SY,"RITACCO CONSTRUCTION, INC.",$1.75,$218.75
23132,132,0004,Erosion Control,0100,806018P,,"FERTILIZING AND SEEDING, TYPE F",125,SY,"COLONNELLI BROTHERS, INC.",$1.00,$125.00
23132,132,0004,Erosion Control,0100,806018P,,"FERTILIZING AND SEEDING, TYPE F",125,SY,"RENCOR, INC.",$2.20,$275.00
23132,132,0004,Erosion Control,0100,806018P,,"FERTILIZING AND SEEDING, TYPE F",125,SY,"IEW CONSTRUCTION GROUP, INC.",$2.33,$291.25
23132,132,0004,Erosion Control,0100,806018P,,"FERTILIZING AND SEEDING, TYPE F",125,SY,"FERREIRA CONSTRUCTION CO., INC.",$2.50,$312.50
23132,132,0005,General Landscaping,0101,806033P,,"FERTILIZING AND SEEDING, LOW MAINTENANCE",764,SY,"RITACCO CONSTRUCTION, INC.",$1.75,"$1,337.00"
23132,132,0005,General Landscaping,0101,806033P,,"FERTILIZING AND SEEDING, LOW MAINTENANCE",764,SY,"COLONNELLI BROTHERS, INC.",$2.00,"$1,528.00"
23132,132,0005,General Landscaping,0101,806033P,,"FERTILIZING AND SEEDING, LOW MAINTENANCE",764,SY,"RENCOR, INC.",$2.20,"$1,680.80"
23132,132,0005,General Landscaping,0101,806033P,,"FERTILIZING AND SEEDING, LOW MAINTENANCE",764,SY,"IEW CONSTRUCTION GROUP, INC.",$2.28,"$1,741.92"
23132,132,0005,General Landscaping,0101,806033P,,"FERTILIZING AND SEEDING, LOW MAINTENANCE",764,SY,"FERREIRA CONSTRUCTION CO., INC.",$3.00,"$2,292.00"
23132,132,0005,General Landscaping,0102,807009M,,"TOPSOIL STABILIZATION, TYPE 3 MAT",764,SY,"RITACCO CONSTRUCTION, INC.",$6.50,"$4,966.00"
23132,132,0005,General Landscaping,0102,807009M,,"TOPSOIL STABILIZATION, TYPE 3 MAT",764,SY,"COLONNELLI BROTHERS, INC.",$6.00,"$4,584.00"
23132,132,0005,General Landscaping,0102,807009M,,"TOPSOIL STABILIZATION, TYPE 3 MAT",764,SY,"RENCOR, INC.",$8.00,"$6,112.00"
23132,132,0005,General Landscaping,0102,807009M,,"TOPSOIL STABILIZATION, TYPE 3 MAT",764,SY,"IEW CONSTRUCTION GROUP, INC.",$7.88,"$6,020.32"
23132,132,0005,General Landscaping,0102,807009M,,"TOPSOIL STABILIZATION, TYPE 3 MAT",764,SY,"FERREIRA CONSTRUCTION CO., INC.",$8.00,"$6,112.00"
23132,132,0005,General Landscaping,0103,809003M,,STRAW MULCHING,"2,012",SY,"RITACCO CONSTRUCTION, INC.",$1.00,"$2,012.00"
23132,132,0005,General Landscaping,0103,809003M,,STRAW MULCHING,"2,012",SY,"COLONNELLI BROTHERS, INC.",$1.00,"$2,012.00"
23132,132,0005,General Landscaping,0103,809003M,,STRAW MULCHING,"2,012",SY,"RENCOR, INC.",$1.50,"$3,018.00"
23132,132,0005,General Landscaping,0103,809003M,,STRAW MULCHING,"2,012",SY,"IEW CONSTRUCTION GROUP, INC.",$1.46,"$2,937.52"
23132,132,0005,General Landscaping,0103,809003M,,STRAW MULCHING,"2,012",SY,"FERREIRA CONSTRUCTION CO., INC.",$1.50,"$3,018.00"
23132,132,0005,General Landscaping,0104,809021M,,"WOOD MULCHING, 2"" THICK",4,SY,"RITACCO CONSTRUCTION, INC.",$15.00,$60.00
23132,132,0005,General Landscaping,0104,809021M,,"WOOD MULCHING, 2"" THICK",4,SY,"COLONNELLI BROTHERS, INC.",$1.00,$4.00
23132,132,0005,General Landscaping,0104,809021M,,"WOOD MULCHING, 2"" THICK",4,SY,"RENCOR, INC.",$55.00,$220.00
23132,132,0005,General Landscaping,0104,809021M,,"WOOD MULCHING, 2"" THICK",4,SY,"IEW CONSTRUCTION GROUP, INC.",$58.35,$233.40
23132,132,0005,General Landscaping,0104,809021M,,"WOOD MULCHING, 2"" THICK",4,SY,"FERREIRA CONSTRUCTION CO., INC.",$60.00,$240.00
23132,132,0005,General Landscaping,0105,811009M,,"LARGE DECIDUOUS TREE, 1-1 1/4"" CALIPER, B&B",4,U,"RITACCO CONSTRUCTION, INC.",$500.00,"$2,000.00"
23132,132,0005,General Landscaping,0105,811009M,,"LARGE DECIDUOUS TREE, 1-1 1/4"" CALIPER, B&B",4,U,"COLONNELLI BROTHERS, INC.",$500.00,"$2,000.00"
23132,132,0005,General Landscaping,0105,811009M,,"LARGE DECIDUOUS TREE, 1-1 1/4"" CALIPER, B&B",4,U,"RENCOR, INC.",$556.00,"$2,224.00"
23132,132,0005,General Landscaping,0105,811009M,,"LARGE DECIDUOUS TREE, 1-1 1/4"" CALIPER, B&B",4,U,"IEW CONSTRUCTION GROUP, INC.",$589.34,"$2,357.36"
23132,132,0005,General Landscaping,0105,811009M,,"LARGE DECIDUOUS TREE, 1-1 1/4"" CALIPER, B&B",4,U,"FERREIRA CONSTRUCTION CO., INC.",$600.00,"$2,400.00"
23132,132,0005,General Landscaping,0106,811138M,,PLANT ESTABLISHMENT AND MAINTENANCE PERIOD,1,LS,"RITACCO CONSTRUCTION, INC.","$5,500.00","$5,500.00"
23132,132,0005,General Landscaping,0106,811138M,,PLANT ESTABLISHMENT AND MAINTENANCE PERIOD,1,LS,"COLONNELLI BROTHERS, INC.",$1.00,$1.00
23132,132,0005,General Landscaping,0106,811138M,,PLANT ESTABLISHMENT AND MAINTENANCE PERIOD,1,LS,"RENCOR, INC.","$10,175.00","$10,175.00"
23132,132,0005,General Landscaping,0106,811138M,,PLANT ESTABLISHMENT AND MAINTENANCE PERIOD,1,LS,"IEW CONSTRUCTION GROUP, INC.",$583.50,$583.50
23132,132,0005,General Landscaping,0106,811138M,,PLANT ESTABLISHMENT AND MAINTENANCE PERIOD,1,LS,"FERREIRA CONSTRUCTION CO., INC.","$1,000.00","$1,000.00"
23132,132,0005,General Landscaping,0107,811165M,,WATERING,1,MG,"RITACCO CONSTRUCTION, INC.",$500.00,$500.00
23132,132,0005,General Landscaping,0107,811165M,,WATERING,1,MG,"COLONNELLI BROTHERS, INC.",$1.00,$1.00
23132,132,0005,General Landscaping,0107,811165M,,WATERING,1,MG,"RENCOR, INC.",$440.00,$440.00
23132,132,0005,General Landscaping,0107,811165M,,WATERING,1,MG,"IEW CONSTRUCTION GROUP, INC.",$466.80,$466.80
23132,132,0005,General Landscaping,0107,811165M,,WATERING,1,MG,"FERREIRA CONSTRUCTION CO., INC.",$500.00,$500.00
23132,132,0006,Bridge Structure No.,0108,201006P,,"CLEARING SITE, BRIDGE (___) 1605-174-NJ",1,LS,"RITACCO CONSTRUCTION, INC.","$150,000.00","$150,000.00"
23132,132,0006,Bridge Structure No.,0108,201006P,,"CLEARING SITE, BRIDGE (___) 1605-174-NJ",1,LS,"COLONNELLI BROTHERS, INC.","$950,000.00","$950,000.00"
23132,132,0006,Bridge Structure No.,0108,201006P,,"CLEARING SITE, BRIDGE (___) 1605-174-NJ",1,LS,"RENCOR, INC.","$445,000.00","$445,000.00"
23132,132,0006,Bridge Structure No.,0108,201006P,,"CLEARING SITE, BRIDGE (___) 1605-174-NJ",1,LS,"IEW CONSTRUCTION GROUP, INC.","$150,000.00","$150,000.00"
23132,132,0006,Bridge Structure No.,0108,201006P,,"CLEARING SITE, BRIDGE (___) 1605-174-NJ",1,LS,"FERREIRA CONSTRUCTION CO., INC.","$150,000.00","$150,000.00"
23132,132,0006,Bridge Structure No.,0109,201039P,,TEMPORARY SHIELDING,1,LS,"RITACCO CONSTRUCTION, INC.","$287,166.95","$287,166.95"
23132,132,0006,Bridge Structure No.,0109,201039P,,TEMPORARY SHIELDING,1,LS,"COLONNELLI BROTHERS, INC.","$150,000.00","$150,000.00"
23132,132,0006,Bridge Structure No.,0109,201039P,,TEMPORARY SHIELDING,1,LS,"RENCOR, INC.","$75,000.00","$75,000.00"
23132,132,0006,Bridge Structure No.,0109,201039P,,TEMPORARY SHIELDING,1,LS,"IEW CONSTRUCTION GROUP, INC.","$150,000.00","$150,000.00"
23132,132,0006,Bridge Structure No.,0109,201039P,,TEMPORARY SHIELDING,1,LS,"FERREIRA CONSTRUCTION CO., INC.","$245,000.00","$245,000.00"
23132,132,0006,Bridge Structure No.,0110,202009P,,"EXCAVATION, UNCLASSIFIED","1,800",CY,"RITACCO CONSTRUCTION, INC.",$80.00,"$144,000.00"
23132,132,0006,Bridge Structure No.,0110,202009P,,"EXCAVATION, UNCLASSIFIED","1,800",CY,"COLONNELLI BROTHERS, INC.",$65.00,"$117,000.00"
23132,132,0006,Bridge Structure No.,0110,202009P,,"EXCAVATION, UNCLASSIFIED","1,800",CY,"RENCOR, INC.",$80.00,"$144,000.00"
23132,132,0006,Bridge Structure No.,0110,202009P,,"EXCAVATION, UNCLASSIFIED","1,800",CY,"IEW CONSTRUCTION GROUP, INC.",$140.42,"$252,756.00"
23132,132,0006,Bridge Structure No.,0110,202009P,,"EXCAVATION, UNCLASSIFIED","1,800",CY,"FERREIRA CONSTRUCTION CO., INC.",$350.00,"$630,000.00"
23132,132,0006,Bridge Structure No.,0111,501003P,,TEMPORARY SHEETING,"1,470",SF,"RITACCO CONSTRUCTION, INC.",$1.00,"$1,470.00"
23132,132,0006,Bridge Structure No.,0111,501003P,,TEMPORARY SHEETING,"1,470",SF,"COLONNELLI BROTHERS, INC.",$80.00,"$117,600.00"
23132,132,0006,Bridge Structure No.,0111,501003P,,TEMPORARY SHEETING,"1,470",SF,"RENCOR, INC.",$200.00,"$294,000.00"
23132,132,0006,Bridge Structure No.,0111,501003P,,TEMPORARY SHEETING,"1,470",SF,"IEW CONSTRUCTION GROUP, INC.",$0.01,$14.70
23132,132,0006,Bridge Structure No.,0111,501003P,,TEMPORARY SHEETING,"1,470",SF,"FERREIRA CONSTRUCTION CO., INC.",$50.00,"$73,500.00"
23132,132,0006,Bridge Structure No.,0112,501009P,,TEMPORARY COFFERDAM,1,LS,"RITACCO CONSTRUCTION, INC.","$785,500.00","$785,500.00"
23132,132,0006,Bridge Structure No.,0112,501009P,,TEMPORARY COFFERDAM,1,LS,"COLONNELLI BROTHERS, INC.","$650,000.00","$650,000.00"
23132,132,0006,Bridge Structure No.,0112,501009P,,TEMPORARY COFFERDAM,1,LS,"RENCOR, INC.","$1,300,000.00","$1,300,000.00"
23132,132,0006,Bridge Structure No.,0112,501009P,,TEMPORARY COFFERDAM,1,LS,"IEW CONSTRUCTION GROUP, INC.","$1,400,000.00","$1,400,000.00"
23132,132,0006,Bridge Structure No.,0112,501009P,,TEMPORARY COFFERDAM,1,LS,"FERREIRA CONSTRUCTION CO., INC.","$600,000.00","$600,000.00"
23132,132,0006,Bridge Structure No.,0113,502002P,,FURNISHING EQUIPMENT FOR DRILLING PILES,1,LS,"RITACCO CONSTRUCTION, INC.","$150,000.00","$150,000.00"
23132,132,0006,Bridge Structure No.,0113,502002P,,FURNISHING EQUIPMENT FOR DRILLING PILES,1,LS,"COLONNELLI BROTHERS, INC.","$90,000.00","$90,000.00"
23132,132,0006,Bridge Structure No.,0113,502002P,,FURNISHING EQUIPMENT FOR DRILLING PILES,1,LS,"RENCOR, INC.","$144,100.00","$144,100.00"
23132,132,0006,Bridge Structure No.,0113,502002P,,FURNISHING EQUIPMENT FOR DRILLING PILES,1,LS,"IEW CONSTRUCTION GROUP, INC.","$160,855.44","$160,855.44"
23132,132,0006,Bridge Structure No.,0113,502002P,,FURNISHING EQUIPMENT FOR DRILLING PILES,1,LS,"FERREIRA CONSTRUCTION CO., INC.","$315,000.00","$315,000.00"
23132,132,0006,Bridge Structure No.,0114,502016M,,"MICROPILES, ___ MICROPILES, 12.75"" DIAMETER","1,144",LF,"RITACCO CONSTRUCTION, INC.",$390.00,"$446,160.00"
23132,132,0006,Bridge Structure No.,0114,502016M,,"MICROPILES, ___ MICROPILES, 12.75"" DIAMETER","1,144",LF,"COLONNELLI BROTHERS, INC.",$398.00,"$455,312.00"
23132,132,0006,Bridge Structure No.,0114,502016M,,"MICROPILES, ___ MICROPILES, 12.75"" DIAMETER","1,144",LF,"RENCOR, INC.",$600.00,"$686,400.00"
23132,132,0006,Bridge Structure No.,0114,502016M,,"MICROPILES, ___ MICROPILES, 12.75"" DIAMETER","1,144",LF,"IEW CONSTRUCTION GROUP, INC.",$453.97,"$519,341.68"
23132,132,0006,Bridge Structure No.,0114,502016M,,"MICROPILES, ___ MICROPILES, 12.75"" DIAMETER","1,144",LF,"FERREIRA CONSTRUCTION CO., INC.",$375.00,"$429,000.00"
23132,132,0006,Bridge Structure No.,0115,502370M,,VERIFICATION TEST,1,U,"RITACCO CONSTRUCTION, INC.","$95,000.00","$95,000.00"
23132,132,0006,Bridge Structure No.,0115,502370M,,VERIFICATION TEST,1,U,"COLONNELLI BROTHERS, INC.","$80,000.00","$80,000.00"
23132,132,0006,Bridge Structure No.,0115,502370M,,VERIFICATION TEST,1,U,"RENCOR, INC.","$89,100.00","$89,100.00"
23132,132,0006,Bridge Structure No.,0115,502370M,,VERIFICATION TEST,1,U,"IEW CONSTRUCTION GROUP, INC.","$107,948.17","$107,948.17"
23132,132,0006,Bridge Structure No.,0115,502370M,,VERIFICATION TEST,1,U,"FERREIRA CONSTRUCTION CO., INC.","$60,000.00","$60,000.00"
23132,132,0006,Bridge Structure No.,0116,502371M,,PROOF TEST,2,U,"RITACCO CONSTRUCTION, INC.","$25,000.00","$50,000.00"
23132,132,0006,Bridge Structure No.,0116,502371M,,PROOF TEST,2,U,"COLONNELLI BROTHERS, INC.","$5,000.00","$10,000.00"
23132,132,0006,Bridge Structure No.,0116,502371M,,PROOF TEST,2,U,"RENCOR, INC.","$16,500.00","$33,000.00"
23132,132,0006,Bridge Structure No.,0116,502371M,,PROOF TEST,2,U,"IEW CONSTRUCTION GROUP, INC.","$37,110.83","$74,221.66"
23132,132,0006,Bridge Structure No.,0116,502371M,,PROOF TEST,2,U,"FERREIRA CONSTRUCTION CO., INC.","$20,000.00","$40,000.00"
23132,132,0006,Bridge Structure No.,0117,504003P,,REINFORCEMENT STEEL,"39,851",LB,"RITACCO CONSTRUCTION, INC.",$2.00,"$79,702.00"
23132,132,0006,Bridge Structure No.,0117,504003P,,REINFORCEMENT STEEL,"39,851",LB,"COLONNELLI BROTHERS, INC.",$2.00,"$79,702.00"
23132,132,0006,Bridge Structure No.,0117,504003P,,REINFORCEMENT STEEL,"39,851",LB,"RENCOR, INC.",$2.00,"$79,702.00"
23132,132,0006,Bridge Structure No.,0117,504003P,,REINFORCEMENT STEEL,"39,851",LB,"IEW CONSTRUCTION GROUP, INC.",$2.02,"$80,499.02"
23132,132,0006,Bridge Structure No.,0117,504003P,,REINFORCEMENT STEEL,"39,851",LB,"FERREIRA CONSTRUCTION CO., INC.",$3.00,"$119,553.00"
23132,132,0006,Bridge Structure No.,0118,504006P,,"REINFORCEMENT STEEL, EPOXY-COATED","91,244",LB,"RITACCO CONSTRUCTION, INC.",$2.20,"$200,736.80"
23132,132,0006,Bridge Structure No.,0118,504006P,,"REINFORCEMENT STEEL, EPOXY-COATED","91,244",LB,"COLONNELLI BROTHERS, INC.",$2.50,"$228,110.00"
23132,132,0006,Bridge Structure No.,0118,504006P,,"REINFORCEMENT STEEL, EPOXY-COATED","91,244",LB,"RENCOR, INC.",$3.00,"$273,732.00"
23132,132,0006,Bridge Structure No.,0118,504006P,,"REINFORCEMENT STEEL, EPOXY-COATED","91,244",LB,"IEW CONSTRUCTION GROUP, INC.",$2.33,"$212,598.52"
23132,132,0006,Bridge Structure No.,0118,504006P,,"REINFORCEMENT STEEL, EPOXY-COATED","91,244",LB,"FERREIRA CONSTRUCTION CO., INC.",$3.50,"$319,354.00"
23132,132,0006,Bridge Structure No.,0119,504015P,,CONCRETE FOOTING,430,CY,"RITACCO CONSTRUCTION, INC.",$550.00,"$236,500.00"
23132,132,0006,Bridge Structure No.,0119,504015P,,CONCRETE FOOTING,430,CY,"COLONNELLI BROTHERS, INC.",$600.00,"$258,000.00"
23132,132,0006,Bridge Structure No.,0119,504015P,,CONCRETE FOOTING,430,CY,"RENCOR, INC.",$550.00,"$236,500.00"
23132,132,0006,Bridge Structure No.,0119,504015P,,CONCRETE FOOTING,430,CY,"IEW CONSTRUCTION GROUP, INC.",$836.80,"$359,824.00"
23132,132,0006,Bridge Structure No.,0119,504015P,,CONCRETE FOOTING,430,CY,"FERREIRA CONSTRUCTION CO., INC.",$550.00,"$236,500.00"
23132,132,0006,Bridge Structure No.,0120,504018P,,CONCRETE WING WALL,110,CY,"RITACCO CONSTRUCTION, INC.","$1,950.00","$214,500.00"
23132,132,0006,Bridge Structure No.,0120,504018P,,CONCRETE WING WALL,110,CY,"COLONNELLI BROTHERS, INC.","$1,500.00","$165,000.00"
23132,132,0006,Bridge Structure No.,0120,504018P,,CONCRETE WING WALL,110,CY,"RENCOR, INC.","$1,600.00","$176,000.00"
23132,132,0006,Bridge Structure No.,0120,504018P,,CONCRETE WING WALL,110,CY,"IEW CONSTRUCTION GROUP, INC.","$2,707.91","$297,870.10"
23132,132,0006,Bridge Structure No.,0120,504018P,,CONCRETE WING WALL,110,CY,"FERREIRA CONSTRUCTION CO., INC.","$2,200.00","$242,000.00"
23132,132,0006,Bridge Structure No.,0121,504024P,,CONCRETE ABUTMENT WALL,215,CY,"RITACCO CONSTRUCTION, INC.","$1,500.00","$322,500.00"
23132,132,0006,Bridge Structure No.,0121,504024P,,CONCRETE ABUTMENT WALL,215,CY,"COLONNELLI BROTHERS, INC.","$1,250.00","$268,750.00"
23132,132,0006,Bridge Structure No.,0121,504024P,,CONCRETE ABUTMENT WALL,215,CY,"RENCOR, INC.","$1,100.00","$236,500.00"
23132,132,0006,Bridge Structure No.,0121,504024P,,CONCRETE ABUTMENT WALL,215,CY,"IEW CONSTRUCTION GROUP, INC.","$1,508.86","$324,404.90"
23132,132,0006,Bridge Structure No.,0121,504024P,,CONCRETE ABUTMENT WALL,215,CY,"FERREIRA CONSTRUCTION CO., INC.","$2,400.00","$516,000.00"
23132,132,0006,Bridge Structure No.,0122,504036P,,EPOXY WATERPROOFING,50,SY,"RITACCO CONSTRUCTION, INC.",$50.00,"$2,500.00"
23132,132,0006,Bridge Structure No.,0122,504036P,,EPOXY WATERPROOFING,50,SY,"COLONNELLI BROTHERS, INC.",$130.00,"$6,500.00"
23132,132,0006,Bridge Structure No.,0122,504036P,,EPOXY WATERPROOFING,50,SY,"RENCOR, INC.",$100.00,"$5,000.00"
23132,132,0006,Bridge Structure No.,0122,504036P,,EPOXY WATERPROOFING,50,SY,"IEW CONSTRUCTION GROUP, INC.",$93.36,"$4,668.00"
23132,132,0006,Bridge Structure No.,0122,504036P,,EPOXY WATERPROOFING,50,SY,"FERREIRA CONSTRUCTION CO., INC.",$105.00,"$5,250.00"
23132,132,0006,Bridge Structure No.,0123,505033P,,"PRESTRESSED CONCRETE BOX BEAM, (TYPE BIII-48), 48"" X 39""",277,LF,"RITACCO CONSTRUCTION, INC.","$2,700.00","$747,900.00"
23132,132,0006,Bridge Structure No.,0123,505033P,,"PRESTRESSED CONCRETE BOX BEAM, (TYPE BIII-48), 48"" X 39""",277,LF,"COLONNELLI BROTHERS, INC.",$950.00,"$263,150.00"
23132,132,0006,Bridge Structure No.,0123,505033P,,"PRESTRESSED CONCRETE BOX BEAM, (TYPE BIII-48), 48"" X 39""",277,LF,"RENCOR, INC.",$900.00,"$249,300.00"
23132,132,0006,Bridge Structure No.,0123,505033P,,"PRESTRESSED CONCRETE BOX BEAM, (TYPE BIII-48), 48"" X 39""",277,LF,"IEW CONSTRUCTION GROUP, INC.",$717.16,"$198,653.32"
23132,132,0006,Bridge Structure No.,0123,505033P,,"PRESTRESSED CONCRETE BOX BEAM, (TYPE BIII-48), 48"" X 39""",277,LF,"FERREIRA CONSTRUCTION CO., INC.","$1,500.00","$415,500.00"
23132,132,0006,Bridge Structure No.,0124,506003P,,STRUCTURAL STEEL STRUCTURAL STEEL (APPROXIMATELY 1000 LBS.),1,LS,"RITACCO CONSTRUCTION, INC.","$55,000.00","$55,000.00"
23132,132,0006,Bridge Structure No.,0124,506003P,,STRUCTURAL STEEL STRUCTURAL STEEL (APPROXIMATELY 1000 LBS.),1,LS,"COLONNELLI BROTHERS, INC.","$50,000.00","$50,000.00"
23132,132,0006,Bridge Structure No.,0124,506003P,,STRUCTURAL STEEL STRUCTURAL STEEL (APPROXIMATELY 1000 LBS.),1,LS,"RENCOR, INC.","$19,000.00","$19,000.00"
23132,132,0006,Bridge Structure No.,0124,506003P,,STRUCTURAL STEEL STRUCTURAL STEEL (APPROXIMATELY 1000 LBS.),1,LS,"IEW CONSTRUCTION GROUP, INC.","$10,767.66","$10,767.66"
23132,132,0006,Bridge Structure No.,0124,506003P,,STRUCTURAL STEEL STRUCTURAL STEEL (APPROXIMATELY 1000 LBS.),1,LS,"FERREIRA CONSTRUCTION CO., INC.","$50,000.00","$50,000.00"
23132,132,0006,Bridge Structure No.,0125,506006P,,REINFORCED ELASTOMERIC BEARING ASSEMBLY,10,U,"RITACCO CONSTRUCTION, INC.","$3,500.00","$35,000.00"
23132,132,0006,Bridge Structure No.,0125,506006P,,REINFORCED ELASTOMERIC BEARING ASSEMBLY,10,U,"COLONNELLI BROTHERS, INC.","$1,000.00","$10,000.00"
23132,132,0006,Bridge Structure No.,0125,506006P,,REINFORCED ELASTOMERIC BEARING ASSEMBLY,10,U,"RENCOR, INC.","$1,400.00","$14,000.00"
23132,132,0006,Bridge Structure No.,0125,506006P,,REINFORCED ELASTOMERIC BEARING ASSEMBLY,10,U,"IEW CONSTRUCTION GROUP, INC.","$2,084.74","$20,847.40"
23132,132,0006,Bridge Structure No.,0125,506006P,,REINFORCED ELASTOMERIC BEARING ASSEMBLY,10,U,"FERREIRA CONSTRUCTION CO., INC.","$7,000.00","$70,000.00"
23132,132,0006,Bridge Structure No.,0126,507015P,,STRIP SEAL EXPANSION JOINT ASSEMBLY,102,LF,"RITACCO CONSTRUCTION, INC.",$600.00,"$61,200.00"
23132,132,0006,Bridge Structure No.,0126,507015P,,STRIP SEAL EXPANSION JOINT ASSEMBLY,102,LF,"COLONNELLI BROTHERS, INC.",$550.00,"$56,100.00"
23132,132,0006,Bridge Structure No.,0126,507015P,,STRIP SEAL EXPANSION JOINT ASSEMBLY,102,LF,"RENCOR, INC.",$640.00,"$65,280.00"
23132,132,0006,Bridge Structure No.,0126,507015P,,STRIP SEAL EXPANSION JOINT ASSEMBLY,102,LF,"IEW CONSTRUCTION GROUP, INC.",$929.97,"$94,856.94"
23132,132,0006,Bridge Structure No.,0126,507015P,,STRIP SEAL EXPANSION JOINT ASSEMBLY,102,LF,"FERREIRA CONSTRUCTION CO., INC.","$1,120.00","$114,240.00"
23132,132,0006,Bridge Structure No.,0127,507024P,,"CONCRETE BRIDGE DECK, HPC",150,CY,"RITACCO CONSTRUCTION, INC.","$1,400.00","$210,000.00"
23132,132,0006,Bridge Structure No.,0127,507024P,,"CONCRETE BRIDGE DECK, HPC",150,CY,"COLONNELLI BROTHERS, INC.","$1,220.00","$183,000.00"
23132,132,0006,Bridge Structure No.,0127,507024P,,"CONCRETE BRIDGE DECK, HPC",150,CY,"RENCOR, INC.","$2,000.00","$300,000.00"
23132,132,0006,Bridge Structure No.,0127,507024P,,"CONCRETE BRIDGE DECK, HPC",150,CY,"IEW CONSTRUCTION GROUP, INC.","$2,528.26","$379,239.00"
23132,132,0006,Bridge Structure No.,0127,507024P,,"CONCRETE BRIDGE DECK, HPC",150,CY,"FERREIRA CONSTRUCTION CO., INC.","$2,600.00","$390,000.00"
23132,132,0006,Bridge Structure No.,0128,507039P,,"CONCRETE BRIDGE PARAPET, HPC",235,LF,"RITACCO CONSTRUCTION, INC.",$375.00,"$88,125.00"
23132,132,0006,Bridge Structure No.,0128,507039P,,"CONCRETE BRIDGE PARAPET, HPC",235,LF,"COLONNELLI BROTHERS, INC.",$450.00,"$105,750.00"
23132,132,0006,Bridge Structure No.,0128,507039P,,"CONCRETE BRIDGE PARAPET, HPC",235,LF,"RENCOR, INC.",$560.00,"$131,600.00"
23132,132,0006,Bridge Structure No.,0128,507039P,,"CONCRETE BRIDGE PARAPET, HPC",235,LF,"IEW CONSTRUCTION GROUP, INC.",$577.67,"$135,752.45"
23132,132,0006,Bridge Structure No.,0128,507039P,,"CONCRETE BRIDGE PARAPET, HPC",235,LF,"FERREIRA CONSTRUCTION CO., INC.",$400.00,"$94,000.00"
23132,132,0006,Bridge Structure No.,0129,507050M,,CONCRETE SLEEPER SLAB,52,CY,"RITACCO CONSTRUCTION, INC.","$1,100.00","$57,200.00"
23132,132,0006,Bridge Structure No.,0129,507050M,,CONCRETE SLEEPER SLAB,52,CY,"COLONNELLI BROTHERS, INC.",$650.00,"$33,800.00"
23132,132,0006,Bridge Structure No.,0129,507050M,,CONCRETE SLEEPER SLAB,52,CY,"RENCOR, INC.","$1,450.00","$75,400.00"
23132,132,0006,Bridge Structure No.,0129,507050M,,CONCRETE SLEEPER SLAB,52,CY,"IEW CONSTRUCTION GROUP, INC.","$1,458.76","$75,855.52"
23132,132,0006,Bridge Structure No.,0129,507050M,,CONCRETE SLEEPER SLAB,52,CY,"FERREIRA CONSTRUCTION CO., INC.","$1,575.00","$81,900.00"
23132,132,0006,Bridge Structure No.,0130,507054P,,CONCRETE BRIDGE RELIEF SLAB,270,SY,"RITACCO CONSTRUCTION, INC.",$350.00,"$94,500.00"
23132,132,0006,Bridge Structure No.,0130,507054P,,CONCRETE BRIDGE RELIEF SLAB,270,SY,"COLONNELLI BROTHERS, INC.",$450.00,"$121,500.00"
23132,132,0006,Bridge Structure No.,0130,507054P,,CONCRETE BRIDGE RELIEF SLAB,270,SY,"RENCOR, INC.",$500.00,"$135,000.00"
23132,132,0006,Bridge Structure No.,0130,507054P,,CONCRETE BRIDGE RELIEF SLAB,270,SY,"IEW CONSTRUCTION GROUP, INC.",$478.47,"$129,186.90"
23132,132,0006,Bridge Structure No.,0130,507054P,,CONCRETE BRIDGE RELIEF SLAB,270,SY,"FERREIRA CONSTRUCTION CO., INC.",$590.00,"$159,300.00"
23132,132,0006,Bridge Structure No.,0131,701021P,,"3"" RIGID METALLIC CONDUIT",570,LF,"RITACCO CONSTRUCTION, INC.",$40.00,"$22,800.00"
23132,132,0006,Bridge Structure No.,0131,701021P,,"3"" RIGID METALLIC CONDUIT",570,LF,"COLONNELLI BROTHERS, INC.",$45.00,"$25,650.00"
23132,132,0006,Bridge Structure No.,0131,701021P,,"3"" RIGID METALLIC CONDUIT",570,LF,"RENCOR, INC.",$65.00,"$37,050.00"
23132,132,0006,Bridge Structure No.,0131,701021P,,"3"" RIGID METALLIC CONDUIT",570,LF,"IEW CONSTRUCTION GROUP, INC.",$87.53,"$49,892.10"
23132,132,0006,Bridge Structure No.,0131,701021P,,"3"" RIGID METALLIC CONDUIT",570,LF,"FERREIRA CONSTRUCTION CO., INC.",$141.00,"$80,370.00"