Proposal,Call Order,Section Number,Section Description,Line,Item,Alternate Code,Item Description,Quantity,Unit,Vendor Name,Unit Price,Extension
24106,106,0001,Roadway,0001,151006M,,PERFORMANCE BOND AND PAYMENT BOND,1,DOLL,"ORCHARD HOLDINGS, LLC","$74,465.00","$74,465.00"
24106,106,0001,Roadway,0001,151006M,,PERFORMANCE BOND AND PAYMENT BOND,1,DOLL,"DAIDONE ELECTRIC, INC.","$67,432.06","$67,432.06"
24106,106,0001,Roadway,0001,151006M,,PERFORMANCE BOND AND PAYMENT BOND,1,DOLL,"HBC COMPANY, INC.","$82,000.00","$82,000.00"
24106,106,0003,Non-Participating (Roadway),0002,152015P,,POLLUTION LIABILITY INSURANCE,1,DOLL,"ORCHARD HOLDINGS, LLC","$26,000.00","$26,000.00"
24106,106,0003,Non-Participating (Roadway),0002,152015P,,POLLUTION LIABILITY INSURANCE,1,DOLL,"DAIDONE ELECTRIC, INC.",$0.01,$0.01
24106,106,0003,Non-Participating (Roadway),0002,152015P,,POLLUTION LIABILITY INSURANCE,1,DOLL,"HBC COMPANY, INC.","$15,000.00","$15,000.00"
24106,106,0001,Roadway,0003,153003P,,PROGRESS SCHEDULE,1,LS,"ORCHARD HOLDINGS, LLC","$5,650.00","$5,650.00"
24106,106,0001,Roadway,0003,153003P,,PROGRESS SCHEDULE,1,LS,"DAIDONE ELECTRIC, INC.","$50,000.00","$50,000.00"
24106,106,0001,Roadway,0003,153003P,,PROGRESS SCHEDULE,1,LS,"HBC COMPANY, INC.","$35,000.00","$35,000.00"
24106,106,0001,Roadway,0004,153005M,,PROGRESS SCHEDULE UPDATE,30,U,"ORCHARD HOLDINGS, LLC",$550.00,"$16,500.00"
24106,106,0001,Roadway,0004,153005M,,PROGRESS SCHEDULE UPDATE,30,U,"DAIDONE ELECTRIC, INC.",$0.01,$0.30
24106,106,0001,Roadway,0004,153005M,,PROGRESS SCHEDULE UPDATE,30,U,"HBC COMPANY, INC.","$1,500.00","$45,000.00"
24106,106,0001,Roadway,0005,153011M,,TRAINEES,"4,720",HOUR,"ORCHARD HOLDINGS, LLC",$1.00,"$4,720.00"
24106,106,0001,Roadway,0005,153011M,,TRAINEES,"4,720",HOUR,"DAIDONE ELECTRIC, INC.",$0.01,$47.20
24106,106,0001,Roadway,0005,153011M,,TRAINEES,"4,720",HOUR,"HBC COMPANY, INC.",$1.00,"$4,720.00"
24106,106,0001,Roadway,0006,154003P,,MOBILIZATION,1,LS,"ORCHARD HOLDINGS, LLC","$803,000.00","$803,000.00"
24106,106,0001,Roadway,0006,154003P,,MOBILIZATION,1,LS,"DAIDONE ELECTRIC, INC.","$1,140,000.00","$1,140,000.00"
24106,106,0001,Roadway,0006,154003P,,MOBILIZATION,1,LS,"HBC COMPANY, INC.","$1,250,000.00","$1,250,000.00"
24106,106,0002,Construction Engineering,0007,155018M,,FIELD OFFICE TYPE F SET UP,1,U,"ORCHARD HOLDINGS, LLC","$40,000.00","$40,000.00"
24106,106,0002,Construction Engineering,0007,155018M,,FIELD OFFICE TYPE F SET UP,1,U,"DAIDONE ELECTRIC, INC.","$80,000.00","$80,000.00"
24106,106,0002,Construction Engineering,0007,155018M,,FIELD OFFICE TYPE F SET UP,1,U,"HBC COMPANY, INC.","$55,000.00","$55,000.00"
24106,106,0002,Construction Engineering,0008,155036M,,FIELD OFFICE TYPE F MAINTENANCE,50,MO,"ORCHARD HOLDINGS, LLC","$3,500.00","$175,000.00"
24106,106,0002,Construction Engineering,0008,155036M,,FIELD OFFICE TYPE F MAINTENANCE,50,MO,"DAIDONE ELECTRIC, INC.","$3,000.00","$150,000.00"
24106,106,0002,Construction Engineering,0008,155036M,,FIELD OFFICE TYPE F MAINTENANCE,50,MO,"HBC COMPANY, INC.","$2,100.00","$105,000.00"
24106,106,0004,Erosion Control,0009,158006M,,SILT FENCE,"2,795",LF,"ORCHARD HOLDINGS, LLC",$4.40,"$12,298.00"
24106,106,0004,Erosion Control,0009,158006M,,SILT FENCE,"2,795",LF,"DAIDONE ELECTRIC, INC.",$3.00,"$8,385.00"
24106,106,0004,Erosion Control,0009,158006M,,SILT FENCE,"2,795",LF,"HBC COMPANY, INC.",$4.00,"$11,180.00"
24106,106,0004,Erosion Control,0010,158009M,,"HEAVY DUTY SILT FENCE, ORANGE",343,LF,"ORCHARD HOLDINGS, LLC",$8.40,"$2,881.20"
24106,106,0004,Erosion Control,0010,158009M,,"HEAVY DUTY SILT FENCE, ORANGE",343,LF,"DAIDONE ELECTRIC, INC.",$30.00,"$10,290.00"
24106,106,0004,Erosion Control,0010,158009M,,"HEAVY DUTY SILT FENCE, ORANGE",343,LF,"HBC COMPANY, INC.",$4.50,"$1,543.50"
24106,106,0004,Erosion Control,0011,158030M,,"INLET FILTER TYPE 2, 2' X 4'",36,U,"ORCHARD HOLDINGS, LLC",$105.00,"$3,780.00"
24106,106,0004,Erosion Control,0011,158030M,,"INLET FILTER TYPE 2, 2' X 4'",36,U,"DAIDONE ELECTRIC, INC.",$199.00,"$7,164.00"
24106,106,0004,Erosion Control,0011,158030M,,"INLET FILTER TYPE 2, 2' X 4'",36,U,"HBC COMPANY, INC.",$350.00,"$12,600.00"
24106,106,0004,Erosion Control,0012,158033M,,"INLET FILTER TYPE 2, 4' X 4'",2,U,"ORCHARD HOLDINGS, LLC",$210.00,$420.00
24106,106,0004,Erosion Control,0012,158033M,,"INLET FILTER TYPE 2, 4' X 4'",2,U,"DAIDONE ELECTRIC, INC.",$199.00,$398.00
24106,106,0004,Erosion Control,0012,158033M,,"INLET FILTER TYPE 2, 4' X 4'",2,U,"HBC COMPANY, INC.",$400.00,$800.00
24106,106,0001,Roadway,0013,159003M,,BREAKAWAY BARRICADE,48,U,"ORCHARD HOLDINGS, LLC",$150.00,"$7,200.00"
24106,106,0001,Roadway,0013,159003M,,BREAKAWAY BARRICADE,48,U,"DAIDONE ELECTRIC, INC.",$0.01,$0.48
24106,106,0001,Roadway,0013,159003M,,BREAKAWAY BARRICADE,48,U,"HBC COMPANY, INC.",$55.00,"$2,640.00"
24106,106,0001,Roadway,0014,159006M,,DRUM,150,U,"ORCHARD HOLDINGS, LLC",$90.00,"$13,500.00"
24106,106,0001,Roadway,0014,159006M,,DRUM,150,U,"DAIDONE ELECTRIC, INC.",$0.01,$1.50
24106,106,0001,Roadway,0014,159006M,,DRUM,150,U,"HBC COMPANY, INC.",$45.00,"$6,750.00"
24106,106,0001,Roadway,0015,159009M,,TRAFFIC CONE,300,U,"ORCHARD HOLDINGS, LLC",$24.00,"$7,200.00"
24106,106,0001,Roadway,0015,159009M,,TRAFFIC CONE,300,U,"DAIDONE ELECTRIC, INC.",$0.01,$3.00
24106,106,0001,Roadway,0015,159009M,,TRAFFIC CONE,300,U,"HBC COMPANY, INC.",$20.00,"$6,000.00"
24106,106,0001,Roadway,0016,159012M,,CONSTRUCTION SIGNS,"2,000",SF,"ORCHARD HOLDINGS, LLC",$18.00,"$36,000.00"
24106,106,0001,Roadway,0016,159012M,,CONSTRUCTION SIGNS,"2,000",SF,"DAIDONE ELECTRIC, INC.",$0.01,$20.00
24106,106,0001,Roadway,0016,159012M,,CONSTRUCTION SIGNS,"2,000",SF,"HBC COMPANY, INC.",$35.00,"$70,000.00"
24106,106,0001,Roadway,0017,159027M,,"ARROW BOARD, 4' X 8'",5,U,"ORCHARD HOLDINGS, LLC",$600.00,"$3,000.00"
24106,106,0001,Roadway,0017,159027M,,"ARROW BOARD, 4' X 8'",5,U,"DAIDONE ELECTRIC, INC.",$0.01,$0.05
24106,106,0001,Roadway,0017,159027M,,"ARROW BOARD, 4' X 8'",5,U,"HBC COMPANY, INC.",$500.00,"$2,500.00"
24106,106,0001,Roadway,0018,159029M,,PORTABLE VARIABLE MESSAGE SIGN W/REMOTE COMMUNICATION,2,U,"ORCHARD HOLDINGS, LLC","$20,000.00","$40,000.00"
24106,106,0001,Roadway,0018,159029M,,PORTABLE VARIABLE MESSAGE SIGN W/REMOTE COMMUNICATION,2,U,"DAIDONE ELECTRIC, INC.","$1,000.00","$2,000.00"
24106,106,0001,Roadway,0018,159029M,,PORTABLE VARIABLE MESSAGE SIGN W/REMOTE COMMUNICATION,2,U,"HBC COMPANY, INC.","$25,000.00","$50,000.00"
24106,106,0001,Roadway,0019,159030M,,PORTABLE VARIABLE MESSAGE SIGN,4,U,"ORCHARD HOLDINGS, LLC","$16,500.00","$66,000.00"
24106,106,0001,Roadway,0019,159030M,,PORTABLE VARIABLE MESSAGE SIGN,4,U,"DAIDONE ELECTRIC, INC.","$1,000.00","$4,000.00"
24106,106,0001,Roadway,0019,159030M,,PORTABLE VARIABLE MESSAGE SIGN,4,U,"HBC COMPANY, INC.","$20,000.00","$80,000.00"
24106,106,0001,Roadway,0020,159108M,,TRAFFIC CONTROL TRUCK WITH MOUNTED CRASH CUSHION,4,U,"ORCHARD HOLDINGS, LLC","$27,500.00","$110,000.00"
24106,106,0001,Roadway,0020,159108M,,TRAFFIC CONTROL TRUCK WITH MOUNTED CRASH CUSHION,4,U,"DAIDONE ELECTRIC, INC.","$1,000.00","$4,000.00"
24106,106,0001,Roadway,0020,159108M,,TRAFFIC CONTROL TRUCK WITH MOUNTED CRASH CUSHION,4,U,"HBC COMPANY, INC.","$45,900.00","$183,600.00"
24106,106,0001,Roadway,0021,159260M,,"CONSTRUCTION IDENTIFICATION SIGN, IIJA 6' X 4'",1,U,"ORCHARD HOLDINGS, LLC","$1,000.00","$1,000.00"
24106,106,0001,Roadway,0021,159260M,,"CONSTRUCTION IDENTIFICATION SIGN, IIJA 6' X 4'",1,U,"DAIDONE ELECTRIC, INC.","$4,400.00","$4,400.00"
24106,106,0001,Roadway,0021,159260M,,"CONSTRUCTION IDENTIFICATION SIGN, IIJA 6' X 4'",1,U,"HBC COMPANY, INC.","$6,000.00","$6,000.00"
24106,106,0001,Roadway,0022,159262M,,"CONSTRUCTION IDENTIFICATION SIGN, IIJA 8' X 5'",1,U,"ORCHARD HOLDINGS, LLC","$1,200.00","$1,200.00"
24106,106,0001,Roadway,0022,159262M,,"CONSTRUCTION IDENTIFICATION SIGN, IIJA 8' X 5'",1,U,"DAIDONE ELECTRIC, INC.","$4,600.00","$4,600.00"
24106,106,0001,Roadway,0022,159262M,,"CONSTRUCTION IDENTIFICATION SIGN, IIJA 8' X 5'",1,U,"HBC COMPANY, INC.","$6,500.00","$6,500.00"
24106,106,0001,Roadway,0023,161003P,,FINAL CLEANUP,1,LS,"ORCHARD HOLDINGS, LLC","$18,000.00","$18,000.00"
24106,106,0001,Roadway,0023,161003P,,FINAL CLEANUP,1,LS,"DAIDONE ELECTRIC, INC.","$18,000.00","$18,000.00"
24106,106,0001,Roadway,0023,161003P,,FINAL CLEANUP,1,LS,"HBC COMPANY, INC.","$18,000.00","$18,000.00"
24106,106,0001,Roadway,0024,201003P,,CLEARING SITE,1,LS,"ORCHARD HOLDINGS, LLC","$75,000.00","$75,000.00"
24106,106,0001,Roadway,0024,201003P,,CLEARING SITE,1,LS,"DAIDONE ELECTRIC, INC.","$75,000.00","$75,000.00"
24106,106,0001,Roadway,0024,201003P,,CLEARING SITE,1,LS,"HBC COMPANY, INC.","$75,000.00","$75,000.00"
24106,106,0001,Roadway,0025,202006M,,"EXCAVATION, TEST PIT",35,CY,"ORCHARD HOLDINGS, LLC",$335.00,"$11,725.00"
24106,106,0001,Roadway,0025,202006M,,"EXCAVATION, TEST PIT",35,CY,"DAIDONE ELECTRIC, INC.",$100.00,"$3,500.00"
24106,106,0001,Roadway,0025,202006M,,"EXCAVATION, TEST PIT",35,CY,"HBC COMPANY, INC.",$550.00,"$19,250.00"
24106,106,0001,Roadway,0026,401021M,,HOT MIX ASPHALT PAVEMENT REPAIR,171,SY,"ORCHARD HOLDINGS, LLC",$105.50,"$18,040.50"
24106,106,0001,Roadway,0026,401021M,,HOT MIX ASPHALT PAVEMENT REPAIR,171,SY,"DAIDONE ELECTRIC, INC.",$250.00,"$42,750.00"
24106,106,0001,Roadway,0026,401021M,,HOT MIX ASPHALT PAVEMENT REPAIR,171,SY,"HBC COMPANY, INC.",$150.00,"$25,650.00"
24106,106,0001,Roadway,0027,603015P,,"CONCRETE SLOPE PROTECTION, REINFORCED, 4"" THICK",125,SY,"ORCHARD HOLDINGS, LLC",$276.25,"$34,531.25"
24106,106,0001,Roadway,0027,603015P,,"CONCRETE SLOPE PROTECTION, REINFORCED, 4"" THICK",125,SY,"DAIDONE ELECTRIC, INC.",$337.00,"$42,125.00"
24106,106,0001,Roadway,0027,603015P,,"CONCRETE SLOPE PROTECTION, REINFORCED, 4"" THICK",125,SY,"HBC COMPANY, INC.",$250.00,"$31,250.00"
24106,106,0001,Roadway,0028,605174M,,REPAIRING CHAIN-LINK FENCE,50,LF,"ORCHARD HOLDINGS, LLC",$60.00,"$3,000.00"
24106,106,0001,Roadway,0028,605174M,,REPAIRING CHAIN-LINK FENCE,50,LF,"DAIDONE ELECTRIC, INC.",$68.00,"$3,400.00"
24106,106,0001,Roadway,0028,605174M,,REPAIRING CHAIN-LINK FENCE,50,LF,"HBC COMPANY, INC.",$75.00,"$3,750.00"
24106,106,0001,Roadway,0029,606012P,,"CONCRETE SIDEWALK, 4"" THICK","1,274",SY,"ORCHARD HOLDINGS, LLC",$127.25,"$162,116.50"
24106,106,0001,Roadway,0029,606012P,,"CONCRETE SIDEWALK, 4"" THICK","1,274",SY,"DAIDONE ELECTRIC, INC.",$244.00,"$310,856.00"
24106,106,0001,Roadway,0029,606012P,,"CONCRETE SIDEWALK, 4"" THICK","1,274",SY,"HBC COMPANY, INC.",$220.00,"$280,280.00"
24106,106,0001,Roadway,0030,606095P,,TURF PAVERS,347,SY,"ORCHARD HOLDINGS, LLC",$234.00,"$81,198.00"
24106,106,0001,Roadway,0030,606095P,,TURF PAVERS,347,SY,"DAIDONE ELECTRIC, INC.",$484.00,"$167,948.00"
24106,106,0001,Roadway,0030,606095P,,TURF PAVERS,347,SY,"HBC COMPANY, INC.",$590.00,"$204,730.00"
24106,106,0001,Roadway,0031,701015P,,"2"" RIGID METALLIC CONDUIT",35,LF,"ORCHARD HOLDINGS, LLC",$89.00,"$3,115.00"
24106,106,0001,Roadway,0031,701015P,,"2"" RIGID METALLIC CONDUIT",35,LF,"DAIDONE ELECTRIC, INC.",$78.00,"$2,730.00"
24106,106,0001,Roadway,0031,701015P,,"2"" RIGID METALLIC CONDUIT",35,LF,"HBC COMPANY, INC.",$75.00,"$2,625.00"
24106,106,0001,Roadway,0032,701021P,,"3"" RIGID METALLIC CONDUIT","5,938",LF,"ORCHARD HOLDINGS, LLC",$90.50,"$537,389.00"
24106,106,0001,Roadway,0032,701021P,,"3"" RIGID METALLIC CONDUIT","5,938",LF,"DAIDONE ELECTRIC, INC.",$179.00,"$1,062,902.00"
24106,106,0001,Roadway,0032,701021P,,"3"" RIGID METALLIC CONDUIT","5,938",LF,"HBC COMPANY, INC.",$155.00,"$920,390.00"
24106,106,0001,Roadway,0033,701102M,,"18"" X 36"" JUNCTION BOX",33,U,"ORCHARD HOLDINGS, LLC","$3,560.00","$117,480.00"
24106,106,0001,Roadway,0033,701102M,,"18"" X 36"" JUNCTION BOX",33,U,"DAIDONE ELECTRIC, INC.","$4,600.00","$151,800.00"
24106,106,0001,Roadway,0033,701102M,,"18"" X 36"" JUNCTION BOX",33,U,"HBC COMPANY, INC.","$3,500.00","$115,500.00"
24106,106,0001,Roadway,0034,701110M,,"24"" X 24"" X 12"" METAL JUNCTION BOX",2,U,"ORCHARD HOLDINGS, LLC","$4,535.00","$9,070.00"
24106,106,0001,Roadway,0034,701110M,,"24"" X 24"" X 12"" METAL JUNCTION BOX",2,U,"DAIDONE ELECTRIC, INC.","$4,500.00","$9,000.00"
24106,106,0001,Roadway,0034,701110M,,"24"" X 24"" X 12"" METAL JUNCTION BOX",2,U,"HBC COMPANY, INC.","$1,900.00","$3,800.00"
24106,106,0001,Roadway,0035,701123M,,"FOUNDATION, TYPE SFT",11,U,"ORCHARD HOLDINGS, LLC","$3,290.00","$36,190.00"
24106,106,0001,Roadway,0035,701123M,,"FOUNDATION, TYPE SFT",11,U,"DAIDONE ELECTRIC, INC.","$4,100.00","$45,100.00"
24106,106,0001,Roadway,0035,701123M,,"FOUNDATION, TYPE SFT",11,U,"HBC COMPANY, INC.","$2,500.00","$27,500.00"
24106,106,0001,Roadway,0036,701126M,,"FOUNDATION, TYPE MCF",11,U,"ORCHARD HOLDINGS, LLC","$2,615.00","$28,765.00"
24106,106,0001,Roadway,0036,701126M,,"FOUNDATION, TYPE MCF",11,U,"DAIDONE ELECTRIC, INC.","$4,000.00","$44,000.00"
24106,106,0001,Roadway,0036,701126M,,"FOUNDATION, TYPE MCF",11,U,"HBC COMPANY, INC.","$2,500.00","$27,500.00"
24106,106,0001,Roadway,0037,701128M,,"FOUNDATION, TYPE P-MC MODIFIED",1,U,"ORCHARD HOLDINGS, LLC","$6,135.00","$6,135.00"
24106,106,0001,Roadway,0037,701128M,,"FOUNDATION, TYPE P-MC MODIFIED",1,U,"DAIDONE ELECTRIC, INC.","$7,400.00","$7,400.00"
24106,106,0001,Roadway,0037,701128M,,"FOUNDATION, TYPE P-MC MODIFIED",1,U,"HBC COMPANY, INC.","$3,500.00","$3,500.00"
24106,106,0001,Roadway,0038,701168M,,"METER CABINET, TYPE T",11,U,"ORCHARD HOLDINGS, LLC","$3,095.00","$34,045.00"
24106,106,0001,Roadway,0038,701168M,,"METER CABINET, TYPE T",11,U,"DAIDONE ELECTRIC, INC.","$4,200.00","$46,200.00"
24106,106,0001,Roadway,0038,701168M,,"METER CABINET, TYPE T",11,U,"HBC COMPANY, INC.","$7,500.00","$82,500.00"
24106,106,0001,Roadway,0039,701171M,,"METER CABINET, TYPE TL",1,U,"ORCHARD HOLDINGS, LLC","$5,475.00","$5,475.00"
24106,106,0001,Roadway,0039,701171M,,"METER CABINET, TYPE TL",1,U,"DAIDONE ELECTRIC, INC.","$4,200.00","$4,200.00"
24106,106,0001,Roadway,0039,701171M,,"METER CABINET, TYPE TL",1,U,"HBC COMPANY, INC.","$9,500.00","$9,500.00"
24106,106,0001,Roadway,0040,701192P,,"GROUND WIRE, NO. 8 AWG","4,036",LF,"ORCHARD HOLDINGS, LLC",$3.60,"$14,529.60"
24106,106,0001,Roadway,0040,701192P,,"GROUND WIRE, NO. 8 AWG","4,036",LF,"DAIDONE ELECTRIC, INC.",$3.60,"$14,529.60"
24106,106,0001,Roadway,0040,701192P,,"GROUND WIRE, NO. 8 AWG","4,036",LF,"HBC COMPANY, INC.",$3.00,"$12,108.00"
24106,106,0001,Roadway,0041,701195P,,"MULTIPLE LIGHTING WIRE, NO. 2 AWG",420,LF,"ORCHARD HOLDINGS, LLC",$6.00,"$2,520.00"
24106,106,0001,Roadway,0041,701195P,,"MULTIPLE LIGHTING WIRE, NO. 2 AWG",420,LF,"DAIDONE ELECTRIC, INC.",$9.60,"$4,032.00"
24106,106,0001,Roadway,0041,701195P,,"MULTIPLE LIGHTING WIRE, NO. 2 AWG",420,LF,"HBC COMPANY, INC.",$7.00,"$2,940.00"
24106,106,0001,Roadway,0042,701196P,,"MULTIPLE LIGHTING WIRE, NO. 4 AWG","1,292",LF,"ORCHARD HOLDINGS, LLC",$4.80,"$6,201.60"
24106,106,0001,Roadway,0042,701196P,,"MULTIPLE LIGHTING WIRE, NO. 4 AWG","1,292",LF,"DAIDONE ELECTRIC, INC.",$5.30,"$6,847.60"
24106,106,0001,Roadway,0042,701196P,,"MULTIPLE LIGHTING WIRE, NO. 4 AWG","1,292",LF,"HBC COMPANY, INC.",$5.00,"$6,460.00"
24106,106,0001,Roadway,0043,701198P,,"MULTIPLE LIGHTING WIRE, NO. 6 AWG","1,690",LF,"ORCHARD HOLDINGS, LLC",$3.50,"$5,915.00"
24106,106,0001,Roadway,0043,701198P,,"MULTIPLE LIGHTING WIRE, NO. 6 AWG","1,690",LF,"DAIDONE ELECTRIC, INC.",$4.60,"$7,774.00"
24106,106,0001,Roadway,0043,701198P,,"MULTIPLE LIGHTING WIRE, NO. 6 AWG","1,690",LF,"HBC COMPANY, INC.",$4.25,"$7,182.50"
24106,106,0001,Roadway,0044,701201P,,"MULTIPLE LIGHTING WIRE, NO. 8 AWG","3,878",LF,"ORCHARD HOLDINGS, LLC",$3.70,"$14,348.60"
24106,106,0001,Roadway,0044,701201P,,"MULTIPLE LIGHTING WIRE, NO. 8 AWG","3,878",LF,"DAIDONE ELECTRIC, INC.",$4.00,"$15,512.00"
24106,106,0001,Roadway,0044,701201P,,"MULTIPLE LIGHTING WIRE, NO. 8 AWG","3,878",LF,"HBC COMPANY, INC.",$4.00,"$15,512.00"
24106,106,0001,Roadway,0045,701210P,,"SERVICE WIRE, NO. 2 AWG",60,LF,"ORCHARD HOLDINGS, LLC",$5.70,$342.00
24106,106,0001,Roadway,0045,701210P,,"SERVICE WIRE, NO. 2 AWG",60,LF,"DAIDONE ELECTRIC, INC.",$45.00,"$2,700.00"
24106,106,0001,Roadway,0045,701210P,,"SERVICE WIRE, NO. 2 AWG",60,LF,"HBC COMPANY, INC.",$15.00,$900.00
24106,106,0001,Roadway,0046,701213P,,"SERVICE WIRE, NO. 6 AWG","2,451",LF,"ORCHARD HOLDINGS, LLC",$3.50,"$8,578.50"
24106,106,0001,Roadway,0046,701213P,,"SERVICE WIRE, NO. 6 AWG","2,451",LF,"DAIDONE ELECTRIC, INC.",$13.80,"$33,823.80"
24106,106,0001,Roadway,0046,701213P,,"SERVICE WIRE, NO. 6 AWG","2,451",LF,"HBC COMPANY, INC.",$7.00,"$17,157.00"
24106,106,0001,Roadway,0047,702012M,,"TRAFFIC SIGNAL STANDARD, ALUMINUM",11,U,"ORCHARD HOLDINGS, LLC","$6,200.00","$68,200.00"
24106,106,0001,Roadway,0047,702012M,,"TRAFFIC SIGNAL STANDARD, ALUMINUM",11,U,"DAIDONE ELECTRIC, INC.","$4,900.00","$53,900.00"
24106,106,0001,Roadway,0047,702012M,,"TRAFFIC SIGNAL STANDARD, ALUMINUM",11,U,"HBC COMPANY, INC.","$5,100.00","$56,100.00"
24106,106,0001,Roadway,0048,702027P,,"TRAFFIC SIGNAL CABLE, 2 CONDUCTOR",108,LF,"ORCHARD HOLDINGS, LLC",$4.50,$486.00
24106,106,0001,Roadway,0048,702027P,,"TRAFFIC SIGNAL CABLE, 2 CONDUCTOR",108,LF,"DAIDONE ELECTRIC, INC.",$5.90,$637.20
24106,106,0001,Roadway,0048,702027P,,"TRAFFIC SIGNAL CABLE, 2 CONDUCTOR",108,LF,"HBC COMPANY, INC.",$4.00,$432.00
24106,106,0001,Roadway,0049,702030P,,"TRAFFIC SIGNAL CABLE, 5 CONDUCTOR",904,LF,"ORCHARD HOLDINGS, LLC",$4.85,"$4,384.40"
24106,106,0001,Roadway,0049,702030P,,"TRAFFIC SIGNAL CABLE, 5 CONDUCTOR",904,LF,"DAIDONE ELECTRIC, INC.",$6.60,"$5,966.40"
24106,106,0001,Roadway,0049,702030P,,"TRAFFIC SIGNAL CABLE, 5 CONDUCTOR",904,LF,"HBC COMPANY, INC.",$5.00,"$4,520.00"
24106,106,0001,Roadway,0050,702033P,,"TRAFFIC SIGNAL CABLE, 10 CONDUCTOR","3,531",LF,"ORCHARD HOLDINGS, LLC",$5.85,"$20,656.35"
24106,106,0001,Roadway,0050,702033P,,"TRAFFIC SIGNAL CABLE, 10 CONDUCTOR","3,531",LF,"DAIDONE ELECTRIC, INC.",$7.80,"$27,541.80"
24106,106,0001,Roadway,0050,702033P,,"TRAFFIC SIGNAL CABLE, 10 CONDUCTOR","3,531",LF,"HBC COMPANY, INC.",$6.00,"$21,186.00"
24106,106,0001,Roadway,0051,702045M,,IMAGE DETECTOR,41,U,"ORCHARD HOLDINGS, LLC","$26,400.00","$1,082,400.00"
24106,106,0001,Roadway,0051,702045M,,IMAGE DETECTOR,41,U,"DAIDONE ELECTRIC, INC.","$25,000.00","$1,025,000.00"
24106,106,0001,Roadway,0051,702045M,,IMAGE DETECTOR,41,U,"HBC COMPANY, INC.","$29,500.00","$1,209,500.00"
24106,106,0001,Roadway,0052,702046M,,RADAR DETECTOR,4,U,"ORCHARD HOLDINGS, LLC","$22,715.00","$90,860.00"
24106,106,0001,Roadway,0052,702046M,,RADAR DETECTOR,4,U,"DAIDONE ELECTRIC, INC.","$15,200.00","$60,800.00"
24106,106,0001,Roadway,0052,702046M,,RADAR DETECTOR,4,U,"HBC COMPANY, INC.","$28,000.00","$112,000.00"
24106,106,0001,Roadway,0053,702050M,,GENERATOR AUXILIARY CABINET,10,U,"ORCHARD HOLDINGS, LLC","$9,500.00","$95,000.00"
24106,106,0001,Roadway,0053,702050M,,GENERATOR AUXILIARY CABINET,10,U,"DAIDONE ELECTRIC, INC.","$9,500.00","$95,000.00"
24106,106,0001,Roadway,0053,702050M,,GENERATOR AUXILIARY CABINET,10,U,"HBC COMPANY, INC.","$9,500.00","$95,000.00"
24106,106,0001,Roadway,0054,702054M,,"TEMPORARY TRAFFIC SIGNAL SYSTEM, LOCATION NO. ___ Location 1",1,LS,"ORCHARD HOLDINGS, LLC","$26,000.00","$26,000.00"
24106,106,0001,Roadway,0054,702054M,,"TEMPORARY TRAFFIC SIGNAL SYSTEM, LOCATION NO. ___ Location 1",1,LS,"DAIDONE ELECTRIC, INC.","$157,000.00","$157,000.00"
24106,106,0001,Roadway,0054,702054M,,"TEMPORARY TRAFFIC SIGNAL SYSTEM, LOCATION NO. ___ Location 1",1,LS,"HBC COMPANY, INC.","$39,800.00","$39,800.00"
24106,106,0001,Roadway,0055,702057M,,"INTERIM TRAFFIC SIGNAL SYSTEM, LOCATION NO. ___ Location 1",1,LS,"ORCHARD HOLDINGS, LLC","$10,750.00","$10,750.00"
24106,106,0001,Roadway,0055,702057M,,"INTERIM TRAFFIC SIGNAL SYSTEM, LOCATION NO. ___ Location 1",1,LS,"DAIDONE ELECTRIC, INC.","$15,000.00","$15,000.00"
24106,106,0001,Roadway,0055,702057M,,"INTERIM TRAFFIC SIGNAL SYSTEM, LOCATION NO. ___ Location 1",1,LS,"HBC COMPANY, INC.","$19,500.00","$19,500.00"
24106,106,0001,Roadway,0056,702057M,,"INTERIM TRAFFIC SIGNAL SYSTEM, LOCATION NO. ___ Location 2",1,LS,"ORCHARD HOLDINGS, LLC","$10,750.00","$10,750.00"
24106,106,0001,Roadway,0056,702057M,,"INTERIM TRAFFIC SIGNAL SYSTEM, LOCATION NO. ___ Location 2",1,LS,"DAIDONE ELECTRIC, INC.","$15,000.00","$15,000.00"
24106,106,0001,Roadway,0056,702057M,,"INTERIM TRAFFIC SIGNAL SYSTEM, LOCATION NO. ___ Location 2",1,LS,"HBC COMPANY, INC.","$19,500.00","$19,500.00"
24106,106,0001,Roadway,0057,702057M,,"INTERIM TRAFFIC SIGNAL SYSTEM, LOCATION NO. ___ Location 3",1,LS,"ORCHARD HOLDINGS, LLC","$10,750.00","$10,750.00"
24106,106,0001,Roadway,0057,702057M,,"INTERIM TRAFFIC SIGNAL SYSTEM, LOCATION NO. ___ Location 3",1,LS,"DAIDONE ELECTRIC, INC.","$15,000.00","$15,000.00"
24106,106,0001,Roadway,0057,702057M,,"INTERIM TRAFFIC SIGNAL SYSTEM, LOCATION NO. ___ Location 3",1,LS,"HBC COMPANY, INC.","$19,500.00","$19,500.00"
24106,106,0001,Roadway,0058,702057M,,"INTERIM TRAFFIC SIGNAL SYSTEM, LOCATION NO. ___ Location 4",1,LS,"ORCHARD HOLDINGS, LLC","$10,750.00","$10,750.00"
24106,106,0001,Roadway,0058,702057M,,"INTERIM TRAFFIC SIGNAL SYSTEM, LOCATION NO. ___ Location 4",1,LS,"DAIDONE ELECTRIC, INC.","$15,000.00","$15,000.00"
24106,106,0001,Roadway,0058,702057M,,"INTERIM TRAFFIC SIGNAL SYSTEM, LOCATION NO. ___ Location 4",1,LS,"HBC COMPANY, INC.","$19,500.00","$19,500.00"
24106,106,0001,Roadway,0059,702057M,,"INTERIM TRAFFIC SIGNAL SYSTEM, LOCATION NO. ___ Location 5",1,LS,"ORCHARD HOLDINGS, LLC","$10,750.00","$10,750.00"
24106,106,0001,Roadway,0059,702057M,,"INTERIM TRAFFIC SIGNAL SYSTEM, LOCATION NO. ___ Location 5",1,LS,"DAIDONE ELECTRIC, INC.","$15,000.00","$15,000.00"
24106,106,0001,Roadway,0059,702057M,,"INTERIM TRAFFIC SIGNAL SYSTEM, LOCATION NO. ___ Location 5",1,LS,"HBC COMPANY, INC.","$19,500.00","$19,500.00"
24106,106,0001,Roadway,0060,702057M,,"INTERIM TRAFFIC SIGNAL SYSTEM, LOCATION NO. ___ Location 6",1,LS,"ORCHARD HOLDINGS, LLC","$10,750.00","$10,750.00"
24106,106,0001,Roadway,0060,702057M,,"INTERIM TRAFFIC SIGNAL SYSTEM, LOCATION NO. ___ Location 6",1,LS,"DAIDONE ELECTRIC, INC.","$15,000.00","$15,000.00"
24106,106,0001,Roadway,0060,702057M,,"INTERIM TRAFFIC SIGNAL SYSTEM, LOCATION NO. ___ Location 6",1,LS,"HBC COMPANY, INC.","$19,500.00","$19,500.00"
24106,106,0001,Roadway,0061,702057M,,"INTERIM TRAFFIC SIGNAL SYSTEM, LOCATION NO. ___ Location 7",1,LS,"ORCHARD HOLDINGS, LLC","$10,750.00","$10,750.00"
24106,106,0001,Roadway,0061,702057M,,"INTERIM TRAFFIC SIGNAL SYSTEM, LOCATION NO. ___ Location 7",1,LS,"DAIDONE ELECTRIC, INC.","$15,000.00","$15,000.00"
24106,106,0001,Roadway,0061,702057M,,"INTERIM TRAFFIC SIGNAL SYSTEM, LOCATION NO. ___ Location 7",1,LS,"HBC COMPANY, INC.","$19,500.00","$19,500.00"
24106,106,0001,Roadway,0062,702057M,,"INTERIM TRAFFIC SIGNAL SYSTEM, LOCATION NO. ___ Location 8",1,LS,"ORCHARD HOLDINGS, LLC","$10,750.00","$10,750.00"
24106,106,0001,Roadway,0062,702057M,,"INTERIM TRAFFIC SIGNAL SYSTEM, LOCATION NO. ___ Location 8",1,LS,"DAIDONE ELECTRIC, INC.","$15,000.00","$15,000.00"
24106,106,0001,Roadway,0062,702057M,,"INTERIM TRAFFIC SIGNAL SYSTEM, LOCATION NO. ___ Location 8",1,LS,"HBC COMPANY, INC.","$19,500.00","$19,500.00"
24106,106,0001,Roadway,0063,702057M,,"INTERIM TRAFFIC SIGNAL SYSTEM, LOCATION NO. ___ Location 9",1,LS,"ORCHARD HOLDINGS, LLC","$10,750.00","$10,750.00"
24106,106,0001,Roadway,0063,702057M,,"INTERIM TRAFFIC SIGNAL SYSTEM, LOCATION NO. ___ Location 9",1,LS,"DAIDONE ELECTRIC, INC.","$15,000.00","$15,000.00"
24106,106,0001,Roadway,0063,702057M,,"INTERIM TRAFFIC SIGNAL SYSTEM, LOCATION NO. ___ Location 9",1,LS,"HBC COMPANY, INC.","$19,500.00","$19,500.00"
24106,106,0001,Roadway,0064,702057M,,"INTERIM TRAFFIC SIGNAL SYSTEM, LOCATION NO. ___ Location 10",1,LS,"ORCHARD HOLDINGS, LLC","$10,750.00","$10,750.00"
24106,106,0001,Roadway,0064,702057M,,"INTERIM TRAFFIC SIGNAL SYSTEM, LOCATION NO. ___ Location 10",1,LS,"DAIDONE ELECTRIC, INC.","$15,000.00","$15,000.00"
24106,106,0001,Roadway,0064,702057M,,"INTERIM TRAFFIC SIGNAL SYSTEM, LOCATION NO. ___ Location 10",1,LS,"HBC COMPANY, INC.","$19,500.00","$19,500.00"
24106,106,0001,Roadway,0065,702057M,,"INTERIM TRAFFIC SIGNAL SYSTEM, LOCATION NO. ___ Location 11",1,LS,"ORCHARD HOLDINGS, LLC","$10,750.00","$10,750.00"
24106,106,0001,Roadway,0065,702057M,,"INTERIM TRAFFIC SIGNAL SYSTEM, LOCATION NO. ___ Location 11",1,LS,"DAIDONE ELECTRIC, INC.","$15,000.00","$15,000.00"
24106,106,0001,Roadway,0065,702057M,,"INTERIM TRAFFIC SIGNAL SYSTEM, LOCATION NO. ___ Location 11",1,LS,"HBC COMPANY, INC.","$19,500.00","$19,500.00"
24106,106,0001,Roadway,0066,702057M,,"INTERIM TRAFFIC SIGNAL SYSTEM, LOCATION NO. ___ Location 12",1,LS,"ORCHARD HOLDINGS, LLC","$10,750.00","$10,750.00"
24106,106,0001,Roadway,0066,702057M,,"INTERIM TRAFFIC SIGNAL SYSTEM, LOCATION NO. ___ Location 12",1,LS,"DAIDONE ELECTRIC, INC.","$15,000.00","$15,000.00"
24106,106,0001,Roadway,0066,702057M,,"INTERIM TRAFFIC SIGNAL SYSTEM, LOCATION NO. ___ Location 12",1,LS,"HBC COMPANY, INC.","$19,500.00","$19,500.00"
24106,106,0001,Roadway,0067,704002M,,"ITS CONDUIT, TYPE A","8,308",LF,"ORCHARD HOLDINGS, LLC",$51.00,"$423,708.00"
24106,106,0001,Roadway,0067,704002M,,"ITS CONDUIT, TYPE A","8,308",LF,"DAIDONE ELECTRIC, INC.",$56.00,"$465,248.00"
24106,106,0001,Roadway,0067,704002M,,"ITS CONDUIT, TYPE A","8,308",LF,"HBC COMPANY, INC.",$105.00,"$872,340.00"
24106,106,0001,Roadway,0068,704003M,,JUNCTION BOX ITS TYPE A,18,U,"ORCHARD HOLDINGS, LLC","$7,765.00","$139,770.00"
24106,106,0001,Roadway,0068,704003M,,JUNCTION BOX ITS TYPE A,18,U,"DAIDONE ELECTRIC, INC.","$6,600.00","$118,800.00"
24106,106,0001,Roadway,0068,704003M,,JUNCTION BOX ITS TYPE A,18,U,"HBC COMPANY, INC.","$5,500.00","$99,000.00"
24106,106,0001,Roadway,0069,704006M,,JUNCTION BOX ITS TYPE B,8,U,"ORCHARD HOLDINGS, LLC","$41,510.00","$332,080.00"
24106,106,0001,Roadway,0069,704006M,,JUNCTION BOX ITS TYPE B,8,U,"DAIDONE ELECTRIC, INC.","$22,000.00","$176,000.00"
24106,106,0001,Roadway,0069,704006M,,JUNCTION BOX ITS TYPE B,8,U,"HBC COMPANY, INC.","$7,500.00","$60,000.00"
24106,106,0001,Roadway,0070,704009M,,JUNCTION BOX ITS TYPE C,5,U,"ORCHARD HOLDINGS, LLC","$4,020.00","$20,100.00"
24106,106,0001,Roadway,0070,704009M,,JUNCTION BOX ITS TYPE C,5,U,"DAIDONE ELECTRIC, INC.","$3,600.00","$18,000.00"
24106,106,0001,Roadway,0070,704009M,,JUNCTION BOX ITS TYPE C,5,U,"HBC COMPANY, INC.","$2,500.00","$12,500.00"
24106,106,0001,Roadway,0071,704011M,,METER CABINET ITS,1,U,"ORCHARD HOLDINGS, LLC","$6,075.00","$6,075.00"
24106,106,0001,Roadway,0071,704011M,,METER CABINET ITS,1,U,"DAIDONE ELECTRIC, INC.","$4,200.00","$4,200.00"
24106,106,0001,Roadway,0071,704011M,,METER CABINET ITS,1,U,"HBC COMPANY, INC.","$6,500.00","$6,500.00"
24106,106,0001,Roadway,0072,704014M,,"FOUNDATION, ITS",1,U,"ORCHARD HOLDINGS, LLC","$3,290.00","$3,290.00"
24106,106,0001,Roadway,0072,704014M,,"FOUNDATION, ITS",1,U,"DAIDONE ELECTRIC, INC.","$4,000.00","$4,000.00"
24106,106,0001,Roadway,0072,704014M,,"FOUNDATION, ITS",1,U,"HBC COMPANY, INC.","$1,700.00","$1,700.00"
24106,106,0001,Roadway,0073,704024M,,FOUNDATION ITS TYPE D,1,U,"ORCHARD HOLDINGS, LLC","$4,860.00","$4,860.00"
24106,106,0001,Roadway,0073,704024M,,FOUNDATION ITS TYPE D,1,U,"DAIDONE ELECTRIC, INC.","$5,800.00","$5,800.00"
24106,106,0001,Roadway,0073,704024M,,FOUNDATION ITS TYPE D,1,U,"HBC COMPANY, INC.","$2,800.00","$2,800.00"
24106,106,0001,Roadway,0074,704029M,,COMMUNICATION HUB MODIFICATIONS HUB 3,1,U,"ORCHARD HOLDINGS, LLC","$31,335.00","$31,335.00"
24106,106,0001,Roadway,0074,704029M,,COMMUNICATION HUB MODIFICATIONS HUB 3,1,U,"DAIDONE ELECTRIC, INC.","$23,000.00","$23,000.00"
24106,106,0001,Roadway,0074,704029M,,COMMUNICATION HUB MODIFICATIONS HUB 3,1,U,"HBC COMPANY, INC.","$24,500.00","$24,500.00"
24106,106,0001,Roadway,0075,704032M,,"CONTROLLER MODIFICATIONS, TYPE ___ CSS",8,U,"ORCHARD HOLDINGS, LLC","$15,690.00","$125,520.00"
24106,106,0001,Roadway,0075,704032M,,"CONTROLLER MODIFICATIONS, TYPE ___ CSS",8,U,"DAIDONE ELECTRIC, INC.","$11,500.00","$92,000.00"
24106,106,0001,Roadway,0075,704032M,,"CONTROLLER MODIFICATIONS, TYPE ___ CSS",8,U,"HBC COMPANY, INC.","$15,000.00","$120,000.00"
24106,106,0001,Roadway,0076,704032M,,"CONTROLLER MODIFICATIONS, TYPE ___ DMS",4,U,"ORCHARD HOLDINGS, LLC","$17,355.00","$69,420.00"
24106,106,0001,Roadway,0076,704032M,,"CONTROLLER MODIFICATIONS, TYPE ___ DMS",4,U,"DAIDONE ELECTRIC, INC.","$13,200.00","$52,800.00"
24106,106,0001,Roadway,0076,704032M,,"CONTROLLER MODIFICATIONS, TYPE ___ DMS",4,U,"HBC COMPANY, INC.","$16,000.00","$64,000.00"
24106,106,0001,Roadway,0077,704032M,,"CONTROLLER MODIFICATIONS, TYPE ___ RADAR",3,U,"ORCHARD HOLDINGS, LLC","$4,770.00","$14,310.00"
24106,106,0001,Roadway,0077,704032M,,"CONTROLLER MODIFICATIONS, TYPE ___ RADAR",3,U,"DAIDONE ELECTRIC, INC.",$600.00,"$1,800.00"
24106,106,0001,Roadway,0077,704032M,,"CONTROLLER MODIFICATIONS, TYPE ___ RADAR",3,U,"HBC COMPANY, INC.","$3,500.00","$10,500.00"
24106,106,0001,Roadway,0078,704032M,,"CONTROLLER MODIFICATIONS, TYPE ___ CCC",1,U,"ORCHARD HOLDINGS, LLC","$12,915.00","$12,915.00"
24106,106,0001,Roadway,0078,704032M,,"CONTROLLER MODIFICATIONS, TYPE ___ CCC",1,U,"DAIDONE ELECTRIC, INC.","$4,600.00","$4,600.00"
24106,106,0001,Roadway,0078,704032M,,"CONTROLLER MODIFICATIONS, TYPE ___ CCC",1,U,"HBC COMPANY, INC.","$6,500.00","$6,500.00"
24106,106,0001,Roadway,0079,704033P,,"CONTROL CENTER SYSTEM, LOCATION NO. ___ TOCS",1,LS,"ORCHARD HOLDINGS, LLC","$316,265.00","$316,265.00"
24106,106,0001,Roadway,0079,704033P,,"CONTROL CENTER SYSTEM, LOCATION NO. ___ TOCS",1,LS,"DAIDONE ELECTRIC, INC.","$366,000.00","$366,000.00"
24106,106,0001,Roadway,0079,704033P,,"CONTROL CENTER SYSTEM, LOCATION NO. ___ TOCS",1,LS,"HBC COMPANY, INC.","$325,000.00","$325,000.00"
24106,106,0001,Roadway,0080,704033P,,"CONTROL CENTER SYSTEM, LOCATION NO. ___ STMC",1,LS,"ORCHARD HOLDINGS, LLC","$91,800.00","$91,800.00"
24106,106,0001,Roadway,0080,704033P,,"CONTROL CENTER SYSTEM, LOCATION NO. ___ STMC",1,LS,"DAIDONE ELECTRIC, INC.","$92,000.00","$92,000.00"
24106,106,0001,Roadway,0080,704033P,,"CONTROL CENTER SYSTEM, LOCATION NO. ___ STMC",1,LS,"HBC COMPANY, INC.","$95,800.00","$95,800.00"
24106,106,0001,Roadway,0081,704036M,,FOUNDATION CSS TYPE A,1,U,"ORCHARD HOLDINGS, LLC","$36,280.00","$36,280.00"
24106,106,0001,Roadway,0081,704036M,,FOUNDATION CSS TYPE A,1,U,"DAIDONE ELECTRIC, INC.","$58,000.00","$58,000.00"
24106,106,0001,Roadway,0081,704036M,,FOUNDATION CSS TYPE A,1,U,"HBC COMPANY, INC.","$45,000.00","$45,000.00"
24106,106,0001,Roadway,0082,704048M,,CAMERA STANDARD TYPE A,1,U,"ORCHARD HOLDINGS, LLC","$96,400.00","$96,400.00"
24106,106,0001,Roadway,0082,704048M,,CAMERA STANDARD TYPE A,1,U,"DAIDONE ELECTRIC, INC.","$111,000.00","$111,000.00"
24106,106,0001,Roadway,0082,704048M,,CAMERA STANDARD TYPE A,1,U,"HBC COMPANY, INC.","$125,000.00","$125,000.00"
24106,106,0001,Roadway,0083,704060M,,CAMERA,2,U,"ORCHARD HOLDINGS, LLC","$6,450.00","$12,900.00"
24106,106,0001,Roadway,0083,704060M,,CAMERA,2,U,"DAIDONE ELECTRIC, INC.","$7,400.00","$14,800.00"
24106,106,0001,Roadway,0083,704060M,,CAMERA,2,U,"HBC COMPANY, INC.","$6,300.00","$12,600.00"
24106,106,0001,Roadway,0084,704063M,,"CONTROLLER, CAMERA",1,U,"ORCHARD HOLDINGS, LLC","$41,520.00","$41,520.00"
24106,106,0001,Roadway,0084,704063M,,"CONTROLLER, CAMERA",1,U,"DAIDONE ELECTRIC, INC.","$41,000.00","$41,000.00"
24106,106,0001,Roadway,0084,704063M,,"CONTROLLER, CAMERA",1,U,"HBC COMPANY, INC.","$42,000.00","$42,000.00"
24106,106,0001,Roadway,0085,704076P,,FIBER OPTIC CABLE TYPE G,"49,700",LF,"ORCHARD HOLDINGS, LLC",$5.35,"$265,895.00"
24106,106,0001,Roadway,0085,704076P,,FIBER OPTIC CABLE TYPE G,"49,700",LF,"DAIDONE ELECTRIC, INC.",$12.00,"$596,400.00"
24106,106,0001,Roadway,0085,704076P,,FIBER OPTIC CABLE TYPE G,"49,700",LF,"HBC COMPANY, INC.",$15.00,"$745,500.00"
24106,106,0001,Roadway,0086,704078P,,FIBER OPTIC CABLE TYPE E,"17,415",LF,"ORCHARD HOLDINGS, LLC",$8.50,"$148,027.50"
24106,106,0001,Roadway,0086,704078P,,FIBER OPTIC CABLE TYPE E,"17,415",LF,"DAIDONE ELECTRIC, INC.",$23.00,"$400,545.00"
24106,106,0001,Roadway,0086,704078P,,FIBER OPTIC CABLE TYPE E,"17,415",LF,"HBC COMPANY, INC.",$18.00,"$313,470.00"
24106,106,0001,Roadway,0087,704084M,,"CONTROLLER, CTSS",13,U,"ORCHARD HOLDINGS, LLC","$86,545.00","$1,125,085.00"
24106,106,0001,Roadway,0087,704084M,,"CONTROLLER, CTSS",13,U,"DAIDONE ELECTRIC, INC.","$87,000.00","$1,131,000.00"
24106,106,0001,Roadway,0087,704084M,,"CONTROLLER, CTSS",13,U,"HBC COMPANY, INC.","$91,000.00","$1,183,000.00"
24106,106,0001,Roadway,0088,704090M,,"CONTROLLER, CTSS TURN ON",13,U,"ORCHARD HOLDINGS, LLC","$6,225.00","$80,925.00"
24106,106,0001,Roadway,0088,704090M,,"CONTROLLER, CTSS TURN ON",13,U,"DAIDONE ELECTRIC, INC.","$6,200.00","$80,600.00"
24106,106,0001,Roadway,0088,704090M,,"CONTROLLER, CTSS TURN ON",13,U,"HBC COMPANY, INC.","$6,800.00","$88,400.00"
24106,106,0001,Roadway,0089,704237M,,"ITS ROADSIDE UNIT, TYPE ___ A",16,U,"ORCHARD HOLDINGS, LLC","$31,145.00","$498,320.00"
24106,106,0001,Roadway,0089,704237M,,"ITS ROADSIDE UNIT, TYPE ___ A",16,U,"DAIDONE ELECTRIC, INC.","$34,000.00","$544,000.00"
24106,106,0001,Roadway,0089,704237M,,"ITS ROADSIDE UNIT, TYPE ___ A",16,U,"HBC COMPANY, INC.","$35,000.00","$560,000.00"
24106,106,0001,Roadway,0090,704300M,,"SYSTEM DETECTOR, TYPE ___ RADAR",11,U,"ORCHARD HOLDINGS, LLC","$46,400.00","$510,400.00"
24106,106,0001,Roadway,0090,704300M,,"SYSTEM DETECTOR, TYPE ___ RADAR",11,U,"DAIDONE ELECTRIC, INC.","$47,000.00","$517,000.00"
24106,106,0001,Roadway,0090,704300M,,"SYSTEM DETECTOR, TYPE ___ RADAR",11,U,"HBC COMPANY, INC.","$45,100.00","$496,100.00"
24106,106,0001,Roadway,0091,704340M,,BEFORE AND AFTER TRAFFIC STUDIES,1,LS,"ORCHARD HOLDINGS, LLC","$216,865.00","$216,865.00"
24106,106,0001,Roadway,0091,704340M,,BEFORE AND AFTER TRAFFIC STUDIES,1,LS,"DAIDONE ELECTRIC, INC.","$439,000.00","$439,000.00"
24106,106,0001,Roadway,0091,704340M,,BEFORE AND AFTER TRAFFIC STUDIES,1,LS,"HBC COMPANY, INC.","$475,000.00","$475,000.00"
24106,106,0003,Non-Participating (Roadway),0092,802021M,,"TREE REMOVAL, OVER 6"" TO 12"" DIAMETER",7,U,"ORCHARD HOLDINGS, LLC",$960.00,"$6,720.00"
24106,106,0003,Non-Participating (Roadway),0092,802021M,,"TREE REMOVAL, OVER 6"" TO 12"" DIAMETER",7,U,"DAIDONE ELECTRIC, INC.","$1,700.00","$11,900.00"
24106,106,0003,Non-Participating (Roadway),0092,802021M,,"TREE REMOVAL, OVER 6"" TO 12"" DIAMETER",7,U,"HBC COMPANY, INC.","$1,390.00","$9,730.00"
24106,106,0003,Non-Participating (Roadway),0093,802024M,,"TREE REMOVAL, OVER 12"" TO 18"" DIAMETER",3,U,"ORCHARD HOLDINGS, LLC","$1,950.00","$5,850.00"
24106,106,0003,Non-Participating (Roadway),0093,802024M,,"TREE REMOVAL, OVER 12"" TO 18"" DIAMETER",3,U,"DAIDONE ELECTRIC, INC.","$1,800.00","$5,400.00"
24106,106,0003,Non-Participating (Roadway),0093,802024M,,"TREE REMOVAL, OVER 12"" TO 18"" DIAMETER",3,U,"HBC COMPANY, INC.","$2,500.00","$7,500.00"
24106,106,0005,General Landscape,0094,804000P,,"TOPSOIL SPREADING __"" THICK 4",100,SY,"ORCHARD HOLDINGS, LLC",$8.40,$840.00
24106,106,0005,General Landscape,0094,804000P,,"TOPSOIL SPREADING __"" THICK 4",100,SY,"DAIDONE ELECTRIC, INC.",$52.00,"$5,200.00"
24106,106,0005,General Landscape,0094,804000P,,"TOPSOIL SPREADING __"" THICK 4",100,SY,"HBC COMPANY, INC.",$20.00,"$2,000.00"
24106,106,0005,General Landscape,0095,804015P,,BORROW TOPSOIL,20,CY,"ORCHARD HOLDINGS, LLC",$180.00,"$3,600.00"
24106,106,0005,General Landscape,0095,804015P,,BORROW TOPSOIL,20,CY,"DAIDONE ELECTRIC, INC.",$36.00,$720.00
24106,106,0005,General Landscape,0095,804015P,,BORROW TOPSOIL,20,CY,"HBC COMPANY, INC.",$45.00,$900.00
24106,106,0005,General Landscape,0096,806006P,,"FERTILIZING AND SEEDING, TYPE A-3",100,SY,"ORCHARD HOLDINGS, LLC",$10.80,"$1,080.00"
24106,106,0005,General Landscape,0096,806006P,,"FERTILIZING AND SEEDING, TYPE A-3",100,SY,"DAIDONE ELECTRIC, INC.",$2.00,$200.00
24106,106,0005,General Landscape,0096,806006P,,"FERTILIZING AND SEEDING, TYPE A-3",100,SY,"HBC COMPANY, INC.",$5.00,$500.00
24106,106,0005,General Landscape,0097,809003M,,STRAW MULCHING,100,SY,"ORCHARD HOLDINGS, LLC",$7.10,$710.00
24106,106,0005,General Landscape,0097,809003M,,STRAW MULCHING,100,SY,"DAIDONE ELECTRIC, INC.",$2.00,$200.00
24106,106,0005,General Landscape,0097,809003M,,STRAW MULCHING,100,SY,"HBC COMPANY, INC.",$5.00,$500.00
24106,106,0006,Bridge,0098,506003P,,STRUCTURAL STEEL,1,LS,"ORCHARD HOLDINGS, LLC","$1,078,800.00","$1,078,800.00"
24106,106,0006,Bridge,0098,506003P,,STRUCTURAL STEEL,1,LS,"DAIDONE ELECTRIC, INC.","$700,000.00","$700,000.00"
24106,106,0006,Bridge,0098,506003P,,STRUCTURAL STEEL,1,LS,"HBC COMPANY, INC.","$685,000.00","$685,000.00"
24106,106,0006,Bridge,0099,603015P,,"CONCRETE SLOPE PROTECTION, REINFORCED, 4"" THICK",22,SY,"ORCHARD HOLDINGS, LLC",$480.00,"$10,560.00"
24106,106,0006,Bridge,0099,603015P,,"CONCRETE SLOPE PROTECTION, REINFORCED, 4"" THICK",22,SY,"DAIDONE ELECTRIC, INC.","$1,185.00","$26,070.00"
24106,106,0006,Bridge,0099,603015P,,"CONCRETE SLOPE PROTECTION, REINFORCED, 4"" THICK",22,SY,"HBC COMPANY, INC.",$250.00,"$5,500.00"