Proposal,Call Order,Section Number,Section Description,Line,Item,Alternate Code,Item Description,Quantity,Unit,Vendor Name,Unit Price,Extension
10124,124,0001,ROADWAY,0001,151003M,,PERFORMANCE BOND AND PAYMENT BOND,1,LS,"IEW CONSTRUCTION GROUP, INC.","$35,546.28","$35,546.28"
10124,124,0001,ROADWAY,0001,151003M,,PERFORMANCE BOND AND PAYMENT BOND,1,LS,"AGATE CONSTRUCTION CO., INC.","$40,000.00","$40,000.00"
10124,124,0001,ROADWAY,0001,151003M,,PERFORMANCE BOND AND PAYMENT BOND,1,LS,"A.P. CONSTRUCTION, INC.","$45,900.00","$45,900.00"
10124,124,0003,NON-PARTICIPATING,0002,152003P,,OWNER'S AND CONTRACTOR'S PROTECTIVE LIABILITY INSURANCE,1,LS,"IEW CONSTRUCTION GROUP, INC.","$8,000.00","$8,000.00"
10124,124,0003,NON-PARTICIPATING,0002,152003P,,OWNER'S AND CONTRACTOR'S PROTECTIVE LIABILITY INSURANCE,1,LS,"AGATE CONSTRUCTION CO., INC.","$20,000.00","$20,000.00"
10124,124,0003,NON-PARTICIPATING,0002,152003P,,OWNER'S AND CONTRACTOR'S PROTECTIVE LIABILITY INSURANCE,1,LS,"A.P. CONSTRUCTION, INC.","$6,750.00","$6,750.00"
10124,124,0003,NON-PARTICIPATING,0003,152009P,,POLLUTION LIABILITY INSURANCE,1,LS,"IEW CONSTRUCTION GROUP, INC.",$0.01,$0.01
10124,124,0003,NON-PARTICIPATING,0003,152009P,,POLLUTION LIABILITY INSURANCE,1,LS,"AGATE CONSTRUCTION CO., INC.",$1.00,$1.00
10124,124,0003,NON-PARTICIPATING,0003,152009P,,POLLUTION LIABILITY INSURANCE,1,LS,"A.P. CONSTRUCTION, INC.","$13,500.00","$13,500.00"
10124,124,0001,ROADWAY,0004,153003P,,PROGRESS SCHEDULE,1,LS,"IEW CONSTRUCTION GROUP, INC.",$0.01,$0.01
10124,124,0001,ROADWAY,0004,153003P,,PROGRESS SCHEDULE,1,LS,"AGATE CONSTRUCTION CO., INC.","$5,000.00","$5,000.00"
10124,124,0001,ROADWAY,0004,153003P,,PROGRESS SCHEDULE,1,LS,"A.P. CONSTRUCTION, INC.","$13,500.00","$13,500.00"
10124,124,0001,ROADWAY,0005,153006P,,PROGRESS SCHEDULE UPDATE,8,U,"IEW CONSTRUCTION GROUP, INC.",$0.01,$0.08
10124,124,0001,ROADWAY,0005,153006P,,PROGRESS SCHEDULE UPDATE,8,U,"AGATE CONSTRUCTION CO., INC.",$500.00,"$4,000.00"
10124,124,0001,ROADWAY,0005,153006P,,PROGRESS SCHEDULE UPDATE,8,U,"A.P. CONSTRUCTION, INC.",$675.00,"$5,400.00"
10124,124,0001,ROADWAY,0006,153012P,,TRAINEES,"4,240",HOUR,"IEW CONSTRUCTION GROUP, INC.",$0.01,$42.40
10124,124,0001,ROADWAY,0006,153012P,,TRAINEES,"4,240",HOUR,"AGATE CONSTRUCTION CO., INC.",$1.00,"$4,240.00"
10124,124,0001,ROADWAY,0006,153012P,,TRAINEES,"4,240",HOUR,"A.P. CONSTRUCTION, INC.",$6.75,"$28,620.00"
10124,124,0001,ROADWAY,0007,154003P,,MOBILIZATION,1,LS,"IEW CONSTRUCTION GROUP, INC.","$650,000.00","$650,000.00"
10124,124,0001,ROADWAY,0007,154003P,,MOBILIZATION,1,LS,"AGATE CONSTRUCTION CO., INC.","$936,000.00","$936,000.00"
10124,124,0001,ROADWAY,0007,154003P,,MOBILIZATION,1,LS,"A.P. CONSTRUCTION, INC.","$800,000.00","$800,000.00"
10124,124,0002,CONSTRUCTION ENGINEERING,0008,155009M,,FIELD OFFICE TYPE C SET UP,1,U,"IEW CONSTRUCTION GROUP, INC.","$35,000.00","$35,000.00"
10124,124,0002,CONSTRUCTION ENGINEERING,0008,155009M,,FIELD OFFICE TYPE C SET UP,1,U,"AGATE CONSTRUCTION CO., INC.","$35,000.00","$35,000.00"
10124,124,0002,CONSTRUCTION ENGINEERING,0008,155009M,,FIELD OFFICE TYPE C SET UP,1,U,"A.P. CONSTRUCTION, INC.","$67,500.00","$67,500.00"
10124,124,0002,CONSTRUCTION ENGINEERING,0009,155027M,,FIELD OFFICE TYPE C MAINTENANCE,21,MO,"IEW CONSTRUCTION GROUP, INC.","$3,000.00","$63,000.00"
10124,124,0002,CONSTRUCTION ENGINEERING,0009,155027M,,FIELD OFFICE TYPE C MAINTENANCE,21,MO,"AGATE CONSTRUCTION CO., INC.","$1,000.00","$21,000.00"
10124,124,0002,CONSTRUCTION ENGINEERING,0009,155027M,,FIELD OFFICE TYPE C MAINTENANCE,21,MO,"A.P. CONSTRUCTION, INC.","$2,970.00","$62,370.00"
10124,124,0002,CONSTRUCTION ENGINEERING,0010,155039M,,TELEPHONE SERVICE,1,LS,"IEW CONSTRUCTION GROUP, INC.","$8,400.00","$8,400.00"
10124,124,0002,CONSTRUCTION ENGINEERING,0010,155039M,,TELEPHONE SERVICE,1,LS,"AGATE CONSTRUCTION CO., INC.","$8,400.00","$8,400.00"
10124,124,0002,CONSTRUCTION ENGINEERING,0010,155039M,,TELEPHONE SERVICE,1,LS,"A.P. CONSTRUCTION, INC.","$8,400.00","$8,400.00"
10124,124,0004,EROSION CONTROL,0011,158063P,,CONCRETE WASHOUT SYSTEM,1,LS,"IEW CONSTRUCTION GROUP, INC.","$2,500.00","$2,500.00"
10124,124,0004,EROSION CONTROL,0011,158063P,,CONCRETE WASHOUT SYSTEM,1,LS,"AGATE CONSTRUCTION CO., INC.","$2,000.00","$2,000.00"
10124,124,0004,EROSION CONTROL,0011,158063P,,CONCRETE WASHOUT SYSTEM,1,LS,"A.P. CONSTRUCTION, INC.","$7,425.00","$7,425.00"
10124,124,0004,EROSION CONTROL,0012,158072M,,"OIL ONLY EMERGENCY SPILL KIT, TYPE 1",1,U,"IEW CONSTRUCTION GROUP, INC.",$500.00,$500.00
10124,124,0004,EROSION CONTROL,0012,158072M,,"OIL ONLY EMERGENCY SPILL KIT, TYPE 1",1,U,"AGATE CONSTRUCTION CO., INC.","$1,000.00","$1,000.00"
10124,124,0004,EROSION CONTROL,0012,158072M,,"OIL ONLY EMERGENCY SPILL KIT, TYPE 1",1,U,"A.P. CONSTRUCTION, INC.","$3,375.00","$3,375.00"
10124,124,0001,ROADWAY,0013,159003M,,BREAKAWAY BARRICADE,20,U,"IEW CONSTRUCTION GROUP, INC.",$60.00,"$1,200.00"
10124,124,0001,ROADWAY,0013,159003M,,BREAKAWAY BARRICADE,20,U,"AGATE CONSTRUCTION CO., INC.",$100.00,"$2,000.00"
10124,124,0001,ROADWAY,0013,159003M,,BREAKAWAY BARRICADE,20,U,"A.P. CONSTRUCTION, INC.",$141.75,"$2,835.00"
10124,124,0001,ROADWAY,0014,159006M,,DRUM,35,U,"IEW CONSTRUCTION GROUP, INC.",$36.00,"$1,260.00"
10124,124,0001,ROADWAY,0014,159006M,,DRUM,35,U,"AGATE CONSTRUCTION CO., INC.",$70.00,"$2,450.00"
10124,124,0001,ROADWAY,0014,159006M,,DRUM,35,U,"A.P. CONSTRUCTION, INC.",$81.00,"$2,835.00"
10124,124,0001,ROADWAY,0015,159012M,,CONSTRUCTION SIGNS,191,SF,"IEW CONSTRUCTION GROUP, INC.",$6.00,"$1,146.00"
10124,124,0001,ROADWAY,0015,159012M,,CONSTRUCTION SIGNS,191,SF,"AGATE CONSTRUCTION CO., INC.",$20.00,"$3,820.00"
10124,124,0001,ROADWAY,0015,159012M,,CONSTRUCTION SIGNS,191,SF,"A.P. CONSTRUCTION, INC.",$14.50,"$2,769.50"
10124,124,0001,ROADWAY,0016,159018M,,"CONSTRUCTION IDENTIFICATION SIGN, 6' X 12'",2,U,"IEW CONSTRUCTION GROUP, INC.","$1,115.02","$2,230.04"
10124,124,0001,ROADWAY,0016,159018M,,"CONSTRUCTION IDENTIFICATION SIGN, 6' X 12'",2,U,"AGATE CONSTRUCTION CO., INC.","$1,500.00","$3,000.00"
10124,124,0001,ROADWAY,0016,159018M,,"CONSTRUCTION IDENTIFICATION SIGN, 6' X 12'",2,U,"A.P. CONSTRUCTION, INC.","$2,430.00","$4,860.00"
10124,124,0001,ROADWAY,0017,159027M,,"FLASHING ARROW BOARD, 4' X 8'",2,U,"IEW CONSTRUCTION GROUP, INC.",$0.01,$0.02
10124,124,0001,ROADWAY,0017,159027M,,"FLASHING ARROW BOARD, 4' X 8'",2,U,"AGATE CONSTRUCTION CO., INC.","$2,000.00","$4,000.00"
10124,124,0001,ROADWAY,0017,159027M,,"FLASHING ARROW BOARD, 4' X 8'",2,U,"A.P. CONSTRUCTION, INC.","$4,725.00","$9,450.00"
10124,124,0001,ROADWAY,0018,159030M,,PORTABLE VARIABLE MESSAGE SIGN,2,U,"IEW CONSTRUCTION GROUP, INC.","$10,626.49","$21,252.98"
10124,124,0001,ROADWAY,0018,159030M,,PORTABLE VARIABLE MESSAGE SIGN,2,U,"AGATE CONSTRUCTION CO., INC.","$10,000.00","$20,000.00"
10124,124,0001,ROADWAY,0018,159030M,,PORTABLE VARIABLE MESSAGE SIGN,2,U,"A.P. CONSTRUCTION, INC.","$10,125.00","$20,250.00"
10124,124,0001,ROADWAY,0019,159108M,,TRAFFIC CONTROL TRUCK WITH MOUNTED CRASH CUSHION,8,U,"IEW CONSTRUCTION GROUP, INC.",$0.01,$0.08
10124,124,0001,ROADWAY,0019,159108M,,TRAFFIC CONTROL TRUCK WITH MOUNTED CRASH CUSHION,8,U,"AGATE CONSTRUCTION CO., INC.",$1.00,$8.00
10124,124,0001,ROADWAY,0019,159108M,,TRAFFIC CONTROL TRUCK WITH MOUNTED CRASH CUSHION,8,U,"A.P. CONSTRUCTION, INC.","$6,750.00","$54,000.00"
10124,124,0001,ROADWAY,0020,159114M,,"REMOVABLE BLACK LINE MASKING TAPE, 6""","2,000",LF,"IEW CONSTRUCTION GROUP, INC.",$1.80,"$3,600.00"
10124,124,0001,ROADWAY,0020,159114M,,"REMOVABLE BLACK LINE MASKING TAPE, 6""","2,000",LF,"AGATE CONSTRUCTION CO., INC.",$1.75,"$3,500.00"
10124,124,0001,ROADWAY,0020,159114M,,"REMOVABLE BLACK LINE MASKING TAPE, 6""","2,000",LF,"A.P. CONSTRUCTION, INC.",$2.70,"$5,400.00"
10124,124,0001,ROADWAY,0021,159120M,,"TEMPORARY PAVEMENT MARKING TAPE, 4""","6,000",LF,"IEW CONSTRUCTION GROUP, INC.",$1.30,"$7,800.00"
10124,124,0001,ROADWAY,0021,159120M,,"TEMPORARY PAVEMENT MARKING TAPE, 4""","6,000",LF,"AGATE CONSTRUCTION CO., INC.",$1.25,"$7,500.00"
10124,124,0001,ROADWAY,0021,159120M,,"TEMPORARY PAVEMENT MARKING TAPE, 4""","6,000",LF,"A.P. CONSTRUCTION, INC.",$1.70,"$10,200.00"
10124,124,0001,ROADWAY,0022,161003P,,FINAL CLEANUP,1,LS,"IEW CONSTRUCTION GROUP, INC.",$0.01,$0.01
10124,124,0001,ROADWAY,0022,161003P,,FINAL CLEANUP,1,LS,"AGATE CONSTRUCTION CO., INC.","$1,000.00","$1,000.00"
10124,124,0001,ROADWAY,0022,161003P,,FINAL CLEANUP,1,LS,"A.P. CONSTRUCTION, INC.","$33,750.00","$33,750.00"
10124,124,0005,BRIDGE (STRUCTURE NO. 0103-152),0023,201006P,,"CLEARING SITE, BRIDGE (___) STRUCTURE NO. 0103-152",1,LS,"IEW CONSTRUCTION GROUP, INC.","$55,000.00","$55,000.00"
10124,124,0005,BRIDGE (STRUCTURE NO. 0103-152),0023,201006P,,"CLEARING SITE, BRIDGE (___) STRUCTURE NO. 0103-152",1,LS,"AGATE CONSTRUCTION CO., INC.","$55,000.00","$55,000.00"
10124,124,0005,BRIDGE (STRUCTURE NO. 0103-152),0023,201006P,,"CLEARING SITE, BRIDGE (___) STRUCTURE NO. 0103-152",1,LS,"A.P. CONSTRUCTION, INC.","$300,000.00","$300,000.00"
10124,124,0005,BRIDGE (STRUCTURE NO. 0103-152),0024,501008P,,SHEET PILE WALL,425,SF,"IEW CONSTRUCTION GROUP, INC.",$75.00,"$31,875.00"
10124,124,0005,BRIDGE (STRUCTURE NO. 0103-152),0024,501008P,,SHEET PILE WALL,425,SF,"AGATE CONSTRUCTION CO., INC.",$1.00,$425.00
10124,124,0005,BRIDGE (STRUCTURE NO. 0103-152),0024,501008P,,SHEET PILE WALL,425,SF,"A.P. CONSTRUCTION, INC.",$150.00,"$63,750.00"
10124,124,0005,BRIDGE (STRUCTURE NO. 0103-152),0025,504006P,,"REINFORCEMENT STEEL, EPOXY-COATED","1,174",LB,"IEW CONSTRUCTION GROUP, INC.",$8.00,"$9,392.00"
10124,124,0005,BRIDGE (STRUCTURE NO. 0103-152),0025,504006P,,"REINFORCEMENT STEEL, EPOXY-COATED","1,174",LB,"AGATE CONSTRUCTION CO., INC.",$5.00,"$5,870.00"
10124,124,0005,BRIDGE (STRUCTURE NO. 0103-152),0025,504006P,,"REINFORCEMENT STEEL, EPOXY-COATED","1,174",LB,"A.P. CONSTRUCTION, INC.",$3.25,"$3,815.50"
10124,124,0005,BRIDGE (STRUCTURE NO. 0103-152),0026,504036P,,EPOXY WATERPROOFING,415,SY,"IEW CONSTRUCTION GROUP, INC.",$45.00,"$18,675.00"
10124,124,0005,BRIDGE (STRUCTURE NO. 0103-152),0026,504036P,,EPOXY WATERPROOFING,415,SY,"AGATE CONSTRUCTION CO., INC.",$200.00,"$83,000.00"
10124,124,0005,BRIDGE (STRUCTURE NO. 0103-152),0026,504036P,,EPOXY WATERPROOFING,415,SY,"A.P. CONSTRUCTION, INC.",$34.00,"$14,110.00"
10124,124,0005,BRIDGE (STRUCTURE NO. 0103-152),0027,506003P,,STRUCTURAL STEEL,1,LS,"IEW CONSTRUCTION GROUP, INC.","$7,600.00","$7,600.00"
10124,124,0005,BRIDGE (STRUCTURE NO. 0103-152),0027,506003P,,STRUCTURAL STEEL,1,LS,"AGATE CONSTRUCTION CO., INC.","$10,000.00","$10,000.00"
10124,124,0005,BRIDGE (STRUCTURE NO. 0103-152),0027,506003P,,STRUCTURAL STEEL,1,LS,"A.P. CONSTRUCTION, INC.","$200,000.00","$200,000.00"
10124,124,0005,BRIDGE (STRUCTURE NO. 0103-152),0028,506021P,,STEEL GRID FLOORING,5,SF,"IEW CONSTRUCTION GROUP, INC.",$363.00,"$1,815.00"
10124,124,0005,BRIDGE (STRUCTURE NO. 0103-152),0028,506021P,,STEEL GRID FLOORING,5,SF,"AGATE CONSTRUCTION CO., INC.",$500.00,"$2,500.00"
10124,124,0005,BRIDGE (STRUCTURE NO. 0103-152),0028,506021P,,STEEL GRID FLOORING,5,SF,"A.P. CONSTRUCTION, INC.","$2,160.00","$10,800.00"
10124,124,0005,BRIDGE (STRUCTURE NO. 0103-152),0029,506041P,,"STRUCTURAL STEEL REPAIR, TYPE 1","2,850",LB,"IEW CONSTRUCTION GROUP, INC.",$47.00,"$133,950.00"
10124,124,0005,BRIDGE (STRUCTURE NO. 0103-152),0029,506041P,,"STRUCTURAL STEEL REPAIR, TYPE 1","2,850",LB,"AGATE CONSTRUCTION CO., INC.",$70.00,"$199,500.00"
10124,124,0005,BRIDGE (STRUCTURE NO. 0103-152),0029,506041P,,"STRUCTURAL STEEL REPAIR, TYPE 1","2,850",LB,"A.P. CONSTRUCTION, INC.",$130.00,"$370,500.00"
10124,124,0005,BRIDGE (STRUCTURE NO. 0103-152),0030,506042P,,"STRUCTURAL STEEL REPAIR, TYPE 2","1,070",LB,"IEW CONSTRUCTION GROUP, INC.",$137.00,"$146,590.00"
10124,124,0005,BRIDGE (STRUCTURE NO. 0103-152),0030,506042P,,"STRUCTURAL STEEL REPAIR, TYPE 2","1,070",LB,"AGATE CONSTRUCTION CO., INC.",$70.00,"$74,900.00"
10124,124,0005,BRIDGE (STRUCTURE NO. 0103-152),0030,506042P,,"STRUCTURAL STEEL REPAIR, TYPE 2","1,070",LB,"A.P. CONSTRUCTION, INC.",$450.00,"$481,500.00"
10124,124,0005,BRIDGE (STRUCTURE NO. 0103-152),0031,507014P,,NEOPRENE STRIP SEAL GLAND,38,LF,"IEW CONSTRUCTION GROUP, INC.",$102.00,"$3,876.00"
10124,124,0005,BRIDGE (STRUCTURE NO. 0103-152),0031,507014P,,NEOPRENE STRIP SEAL GLAND,38,LF,"AGATE CONSTRUCTION CO., INC.",$100.00,"$3,800.00"
10124,124,0005,BRIDGE (STRUCTURE NO. 0103-152),0031,507014P,,NEOPRENE STRIP SEAL GLAND,38,LF,"A.P. CONSTRUCTION, INC.",$13.50,$513.00
10124,124,0005,BRIDGE (STRUCTURE NO. 0103-152),0032,507017P,,FINGER JOINT REPAIR,36,LF,"IEW CONSTRUCTION GROUP, INC.","$1,700.00","$61,200.00"
10124,124,0005,BRIDGE (STRUCTURE NO. 0103-152),0032,507017P,,FINGER JOINT REPAIR,36,LF,"AGATE CONSTRUCTION CO., INC.","$1,000.00","$36,000.00"
10124,124,0005,BRIDGE (STRUCTURE NO. 0103-152),0032,507017P,,FINGER JOINT REPAIR,36,LF,"A.P. CONSTRUCTION, INC.","$1,560.00","$56,160.00"
10124,124,0005,BRIDGE (STRUCTURE NO. 0103-152),0033,507030P,,CONCRETE BRIDGE SIDEWALK,5,CY,"IEW CONSTRUCTION GROUP, INC.","$4,300.00","$21,500.00"
10124,124,0005,BRIDGE (STRUCTURE NO. 0103-152),0033,507030P,,CONCRETE BRIDGE SIDEWALK,5,CY,"AGATE CONSTRUCTION CO., INC.","$4,000.00","$20,000.00"
10124,124,0005,BRIDGE (STRUCTURE NO. 0103-152),0033,507030P,,CONCRETE BRIDGE SIDEWALK,5,CY,"A.P. CONSTRUCTION, INC.",$230.00,"$1,150.00"
10124,124,0006,BRIDGE NON-PARTICIPATING,0034,508005M,,CLEAN EXISTING SCUPPERS AND PIPES,23,U,"IEW CONSTRUCTION GROUP, INC.",$335.00,"$7,705.00"
10124,124,0006,BRIDGE NON-PARTICIPATING,0034,508005M,,CLEAN EXISTING SCUPPERS AND PIPES,23,U,"AGATE CONSTRUCTION CO., INC.",$500.00,"$11,500.00"
10124,124,0006,BRIDGE NON-PARTICIPATING,0034,508005M,,CLEAN EXISTING SCUPPERS AND PIPES,23,U,"A.P. CONSTRUCTION, INC.",$513.00,"$11,799.00"
10124,124,0005,BRIDGE (STRUCTURE NO. 0103-152),0035,509006P,,"BRIDGE RAILING (2 RAIL, ALUMINUM)",15,LF,"IEW CONSTRUCTION GROUP, INC.",$443.00,"$6,645.00"
10124,124,0005,BRIDGE (STRUCTURE NO. 0103-152),0035,509006P,,"BRIDGE RAILING (2 RAIL, ALUMINUM)",15,LF,"AGATE CONSTRUCTION CO., INC.",$700.00,"$10,500.00"
10124,124,0005,BRIDGE (STRUCTURE NO. 0103-152),0035,509006P,,"BRIDGE RAILING (2 RAIL, ALUMINUM)",15,LF,"A.P. CONSTRUCTION, INC.",$740.00,"$11,100.00"
10124,124,0005,BRIDGE (STRUCTURE NO. 0103-152),0036,509100P,,ORNAMENTAL RAILING,21,LF,"IEW CONSTRUCTION GROUP, INC.",$560.00,"$11,760.00"
10124,124,0005,BRIDGE (STRUCTURE NO. 0103-152),0036,509100P,,ORNAMENTAL RAILING,21,LF,"AGATE CONSTRUCTION CO., INC.",$500.00,"$10,500.00"
10124,124,0005,BRIDGE (STRUCTURE NO. 0103-152),0036,509100P,,ORNAMENTAL RAILING,21,LF,"A.P. CONSTRUCTION, INC.",$451.00,"$9,471.00"
10124,124,0005,BRIDGE (STRUCTURE NO. 0103-152),0037,518014P,,SPAN LOCK,1,LS,"IEW CONSTRUCTION GROUP, INC.","$580,000.00","$580,000.00"
10124,124,0005,BRIDGE (STRUCTURE NO. 0103-152),0037,518014P,,SPAN LOCK,1,LS,"AGATE CONSTRUCTION CO., INC.","$500,000.00","$500,000.00"
10124,124,0005,BRIDGE (STRUCTURE NO. 0103-152),0037,518014P,,SPAN LOCK,1,LS,"A.P. CONSTRUCTION, INC.","$972,000.00","$972,000.00"
10124,124,0005,BRIDGE (STRUCTURE NO. 0103-152),0038,518015P,,SPAN BALANCE,1,LS,"IEW CONSTRUCTION GROUP, INC.","$66,000.00","$66,000.00"
10124,124,0005,BRIDGE (STRUCTURE NO. 0103-152),0038,518015P,,SPAN BALANCE,1,LS,"AGATE CONSTRUCTION CO., INC.","$50,000.00","$50,000.00"
10124,124,0005,BRIDGE (STRUCTURE NO. 0103-152),0038,518015P,,SPAN BALANCE,1,LS,"A.P. CONSTRUCTION, INC.","$40,500.00","$40,500.00"
10124,124,0005,BRIDGE (STRUCTURE NO. 0103-152),0039,518041M,,ELECTRICAL MAINTENANCE,16,MO,"IEW CONSTRUCTION GROUP, INC.",$0.01,$0.16
10124,124,0005,BRIDGE (STRUCTURE NO. 0103-152),0039,518041M,,ELECTRICAL MAINTENANCE,16,MO,"AGATE CONSTRUCTION CO., INC.","$2,500.00","$40,000.00"
10124,124,0005,BRIDGE (STRUCTURE NO. 0103-152),0039,518041M,,ELECTRICAL MAINTENANCE,16,MO,"A.P. CONSTRUCTION, INC.","$3,375.00","$54,000.00"
10124,124,0005,BRIDGE (STRUCTURE NO. 0103-152),0040,518053M,,MOTOR DISCONNECT SWITCH,9,U,"IEW CONSTRUCTION GROUP, INC.","$1,000.00","$9,000.00"
10124,124,0005,BRIDGE (STRUCTURE NO. 0103-152),0040,518053M,,MOTOR DISCONNECT SWITCH,9,U,"AGATE CONSTRUCTION CO., INC.","$1,000.00","$9,000.00"
10124,124,0005,BRIDGE (STRUCTURE NO. 0103-152),0040,518053M,,MOTOR DISCONNECT SWITCH,9,U,"A.P. CONSTRUCTION, INC.","$1,210.00","$10,890.00"
10124,124,0005,BRIDGE (STRUCTURE NO. 0103-152),0041,518109M,,BRIDGE OPERATOR,16,MO,"IEW CONSTRUCTION GROUP, INC.",$0.01,$0.16
10124,124,0005,BRIDGE (STRUCTURE NO. 0103-152),0041,518109M,,BRIDGE OPERATOR,16,MO,"AGATE CONSTRUCTION CO., INC.","$10,000.00","$160,000.00"
10124,124,0005,BRIDGE (STRUCTURE NO. 0103-152),0041,518109M,,BRIDGE OPERATOR,16,MO,"A.P. CONSTRUCTION, INC.","$21,330.00","$341,280.00"
10124,124,0005,BRIDGE (STRUCTURE NO. 0103-152),0042,551006M,,"REPAIR OF CONCRETE DECK, TYPE B",156,SF,"IEW CONSTRUCTION GROUP, INC.",$113.00,"$17,628.00"
10124,124,0005,BRIDGE (STRUCTURE NO. 0103-152),0042,551006M,,"REPAIR OF CONCRETE DECK, TYPE B",156,SF,"AGATE CONSTRUCTION CO., INC.",$150.00,"$23,400.00"
10124,124,0005,BRIDGE (STRUCTURE NO. 0103-152),0042,551006M,,"REPAIR OF CONCRETE DECK, TYPE B",156,SF,"A.P. CONSTRUCTION, INC.",$200.00,"$31,200.00"
10124,124,0005,BRIDGE (STRUCTURE NO. 0103-152),0043,551009M,,"REPAIR OF CONCRETE DECK, TYPE C",22,SF,"IEW CONSTRUCTION GROUP, INC.",$280.00,"$6,160.00"
10124,124,0005,BRIDGE (STRUCTURE NO. 0103-152),0043,551009M,,"REPAIR OF CONCRETE DECK, TYPE C",22,SF,"AGATE CONSTRUCTION CO., INC.",$200.00,"$4,400.00"
10124,124,0005,BRIDGE (STRUCTURE NO. 0103-152),0043,551009M,,"REPAIR OF CONCRETE DECK, TYPE C",22,SF,"A.P. CONSTRUCTION, INC.",$621.00,"$13,662.00"
10124,124,0005,BRIDGE (STRUCTURE NO. 0103-152),0044,551015M,,DECK JOINT RECONSTRUCTION,62,LF,"IEW CONSTRUCTION GROUP, INC.","$1,000.00","$62,000.00"
10124,124,0005,BRIDGE (STRUCTURE NO. 0103-152),0044,551015M,,DECK JOINT RECONSTRUCTION,62,LF,"AGATE CONSTRUCTION CO., INC.",$500.00,"$31,000.00"
10124,124,0005,BRIDGE (STRUCTURE NO. 0103-152),0044,551015M,,DECK JOINT RECONSTRUCTION,62,LF,"A.P. CONSTRUCTION, INC.",$85.00,"$5,270.00"
10124,124,0005,BRIDGE (STRUCTURE NO. 0103-152),0045,551033M,,CONCRETE BRIDGE SIDEWALK REPAIR,8,SF,"IEW CONSTRUCTION GROUP, INC.",$320.00,"$2,560.00"
10124,124,0005,BRIDGE (STRUCTURE NO. 0103-152),0045,551033M,,CONCRETE BRIDGE SIDEWALK REPAIR,8,SF,"AGATE CONSTRUCTION CO., INC.",$500.00,"$4,000.00"
10124,124,0005,BRIDGE (STRUCTURE NO. 0103-152),0045,551033M,,CONCRETE BRIDGE SIDEWALK REPAIR,8,SF,"A.P. CONSTRUCTION, INC.",$510.00,"$4,080.00"
10124,124,0005,BRIDGE (STRUCTURE NO. 0103-152),0046,552003M,,"PRESSURE INJECTION, CONCRETE CRACKS",166,LF,"IEW CONSTRUCTION GROUP, INC.",$154.00,"$25,564.00"
10124,124,0005,BRIDGE (STRUCTURE NO. 0103-152),0046,552003M,,"PRESSURE INJECTION, CONCRETE CRACKS",166,LF,"AGATE CONSTRUCTION CO., INC.",$100.00,"$16,600.00"
10124,124,0005,BRIDGE (STRUCTURE NO. 0103-152),0046,552003M,,"PRESSURE INJECTION, CONCRETE CRACKS",166,LF,"A.P. CONSTRUCTION, INC.",$166.00,"$27,556.00"
10124,124,0005,BRIDGE (STRUCTURE NO. 0103-152),0047,554003P,,POLLUTION CONTROL SYSTEM,1,LS,"IEW CONSTRUCTION GROUP, INC.","$10,000.00","$10,000.00"
10124,124,0005,BRIDGE (STRUCTURE NO. 0103-152),0047,554003P,,POLLUTION CONTROL SYSTEM,1,LS,"AGATE CONSTRUCTION CO., INC.","$2,120,000.00","$2,120,000.00"
10124,124,0005,BRIDGE (STRUCTURE NO. 0103-152),0047,554003P,,POLLUTION CONTROL SYSTEM,1,LS,"A.P. CONSTRUCTION, INC.","$21,365.00","$21,365.00"
10124,124,0005,BRIDGE (STRUCTURE NO. 0103-152),0048,554012P,,"TESTING, IF AND WHERE DIRECTED",1,LS,"IEW CONSTRUCTION GROUP, INC.","$10,000.00","$10,000.00"
10124,124,0005,BRIDGE (STRUCTURE NO. 0103-152),0048,554012P,,"TESTING, IF AND WHERE DIRECTED",1,LS,"AGATE CONSTRUCTION CO., INC.","$1,000.00","$1,000.00"
10124,124,0005,BRIDGE (STRUCTURE NO. 0103-152),0048,554012P,,"TESTING, IF AND WHERE DIRECTED",1,LS,"A.P. CONSTRUCTION, INC.","$20,000.00","$20,000.00"
10124,124,0005,BRIDGE (STRUCTURE NO. 0103-152),0049,554027P,,CLEANING AND PAINTING OF BEARING,147,U,"IEW CONSTRUCTION GROUP, INC.",$300.00,"$44,100.00"
10124,124,0005,BRIDGE (STRUCTURE NO. 0103-152),0049,554027P,,CLEANING AND PAINTING OF BEARING,147,U,"AGATE CONSTRUCTION CO., INC.","$1,000.00","$147,000.00"
10124,124,0005,BRIDGE (STRUCTURE NO. 0103-152),0049,554027P,,CLEANING AND PAINTING OF BEARING,147,U,"A.P. CONSTRUCTION, INC.","$1,105.00","$162,435.00"
10124,124,0005,BRIDGE (STRUCTURE NO. 0103-152),0050,555003M,,SUBSTRUCTURE CONCRETE REPAIR,55,SF,"IEW CONSTRUCTION GROUP, INC.",$300.00,"$16,500.00"
10124,124,0005,BRIDGE (STRUCTURE NO. 0103-152),0050,555003M,,SUBSTRUCTURE CONCRETE REPAIR,55,SF,"AGATE CONSTRUCTION CO., INC.",$500.00,"$27,500.00"
10124,124,0005,BRIDGE (STRUCTURE NO. 0103-152),0050,555003M,,SUBSTRUCTURE CONCRETE REPAIR,55,SF,"A.P. CONSTRUCTION, INC.",$375.00,"$20,625.00"
10124,124,0005,BRIDGE (STRUCTURE NO. 0103-152),0051,555020M,,"SUBSTRUCTURE CONCRETE REPAIR, BEARING PEDESTAL",13,U,"IEW CONSTRUCTION GROUP, INC.","$1,800.00","$23,400.00"
10124,124,0005,BRIDGE (STRUCTURE NO. 0103-152),0051,555020M,,"SUBSTRUCTURE CONCRETE REPAIR, BEARING PEDESTAL",13,U,"AGATE CONSTRUCTION CO., INC.","$1,000.00","$13,000.00"
10124,124,0005,BRIDGE (STRUCTURE NO. 0103-152),0051,555020M,,"SUBSTRUCTURE CONCRETE REPAIR, BEARING PEDESTAL",13,U,"A.P. CONSTRUCTION, INC.","$10,000.00","$130,000.00"
10124,124,0005,BRIDGE (STRUCTURE NO. 0103-152),0052,555021M,,TALL CONCRETE PEDESTAL SEISMIC RETROFIT,4,CY,"IEW CONSTRUCTION GROUP, INC.","$5,800.00","$23,200.00"
10124,124,0005,BRIDGE (STRUCTURE NO. 0103-152),0052,555021M,,TALL CONCRETE PEDESTAL SEISMIC RETROFIT,4,CY,"AGATE CONSTRUCTION CO., INC.","$4,000.00","$16,000.00"
10124,124,0005,BRIDGE (STRUCTURE NO. 0103-152),0052,555021M,,TALL CONCRETE PEDESTAL SEISMIC RETROFIT,4,CY,"A.P. CONSTRUCTION, INC.","$2,025.00","$8,100.00"
10124,124,0005,BRIDGE (STRUCTURE NO. 0103-152),0053,555022M,,PIER COLUMN SEISMIC RETROFIT W/ FRP WRAP,12,U,"IEW CONSTRUCTION GROUP, INC.","$6,700.00","$80,400.00"
10124,124,0005,BRIDGE (STRUCTURE NO. 0103-152),0053,555022M,,PIER COLUMN SEISMIC RETROFIT W/ FRP WRAP,12,U,"AGATE CONSTRUCTION CO., INC.","$6,000.00","$72,000.00"
10124,124,0005,BRIDGE (STRUCTURE NO. 0103-152),0053,555022M,,PIER COLUMN SEISMIC RETROFIT W/ FRP WRAP,12,U,"A.P. CONSTRUCTION, INC.","$30,105.00","$361,260.00"
10124,124,0005,BRIDGE (STRUCTURE NO. 0103-152),0054,603021P,,"RIPRAP STONE SLOPE PROTECTION, 18"" THICK (D50=9"")","1,242",SY,"IEW CONSTRUCTION GROUP, INC.",$93.00,"$115,506.00"
10124,124,0005,BRIDGE (STRUCTURE NO. 0103-152),0054,603021P,,"RIPRAP STONE SLOPE PROTECTION, 18"" THICK (D50=9"")","1,242",SY,"AGATE CONSTRUCTION CO., INC.",$80.00,"$99,360.00"
10124,124,0005,BRIDGE (STRUCTURE NO. 0103-152),0054,603021P,,"RIPRAP STONE SLOPE PROTECTION, 18"" THICK (D50=9"")","1,242",SY,"A.P. CONSTRUCTION, INC.",$83.00,"$103,086.00"
10124,124,0001,ROADWAY,0055,609021M,,RUB RAIL,25,LF,"IEW CONSTRUCTION GROUP, INC.",$12.00,$300.00
10124,124,0001,ROADWAY,0055,609021M,,RUB RAIL,25,LF,"AGATE CONSTRUCTION CO., INC.",$15.00,$375.00
10124,124,0001,ROADWAY,0055,609021M,,RUB RAIL,25,LF,"A.P. CONSTRUCTION, INC.",$24.50,$612.50
10124,124,0001,ROADWAY,0056,610003M,,"TRAFFIC STRIPES, LONG LIFE, EPOXY RESIN 4""","1,740",LF,"IEW CONSTRUCTION GROUP, INC.",$1.40,"$2,436.00"
10124,124,0001,ROADWAY,0056,610003M,,"TRAFFIC STRIPES, LONG LIFE, EPOXY RESIN 4""","1,740",LF,"AGATE CONSTRUCTION CO., INC.",$1.00,"$1,740.00"
10124,124,0001,ROADWAY,0056,610003M,,"TRAFFIC STRIPES, LONG LIFE, EPOXY RESIN 4""","1,740",LF,"A.P. CONSTRUCTION, INC.",$1.70,"$2,958.00"
10124,124,0001,ROADWAY,0057,610009M,,"TRAFFIC MARKINGS, THERMOPLASTIC",70,SF,"IEW CONSTRUCTION GROUP, INC.",$20.00,"$1,400.00"
10124,124,0001,ROADWAY,0057,610009M,,"TRAFFIC MARKINGS, THERMOPLASTIC",70,SF,"AGATE CONSTRUCTION CO., INC.",$10.00,$700.00
10124,124,0001,ROADWAY,0057,610009M,,"TRAFFIC MARKINGS, THERMOPLASTIC",70,SF,"A.P. CONSTRUCTION, INC.",$24.30,"$1,701.00"
10124,124,0001,ROADWAY,0058,610012M,,"RPM, MONO-DIRECTIONAL, WHITE LENS",15,U,"IEW CONSTRUCTION GROUP, INC.",$50.00,$750.00
10124,124,0001,ROADWAY,0058,610012M,,"RPM, MONO-DIRECTIONAL, WHITE LENS",15,U,"AGATE CONSTRUCTION CO., INC.",$50.00,$750.00
10124,124,0001,ROADWAY,0058,610012M,,"RPM, MONO-DIRECTIONAL, WHITE LENS",15,U,"A.P. CONSTRUCTION, INC.",$61.00,$915.00
10124,124,0001,ROADWAY,0059,610018M,,"RPM, MONO-DIRECTIONAL, AMBER LENS",15,U,"IEW CONSTRUCTION GROUP, INC.",$50.00,$750.00
10124,124,0001,ROADWAY,0059,610018M,,"RPM, MONO-DIRECTIONAL, AMBER LENS",15,U,"AGATE CONSTRUCTION CO., INC.",$50.00,$750.00
10124,124,0001,ROADWAY,0059,610018M,,"RPM, MONO-DIRECTIONAL, AMBER LENS",15,U,"A.P. CONSTRUCTION, INC.",$61.00,$915.00
10124,124,0005,BRIDGE (STRUCTURE NO. 0103-152),0060,651242M,,WATER SERVICE PIPING SYSETM (BRIDGE),195,LF,"IEW CONSTRUCTION GROUP, INC.",$135.00,"$26,325.00"
10124,124,0005,BRIDGE (STRUCTURE NO. 0103-152),0060,651242M,,WATER SERVICE PIPING SYSETM (BRIDGE),195,LF,"AGATE CONSTRUCTION CO., INC.",$110.00,"$21,450.00"
10124,124,0005,BRIDGE (STRUCTURE NO. 0103-152),0060,651242M,,WATER SERVICE PIPING SYSETM (BRIDGE),195,LF,"A.P. CONSTRUCTION, INC.",$240.00,"$46,800.00"
10124,124,0005,BRIDGE (STRUCTURE NO. 0103-152),0061,652447P,,SEWAGE PUMPING SYSTEM (BRIDGE),1,LS,"IEW CONSTRUCTION GROUP, INC.","$11,000.00","$11,000.00"
10124,124,0005,BRIDGE (STRUCTURE NO. 0103-152),0061,652447P,,SEWAGE PUMPING SYSTEM (BRIDGE),1,LS,"AGATE CONSTRUCTION CO., INC.","$10,000.00","$10,000.00"
10124,124,0005,BRIDGE (STRUCTURE NO. 0103-152),0061,652447P,,SEWAGE PUMPING SYSTEM (BRIDGE),1,LS,"A.P. CONSTRUCTION, INC.","$114,750.00","$114,750.00"
10124,124,0005,BRIDGE (STRUCTURE NO. 0103-152),0062,652448M,,SANITARY PIPING SYSTEM (BRIDGE),205,LF,"IEW CONSTRUCTION GROUP, INC.",$171.00,"$35,055.00"
10124,124,0005,BRIDGE (STRUCTURE NO. 0103-152),0062,652448M,,SANITARY PIPING SYSTEM (BRIDGE),205,LF,"AGATE CONSTRUCTION CO., INC.",$100.00,"$20,500.00"
10124,124,0005,BRIDGE (STRUCTURE NO. 0103-152),0062,652448M,,SANITARY PIPING SYSTEM (BRIDGE),205,LF,"A.P. CONSTRUCTION, INC.",$265.00,"$54,325.00"
10124,124,0005,BRIDGE (STRUCTURE NO. 0103-152),0063,702068M,,WARNING GONG,2,U,"IEW CONSTRUCTION GROUP, INC.","$3,200.00","$6,400.00"
10124,124,0005,BRIDGE (STRUCTURE NO. 0103-152),0063,702068M,,WARNING GONG,2,U,"AGATE CONSTRUCTION CO., INC.","$3,500.00","$7,000.00"
10124,124,0005,BRIDGE (STRUCTURE NO. 0103-152),0063,702068M,,WARNING GONG,2,U,"A.P. CONSTRUCTION, INC.","$3,915.00","$7,830.00"
10124,124,0005,BRIDGE (STRUCTURE NO. 0103-152),0064,703003M,,LIGHTING STANDARD ALUMINUM,2,U,"IEW CONSTRUCTION GROUP, INC.","$4,400.00","$8,800.00"
10124,124,0005,BRIDGE (STRUCTURE NO. 0103-152),0064,703003M,,LIGHTING STANDARD ALUMINUM,2,U,"AGATE CONSTRUCTION CO., INC.","$4,500.00","$9,000.00"
10124,124,0005,BRIDGE (STRUCTURE NO. 0103-152),0064,703003M,,LIGHTING STANDARD ALUMINUM,2,U,"A.P. CONSTRUCTION, INC.","$5,275.00","$10,550.00"
10124,124,0005,BRIDGE (STRUCTURE NO. 0103-152),0065,703012M,,LIGHTING MAST ARM ALUMINUM,2,U,"IEW CONSTRUCTION GROUP, INC.",$800.00,"$1,600.00"
10124,124,0005,BRIDGE (STRUCTURE NO. 0103-152),0065,703012M,,LIGHTING MAST ARM ALUMINUM,2,U,"AGATE CONSTRUCTION CO., INC.","$1,000.00","$2,000.00"
10124,124,0005,BRIDGE (STRUCTURE NO. 0103-152),0065,703012M,,LIGHTING MAST ARM ALUMINUM,2,U,"A.P. CONSTRUCTION, INC.",$925.00,"$1,850.00"
10124,124,0005,BRIDGE (STRUCTURE NO. 0103-152),0066,703018M,,LUMINAIRE,2,U,"IEW CONSTRUCTION GROUP, INC.",$550.00,"$1,100.00"
10124,124,0005,BRIDGE (STRUCTURE NO. 0103-152),0066,703018M,,LUMINAIRE,2,U,"AGATE CONSTRUCTION CO., INC.",$500.00,"$1,000.00"
10124,124,0005,BRIDGE (STRUCTURE NO. 0103-152),0066,703018M,,LUMINAIRE,2,U,"A.P. CONSTRUCTION, INC.",$661.50,"$1,323.00"
10124,124,0005,BRIDGE (STRUCTURE NO. 0103-152),0067,706003P,,"ELECTRICAL BOXES, CONDUIT, AND WIRING",1,LS,"IEW CONSTRUCTION GROUP, INC.","$829,000.00","$829,000.00"
10124,124,0005,BRIDGE (STRUCTURE NO. 0103-152),0067,706003P,,"ELECTRICAL BOXES, CONDUIT, AND WIRING",1,LS,"AGATE CONSTRUCTION CO., INC.","$1,000,000.00","$1,000,000.00"
10124,124,0005,BRIDGE (STRUCTURE NO. 0103-152),0067,706003P,,"ELECTRICAL BOXES, CONDUIT, AND WIRING",1,LS,"A.P. CONSTRUCTION, INC.","$1,003,440.00","$1,003,440.00"
10124,124,0005,BRIDGE (STRUCTURE NO. 0103-152),0068,706004M,,LOW-VOLTAGE TRANSFORMER,1,U,"IEW CONSTRUCTION GROUP, INC.","$4,000.00","$4,000.00"
10124,124,0005,BRIDGE (STRUCTURE NO. 0103-152),0068,706004M,,LOW-VOLTAGE TRANSFORMER,1,U,"AGATE CONSTRUCTION CO., INC.","$4,000.00","$4,000.00"
10124,124,0005,BRIDGE (STRUCTURE NO. 0103-152),0068,706004M,,LOW-VOLTAGE TRANSFORMER,1,U,"A.P. CONSTRUCTION, INC.","$4,495.50","$4,495.50"
10124,124,0005,BRIDGE (STRUCTURE NO. 0103-152),0069,706005P,,"REMOVAL, RELOCATION, AND INSTALLATION OF MISCELLANEOUS ELECTRICAL ITEMS",1,LS,"IEW CONSTRUCTION GROUP, INC.","$313,000.00","$313,000.00"
10124,124,0005,BRIDGE (STRUCTURE NO. 0103-152),0069,706005P,,"REMOVAL, RELOCATION, AND INSTALLATION OF MISCELLANEOUS ELECTRICAL ITEMS",1,LS,"AGATE CONSTRUCTION CO., INC.","$300,000.00","$300,000.00"
10124,124,0005,BRIDGE (STRUCTURE NO. 0103-152),0069,706005P,,"REMOVAL, RELOCATION, AND INSTALLATION OF MISCELLANEOUS ELECTRICAL ITEMS",1,LS,"A.P. CONSTRUCTION, INC.","$378,250.00","$378,250.00"
10124,124,0005,BRIDGE (STRUCTURE NO. 0103-152),0070,706007P,,GENERATOR LOAD BANK,1,LS,"IEW CONSTRUCTION GROUP, INC.","$16,000.00","$16,000.00"
10124,124,0005,BRIDGE (STRUCTURE NO. 0103-152),0070,706007P,,GENERATOR LOAD BANK,1,LS,"AGATE CONSTRUCTION CO., INC.","$20,000.00","$20,000.00"
10124,124,0005,BRIDGE (STRUCTURE NO. 0103-152),0070,706007P,,GENERATOR LOAD BANK,1,LS,"A.P. CONSTRUCTION, INC.","$19,170.00","$19,170.00"
10124,124,0005,BRIDGE (STRUCTURE NO. 0103-152),0071,706009P,,"MOTOR CONTROL CENTER, AUTOMATIC TRANSFER SWITCH MOTORS AND DRIVES",1,LS,"IEW CONSTRUCTION GROUP, INC.","$358,000.00","$358,000.00"
10124,124,0005,BRIDGE (STRUCTURE NO. 0103-152),0071,706009P,,"MOTOR CONTROL CENTER, AUTOMATIC TRANSFER SWITCH MOTORS AND DRIVES",1,LS,"AGATE CONSTRUCTION CO., INC.","$400,000.00","$400,000.00"
10124,124,0005,BRIDGE (STRUCTURE NO. 0103-152),0071,706009P,,"MOTOR CONTROL CENTER, AUTOMATIC TRANSFER SWITCH MOTORS AND DRIVES",1,LS,"A.P. CONSTRUCTION, INC.","$434,120.00","$434,120.00"
10124,124,0005,BRIDGE (STRUCTURE NO. 0103-152),0072,706011P,,BRIDGE PLC AND DATA LOGGER SYSTEM,1,LS,"IEW CONSTRUCTION GROUP, INC.","$291,000.00","$291,000.00"
10124,124,0005,BRIDGE (STRUCTURE NO. 0103-152),0072,706011P,,BRIDGE PLC AND DATA LOGGER SYSTEM,1,LS,"AGATE CONSTRUCTION CO., INC.","$300,000.00","$300,000.00"
10124,124,0005,BRIDGE (STRUCTURE NO. 0103-152),0072,706011P,,BRIDGE PLC AND DATA LOGGER SYSTEM,1,LS,"A.P. CONSTRUCTION, INC.","$352,400.00","$352,400.00"
10124,124,0005,BRIDGE (STRUCTURE NO. 0103-152),0073,706013M,,PANELBOARD,1,U,"IEW CONSTRUCTION GROUP, INC.","$14,000.00","$14,000.00"
10124,124,0005,BRIDGE (STRUCTURE NO. 0103-152),0073,706013M,,PANELBOARD,1,U,"AGATE CONSTRUCTION CO., INC.","$15,000.00","$15,000.00"
10124,124,0005,BRIDGE (STRUCTURE NO. 0103-152),0073,706013M,,PANELBOARD,1,U,"A.P. CONSTRUCTION, INC.","$16,535.00","$16,535.00"
10124,124,0005,BRIDGE (STRUCTURE NO. 0103-152),0074,706016P,,ELECTRICAL TESTING AND MEASUREMENTS,1,LS,"IEW CONSTRUCTION GROUP, INC.","$59,000.00","$59,000.00"
10124,124,0005,BRIDGE (STRUCTURE NO. 0103-152),0074,706016P,,ELECTRICAL TESTING AND MEASUREMENTS,1,LS,"AGATE CONSTRUCTION CO., INC.","$60,000.00","$60,000.00"
10124,124,0005,BRIDGE (STRUCTURE NO. 0103-152),0074,706016P,,ELECTRICAL TESTING AND MEASUREMENTS,1,LS,"A.P. CONSTRUCTION, INC.","$71,545.00","$71,545.00"
10124,124,0005,BRIDGE (STRUCTURE NO. 0103-152),0075,706019M,,BARRIER GATE,4,U,"IEW CONSTRUCTION GROUP, INC.","$152,000.00","$608,000.00"
10124,124,0005,BRIDGE (STRUCTURE NO. 0103-152),0075,706019M,,BARRIER GATE,4,U,"AGATE CONSTRUCTION CO., INC.","$200,000.00","$800,000.00"
10124,124,0005,BRIDGE (STRUCTURE NO. 0103-152),0075,706019M,,BARRIER GATE,4,U,"A.P. CONSTRUCTION, INC.","$189,000.00","$756,000.00"
10124,124,0005,BRIDGE (STRUCTURE NO. 0103-152),0076,706020M,,WARNING GATE,2,U,"IEW CONSTRUCTION GROUP, INC.","$91,000.00","$182,000.00"
10124,124,0005,BRIDGE (STRUCTURE NO. 0103-152),0076,706020M,,WARNING GATE,2,U,"AGATE CONSTRUCTION CO., INC.","$150,000.00","$300,000.00"
10124,124,0005,BRIDGE (STRUCTURE NO. 0103-152),0076,706020M,,WARNING GATE,2,U,"A.P. CONSTRUCTION, INC.","$135,000.00","$270,000.00"
10124,124,0005,BRIDGE (STRUCTURE NO. 0103-152),0077,706022M,,BRAKE REPLACEMENT,4,U,"IEW CONSTRUCTION GROUP, INC.","$74,000.00","$296,000.00"
10124,124,0005,BRIDGE (STRUCTURE NO. 0103-152),0077,706022M,,BRAKE REPLACEMENT,4,U,"AGATE CONSTRUCTION CO., INC.","$100,000.00","$400,000.00"
10124,124,0005,BRIDGE (STRUCTURE NO. 0103-152),0077,706022M,,BRAKE REPLACEMENT,4,U,"A.P. CONSTRUCTION, INC.","$366,311.00","$1,465,244.00"
10124,124,0005,BRIDGE (STRUCTURE NO. 0103-152),0078,706023P,,DIESEL ENGINE REHABILITATION,1,LS,"IEW CONSTRUCTION GROUP, INC.","$85,000.00","$85,000.00"
10124,124,0005,BRIDGE (STRUCTURE NO. 0103-152),0078,706023P,,DIESEL ENGINE REHABILITATION,1,LS,"AGATE CONSTRUCTION CO., INC.","$100,000.00","$100,000.00"
10124,124,0005,BRIDGE (STRUCTURE NO. 0103-152),0078,706023P,,DIESEL ENGINE REHABILITATION,1,LS,"A.P. CONSTRUCTION, INC.","$105,300.00","$105,300.00"
10124,124,0005,BRIDGE (STRUCTURE NO. 0103-152),0079,706024M,,TRAFFIC SIGNAL,4,U,"IEW CONSTRUCTION GROUP, INC.","$1,400.00","$5,600.00"
10124,124,0005,BRIDGE (STRUCTURE NO. 0103-152),0079,706024M,,TRAFFIC SIGNAL,4,U,"AGATE CONSTRUCTION CO., INC.","$1,500.00","$6,000.00"
10124,124,0005,BRIDGE (STRUCTURE NO. 0103-152),0079,706024M,,TRAFFIC SIGNAL,4,U,"A.P. CONSTRUCTION, INC.","$2,700.00","$10,800.00"
10124,124,0005,BRIDGE (STRUCTURE NO. 0103-152),0080,706030P,,TRAINING AND MANUALS,1,LS,"IEW CONSTRUCTION GROUP, INC.","$15,000.00","$15,000.00"
10124,124,0005,BRIDGE (STRUCTURE NO. 0103-152),0080,706030P,,TRAINING AND MANUALS,1,LS,"AGATE CONSTRUCTION CO., INC.","$5,000.00","$5,000.00"
10124,124,0005,BRIDGE (STRUCTURE NO. 0103-152),0080,706030P,,TRAINING AND MANUALS,1,LS,"A.P. CONSTRUCTION, INC.","$18,160.00","$18,160.00"
10124,124,0001,ROADWAY,0081,556010P,,OPERATOR'S AND GATE HOUSE DEMOLITION,1,LS,"IEW CONSTRUCTION GROUP, INC.","$152,000.00","$152,000.00"
10124,124,0001,ROADWAY,0081,556010P,,OPERATOR'S AND GATE HOUSE DEMOLITION,1,LS,"AGATE CONSTRUCTION CO., INC.","$120,000.00","$120,000.00"
10124,124,0001,ROADWAY,0081,556010P,,OPERATOR'S AND GATE HOUSE DEMOLITION,1,LS,"A.P. CONSTRUCTION, INC.","$47,250.00","$47,250.00"
10124,124,0001,ROADWAY,0082,557010P,,OPERATOR'S AND GATE HOUSE CONCRETE,1,LS,"IEW CONSTRUCTION GROUP, INC.","$35,500.00","$35,500.00"
10124,124,0001,ROADWAY,0082,557010P,,OPERATOR'S AND GATE HOUSE CONCRETE,1,LS,"AGATE CONSTRUCTION CO., INC.","$100,000.00","$100,000.00"
10124,124,0001,ROADWAY,0082,557010P,,OPERATOR'S AND GATE HOUSE CONCRETE,1,LS,"A.P. CONSTRUCTION, INC.","$28,350.00","$28,350.00"
10124,124,0001,ROADWAY,0083,558010P,,OPERATOR'S AND GATE HOUSE CARPENTRY,1,LS,"IEW CONSTRUCTION GROUP, INC.","$30,000.00","$30,000.00"
10124,124,0001,ROADWAY,0083,558010P,,OPERATOR'S AND GATE HOUSE CARPENTRY,1,LS,"AGATE CONSTRUCTION CO., INC.","$35,000.00","$35,000.00"
10124,124,0001,ROADWAY,0083,558010P,,OPERATOR'S AND GATE HOUSE CARPENTRY,1,LS,"A.P. CONSTRUCTION, INC.","$40,500.00","$40,500.00"
10124,124,0001,ROADWAY,0084,559010P,,OPERATOR'S AND GATE HOUSE ROOFING,1,LS,"IEW CONSTRUCTION GROUP, INC.","$32,000.00","$32,000.00"
10124,124,0001,ROADWAY,0084,559010P,,OPERATOR'S AND GATE HOUSE ROOFING,1,LS,"AGATE CONSTRUCTION CO., INC.","$75,000.00","$75,000.00"
10124,124,0001,ROADWAY,0084,559010P,,OPERATOR'S AND GATE HOUSE ROOFING,1,LS,"A.P. CONSTRUCTION, INC.","$27,000.00","$27,000.00"
10124,124,0001,ROADWAY,0085,560003P,,OPERATOR'S AND GATE HOUSE DOORS,1,LS,"IEW CONSTRUCTION GROUP, INC.","$25,000.00","$25,000.00"
10124,124,0001,ROADWAY,0085,560003P,,OPERATOR'S AND GATE HOUSE DOORS,1,LS,"AGATE CONSTRUCTION CO., INC.","$30,000.00","$30,000.00"
10124,124,0001,ROADWAY,0085,560003P,,OPERATOR'S AND GATE HOUSE DOORS,1,LS,"A.P. CONSTRUCTION, INC.","$8,775.00","$8,775.00"
10124,124,0001,ROADWAY,0086,561003P,,OPERATOR'S AND GATE HOUSE WINDOWS,1,LS,"IEW CONSTRUCTION GROUP, INC.","$100,000.00","$100,000.00"
10124,124,0001,ROADWAY,0086,561003P,,OPERATOR'S AND GATE HOUSE WINDOWS,1,LS,"AGATE CONSTRUCTION CO., INC.","$150,000.00","$150,000.00"
10124,124,0001,ROADWAY,0086,561003P,,OPERATOR'S AND GATE HOUSE WINDOWS,1,LS,"A.P. CONSTRUCTION, INC.","$7,425.00","$7,425.00"
10124,124,0001,ROADWAY,0087,562003P,,OPERATOR'S AND GATE HOUSE FINISHES,1,LS,"IEW CONSTRUCTION GROUP, INC.","$10,000.00","$10,000.00"
10124,124,0001,ROADWAY,0087,562003P,,OPERATOR'S AND GATE HOUSE FINISHES,1,LS,"AGATE CONSTRUCTION CO., INC.","$60,000.00","$60,000.00"
10124,124,0001,ROADWAY,0087,562003P,,OPERATOR'S AND GATE HOUSE FINISHES,1,LS,"A.P. CONSTRUCTION, INC.","$8,100.00","$8,100.00"
10124,124,0005,BRIDGE (STRUCTURE NO. 0103-152),0088,609004M,,"BEAM GUIDE RAIL, BRIDGE",230,LF,"IEW CONSTRUCTION GROUP, INC.",$134.00,"$30,820.00"
10124,124,0005,BRIDGE (STRUCTURE NO. 0103-152),0088,609004M,,"BEAM GUIDE RAIL, BRIDGE",230,LF,"AGATE CONSTRUCTION CO., INC.",$120.00,"$27,600.00"
10124,124,0005,BRIDGE (STRUCTURE NO. 0103-152),0088,609004M,,"BEAM GUIDE RAIL, BRIDGE",230,LF,"A.P. CONSTRUCTION, INC.",$162.00,"$37,260.00"