Proposal,Call Order,Section Number,Section Description,Line,Item,Alternate Code,Item Description,Quantity,Unit,Vendor Name,Unit Price,Extension
14102,102,0001,ROADWAY,0001,151006M,,PERFORMANCE BOND AND PAYMENT BOND,1,DOLL,"ANSELMI & DECICCO, INC.","$150,000.00","$150,000.00"
14102,102,0001,ROADWAY,0001,151006M,,PERFORMANCE BOND AND PAYMENT BOND,1,DOLL,TARHEEL ENTERPRISES INC,"$137,186.14","$137,186.14"
14102,102,0003,NON-PARTICIPATING (ROADWAY),0002,152004P,,OWNER'S AND CONTRACTOR'S PROTECTIVE LIABILITY INSURANCE,1,DOLL,"ANSELMI & DECICCO, INC.","$30,000.00","$30,000.00"
14102,102,0003,NON-PARTICIPATING (ROADWAY),0002,152004P,,OWNER'S AND CONTRACTOR'S PROTECTIVE LIABILITY INSURANCE,1,DOLL,TARHEEL ENTERPRISES INC,"$38,548.85","$38,548.85"
14102,102,0003,NON-PARTICIPATING (ROADWAY),0003,152015P,,POLLUTION LIABILITY INSURANCE,1,DOLL,"ANSELMI & DECICCO, INC.","$20,000.00","$20,000.00"
14102,102,0003,NON-PARTICIPATING (ROADWAY),0003,152015P,,POLLUTION LIABILITY INSURANCE,1,DOLL,TARHEEL ENTERPRISES INC,"$50,000.00","$50,000.00"
14102,102,0001,ROADWAY,0004,153003P,,PROGRESS SCHEDULE,1,LS,"ANSELMI & DECICCO, INC.","$7,500.00","$7,500.00"
14102,102,0001,ROADWAY,0004,153003P,,PROGRESS SCHEDULE,1,LS,TARHEEL ENTERPRISES INC,"$15,000.00","$15,000.00"
14102,102,0001,ROADWAY,0005,153006P,,PROGRESS SCHEDULE UPDATE,12,U,"ANSELMI & DECICCO, INC.",$800.00,"$9,600.00"
14102,102,0001,ROADWAY,0005,153006P,,PROGRESS SCHEDULE UPDATE,12,U,TARHEEL ENTERPRISES INC,$954.00,"$11,448.00"
14102,102,0001,ROADWAY,0006,153012P,,TRAINEES,"3,530",HOUR,"ANSELMI & DECICCO, INC.",$1.00,"$3,530.00"
14102,102,0001,ROADWAY,0006,153012P,,TRAINEES,"3,530",HOUR,TARHEEL ENTERPRISES INC,$3.00,"$10,590.00"
14102,102,0001,ROADWAY,0007,154003P,,MOBILIZATION,1,LS,"ANSELMI & DECICCO, INC.","$2,840,000.00","$2,840,000.00"
14102,102,0001,ROADWAY,0007,154003P,,MOBILIZATION,1,LS,TARHEEL ENTERPRISES INC,"$3,200,000.00","$3,200,000.00"
14102,102,0002,CONSTRUCTION ENGINEERING,0008,155015M,,FIELD OFFICE TYPE E SET UP,1,U,"ANSELMI & DECICCO, INC.","$75,000.00","$75,000.00"
14102,102,0002,CONSTRUCTION ENGINEERING,0008,155015M,,FIELD OFFICE TYPE E SET UP,1,U,TARHEEL ENTERPRISES INC,"$80,000.00","$80,000.00"
14102,102,0002,CONSTRUCTION ENGINEERING,0009,155033M,,FIELD OFFICE TYPE E MAINTENANCE,26,MO,"ANSELMI & DECICCO, INC.","$2,500.00","$65,000.00"
14102,102,0002,CONSTRUCTION ENGINEERING,0009,155033M,,FIELD OFFICE TYPE E MAINTENANCE,26,MO,TARHEEL ENTERPRISES INC,"$4,570.14","$118,823.64"
14102,102,0001,ROADWAY,0010,157004M,,CONSTRUCTION LAYOUT,1,DOLL,"ANSELMI & DECICCO, INC.","$825,000.00","$825,000.00"
14102,102,0001,ROADWAY,0010,157004M,,CONSTRUCTION LAYOUT,1,DOLL,TARHEEL ENTERPRISES INC,"$892,500.00","$892,500.00"
14102,102,0001,ROADWAY,0011,158003M,,CAUTION FENCE,"1,438",LF,"ANSELMI & DECICCO, INC.",$6.00,"$8,628.00"
14102,102,0001,ROADWAY,0011,158003M,,CAUTION FENCE,"1,438",LF,TARHEEL ENTERPRISES INC,$8.13,"$11,690.94"
14102,102,0004,EROSION CONTROL,0012,158012M,,"HEAVY DUTY SILT FENCE, BLACK","2,576",LF,"ANSELMI & DECICCO, INC.",$10.00,"$25,760.00"
14102,102,0004,EROSION CONTROL,0012,158012M,,"HEAVY DUTY SILT FENCE, BLACK","2,576",LF,TARHEEL ENTERPRISES INC,$5.68,"$14,631.68"
14102,102,0004,EROSION CONTROL,0013,158015M,,HAYBALE,57,U,"ANSELMI & DECICCO, INC.",$25.00,"$1,425.00"
14102,102,0004,EROSION CONTROL,0013,158015M,,HAYBALE,57,U,TARHEEL ENTERPRISES INC,$93.41,"$5,324.37"
14102,102,0004,EROSION CONTROL,0014,158033M,,"INLET FILTER TYPE 2, 4' X 4'",19,U,"ANSELMI & DECICCO, INC.",$250.00,"$4,750.00"
14102,102,0004,EROSION CONTROL,0014,158033M,,"INLET FILTER TYPE 2, 4' X 4'",19,U,TARHEEL ENTERPRISES INC,$209.12,"$3,973.28"
14102,102,0004,EROSION CONTROL,0015,158060M,,CONSTRUCTION DRIVEWAY,181,T,"ANSELMI & DECICCO, INC.",$75.00,"$13,575.00"
14102,102,0004,EROSION CONTROL,0015,158060M,,CONSTRUCTION DRIVEWAY,181,T,TARHEEL ENTERPRISES INC,$110.76,"$20,047.56"
14102,102,0004,EROSION CONTROL,0016,158063P,,CONCRETE WASHOUT SYSTEM,1,LS,"ANSELMI & DECICCO, INC.","$10,000.00","$10,000.00"
14102,102,0004,EROSION CONTROL,0016,158063P,,CONCRETE WASHOUT SYSTEM,1,LS,TARHEEL ENTERPRISES INC,"$50,000.00","$50,000.00"
14102,102,0004,EROSION CONTROL,0017,158072M,,"OIL ONLY EMERGENCY SPILL KIT, TYPE 1",3,U,"ANSELMI & DECICCO, INC.","$1,000.00","$3,000.00"
14102,102,0004,EROSION CONTROL,0017,158072M,,"OIL ONLY EMERGENCY SPILL KIT, TYPE 1",3,U,TARHEEL ENTERPRISES INC,"$1,284.00","$3,852.00"
14102,102,0004,EROSION CONTROL,0018,158084M,,EROSION CONTROL SEDIMENT REMOVAL,451,CY,"ANSELMI & DECICCO, INC.",$18.00,"$8,118.00"
14102,102,0004,EROSION CONTROL,0018,158084M,,EROSION CONTROL SEDIMENT REMOVAL,451,CY,TARHEEL ENTERPRISES INC,$187.37,"$84,503.87"
14102,102,0001,ROADWAY,0019,159003M,,BREAKAWAY BARRICADE,130,U,"ANSELMI & DECICCO, INC.",$100.00,"$13,000.00"
14102,102,0001,ROADWAY,0019,159003M,,BREAKAWAY BARRICADE,130,U,TARHEEL ENTERPRISES INC,$145.39,"$18,900.70"
14102,102,0001,ROADWAY,0020,159006M,,DRUM,450,U,"ANSELMI & DECICCO, INC.",$50.00,"$22,500.00"
14102,102,0001,ROADWAY,0020,159006M,,DRUM,450,U,TARHEEL ENTERPRISES INC,$92.73,"$41,728.50"
14102,102,0001,ROADWAY,0021,159009M,,TRAFFIC CONE,300,U,"ANSELMI & DECICCO, INC.",$15.00,"$4,500.00"
14102,102,0001,ROADWAY,0021,159009M,,TRAFFIC CONE,300,U,TARHEEL ENTERPRISES INC,$19.47,"$5,841.00"
14102,102,0001,ROADWAY,0022,159012M,,CONSTRUCTION SIGNS,"1,683",SF,"ANSELMI & DECICCO, INC.",$20.00,"$33,660.00"
14102,102,0001,ROADWAY,0022,159012M,,CONSTRUCTION SIGNS,"1,683",SF,TARHEEL ENTERPRISES INC,$15.41,"$25,935.03"
14102,102,0001,ROADWAY,0023,159018M,,"CONSTRUCTION IDENTIFICATION SIGN, 6' X 12'",4,U,"ANSELMI & DECICCO, INC.","$2,500.00","$10,000.00"
14102,102,0001,ROADWAY,0023,159018M,,"CONSTRUCTION IDENTIFICATION SIGN, 6' X 12'",4,U,TARHEEL ENTERPRISES INC,"$1,440.00","$5,760.00"
14102,102,0001,ROADWAY,0024,159021P,,CONSTRUCTION BARRIER CURB,"2,100",LF,"ANSELMI & DECICCO, INC.",$250.00,"$525,000.00"
14102,102,0001,ROADWAY,0024,159021P,,CONSTRUCTION BARRIER CURB,"2,100",LF,TARHEEL ENTERPRISES INC,$153.63,"$322,623.00"
14102,102,0001,ROADWAY,0025,159027M,,"FLASHING ARROW BOARD, 4' X 8'",4,U,"ANSELMI & DECICCO, INC.","$4,000.00","$16,000.00"
14102,102,0001,ROADWAY,0025,159027M,,"FLASHING ARROW BOARD, 4' X 8'",4,U,TARHEEL ENTERPRISES INC,"$4,800.00","$19,200.00"
14102,102,0001,ROADWAY,0026,159028M,,FLOODLIGHTS FOR NIGHTTIME OPERATIONS,4,U,"ANSELMI & DECICCO, INC.","$2,000.00","$8,000.00"
14102,102,0001,ROADWAY,0026,159028M,,FLOODLIGHTS FOR NIGHTTIME OPERATIONS,4,U,TARHEEL ENTERPRISES INC,"$11,760.00","$47,040.00"
14102,102,0001,ROADWAY,0027,159029M,,PORTABLE VARIABLE MESSAGE SIGN W/REMOTE COMMUNICATION,2,U,"ANSELMI & DECICCO, INC.","$20,000.00","$40,000.00"
14102,102,0001,ROADWAY,0027,159029M,,PORTABLE VARIABLE MESSAGE SIGN W/REMOTE COMMUNICATION,2,U,TARHEEL ENTERPRISES INC,"$32,726.40","$65,452.80"
14102,102,0001,ROADWAY,0028,159030M,,PORTABLE VARIABLE MESSAGE SIGN,4,U,"ANSELMI & DECICCO, INC.","$16,500.00","$66,000.00"
14102,102,0001,ROADWAY,0028,159030M,,PORTABLE VARIABLE MESSAGE SIGN,4,U,TARHEEL ENTERPRISES INC,"$12,000.00","$48,000.00"
14102,102,0001,ROADWAY,0029,159042M,,"TEMPORARY CRASH CUSHION, INERTIAL BARRIER SYSTEM, 10 MODULES",2,U,"ANSELMI & DECICCO, INC.","$5,000.00","$10,000.00"
14102,102,0001,ROADWAY,0029,159042M,,"TEMPORARY CRASH CUSHION, INERTIAL BARRIER SYSTEM, 10 MODULES",2,U,TARHEEL ENTERPRISES INC,"$6,759.25","$13,518.50"
14102,102,0001,ROADWAY,0030,159051M,,"TEMPORARY CRASH CUSHION, INERTIAL BARRIER SYSTEM, 13 MODULES",6,U,"ANSELMI & DECICCO, INC.","$7,500.00","$45,000.00"
14102,102,0001,ROADWAY,0030,159051M,,"TEMPORARY CRASH CUSHION, INERTIAL BARRIER SYSTEM, 13 MODULES",6,U,TARHEEL ENTERPRISES INC,"$17,104.47","$102,626.82"
14102,102,0001,ROADWAY,0031,159054M,,"TEMPORARY CRASH CUSHION, INERTIAL BARRIER SYSTEM, 14 MODULES",3,U,"ANSELMI & DECICCO, INC.","$7,000.00","$21,000.00"
14102,102,0001,ROADWAY,0031,159054M,,"TEMPORARY CRASH CUSHION, INERTIAL BARRIER SYSTEM, 14 MODULES",3,U,TARHEEL ENTERPRISES INC,"$13,011.45","$39,034.35"
14102,102,0001,ROADWAY,0032,159108M,,TRAFFIC CONTROL TRUCK WITH MOUNTED CRASH CUSHION,5,U,"ANSELMI & DECICCO, INC.","$7,500.00","$37,500.00"
14102,102,0001,ROADWAY,0032,159108M,,TRAFFIC CONTROL TRUCK WITH MOUNTED CRASH CUSHION,5,U,TARHEEL ENTERPRISES INC,"$36,000.00","$180,000.00"
14102,102,0001,ROADWAY,0033,159117M,,"REMOVABLE BLACK LINE MASKING TAPE, 8""","18,000",LF,"ANSELMI & DECICCO, INC.",$4.00,"$72,000.00"
14102,102,0001,ROADWAY,0033,159117M,,"REMOVABLE BLACK LINE MASKING TAPE, 8""","18,000",LF,TARHEEL ENTERPRISES INC,$3.29,"$59,220.00"
14102,102,0001,ROADWAY,0034,159126M,,"TEMPORARY TRAFFIC STRIPES, 4""","25,000",LF,"ANSELMI & DECICCO, INC.",$1.00,"$25,000.00"
14102,102,0001,ROADWAY,0034,159126M,,"TEMPORARY TRAFFIC STRIPES, 4""","25,000",LF,TARHEEL ENTERPRISES INC,$0.26,"$6,500.00"
14102,102,0001,ROADWAY,0035,159138M,,HMA PATCH,100,T,"ANSELMI & DECICCO, INC.",$350.00,"$35,000.00"
14102,102,0001,ROADWAY,0035,159138M,,HMA PATCH,100,T,TARHEEL ENTERPRISES INC,$461.35,"$46,135.00"
14102,102,0001,ROADWAY,0036,159144M,,EMERGENCY TOWING SERVICE,10,U,"ANSELMI & DECICCO, INC.",$300.00,"$3,000.00"
14102,102,0001,ROADWAY,0036,159144M,,EMERGENCY TOWING SERVICE,10,U,TARHEEL ENTERPRISES INC,$288.00,"$2,880.00"
14102,102,0001,ROADWAY,0037,159175P,,"CONSTRUCTION BARRIER CURB, MOVABLE SYSTEM",550,LF,"ANSELMI & DECICCO, INC.","$1,500.00","$825,000.00"
14102,102,0001,ROADWAY,0037,159175P,,"CONSTRUCTION BARRIER CURB, MOVABLE SYSTEM",550,LF,TARHEEL ENTERPRISES INC,$600.00,"$330,000.00"
14102,102,0001,ROADWAY,0038,159200M,,"TEMPORARY CRASH CUSHION, COMPRESSIVE BARRIER, TYPE 2, WIDTH NARROW",3,U,"ANSELMI & DECICCO, INC.","$4,000.00","$12,000.00"
14102,102,0001,ROADWAY,0038,159200M,,"TEMPORARY CRASH CUSHION, COMPRESSIVE BARRIER, TYPE 2, WIDTH NARROW",3,U,TARHEEL ENTERPRISES INC,"$13,020.00","$39,060.00"
14102,102,0001,ROADWAY,0039,160004M,,FUEL PRICE ADJUSTMENT,1,DOLL,"ANSELMI & DECICCO, INC.","$9,500.00","$9,500.00"
14102,102,0001,ROADWAY,0039,160004M,,FUEL PRICE ADJUSTMENT,1,DOLL,TARHEEL ENTERPRISES INC,"$9,500.00","$9,500.00"
14102,102,0001,ROADWAY,0040,160007M,,ASPHALT PRICE ADJUSTMENT,1,DOLL,"ANSELMI & DECICCO, INC.","$32,100.00","$32,100.00"
14102,102,0001,ROADWAY,0040,160007M,,ASPHALT PRICE ADJUSTMENT,1,DOLL,TARHEEL ENTERPRISES INC,"$32,100.00","$32,100.00"
14102,102,0001,ROADWAY,0041,161003P,,FINAL CLEANUP,1,LS,"ANSELMI & DECICCO, INC.","$10,000.00","$10,000.00"
14102,102,0001,ROADWAY,0041,161003P,,FINAL CLEANUP,1,LS,TARHEEL ENTERPRISES INC,"$37,190.52","$37,190.52"
14102,102,0001,ROADWAY,0042,162005P,,VIBRATION MONITORING,1,LS,"ANSELMI & DECICCO, INC.","$15,000.00","$15,000.00"
14102,102,0001,ROADWAY,0042,162005P,,VIBRATION MONITORING,1,LS,TARHEEL ENTERPRISES INC,"$250,000.00","$250,000.00"
14102,102,0001,ROADWAY,0043,201003P,,CLEARING SITE,1,LS,"ANSELMI & DECICCO, INC.","$300,000.00","$300,000.00"
14102,102,0001,ROADWAY,0043,201003P,,CLEARING SITE,1,LS,TARHEEL ENTERPRISES INC,"$300,000.00","$300,000.00"
14102,102,0001,ROADWAY,0044,202006M,,"EXCAVATION, TEST PIT",80,CY,"ANSELMI & DECICCO, INC.",$150.00,"$12,000.00"
14102,102,0001,ROADWAY,0044,202006M,,"EXCAVATION, TEST PIT",80,CY,TARHEEL ENTERPRISES INC,"$1,159.24","$92,739.20"
14102,102,0001,ROADWAY,0045,202009P,,"EXCAVATION, UNCLASSIFIED","6,369",CY,"ANSELMI & DECICCO, INC.",$1.00,"$6,369.00"
14102,102,0001,ROADWAY,0045,202009P,,"EXCAVATION, UNCLASSIFIED","6,369",CY,TARHEEL ENTERPRISES INC,$88.44,"$563,274.36"
14102,102,0001,ROADWAY,0046,202021P,,REMOVAL OF PAVEMENT,"2,290",SY,"ANSELMI & DECICCO, INC.",$50.00,"$114,500.00"
14102,102,0001,ROADWAY,0046,202021P,,REMOVAL OF PAVEMENT,"2,290",SY,TARHEEL ENTERPRISES INC,$51.85,"$118,736.50"
14102,102,0001,ROADWAY,0047,203021P,,I-14 SOIL AGGREGATE,666,CY,"ANSELMI & DECICCO, INC.",$45.00,"$29,970.00"
14102,102,0001,ROADWAY,0047,203021P,,I-14 SOIL AGGREGATE,666,CY,TARHEEL ENTERPRISES INC,$54.93,"$36,583.38"
14102,102,0001,ROADWAY,0048,301006P,,SUBBASE,544,CY,"ANSELMI & DECICCO, INC.",$75.00,"$40,800.00"
14102,102,0001,ROADWAY,0048,301006P,,SUBBASE,544,CY,TARHEEL ENTERPRISES INC,$54.24,"$29,506.56"
14102,102,0001,ROADWAY,0049,302042P,,"DENSE-GRADED AGGREGATE BASE COURSE, 8"" THICK","4,821",SY,"ANSELMI & DECICCO, INC.",$16.00,"$77,136.00"
14102,102,0001,ROADWAY,0049,302042P,,"DENSE-GRADED AGGREGATE BASE COURSE, 8"" THICK","4,821",SY,TARHEEL ENTERPRISES INC,$43.92,"$211,738.32"
14102,102,0001,ROADWAY,0050,304009P,,"CONCRETE BASE COURSE, 10"" THICK","1,109",SY,"ANSELMI & DECICCO, INC.",$80.00,"$88,720.00"
14102,102,0001,ROADWAY,0050,304009P,,"CONCRETE BASE COURSE, 10"" THICK","1,109",SY,TARHEEL ENTERPRISES INC,$78.26,"$86,790.34"
14102,102,0001,ROADWAY,0051,401009P,,"HMA MILLING, 3"" OR LESS","14,874",SY,"ANSELMI & DECICCO, INC.",$9.00,"$133,866.00"
14102,102,0001,ROADWAY,0051,401009P,,"HMA MILLING, 3"" OR LESS","14,874",SY,TARHEEL ENTERPRISES INC,$7.61,"$113,191.14"
14102,102,0001,ROADWAY,0052,401027M,,POLYMERIZED JOINT ADHESIVE,"13,500",LF,"ANSELMI & DECICCO, INC.",$1.90,"$25,650.00"
14102,102,0001,ROADWAY,0052,401027M,,POLYMERIZED JOINT ADHESIVE,"13,500",LF,TARHEEL ENTERPRISES INC,$0.90,"$12,150.00"
14102,102,0001,ROADWAY,0053,401030M,,TACK COAT,"2,800",GAL,"ANSELMI & DECICCO, INC.",$4.25,"$11,900.00"
14102,102,0001,ROADWAY,0053,401030M,,TACK COAT,"2,800",GAL,TARHEEL ENTERPRISES INC,$4.20,"$11,760.00"
14102,102,0001,ROADWAY,0054,401036M,,PRIME COAT,"1,400",GAL,"ANSELMI & DECICCO, INC.",$0.10,$140.00
14102,102,0001,ROADWAY,0054,401036M,,PRIME COAT,"1,400",GAL,TARHEEL ENTERPRISES INC,$0.01,$14.00
14102,102,0001,ROADWAY,0055,401060M,,HOT MIX ASPHALT 12.5 M 76 SURFACE COURSE,"2,543",T,"ANSELMI & DECICCO, INC.",$125.00,"$317,875.00"
14102,102,0001,ROADWAY,0055,401060M,,HOT MIX ASPHALT 12.5 M 76 SURFACE COURSE,"2,543",T,TARHEEL ENTERPRISES INC,$297.61,"$756,822.23"
14102,102,0001,ROADWAY,0056,401090M,,HOT MIX ASPHALT 19 M 76 INTERMEDIATE COURSE,811,T,"ANSELMI & DECICCO, INC.",$125.00,"$101,375.00"
14102,102,0001,ROADWAY,0056,401090M,,HOT MIX ASPHALT 19 M 76 INTERMEDIATE COURSE,811,T,TARHEEL ENTERPRISES INC,$135.75,"$110,093.25"
14102,102,0001,ROADWAY,0057,401099M,,HOT MIX ASPHALT 25 M 64 BASE COURSE,"1,889",T,"ANSELMI & DECICCO, INC.",$125.00,"$236,125.00"
14102,102,0001,ROADWAY,0057,401099M,,HOT MIX ASPHALT 25 M 64 BASE COURSE,"1,889",T,TARHEEL ENTERPRISES INC,$113.22,"$213,872.58"
14102,102,0001,ROADWAY,0058,401108M,,"CORE SAMPLES, HOT MIX ASPHALT",55,U,"ANSELMI & DECICCO, INC.",$200.00,"$11,000.00"
14102,102,0001,ROADWAY,0058,401108M,,"CORE SAMPLES, HOT MIX ASPHALT",55,U,TARHEEL ENTERPRISES INC,$120.00,"$6,600.00"
14102,102,0001,ROADWAY,0059,405003P,,UNDERLAYER PREPARATION,"1,051",SY,"ANSELMI & DECICCO, INC.",$15.00,"$15,765.00"
14102,102,0001,ROADWAY,0059,405003P,,UNDERLAYER PREPARATION,"1,051",SY,TARHEEL ENTERPRISES INC,$4.78,"$5,023.78"
14102,102,0001,ROADWAY,0060,502015M,,STATIC PILE LOAD TEST,1,U,"ANSELMI & DECICCO, INC.","$50,000.00","$50,000.00"
14102,102,0001,ROADWAY,0060,502015M,,STATIC PILE LOAD TEST,1,U,TARHEEL ENTERPRISES INC,"$72,000.00","$72,000.00"
14102,102,0001,ROADWAY,0061,502016M,,MICROPILE,27,U,"ANSELMI & DECICCO, INC.","$25,000.00","$675,000.00"
14102,102,0001,ROADWAY,0061,502016M,,MICROPILE,27,U,TARHEEL ENTERPRISES INC,"$16,800.00","$453,600.00"
14102,102,0001,ROADWAY,0062,504003P,,REINFORCEMENT STEEL,"17,870",LB,"ANSELMI & DECICCO, INC.",$2.00,"$35,740.00"
14102,102,0001,ROADWAY,0062,504003P,,REINFORCEMENT STEEL,"17,870",LB,TARHEEL ENTERPRISES INC,$1.90,"$33,953.00"
14102,102,0001,ROADWAY,0063,601120P,,"12"" REINFORCED CONCRETE PIPE",15,LF,"ANSELMI & DECICCO, INC.",$100.00,"$1,500.00"
14102,102,0001,ROADWAY,0063,601120P,,"12"" REINFORCED CONCRETE PIPE",15,LF,TARHEEL ENTERPRISES INC,$285.30,"$4,279.50"
14102,102,0001,ROADWAY,0064,601122P,,"15"" REINFORCED CONCRETE PIPE",20,LF,"ANSELMI & DECICCO, INC.",$125.00,"$2,500.00"
14102,102,0001,ROADWAY,0064,601122P,,"15"" REINFORCED CONCRETE PIPE",20,LF,TARHEEL ENTERPRISES INC,$268.44,"$5,368.80"
14102,102,0001,ROADWAY,0065,601124P,,"18"" REINFORCED CONCRETE PIPE",120,LF,"ANSELMI & DECICCO, INC.",$150.00,"$18,000.00"
14102,102,0001,ROADWAY,0065,601124P,,"18"" REINFORCED CONCRETE PIPE",120,LF,TARHEEL ENTERPRISES INC,$88.26,"$10,591.20"
14102,102,0001,ROADWAY,0066,601128P,,"24"" REINFORCED CONCRETE PIPE",37,LF,"ANSELMI & DECICCO, INC.",$175.00,"$6,475.00"
14102,102,0001,ROADWAY,0066,601128P,,"24"" REINFORCED CONCRETE PIPE",37,LF,TARHEEL ENTERPRISES INC,$115.36,"$4,268.32"
14102,102,0001,ROADWAY,0067,601376M,,"24"" REINFORCED CONCRETE END SECTION",1,U,"ANSELMI & DECICCO, INC.","$3,000.00","$3,000.00"
14102,102,0001,ROADWAY,0067,601376M,,"24"" REINFORCED CONCRETE END SECTION",1,U,TARHEEL ENTERPRISES INC,"$3,357.61","$3,357.61"
14102,102,0001,ROADWAY,0068,602012M,,"INLET, TYPE B",5,U,"ANSELMI & DECICCO, INC.","$4,500.00","$22,500.00"
14102,102,0001,ROADWAY,0068,602012M,,"INLET, TYPE B",5,U,TARHEEL ENTERPRISES INC,"$6,911.50","$34,557.50"
14102,102,0001,ROADWAY,0069,602018M,,"INLET, TYPE E",1,U,"ANSELMI & DECICCO, INC.","$4,500.00","$4,500.00"
14102,102,0001,ROADWAY,0069,602018M,,"INLET, TYPE E",1,U,TARHEEL ENTERPRISES INC,"$4,263.29","$4,263.29"
14102,102,0001,ROADWAY,0070,602096M,,INLET CONVERTED TO MANHOLE,1,U,"ANSELMI & DECICCO, INC.","$2,500.00","$2,500.00"
14102,102,0001,ROADWAY,0070,602096M,,INLET CONVERTED TO MANHOLE,1,U,TARHEEL ENTERPRISES INC,"$1,555.45","$1,555.45"
14102,102,0003,NON-PARTICIPATING (ROADWAY),0071,602216M,,CLEANING DRAINAGE STRUCTURE,6,U,"ANSELMI & DECICCO, INC.","$2,000.00","$12,000.00"
14102,102,0003,NON-PARTICIPATING (ROADWAY),0071,602216M,,CLEANING DRAINAGE STRUCTURE,6,U,TARHEEL ENTERPRISES INC,$960.00,"$5,760.00"
14102,102,0001,ROADWAY,0072,602223M,,OUTLET CONTROL STRUCTURE,1,U,"ANSELMI & DECICCO, INC.","$10,000.00","$10,000.00"
14102,102,0001,ROADWAY,0072,602223M,,OUTLET CONTROL STRUCTURE,1,U,TARHEEL ENTERPRISES INC,"$6,142.28","$6,142.28"
14102,102,0001,ROADWAY,0073,603021P,,"RIPRAP STONE SLOPE PROTECTION, 18"" THICK (D50=9"")",14,SY,"ANSELMI & DECICCO, INC.",$175.00,"$2,450.00"
14102,102,0001,ROADWAY,0073,603021P,,"RIPRAP STONE SLOPE PROTECTION, 18"" THICK (D50=9"")",14,SY,TARHEEL ENTERPRISES INC,$321.61,"$4,502.54"
14102,102,0001,ROADWAY,0074,605213P,,"RESET FENCE, BARRIER CURB MOUNTED",52,LF,"ANSELMI & DECICCO, INC.",$60.00,"$3,120.00"
14102,102,0001,ROADWAY,0074,605213P,,"RESET FENCE, BARRIER CURB MOUNTED",52,LF,TARHEEL ENTERPRISES INC,$66.00,"$3,432.00"
14102,102,0001,ROADWAY,0075,606028P,,RESET PRECAST CONCRETE PAVERS,24,SY,"ANSELMI & DECICCO, INC.",$110.00,"$2,640.00"
14102,102,0001,ROADWAY,0075,606028P,,RESET PRECAST CONCRETE PAVERS,24,SY,TARHEEL ENTERPRISES INC,$240.00,"$5,760.00"
14102,102,0001,ROADWAY,0076,606075P,,"CONCRETE ISLAND, 4"" THICK",117,SY,"ANSELMI & DECICCO, INC.",$75.00,"$8,775.00"
14102,102,0001,ROADWAY,0076,606075P,,"CONCRETE ISLAND, 4"" THICK",117,SY,TARHEEL ENTERPRISES INC,$212.44,"$24,855.48"
14102,102,0001,ROADWAY,0077,607003P,,"15"" X 41"" CONCRETE BARRIER CURB",246,LF,"ANSELMI & DECICCO, INC.",$110.00,"$27,060.00"
14102,102,0001,ROADWAY,0077,607003P,,"15"" X 41"" CONCRETE BARRIER CURB",246,LF,TARHEEL ENTERPRISES INC,$180.50,"$44,403.00"
14102,102,0001,ROADWAY,0078,607012P,,"24"" X 41"" CONCRETE BARRIER CURB",500,LF,"ANSELMI & DECICCO, INC.",$110.00,"$55,000.00"
14102,102,0001,ROADWAY,0078,607012P,,"24"" X 41"" CONCRETE BARRIER CURB",500,LF,TARHEEL ENTERPRISES INC,$186.71,"$93,355.00"
14102,102,0001,ROADWAY,0079,607018P,,"9"" X 16"" CONCRETE VERTICAL CURB","3,485",LF,"ANSELMI & DECICCO, INC.",$25.00,"$87,125.00"
14102,102,0001,ROADWAY,0079,607018P,,"9"" X 16"" CONCRETE VERTICAL CURB","3,485",LF,TARHEEL ENTERPRISES INC,$28.43,"$99,078.55"
14102,102,0001,ROADWAY,0080,608003P,,"NONVEGETATIVE SURFACE, HOT MIX ASPHALT","1,647",SY,"ANSELMI & DECICCO, INC.",$30.00,"$49,410.00"
14102,102,0001,ROADWAY,0080,608003P,,"NONVEGETATIVE SURFACE, HOT MIX ASPHALT","1,647",SY,TARHEEL ENTERPRISES INC,$38.40,"$63,244.80"
14102,102,0001,ROADWAY,0081,609003M,,BEAM GUIDE RAIL,"2,885",LF,"ANSELMI & DECICCO, INC.",$26.00,"$75,010.00"
14102,102,0001,ROADWAY,0081,609003M,,BEAM GUIDE RAIL,"2,885",LF,TARHEEL ENTERPRISES INC,$30.00,"$86,550.00"
14102,102,0001,ROADWAY,0082,609006M,,"BEAM GUIDE RAIL, DUAL-FACED",228,LF,"ANSELMI & DECICCO, INC.",$28.00,"$6,384.00"
14102,102,0001,ROADWAY,0082,609006M,,"BEAM GUIDE RAIL, DUAL-FACED",228,LF,TARHEEL ENTERPRISES INC,$31.98,"$7,291.44"
14102,102,0001,ROADWAY,0083,609021M,,RUB RAIL,"1,002",LF,"ANSELMI & DECICCO, INC.",$9.00,"$9,018.00"
14102,102,0001,ROADWAY,0083,609021M,,RUB RAIL,"1,002",LF,TARHEEL ENTERPRISES INC,$9.60,"$9,619.20"
14102,102,0001,ROADWAY,0084,609024M,,FLARED GUIDE RAIL TERMINAL,2,U,"ANSELMI & DECICCO, INC.","$2,300.00","$4,600.00"
14102,102,0001,ROADWAY,0084,609024M,,FLARED GUIDE RAIL TERMINAL,2,U,TARHEEL ENTERPRISES INC,"$2,400.00","$4,800.00"
14102,102,0001,ROADWAY,0085,609027M,,TANGENT GUIDE RAIL TERMINAL,1,U,"ANSELMI & DECICCO, INC.","$2,100.00","$2,100.00"
14102,102,0001,ROADWAY,0085,609027M,,TANGENT GUIDE RAIL TERMINAL,1,U,TARHEEL ENTERPRISES INC,"$2,400.00","$2,400.00"
14102,102,0001,ROADWAY,0086,609039M,,BEAM GUIDE RAIL ANCHORAGE,4,U,"ANSELMI & DECICCO, INC.",$800.00,"$3,200.00"
14102,102,0001,ROADWAY,0086,609039M,,BEAM GUIDE RAIL ANCHORAGE,4,U,TARHEEL ENTERPRISES INC,$954.00,"$3,816.00"
14102,102,0001,ROADWAY,0087,609075M,,REMOVAL OF BEAM GUIDE RAIL,"4,134",LF,"ANSELMI & DECICCO, INC.",$3.00,"$12,402.00"
14102,102,0001,ROADWAY,0087,609075M,,REMOVAL OF BEAM GUIDE RAIL,"4,134",LF,TARHEEL ENTERPRISES INC,$2.40,"$9,921.60"
14102,102,0001,ROADWAY,0088,610003M,,"TRAFFIC STRIPES, 4""","22,600",LF,"ANSELMI & DECICCO, INC.",$0.50,"$11,300.00"
14102,102,0001,ROADWAY,0088,610003M,,"TRAFFIC STRIPES, 4""","22,600",LF,TARHEEL ENTERPRISES INC,$0.52,"$11,752.00"
14102,102,0001,ROADWAY,0089,610009M,,TRAFFIC MARKINGS,287,SF,"ANSELMI & DECICCO, INC.",$12.00,"$3,444.00"
14102,102,0001,ROADWAY,0089,610009M,,TRAFFIC MARKINGS,287,SF,TARHEEL ENTERPRISES INC,$6.18,"$1,773.66"
14102,102,0001,ROADWAY,0090,610012M,,"RPM, MONO-DIRECTIONAL, WHITE LENS",206,U,"ANSELMI & DECICCO, INC.",$29.00,"$5,974.00"
14102,102,0001,ROADWAY,0090,610012M,,"RPM, MONO-DIRECTIONAL, WHITE LENS",206,U,TARHEEL ENTERPRISES INC,$32.40,"$6,674.40"
14102,102,0001,ROADWAY,0091,610018M,,"RPM, MONO-DIRECTIONAL, AMBER LENS",68,U,"ANSELMI & DECICCO, INC.",$29.00,"$1,972.00"
14102,102,0001,ROADWAY,0091,610018M,,"RPM, MONO-DIRECTIONAL, AMBER LENS",68,U,TARHEEL ENTERPRISES INC,$32.40,"$2,203.20"
14102,102,0001,ROADWAY,0092,610024M,,REMOVAL OF RPM,275,U,"ANSELMI & DECICCO, INC.",$20.00,"$5,500.00"
14102,102,0001,ROADWAY,0092,610024M,,REMOVAL OF RPM,275,U,TARHEEL ENTERPRISES INC,$12.38,"$3,404.50"
14102,102,0001,ROADWAY,0093,610036M,,REMOVAL OF TRAFFIC STRIPES,"30,000",LF,"ANSELMI & DECICCO, INC.",$0.50,"$15,000.00"
14102,102,0001,ROADWAY,0093,610036M,,REMOVAL OF TRAFFIC STRIPES,"30,000",LF,TARHEEL ENTERPRISES INC,$0.60,"$18,000.00"
14102,102,0001,ROADWAY,0094,611300M,,"CRASH CUSHION, COMPRESSIVE BARRIER, TYPE 2, WIDTH NARROW",1,U,"ANSELMI & DECICCO, INC.","$20,000.00","$20,000.00"
14102,102,0001,ROADWAY,0094,611300M,,"CRASH CUSHION, COMPRESSIVE BARRIER, TYPE 2, WIDTH NARROW",1,U,TARHEEL ENTERPRISES INC,"$17,514.91","$17,514.91"
14102,102,0001,ROADWAY,0095,612003P,,REGULATORY AND WARNING SIGN,270,SF,"ANSELMI & DECICCO, INC.",$50.00,"$13,500.00"
14102,102,0001,ROADWAY,0095,612003P,,REGULATORY AND WARNING SIGN,270,SF,TARHEEL ENTERPRISES INC,$38.40,"$10,368.00"
14102,102,0001,ROADWAY,0096,612015P,,"GUIDE SIGN PANEL, TYPE GO","1,031",SF,"ANSELMI & DECICCO, INC.",$20.00,"$20,620.00"
14102,102,0001,ROADWAY,0096,612015P,,"GUIDE SIGN PANEL, TYPE GO","1,031",SF,TARHEEL ENTERPRISES INC,$25.20,"$25,981.20"
14102,102,0001,ROADWAY,0097,612021M,,RELOCATE SIGN,1,U,"ANSELMI & DECICCO, INC.",$500.00,$500.00
14102,102,0001,ROADWAY,0097,612021M,,RELOCATE SIGN,1,U,TARHEEL ENTERPRISES INC,$300.00,$300.00
14102,102,0001,ROADWAY,0098,651002P,,TEMPORARY WATER PIPING,1,LS,"ANSELMI & DECICCO, INC.","$75,000.00","$75,000.00"
14102,102,0001,ROADWAY,0098,651002P,,TEMPORARY WATER PIPING,1,LS,TARHEEL ENTERPRISES INC,"$65,000.00","$65,000.00"
14102,102,0001,ROADWAY,0099,651071P,,"20"" DUCTILE IRON WATER PIPE, CLASS 52",445,LF,"ANSELMI & DECICCO, INC.",$300.00,"$133,500.00"
14102,102,0001,ROADWAY,0099,651071P,,"20"" DUCTILE IRON WATER PIPE, CLASS 52",445,LF,TARHEEL ENTERPRISES INC,$380.79,"$169,451.55"
14102,102,0001,ROADWAY,0100,651258M,,WATER AS-BUILT PLAN,1,LS,"ANSELMI & DECICCO, INC.","$7,500.00","$7,500.00"
14102,102,0001,ROADWAY,0100,651258M,,WATER AS-BUILT PLAN,1,LS,TARHEEL ENTERPRISES INC,"$10,000.00","$10,000.00"
14102,102,0001,ROADWAY,0101,651263M,,THRUST COLLAR,2,U,"ANSELMI & DECICCO, INC.","$13,000.00","$26,000.00"
14102,102,0001,ROADWAY,0101,651263M,,THRUST COLLAR,2,U,TARHEEL ENTERPRISES INC,"$21,406.54","$42,813.08"
14102,102,0001,ROADWAY,0102,651267M,,LINE STOP AND TIE-IN,4,U,"ANSELMI & DECICCO, INC.","$40,000.00","$160,000.00"
14102,102,0001,ROADWAY,0102,651267M,,LINE STOP AND TIE-IN,4,U,TARHEEL ENTERPRISES INC,"$50,349.15","$201,396.60"
14102,102,0001,ROADWAY,0103,651270M,,GATE VALVES AND BOXES,4,U,"ANSELMI & DECICCO, INC.","$20,000.00","$80,000.00"
14102,102,0001,ROADWAY,0103,651270M,,GATE VALVES AND BOXES,4,U,TARHEEL ENTERPRISES INC,"$23,000.42","$92,001.68"
14102,102,0001,ROADWAY,0104,701015P,,"2"" RIGID METALLIC CONDUIT","1,023",LF,"ANSELMI & DECICCO, INC.",$34.00,"$34,782.00"
14102,102,0001,ROADWAY,0104,701015P,,"2"" RIGID METALLIC CONDUIT","1,023",LF,TARHEEL ENTERPRISES INC,$42.00,"$42,966.00"
14102,102,0001,ROADWAY,0105,701021P,,"3"" RIGID METALLIC CONDUIT",300,LF,"ANSELMI & DECICCO, INC.",$100.00,"$30,000.00"
14102,102,0001,ROADWAY,0105,701021P,,"3"" RIGID METALLIC CONDUIT",300,LF,TARHEEL ENTERPRISES INC,$118.80,"$35,640.00"
14102,102,0001,ROADWAY,0106,701030P,,"3"" RIGID NONMETALLIC CONDUIT","1,675",LF,"ANSELMI & DECICCO, INC.",$20.00,"$33,500.00"
14102,102,0001,ROADWAY,0106,701030P,,"3"" RIGID NONMETALLIC CONDUIT","1,675",LF,TARHEEL ENTERPRISES INC,$25.20,"$42,210.00"
14102,102,0001,ROADWAY,0107,701039P,,"1 1/2"" FLEXIBLE METALLIC CONDUIT",30,LF,"ANSELMI & DECICCO, INC.",$20.00,$600.00
14102,102,0001,ROADWAY,0107,701039P,,"1 1/2"" FLEXIBLE METALLIC CONDUIT",30,LF,TARHEEL ENTERPRISES INC,$20.40,$612.00
14102,102,0001,ROADWAY,0108,701102M,,"18"" X 36"" JUNCTION BOX",6,U,"ANSELMI & DECICCO, INC.","$1,750.00","$10,500.00"
14102,102,0001,ROADWAY,0108,701102M,,"18"" X 36"" JUNCTION BOX",6,U,TARHEEL ENTERPRISES INC,"$2,160.00","$12,960.00"
14102,102,0001,ROADWAY,0109,701105M,,"8"" X 8"" X 6"" METAL JUNCTION BOX",3,U,"ANSELMI & DECICCO, INC.","$1,000.00","$3,000.00"
14102,102,0001,ROADWAY,0109,701105M,,"8"" X 8"" X 6"" METAL JUNCTION BOX",3,U,TARHEEL ENTERPRISES INC,"$1,140.00","$3,420.00"
14102,102,0001,ROADWAY,0110,701117M,,JUNCTION BOX FOUNDATION,8,U,"ANSELMI & DECICCO, INC.","$2,000.00","$16,000.00"
14102,102,0001,ROADWAY,0110,701117M,,JUNCTION BOX FOUNDATION,8,U,TARHEEL ENTERPRISES INC,"$2,520.00","$20,160.00"
14102,102,0001,ROADWAY,0111,701159M,,"FOUNDATION, TYPE 1M-MC",1,U,"ANSELMI & DECICCO, INC.","$1,200.00","$1,200.00"
14102,102,0001,ROADWAY,0111,701159M,,"FOUNDATION, TYPE 1M-MC",1,U,TARHEEL ENTERPRISES INC,"$1,500.00","$1,500.00"
14102,102,0001,ROADWAY,0112,701181M,,"METER CABINET, TYPE MC MODIFIED",1,U,"ANSELMI & DECICCO, INC.","$4,000.00","$4,000.00"
14102,102,0001,ROADWAY,0112,701181M,,"METER CABINET, TYPE MC MODIFIED",1,U,TARHEEL ENTERPRISES INC,"$4,560.00","$4,560.00"
14102,102,0001,ROADWAY,0113,701192P,,"GROUND WIRE, NO. 8 AWG","5,450",LF,"ANSELMI & DECICCO, INC.",$1.75,"$9,537.50"
14102,102,0001,ROADWAY,0113,701192P,,"GROUND WIRE, NO. 8 AWG","5,450",LF,TARHEEL ENTERPRISES INC,$2.40,"$13,080.00"
14102,102,0001,ROADWAY,0114,701195P,,"MULTIPLE LIGHTING WIRE, NO. 2 AWG","21,360",LF,"ANSELMI & DECICCO, INC.",$4.25,"$90,780.00"
14102,102,0001,ROADWAY,0114,701195P,,"MULTIPLE LIGHTING WIRE, NO. 2 AWG","21,360",LF,TARHEEL ENTERPRISES INC,$5.40,"$115,344.00"
14102,102,0001,ROADWAY,0115,701210P,,"SERVICE WIRE, NO. 2 AWG","1,080",LF,"ANSELMI & DECICCO, INC.",$5.50,"$5,940.00"
14102,102,0001,ROADWAY,0115,701210P,,"SERVICE WIRE, NO. 2 AWG","1,080",LF,TARHEEL ENTERPRISES INC,$7.20,"$7,776.00"
14102,102,0001,ROADWAY,0116,701213P,,"SERVICE WIRE, NO. 6 AWG","1,366",LF,"ANSELMI & DECICCO, INC.",$4.50,"$6,147.00"
14102,102,0001,ROADWAY,0116,701213P,,"SERVICE WIRE, NO. 6 AWG","1,366",LF,TARHEEL ENTERPRISES INC,$6.00,"$8,196.00"
14102,102,0001,ROADWAY,0117,703003M,,LIGHTING STANDARD ALUMINUM,12,U,"ANSELMI & DECICCO, INC.","$2,000.00","$24,000.00"
14102,102,0001,ROADWAY,0117,703003M,,LIGHTING STANDARD ALUMINUM,12,U,TARHEEL ENTERPRISES INC,"$2,640.00","$31,680.00"
14102,102,0001,ROADWAY,0118,703018M,,LUMINAIRE,12,U,"ANSELMI & DECICCO, INC.",$900.00,"$10,800.00"
14102,102,0001,ROADWAY,0118,703018M,,LUMINAIRE,12,U,TARHEEL ENTERPRISES INC,"$1,200.00","$14,400.00"
14102,102,0001,ROADWAY,0119,703021M,,"SIGN LIGHTING, STRUCTURE NO. ___ 2",1,LS,"ANSELMI & DECICCO, INC.","$21,000.00","$21,000.00"
14102,102,0001,ROADWAY,0119,703021M,,"SIGN LIGHTING, STRUCTURE NO. ___ 2",1,LS,TARHEEL ENTERPRISES INC,"$25,800.00","$25,800.00"
14102,102,0001,ROADWAY,0120,703021M,,"SIGN LIGHTING, STRUCTURE NO. ___ 3",1,LS,"ANSELMI & DECICCO, INC.","$32,000.00","$32,000.00"
14102,102,0001,ROADWAY,0120,703021M,,"SIGN LIGHTING, STRUCTURE NO. ___ 3",1,LS,TARHEEL ENTERPRISES INC,"$41,580.00","$41,580.00"
14102,102,0001,ROADWAY,0121,703024M,,UNDERDECK LIGHTING TYPE W,3,U,"ANSELMI & DECICCO, INC.","$1,500.00","$4,500.00"
14102,102,0001,ROADWAY,0121,703024M,,UNDERDECK LIGHTING TYPE W,3,U,TARHEEL ENTERPRISES INC,"$1,920.00","$5,760.00"
14102,102,0001,ROADWAY,0122,703033P,,TEMPORARY HIGHWAY LIGHTING SYSTEM,1,LS,"ANSELMI & DECICCO, INC.","$25,000.00","$25,000.00"
14102,102,0001,ROADWAY,0122,703033P,,TEMPORARY HIGHWAY LIGHTING SYSTEM,1,LS,TARHEEL ENTERPRISES INC,"$250,000.00","$250,000.00"
14102,102,0001,ROADWAY,0123,704021M,,FOUNDATION ITS TYPE C,1,U,"ANSELMI & DECICCO, INC.","$1,100.00","$1,100.00"
14102,102,0001,ROADWAY,0123,704021M,,FOUNDATION ITS TYPE C,1,U,TARHEEL ENTERPRISES INC,"$1,440.00","$1,440.00"
14102,102,0001,ROADWAY,0124,704035M,,FOUNDATION CSS,2,U,"ANSELMI & DECICCO, INC.","$5,000.00","$10,000.00"
14102,102,0001,ROADWAY,0124,704035M,,FOUNDATION CSS,2,U,TARHEEL ENTERPRISES INC,"$6,120.00","$12,240.00"
14102,102,0001,ROADWAY,0125,704048M,,CAMERA STANDARD TYPE A,2,U,"ANSELMI & DECICCO, INC.","$32,500.00","$65,000.00"
14102,102,0001,ROADWAY,0125,704048M,,CAMERA STANDARD TYPE A,2,U,TARHEEL ENTERPRISES INC,"$42,000.00","$84,000.00"
14102,102,0001,ROADWAY,0126,704060M,,CAMERA,2,U,"ANSELMI & DECICCO, INC.","$5,000.00","$10,000.00"
14102,102,0001,ROADWAY,0126,704060M,,CAMERA,2,U,TARHEEL ENTERPRISES INC,"$6,240.00","$12,480.00"
14102,102,0001,ROADWAY,0127,704063M,,"CONTROLLER, CAMERA",2,U,"ANSELMI & DECICCO, INC.","$15,000.00","$30,000.00"
14102,102,0001,ROADWAY,0127,704063M,,"CONTROLLER, CAMERA",2,U,TARHEEL ENTERPRISES INC,"$18,600.00","$37,200.00"
14102,102,0001,ROADWAY,0128,704066P,,FIBER OPTIC CABLE TYPE A,920,LF,"ANSELMI & DECICCO, INC.",$28.00,"$25,760.00"
14102,102,0001,ROADWAY,0128,704066P,,FIBER OPTIC CABLE TYPE A,920,LF,TARHEEL ENTERPRISES INC,$42.00,"$38,640.00"
14102,102,0001,ROADWAY,0129,704069P,,FIBER OPTIC CABLE TYPE B,"2,025",LF,"ANSELMI & DECICCO, INC.",$24.00,"$48,600.00"
14102,102,0001,ROADWAY,0129,704069P,,FIBER OPTIC CABLE TYPE B,"2,025",LF,TARHEEL ENTERPRISES INC,$30.00,"$60,750.00"
14102,102,0005,GENERAL LANDSCAPE,0130,802027M,,"TREE REMOVAL, OVER 18"" TO 24"" DIAMETER",3,U,"ANSELMI & DECICCO, INC.","$1,500.00","$4,500.00"
14102,102,0005,GENERAL LANDSCAPE,0130,802027M,,"TREE REMOVAL, OVER 18"" TO 24"" DIAMETER",3,U,TARHEEL ENTERPRISES INC,"$1,080.00","$3,240.00"
14102,102,0005,GENERAL LANDSCAPE,0131,804006P,,"TOPSOILING, 4"" THICK","3,749",SY,"ANSELMI & DECICCO, INC.",$5.00,"$18,745.00"
14102,102,0005,GENERAL LANDSCAPE,0131,804006P,,"TOPSOILING, 4"" THICK","3,749",SY,TARHEEL ENTERPRISES INC,$1.68,"$6,298.32"
14102,102,0005,GENERAL LANDSCAPE,0132,804015P,,BORROW TOPSOIL,379,CY,"ANSELMI & DECICCO, INC.",$30.00,"$11,370.00"
14102,102,0005,GENERAL LANDSCAPE,0132,804015P,,BORROW TOPSOIL,379,CY,TARHEEL ENTERPRISES INC,$30.00,"$11,370.00"
14102,102,0005,GENERAL LANDSCAPE,0133,806006P,,"FERTILIZING AND SEEDING, TYPE A-3","3,749",SY,"ANSELMI & DECICCO, INC.",$0.40,"$1,499.60"
14102,102,0005,GENERAL LANDSCAPE,0133,806006P,,"FERTILIZING AND SEEDING, TYPE A-3","3,749",SY,TARHEEL ENTERPRISES INC,$0.54,"$2,024.46"
14102,102,0004,EROSION CONTROL,0134,806018P,,"FERTILIZING AND SEEDING, TYPE F",375,SY,"ANSELMI & DECICCO, INC.",$0.40,$150.00
14102,102,0004,EROSION CONTROL,0134,806018P,,"FERTILIZING AND SEEDING, TYPE F",375,SY,TARHEEL ENTERPRISES INC,$0.54,$202.50
14102,102,0005,GENERAL LANDSCAPE,0135,806029P,,"FERTILIZING AND SEEDING, BASIN BOTTOM",605,SY,"ANSELMI & DECICCO, INC.",$2.00,"$1,210.00"
14102,102,0005,GENERAL LANDSCAPE,0135,806029P,,"FERTILIZING AND SEEDING, BASIN BOTTOM",605,SY,TARHEEL ENTERPRISES INC,$1.80,"$1,089.00"
14102,102,0005,GENERAL LANDSCAPE,0136,807003M,,"TOPSOIL STABILIZATION, TYPE 1 MAT","1,935",SY,"ANSELMI & DECICCO, INC.",$4.00,"$7,740.00"
14102,102,0005,GENERAL LANDSCAPE,0136,807003M,,"TOPSOIL STABILIZATION, TYPE 1 MAT","1,935",SY,TARHEEL ENTERPRISES INC,$3.90,"$7,546.50"
14102,102,0005,GENERAL LANDSCAPE,0137,809003M,,STRAW MULCHING,"3,749",SY,"ANSELMI & DECICCO, INC.",$0.50,"$1,874.50"
14102,102,0005,GENERAL LANDSCAPE,0137,809003M,,STRAW MULCHING,"3,749",SY,TARHEEL ENTERPRISES INC,$0.58,"$2,174.42"
14102,102,0005,GENERAL LANDSCAPE,0138,809009M,,STONE MULCHING,125,SY,"ANSELMI & DECICCO, INC.",$15.00,"$1,875.00"
14102,102,0005,GENERAL LANDSCAPE,0138,809009M,,STONE MULCHING,125,SY,TARHEEL ENTERPRISES INC,$19.20,"$2,400.00"
14102,102,0005,GENERAL LANDSCAPE,0139,809018M,,WOOD MULCHING,"1,064",SY,"ANSELMI & DECICCO, INC.",$5.00,"$5,320.00"
14102,102,0005,GENERAL LANDSCAPE,0139,809018M,,WOOD MULCHING,"1,064",SY,TARHEEL ENTERPRISES INC,$4.80,"$5,107.20"
14102,102,0003,NON-PARTICIPATING (ROADWAY),0140,810003M,,MOWING,2,ACRE,"ANSELMI & DECICCO, INC.",$500.00,"$1,000.00"
14102,102,0003,NON-PARTICIPATING (ROADWAY),0140,810003M,,MOWING,2,ACRE,TARHEEL ENTERPRISES INC,$780.00,"$1,560.00"
14102,102,0006,LATIN LANDSCAPE,0141,811006M,,"LARGE DECIDUOUS TREE, 2-2 1/2"" CALIPER, B&B",80,U,"ANSELMI & DECICCO, INC.",$225.00,"$18,000.00"
14102,102,0006,LATIN LANDSCAPE,0141,811006M,,"LARGE DECIDUOUS TREE, 2-2 1/2"" CALIPER, B&B",80,U,TARHEEL ENTERPRISES INC,$282.00,"$22,560.00"
14102,102,0006,LATIN LANDSCAPE,0142,811024M,,"SMALL DECIDUOUS TREE, 2-2 1/2"" CALIPER, B&B",39,U,"ANSELMI & DECICCO, INC.",$225.00,"$8,775.00"
14102,102,0006,LATIN LANDSCAPE,0142,811024M,,"SMALL DECIDUOUS TREE, 2-2 1/2"" CALIPER, B&B",39,U,TARHEEL ENTERPRISES INC,$282.00,"$10,998.00"
14102,102,0006,LATIN LANDSCAPE,0143,811031M,,"SMALL DECIDUOUS TREE, 7-8' HIGH, B&B",19,U,"ANSELMI & DECICCO, INC.",$200.00,"$3,800.00"
14102,102,0006,LATIN LANDSCAPE,0143,811031M,,"SMALL DECIDUOUS TREE, 7-8' HIGH, B&B",19,U,TARHEEL ENTERPRISES INC,$228.00,"$4,332.00"
14102,102,0006,LATIN LANDSCAPE,0144,811037M,,"EVERGREEN TREE, 7-8'  HIGH B&B",51,U,"ANSELMI & DECICCO, INC.",$200.00,"$10,200.00"
14102,102,0006,LATIN LANDSCAPE,0144,811037M,,"EVERGREEN TREE, 7-8'  HIGH B&B",51,U,TARHEEL ENTERPRISES INC,$234.00,"$11,934.00"
14102,102,0006,LATIN LANDSCAPE,0145,811056M,,"DECIDUOUS SHRUB, 4-5' HIGH, B&B",446,U,"ANSELMI & DECICCO, INC.",$35.00,"$15,610.00"
14102,102,0006,LATIN LANDSCAPE,0145,811056M,,"DECIDUOUS SHRUB, 4-5' HIGH, B&B",446,U,TARHEEL ENTERPRISES INC,$43.20,"$19,267.20"
14102,102,0006,LATIN LANDSCAPE,0146,811057M,,"DECIDUOUS SHRUB, 3-4' HIGH, B&B",214,U,"ANSELMI & DECICCO, INC.",$35.00,"$7,490.00"
14102,102,0006,LATIN LANDSCAPE,0146,811057M,,"DECIDUOUS SHRUB, 3-4' HIGH, B&B",214,U,TARHEEL ENTERPRISES INC,$43.20,"$9,244.80"
14102,102,0007,BRIDGE 1,0147,201006P,,"CLEARING SITE, BRIDGE (___) NO. 1213-151",1,LS,"ANSELMI & DECICCO, INC.","$1,106,000.00","$1,106,000.00"
14102,102,0007,BRIDGE 1,0147,201006P,,"CLEARING SITE, BRIDGE (___) NO. 1213-151",1,LS,TARHEEL ENTERPRISES INC,"$1,106,000.00","$1,106,000.00"
14102,102,0007,BRIDGE 1,0148,201039P,,TEMPORARY SHIELDING,1,LS,"ANSELMI & DECICCO, INC.","$1,000,000.00","$1,000,000.00"
14102,102,0007,BRIDGE 1,0148,201039P,,TEMPORARY SHIELDING,1,LS,TARHEEL ENTERPRISES INC,"$186,454.62","$186,454.62"
14102,102,0007,BRIDGE 1,0149,202009P,,"EXCAVATION, UNCLASSIFIED","4,200",CY,"ANSELMI & DECICCO, INC.",$1.00,"$4,200.00"
14102,102,0007,BRIDGE 1,0149,202009P,,"EXCAVATION, UNCLASSIFIED","4,200",CY,TARHEEL ENTERPRISES INC,$30.43,"$127,806.00"
14102,102,0007,BRIDGE 1,0150,203009P,,I-9 SOIL AGGREGATE,"2,500",CY,"ANSELMI & DECICCO, INC.",$60.00,"$150,000.00"
14102,102,0007,BRIDGE 1,0150,203009P,,I-9 SOIL AGGREGATE,"2,500",CY,TARHEEL ENTERPRISES INC,$71.63,"$179,075.00"
14102,102,0007,BRIDGE 1,0151,203021P,,I-14 SOIL AGGREGATE,"1,600",CY,"ANSELMI & DECICCO, INC.",$45.00,"$72,000.00"
14102,102,0007,BRIDGE 1,0151,203021P,,I-14 SOIL AGGREGATE,"1,600",CY,TARHEEL ENTERPRISES INC,$67.68,"$108,288.00"
14102,102,0007,BRIDGE 1,0152,501003P,,TEMPORARY SHEETING,"6,800",SF,"ANSELMI & DECICCO, INC.",$1.00,"$6,800.00"
14102,102,0007,BRIDGE 1,0152,501003P,,TEMPORARY SHEETING,"6,800",SF,TARHEEL ENTERPRISES INC,$150.00,"$1,020,000.00"
14102,102,0007,BRIDGE 1,0153,502015M,,STATIC PILE LOAD TEST,1,U,"ANSELMI & DECICCO, INC.","$50,000.00","$50,000.00"
14102,102,0007,BRIDGE 1,0153,502015M,,STATIC PILE LOAD TEST,1,U,TARHEEL ENTERPRISES INC,"$72,000.00","$72,000.00"
14102,102,0007,BRIDGE 1,0154,502016M,,MICROPILE,95,U,"ANSELMI & DECICCO, INC.","$25,000.00","$2,375,000.00"
14102,102,0007,BRIDGE 1,0154,502016M,,MICROPILE,95,U,TARHEEL ENTERPRISES INC,"$15,600.00","$1,482,000.00"
14102,102,0007,BRIDGE 1,0155,504003P,,REINFORCEMENT STEEL,"39,700",LB,"ANSELMI & DECICCO, INC.",$2.00,"$79,400.00"
14102,102,0007,BRIDGE 1,0155,504003P,,REINFORCEMENT STEEL,"39,700",LB,TARHEEL ENTERPRISES INC,$1.82,"$72,254.00"
14102,102,0007,BRIDGE 1,0156,504006P,,"REINFORCEMENT STEEL, EPOXY-COATED","25,900",LB,"ANSELMI & DECICCO, INC.",$2.25,"$58,275.00"
14102,102,0007,BRIDGE 1,0156,504006P,,"REINFORCEMENT STEEL, EPOXY-COATED","25,900",LB,TARHEEL ENTERPRISES INC,$2.00,"$51,800.00"
14102,102,0007,BRIDGE 1,0157,504015P,,CONCRETE FOOTING,129,CY,"ANSELMI & DECICCO, INC.","$1,500.00","$193,500.00"
14102,102,0007,BRIDGE 1,0157,504015P,,CONCRETE FOOTING,129,CY,TARHEEL ENTERPRISES INC,$700.00,"$90,300.00"
14102,102,0007,BRIDGE 1,0158,504018P,,CONCRETE WING WALL,167,CY,"ANSELMI & DECICCO, INC.","$1,500.00","$250,500.00"
14102,102,0007,BRIDGE 1,0158,504018P,,CONCRETE WING WALL,167,CY,TARHEEL ENTERPRISES INC,"$1,000.00","$167,000.00"
14102,102,0007,BRIDGE 1,0159,504024P,,CONCRETE ABUTMENT WALL,149,CY,"ANSELMI & DECICCO, INC.","$1,500.00","$223,500.00"
14102,102,0007,BRIDGE 1,0159,504024P,,CONCRETE ABUTMENT WALL,149,CY,TARHEEL ENTERPRISES INC,"$1,000.00","$149,000.00"
14102,102,0007,BRIDGE 1,0160,504027P,,CONCRETE PIER COLUMN AND CAP,20,CY,"ANSELMI & DECICCO, INC.","$5,000.00","$100,000.00"
14102,102,0007,BRIDGE 1,0160,504027P,,CONCRETE PIER COLUMN AND CAP,20,CY,TARHEEL ENTERPRISES INC,"$3,000.00","$60,000.00"
14102,102,0007,BRIDGE 1,0161,504031P,,MODIFICATION OF EXISTING PIERS,110,CY,"ANSELMI & DECICCO, INC.","$5,000.00","$550,000.00"
14102,102,0007,BRIDGE 1,0161,504031P,,MODIFICATION OF EXISTING PIERS,110,CY,TARHEEL ENTERPRISES INC,"$3,000.00","$330,000.00"
14102,102,0007,BRIDGE 1,0162,504036P,,EPOXY WATERPROOFING,199,SY,"ANSELMI & DECICCO, INC.",$25.00,"$4,975.00"
14102,102,0007,BRIDGE 1,0162,504036P,,EPOXY WATERPROOFING,199,SY,TARHEEL ENTERPRISES INC,$51.78,"$10,304.22"
14102,102,0007,BRIDGE 1,0163,505066P,,"PREFABRICATED SUPERSTRUCTURE UNITS, HPC","17,220",SF,"ANSELMI & DECICCO, INC.",$370.00,"$6,371,400.00"
14102,102,0007,BRIDGE 1,0163,505066P,,"PREFABRICATED SUPERSTRUCTURE UNITS, HPC","17,220",SF,TARHEEL ENTERPRISES INC,$423.40,"$7,290,948.00"
14102,102,0007,BRIDGE 1,0164,506003P,,STRUCTURAL STEEL,1,LS,"ANSELMI & DECICCO, INC.","$100,000.00","$100,000.00"
14102,102,0007,BRIDGE 1,0164,506003P,,STRUCTURAL STEEL,1,LS,TARHEEL ENTERPRISES INC,"$300,000.00","$300,000.00"
14102,102,0007,BRIDGE 1,0165,506006P,,REINFORCED ELASTOMERIC BEARING ASSEMBLY,96,U,"ANSELMI & DECICCO, INC.","$3,000.00","$288,000.00"
14102,102,0007,BRIDGE 1,0165,506006P,,REINFORCED ELASTOMERIC BEARING ASSEMBLY,96,U,TARHEEL ENTERPRISES INC,"$4,484.80","$430,540.80"
14102,102,0007,BRIDGE 1,0166,506070P,,TEMPORARY BEAM,1,LS,"ANSELMI & DECICCO, INC.","$50,000.00","$50,000.00"
14102,102,0007,BRIDGE 1,0166,506070P,,TEMPORARY BEAM,1,LS,TARHEEL ENTERPRISES INC,"$149,247.19","$149,247.19"
14102,102,0007,BRIDGE 1,0167,507003P,,"1 3/4"" BY 1 3/4"" PREFORMED ELASTOMERIC JOINT ASSEMBLY",240,LF,"ANSELMI & DECICCO, INC.",$600.00,"$144,000.00"
14102,102,0007,BRIDGE 1,0167,507003P,,"1 3/4"" BY 1 3/4"" PREFORMED ELASTOMERIC JOINT ASSEMBLY",240,LF,TARHEEL ENTERPRISES INC,$968.90,"$232,536.00"
14102,102,0007,BRIDGE 1,0168,507015P,,STRIP SEAL EXPANSION JOINT ASSEMBLY,120,LF,"ANSELMI & DECICCO, INC.",$600.00,"$72,000.00"
14102,102,0007,BRIDGE 1,0168,507015P,,STRIP SEAL EXPANSION JOINT ASSEMBLY,120,LF,TARHEEL ENTERPRISES INC,$963.84,"$115,660.80"
14102,102,0007,BRIDGE 1,0169,507027M,,DATE PANEL,1,U,"ANSELMI & DECICCO, INC.","$1,000.00","$1,000.00"
14102,102,0007,BRIDGE 1,0169,507027M,,DATE PANEL,1,U,TARHEEL ENTERPRISES INC,"$1,320.25","$1,320.25"
14102,102,0007,BRIDGE 1,0170,507039P,,"CONCRETE BRIDGE PARAPET, HPC",69,LF,"ANSELMI & DECICCO, INC.",$200.00,"$13,800.00"
14102,102,0007,BRIDGE 1,0170,507039P,,"CONCRETE BRIDGE PARAPET, HPC",69,LF,TARHEEL ENTERPRISES INC,$323.85,"$22,345.65"
14102,102,0007,BRIDGE 1,0171,507066P,,PRECAST CONCRETE BRIDGE APPROACH,780,SY,"ANSELMI & DECICCO, INC.",$750.00,"$585,000.00"
14102,102,0007,BRIDGE 1,0171,507066P,,PRECAST CONCRETE BRIDGE APPROACH,780,SY,TARHEEL ENTERPRISES INC,"$1,179.27","$919,830.60"
14102,102,0007,BRIDGE 1,0172,507073M,,"DIAMOND GRINDING, CONCRETE DECK SURFACE","23,050",SF,"ANSELMI & DECICCO, INC.",$2.25,"$51,862.50"
14102,102,0007,BRIDGE 1,0172,507073M,,"DIAMOND GRINDING, CONCRETE DECK SURFACE","23,050",SF,TARHEEL ENTERPRISES INC,$1.57,"$36,188.50"
14102,102,0007,BRIDGE 1,0173,509079P,,"CHAIN-LINK FENCE, TYPE II, ALUMINUM-COATED STEEL, BRIDGE, 6'3"" HIGH, CURVED TOP",145,LF,"ANSELMI & DECICCO, INC.",$120.00,"$17,400.00"
14102,102,0007,BRIDGE 1,0173,509079P,,"CHAIN-LINK FENCE, TYPE II, ALUMINUM-COATED STEEL, BRIDGE, 6'3"" HIGH, CURVED TOP",145,LF,TARHEEL ENTERPRISES INC,$145.20,"$21,054.00"
14102,102,0007,BRIDGE 1,0174,555003M,,SUBSTRUCTURE CONCRETE REPAIR,"1,200",SF,"ANSELMI & DECICCO, INC.",$200.00,"$240,000.00"
14102,102,0007,BRIDGE 1,0174,555003M,,SUBSTRUCTURE CONCRETE REPAIR,"1,200",SF,TARHEEL ENTERPRISES INC,$437.17,"$524,604.00"
14102,102,0007,BRIDGE 1,0175,601410P,,"8"" CORRUGATED STEEL UNDERDRAIN PIPE",90,LF,"ANSELMI & DECICCO, INC.",$45.00,"$4,050.00"
14102,102,0007,BRIDGE 1,0175,601410P,,"8"" CORRUGATED STEEL UNDERDRAIN PIPE",90,LF,TARHEEL ENTERPRISES INC,$44.08,"$3,967.20"
14102,102,0007,BRIDGE 1,0176,701021P,,"3"" RIGID METALLIC CONDUIT",138,LF,"ANSELMI & DECICCO, INC.",$25.00,"$3,450.00"
14102,102,0007,BRIDGE 1,0176,701021P,,"3"" RIGID METALLIC CONDUIT",138,LF,TARHEEL ENTERPRISES INC,$36.00,"$4,968.00"
14102,102,0007,BRIDGE 1,0177,701120M,,JUNCTION BOX FRAME AND COVER,2,U,"ANSELMI & DECICCO, INC.",$700.00,"$1,400.00"
14102,102,0007,BRIDGE 1,0177,701120M,,JUNCTION BOX FRAME AND COVER,2,U,TARHEEL ENTERPRISES INC,$900.00,"$1,800.00"
14102,102,0008,BRIDGE 2,0178,201006P,,"CLEARING SITE, BRIDGE (___) 1213-152",1,LS,"ANSELMI & DECICCO, INC.","$140,000.00","$140,000.00"
14102,102,0008,BRIDGE 2,0178,201006P,,"CLEARING SITE, BRIDGE (___) 1213-152",1,LS,TARHEEL ENTERPRISES INC,"$140,000.00","$140,000.00"
14102,102,0008,BRIDGE 2,0179,504036P,,EPOXY WATERPROOFING,47,SY,"ANSELMI & DECICCO, INC.",$25.00,"$1,175.00"
14102,102,0008,BRIDGE 2,0179,504036P,,EPOXY WATERPROOFING,47,SY,TARHEEL ENTERPRISES INC,$56.78,"$2,668.66"
14102,102,0008,BRIDGE 2,0180,505066P,,"PREFABRICATED SUPERSTRUCTURE UNITS, HPC","2,580",SF,"ANSELMI & DECICCO, INC.",$370.00,"$954,600.00"
14102,102,0008,BRIDGE 2,0180,505066P,,"PREFABRICATED SUPERSTRUCTURE UNITS, HPC","2,580",SF,TARHEEL ENTERPRISES INC,$485.00,"$1,251,300.00"
14102,102,0008,BRIDGE 2,0181,506003P,,STRUCTURAL STEEL,1,LS,"ANSELMI & DECICCO, INC.","$50,000.00","$50,000.00"
14102,102,0008,BRIDGE 2,0181,506003P,,STRUCTURAL STEEL,1,LS,TARHEEL ENTERPRISES INC,"$50,000.00","$50,000.00"
14102,102,0008,BRIDGE 2,0182,506006P,,REINFORCED ELASTOMERIC BEARING ASSEMBLY,16,U,"ANSELMI & DECICCO, INC.","$3,000.00","$48,000.00"
14102,102,0008,BRIDGE 2,0182,506006P,,REINFORCED ELASTOMERIC BEARING ASSEMBLY,16,U,TARHEEL ENTERPRISES INC,"$4,197.59","$67,161.44"
14102,102,0008,BRIDGE 2,0183,506070P,,TEMPORARY BEAM,1,LS,"ANSELMI & DECICCO, INC.","$50,000.00","$50,000.00"
14102,102,0008,BRIDGE 2,0183,506070P,,TEMPORARY BEAM,1,LS,TARHEEL ENTERPRISES INC,"$26,912.38","$26,912.38"
14102,102,0008,BRIDGE 2,0184,507003P,,"1 3/4"" BY 1 3/4"" PREFORMED ELASTOMERIC JOINT ASSEMBLY",55,LF,"ANSELMI & DECICCO, INC.",$600.00,"$33,000.00"
14102,102,0008,BRIDGE 2,0184,507003P,,"1 3/4"" BY 1 3/4"" PREFORMED ELASTOMERIC JOINT ASSEMBLY",55,LF,TARHEEL ENTERPRISES INC,$935.09,"$51,429.95"
14102,102,0008,BRIDGE 2,0185,507015P,,STRIP SEAL EXPANSION JOINT ASSEMBLY,50,LF,"ANSELMI & DECICCO, INC.",$600.00,"$30,000.00"
14102,102,0008,BRIDGE 2,0185,507015P,,STRIP SEAL EXPANSION JOINT ASSEMBLY,50,LF,TARHEEL ENTERPRISES INC,"$1,007.31","$50,365.50"
14102,102,0008,BRIDGE 2,0186,507027M,,DATE PANEL,1,U,"ANSELMI & DECICCO, INC.","$1,000.00","$1,000.00"
14102,102,0008,BRIDGE 2,0186,507027M,,DATE PANEL,1,U,TARHEEL ENTERPRISES INC,"$1,320.25","$1,320.25"
14102,102,0008,BRIDGE 2,0187,507066P,,PRECAST CONCRETE BRIDGE APPROACH,370,SY,"ANSELMI & DECICCO, INC.",$750.00,"$277,500.00"
14102,102,0008,BRIDGE 2,0187,507066P,,PRECAST CONCRETE BRIDGE APPROACH,370,SY,TARHEEL ENTERPRISES INC,"$1,190.38","$440,440.60"
14102,102,0008,BRIDGE 2,0188,507073M,,"DIAMOND GRINDING, CONCRETE DECK SURFACE","5,580",SF,"ANSELMI & DECICCO, INC.",$2.25,"$12,555.00"
14102,102,0008,BRIDGE 2,0188,507073M,,"DIAMOND GRINDING, CONCRETE DECK SURFACE","5,580",SF,TARHEEL ENTERPRISES INC,$1.57,"$8,760.60"
14102,102,0008,BRIDGE 2,0189,555003M,,SUBSTRUCTURE CONCRETE REPAIR,140,SF,"ANSELMI & DECICCO, INC.",$200.00,"$28,000.00"
14102,102,0008,BRIDGE 2,0189,555003M,,SUBSTRUCTURE CONCRETE REPAIR,140,SF,TARHEEL ENTERPRISES INC,$439.37,"$61,511.80"
14102,102,0009,RETAINING WALL 1,0190,202009P,,"EXCAVATION, UNCLASSIFIED",210,CY,"ANSELMI & DECICCO, INC.",$50.00,"$10,500.00"
14102,102,0009,RETAINING WALL 1,0190,202009P,,"EXCAVATION, UNCLASSIFIED",210,CY,TARHEEL ENTERPRISES INC,$276.72,"$58,111.20"
14102,102,0009,RETAINING WALL 1,0191,507039P,,"CONCRETE BRIDGE PARAPET, HPC",223,LF,"ANSELMI & DECICCO, INC.",$200.00,"$44,600.00"
14102,102,0009,RETAINING WALL 1,0191,507039P,,"CONCRETE BRIDGE PARAPET, HPC",223,LF,TARHEEL ENTERPRISES INC,$325.00,"$72,475.00"
14102,102,0009,RETAINING WALL 1,0192,513006P,,"RETAINING WALL, CAST-IN-PLACE, LOCATION NO. ___ 1","1,440",SF,"ANSELMI & DECICCO, INC.",$200.00,"$288,000.00"
14102,102,0009,RETAINING WALL 1,0192,513006P,,"RETAINING WALL, CAST-IN-PLACE, LOCATION NO. ___ 1","1,440",SF,TARHEEL ENTERPRISES INC,$275.00,"$396,000.00"
14102,102,0010,RETAINING WALL 2,0193,513003P,,"RETAINING WALL, LOCATION NO. ___ 2","5,900",SF,"ANSELMI & DECICCO, INC.",$125.00,"$737,500.00"
14102,102,0010,RETAINING WALL 2,0193,513003P,,"RETAINING WALL, LOCATION NO. ___ 2","5,900",SF,TARHEEL ENTERPRISES INC,$163.22,"$962,998.00"
14102,102,0010,RETAINING WALL 2,0194,556012P,,PRESSURE WASHING AND FINISHING OF SUBSTRUCTURE CONCRETE,1,LS,"ANSELMI & DECICCO, INC.","$30,000.00","$30,000.00"
14102,102,0010,RETAINING WALL 2,0194,556012P,,PRESSURE WASHING AND FINISHING OF SUBSTRUCTURE CONCRETE,1,LS,TARHEEL ENTERPRISES INC,"$48,802.36","$48,802.36"
14102,102,0011,RETAINING WALL 3,0195,202009P,,"EXCAVATION, UNCLASSIFIED",310,CY,"ANSELMI & DECICCO, INC.",$50.00,"$15,500.00"
14102,102,0011,RETAINING WALL 3,0195,202009P,,"EXCAVATION, UNCLASSIFIED",310,CY,TARHEEL ENTERPRISES INC,$86.11,"$26,694.10"
14102,102,0011,RETAINING WALL 3,0196,203009P,,I-9 SOIL AGGREGATE,70,CY,"ANSELMI & DECICCO, INC.",$90.00,"$6,300.00"
14102,102,0011,RETAINING WALL 3,0196,203009P,,I-9 SOIL AGGREGATE,70,CY,TARHEEL ENTERPRISES INC,$114.46,"$8,012.20"
14102,102,0011,RETAINING WALL 3,0197,203021P,,I-14 SOIL AGGREGATE,80,CY,"ANSELMI & DECICCO, INC.",$70.00,"$5,600.00"
14102,102,0011,RETAINING WALL 3,0197,203021P,,I-14 SOIL AGGREGATE,80,CY,TARHEEL ENTERPRISES INC,$72.31,"$5,784.80"
14102,102,0011,RETAINING WALL 3,0198,501003P,,TEMPORARY SHEETING,840,SF,"ANSELMI & DECICCO, INC.",$10.00,"$8,400.00"
14102,102,0011,RETAINING WALL 3,0198,501003P,,TEMPORARY SHEETING,840,SF,TARHEEL ENTERPRISES INC,$150.00,"$126,000.00"
14102,102,0011,RETAINING WALL 3,0199,507039P,,"CONCRETE BRIDGE PARAPET, HPC",67,LF,"ANSELMI & DECICCO, INC.",$200.00,"$13,400.00"
14102,102,0011,RETAINING WALL 3,0199,507039P,,"CONCRETE BRIDGE PARAPET, HPC",67,LF,TARHEEL ENTERPRISES INC,$396.72,"$26,580.24"
14102,102,0011,RETAINING WALL 3,0200,513006P,,"RETAINING WALL, CAST-IN-PLACE, LOCATION NO. ___ 3",110,SF,"ANSELMI & DECICCO, INC.","$1,000.00","$110,000.00"
14102,102,0011,RETAINING WALL 3,0200,513006P,,"RETAINING WALL, CAST-IN-PLACE, LOCATION NO. ___ 3",110,SF,TARHEEL ENTERPRISES INC,$700.00,"$77,000.00"
14102,102,0011,RETAINING WALL 3,0201,701021P,,"3"" RIGID METALLIC CONDUIT",134,LF,"ANSELMI & DECICCO, INC.",$30.00,"$4,020.00"
14102,102,0011,RETAINING WALL 3,0201,701021P,,"3"" RIGID METALLIC CONDUIT",134,LF,TARHEEL ENTERPRISES INC,$42.00,"$5,628.00"
14102,102,0012,RETAINING WALL 4,0202,507039P,,"CONCRETE BRIDGE PARAPET, HPC",392,LF,"ANSELMI & DECICCO, INC.",$200.00,"$78,400.00"
14102,102,0012,RETAINING WALL 4,0202,507039P,,"CONCRETE BRIDGE PARAPET, HPC",392,LF,TARHEEL ENTERPRISES INC,$325.24,"$127,494.08"
14102,102,0012,RETAINING WALL 4,0203,513006P,,"RETAINING WALL, CAST-IN-PLACE, LOCATION NO. ___ 4",660,SF,"ANSELMI & DECICCO, INC.","$1,000.00","$660,000.00"
14102,102,0012,RETAINING WALL 4,0203,513006P,,"RETAINING WALL, CAST-IN-PLACE, LOCATION NO. ___ 4",660,SF,TARHEEL ENTERPRISES INC,$555.00,"$366,300.00"
14102,102,0012,RETAINING WALL 4,0204,701021P,,"3"" RIGID METALLIC CONDUIT",784,LF,"ANSELMI & DECICCO, INC.",$25.00,"$19,600.00"
14102,102,0012,RETAINING WALL 4,0204,701021P,,"3"" RIGID METALLIC CONDUIT",784,LF,TARHEEL ENTERPRISES INC,$36.00,"$28,224.00"
14102,102,0012,RETAINING WALL 4,0205,701120M,,JUNCTION BOX FRAME AND COVER,2,U,"ANSELMI & DECICCO, INC.",$700.00,"$1,400.00"
14102,102,0012,RETAINING WALL 4,0205,701120M,,JUNCTION BOX FRAME AND COVER,2,U,TARHEEL ENTERPRISES INC,$900.00,"$1,800.00"
14102,102,0013,SIGN STRUCTURE NO. 1202-210,0206,202009P,,"EXCAVATION, UNCLASSIFIED",28,CY,"ANSELMI & DECICCO, INC.",$100.00,"$2,800.00"
14102,102,0013,SIGN STRUCTURE NO. 1202-210,0206,202009P,,"EXCAVATION, UNCLASSIFIED",28,CY,TARHEEL ENTERPRISES INC,$114.00,"$3,192.00"
14102,102,0013,SIGN STRUCTURE NO. 1202-210,0207,501003P,,TEMPORARY SHEETING,390,SF,"ANSELMI & DECICCO, INC.",$10.00,"$3,900.00"
14102,102,0013,SIGN STRUCTURE NO. 1202-210,0207,501003P,,TEMPORARY SHEETING,390,SF,TARHEEL ENTERPRISES INC,$16.80,"$6,552.00"
14102,102,0013,SIGN STRUCTURE NO. 1202-210,0208,502016M,,MICROPILE,8,U,"ANSELMI & DECICCO, INC.","$25,000.00","$200,000.00"
14102,102,0013,SIGN STRUCTURE NO. 1202-210,0208,502016M,,MICROPILE,8,U,TARHEEL ENTERPRISES INC,"$18,600.00","$148,800.00"
14102,102,0013,SIGN STRUCTURE NO. 1202-210,0209,503012M,,CROSSHOLE SONIC LOGGING,2,U,"ANSELMI & DECICCO, INC.","$2,000.00","$4,000.00"
14102,102,0013,SIGN STRUCTURE NO. 1202-210,0209,503012M,,CROSSHOLE SONIC LOGGING,2,U,TARHEEL ENTERPRISES INC,"$1,800.00","$3,600.00"
14102,102,0013,SIGN STRUCTURE NO. 1202-210,0210,503055M,,DRILLED SHAFT FOR SIGN STRUCTURE FOUNDATION,50,LF,"ANSELMI & DECICCO, INC.","$1,500.00","$75,000.00"
14102,102,0013,SIGN STRUCTURE NO. 1202-210,0210,503055M,,DRILLED SHAFT FOR SIGN STRUCTURE FOUNDATION,50,LF,TARHEEL ENTERPRISES INC,"$1,770.00","$88,500.00"
14102,102,0013,SIGN STRUCTURE NO. 1202-210,0211,512003M,,"CANTILEVER SIGN SUPPORT, STRUCTURE NO. ___ 1202-210",1,U,"ANSELMI & DECICCO, INC.","$55,000.00","$55,000.00"
14102,102,0013,SIGN STRUCTURE NO. 1202-210,0211,512003M,,"CANTILEVER SIGN SUPPORT, STRUCTURE NO. ___ 1202-210",1,U,TARHEEL ENTERPRISES INC,"$100,000.00","$100,000.00"
14102,102,0014,SIGN STRUCTURE NO. 1213-218,0212,512003M,,"CANTILEVER SIGN SUPPORT, STRUCTURE NO. ___ 1213-218",1,U,"ANSELMI & DECICCO, INC.","$55,000.00","$55,000.00"
14102,102,0014,SIGN STRUCTURE NO. 1213-218,0212,512003M,,"CANTILEVER SIGN SUPPORT, STRUCTURE NO. ___ 1213-218",1,U,TARHEEL ENTERPRISES INC,"$100,000.00","$100,000.00"
14102,102,0015,SIGN STRUCTURE NO. 1213-219,0213,512012M,,"OVERHEAD SIGN SUPPORT, STRUCTURE NO. ___ 1213-219",1,U,"ANSELMI & DECICCO, INC.","$110,000.00","$110,000.00"
14102,102,0015,SIGN STRUCTURE NO. 1213-219,0213,512012M,,"OVERHEAD SIGN SUPPORT, STRUCTURE NO. ___ 1213-219",1,U,TARHEEL ENTERPRISES INC,"$175,000.00","$175,000.00"
14102,102,0001,ROADWAY,0214,704011M,,METER CABINET ITS,1,U,"ANSELMI & DECICCO, INC.","$2,700.00","$2,700.00"
14102,102,0001,ROADWAY,0214,704011M,,METER CABINET ITS,1,U,TARHEEL ENTERPRISES INC,"$3,360.00","$3,360.00"
14102,102,0001,ROADWAY,0215,704012P,,COMMUNICATION CABLE,190,LF,"ANSELMI & DECICCO, INC.",$5.00,$950.00
14102,102,0001,ROADWAY,0215,704012P,,COMMUNICATION CABLE,190,LF,TARHEEL ENTERPRISES INC,$3.60,$684.00
14102,102,0001,ROADWAY,0216,704022M,,FOUNDATION ITS TYPE C-MC,1,U,"ANSELMI & DECICCO, INC.","$3,000.00","$3,000.00"
14102,102,0001,ROADWAY,0216,704022M,,FOUNDATION ITS TYPE C-MC,1,U,TARHEEL ENTERPRISES INC,"$3,000.00","$3,000.00"
14102,102,0001,ROADWAY,0217,704033P,,"CONTROL CENTER SYSTEM, LOCATION NO. ___ 3",1,LS,"ANSELMI & DECICCO, INC.","$1,000.00","$1,000.00"
14102,102,0001,ROADWAY,0217,704033P,,"CONTROL CENTER SYSTEM, LOCATION NO. ___ 3",1,LS,TARHEEL ENTERPRISES INC,"$1,320.00","$1,320.00"
14102,102,0001,ROADWAY,0218,704081P,,FIBER OPTIC CABLE TYPE F,215,LF,"ANSELMI & DECICCO, INC.",$60.00,"$12,900.00"
14102,102,0001,ROADWAY,0218,704081P,,FIBER OPTIC CABLE TYPE F,215,LF,TARHEEL ENTERPRISES INC,$66.00,"$14,190.00"
14102,102,0001,ROADWAY,0219,704106M,,"CONTROLLER MODIFICATIONS, CAMERA",1,U,"ANSELMI & DECICCO, INC.","$5,000.00","$5,000.00"
14102,102,0001,ROADWAY,0219,704106M,,"CONTROLLER MODIFICATIONS, CAMERA",1,U,TARHEEL ENTERPRISES INC,"$6,600.00","$6,600.00"
14102,102,0007,BRIDGE 1,0220,201009P,,"CLEARING SITE, STRUCTURE (___) 1213-205",1,LS,"ANSELMI & DECICCO, INC.","$12,000.00","$12,000.00"
14102,102,0007,BRIDGE 1,0220,201009P,,"CLEARING SITE, STRUCTURE (___) 1213-205",1,LS,TARHEEL ENTERPRISES INC,"$7,800.00","$7,800.00"
14102,102,0007,BRIDGE 1,0221,201009P,,"CLEARING SITE, STRUCTURE (___) 1213-215",1,LS,"ANSELMI & DECICCO, INC.","$12,000.00","$12,000.00"
14102,102,0007,BRIDGE 1,0221,201009P,,"CLEARING SITE, STRUCTURE (___) 1213-215",1,LS,TARHEEL ENTERPRISES INC,"$18,000.00","$18,000.00"
14102,102,0001,ROADWAY,0222,159141M,,"TRAFFIC DIRECTOR, FLAGGER",750,HOUR,"ANSELMI & DECICCO, INC.",$25.00,"$18,750.00"
14102,102,0001,ROADWAY,0222,159141M,,"TRAFFIC DIRECTOR, FLAGGER",750,HOUR,TARHEEL ENTERPRISES INC,$90.65,"$67,987.50"
14102,102,0001,ROADWAY,0223,504006P,,"REINFORCEMENT STEEL, EPOXY-COATED","2,000",LB,"ANSELMI & DECICCO, INC.",$4.00,"$8,000.00"
14102,102,0001,ROADWAY,0223,504006P,,"REINFORCEMENT STEEL, EPOXY-COATED","2,000",LB,TARHEEL ENTERPRISES INC,$3.60,"$7,200.00"
14102,102,0001,ROADWAY,0224,504015P,,CONCRETE FOOTING,22,CY,"ANSELMI & DECICCO, INC.","$1,000.00","$22,000.00"
14102,102,0001,ROADWAY,0224,504015P,,CONCRETE FOOTING,22,CY,TARHEEL ENTERPRISES INC,"$1,320.00","$29,040.00"
14102,102,0001,ROADWAY,0225,504015P,,CONCRETE FOOTING,109,CY,"ANSELMI & DECICCO, INC.",$500.00,"$54,500.00"
14102,102,0001,ROADWAY,0225,504015P,,CONCRETE FOOTING,109,CY,TARHEEL ENTERPRISES INC,$360.75,"$39,321.75"