Proposal,Call Order,Section Number,Section Description,Line,Item,Alternate Code,Item Description,Quantity,Unit,Vendor Name,Unit Price,Extension
14140,140,0001,ROADWAY,0001,151006M,,PERFORMANCE BOND AND PAYMENT BOND,1,DOLL,KONKUS CORPORATION,"$175,000.00","$175,000.00"
14140,140,0001,ROADWAY,0001,151006M,,PERFORMANCE BOND AND PAYMENT BOND,1,DOLL,"POWER CONCRETE CO., INC.","$150,000.00","$150,000.00"
14140,140,0001,ROADWAY,0001,151006M,,PERFORMANCE BOND AND PAYMENT BOND,1,DOLL,"D'ANNUNZIO & SONS, INC.","$92,000.00","$92,000.00"
14140,140,0001,ROADWAY,0001,151006M,,PERFORMANCE BOND AND PAYMENT BOND,1,DOLL,"J.F.CREAMER & SON A JOINT VENTURE WITH JOSEPH M. SANZARI,INC","$135,000.00","$135,000.00"
14140,140,0001,ROADWAY,0001,151006M,,PERFORMANCE BOND AND PAYMENT BOND,1,DOLL,"NORTHEAST REMSCO CONSTRUCTION, INC.","$110,000.00","$110,000.00"
14140,140,0003,NON-PARTICIPATING (ROADWAY),0002,152004P,,OWNER'S AND CONTRACTOR'S PROTECTIVE LIABILITY INSURANCE,1,DOLL,KONKUS CORPORATION,"$10,000.00","$10,000.00"
14140,140,0003,NON-PARTICIPATING (ROADWAY),0002,152004P,,OWNER'S AND CONTRACTOR'S PROTECTIVE LIABILITY INSURANCE,1,DOLL,"POWER CONCRETE CO., INC.","$7,500.00","$7,500.00"
14140,140,0003,NON-PARTICIPATING (ROADWAY),0002,152004P,,OWNER'S AND CONTRACTOR'S PROTECTIVE LIABILITY INSURANCE,1,DOLL,"D'ANNUNZIO & SONS, INC.","$22,000.00","$22,000.00"
14140,140,0003,NON-PARTICIPATING (ROADWAY),0002,152004P,,OWNER'S AND CONTRACTOR'S PROTECTIVE LIABILITY INSURANCE,1,DOLL,"J.F.CREAMER & SON A JOINT VENTURE WITH JOSEPH M. SANZARI,INC","$50,000.00","$50,000.00"
14140,140,0003,NON-PARTICIPATING (ROADWAY),0002,152004P,,OWNER'S AND CONTRACTOR'S PROTECTIVE LIABILITY INSURANCE,1,DOLL,"NORTHEAST REMSCO CONSTRUCTION, INC.","$20,000.00","$20,000.00"
14140,140,0001,ROADWAY,0003,152012P,,RAILROAD PROTECTIVE LIABILITY INSURANCE,1,DOLL,KONKUS CORPORATION,"$5,000.00","$5,000.00"
14140,140,0001,ROADWAY,0003,152012P,,RAILROAD PROTECTIVE LIABILITY INSURANCE,1,DOLL,"POWER CONCRETE CO., INC.","$15,000.00","$15,000.00"
14140,140,0001,ROADWAY,0003,152012P,,RAILROAD PROTECTIVE LIABILITY INSURANCE,1,DOLL,"D'ANNUNZIO & SONS, INC.","$19,000.00","$19,000.00"
14140,140,0001,ROADWAY,0003,152012P,,RAILROAD PROTECTIVE LIABILITY INSURANCE,1,DOLL,"J.F.CREAMER & SON A JOINT VENTURE WITH JOSEPH M. SANZARI,INC","$40,000.00","$40,000.00"
14140,140,0001,ROADWAY,0003,152012P,,RAILROAD PROTECTIVE LIABILITY INSURANCE,1,DOLL,"NORTHEAST REMSCO CONSTRUCTION, INC.","$19,000.00","$19,000.00"
14140,140,0003,NON-PARTICIPATING (ROADWAY),0004,152015P,,POLLUTION LIABILITY INSURANCE,1,DOLL,KONKUS CORPORATION,"$10,000.00","$10,000.00"
14140,140,0003,NON-PARTICIPATING (ROADWAY),0004,152015P,,POLLUTION LIABILITY INSURANCE,1,DOLL,"POWER CONCRETE CO., INC.","$1,000.00","$1,000.00"
14140,140,0003,NON-PARTICIPATING (ROADWAY),0004,152015P,,POLLUTION LIABILITY INSURANCE,1,DOLL,"D'ANNUNZIO & SONS, INC.","$31,000.00","$31,000.00"
14140,140,0003,NON-PARTICIPATING (ROADWAY),0004,152015P,,POLLUTION LIABILITY INSURANCE,1,DOLL,"J.F.CREAMER & SON A JOINT VENTURE WITH JOSEPH M. SANZARI,INC",$1.00,$1.00
14140,140,0003,NON-PARTICIPATING (ROADWAY),0004,152015P,,POLLUTION LIABILITY INSURANCE,1,DOLL,"NORTHEAST REMSCO CONSTRUCTION, INC.","$50,000.00","$50,000.00"
14140,140,0001,ROADWAY,0005,153003P,,PROGRESS SCHEDULE,1,LS,KONKUS CORPORATION,"$5,500.00","$5,500.00"
14140,140,0001,ROADWAY,0005,153003P,,PROGRESS SCHEDULE,1,LS,"POWER CONCRETE CO., INC.","$25,000.00","$25,000.00"
14140,140,0001,ROADWAY,0005,153003P,,PROGRESS SCHEDULE,1,LS,"D'ANNUNZIO & SONS, INC.","$25,000.00","$25,000.00"
14140,140,0001,ROADWAY,0005,153003P,,PROGRESS SCHEDULE,1,LS,"J.F.CREAMER & SON A JOINT VENTURE WITH JOSEPH M. SANZARI,INC","$9,000.00","$9,000.00"
14140,140,0001,ROADWAY,0005,153003P,,PROGRESS SCHEDULE,1,LS,"NORTHEAST REMSCO CONSTRUCTION, INC.","$15,000.00","$15,000.00"
14140,140,0001,ROADWAY,0006,153006P,,PROGRESS SCHEDULE UPDATE,15,U,KONKUS CORPORATION,$750.00,"$11,250.00"
14140,140,0001,ROADWAY,0006,153006P,,PROGRESS SCHEDULE UPDATE,15,U,"POWER CONCRETE CO., INC.","$2,000.00","$30,000.00"
14140,140,0001,ROADWAY,0006,153006P,,PROGRESS SCHEDULE UPDATE,15,U,"D'ANNUNZIO & SONS, INC.",$800.00,"$12,000.00"
14140,140,0001,ROADWAY,0006,153006P,,PROGRESS SCHEDULE UPDATE,15,U,"J.F.CREAMER & SON A JOINT VENTURE WITH JOSEPH M. SANZARI,INC",$750.00,"$11,250.00"
14140,140,0001,ROADWAY,0006,153006P,,PROGRESS SCHEDULE UPDATE,15,U,"NORTHEAST REMSCO CONSTRUCTION, INC.",$250.00,"$3,750.00"
14140,140,0001,ROADWAY,0007,153012P,,TRAINEES,"4,140",HOUR,KONKUS CORPORATION,$0.01,$41.40
14140,140,0001,ROADWAY,0007,153012P,,TRAINEES,"4,140",HOUR,"POWER CONCRETE CO., INC.",$1.00,"$4,140.00"
14140,140,0001,ROADWAY,0007,153012P,,TRAINEES,"4,140",HOUR,"D'ANNUNZIO & SONS, INC.",$10.00,"$41,400.00"
14140,140,0001,ROADWAY,0007,153012P,,TRAINEES,"4,140",HOUR,"J.F.CREAMER & SON A JOINT VENTURE WITH JOSEPH M. SANZARI,INC",$1.00,"$4,140.00"
14140,140,0001,ROADWAY,0007,153012P,,TRAINEES,"4,140",HOUR,"NORTHEAST REMSCO CONSTRUCTION, INC.",$10.00,"$41,400.00"
14140,140,0001,ROADWAY,0008,154003P,,MOBILIZATION,1,LS,KONKUS CORPORATION,"$1,183,156.00","$1,183,156.00"
14140,140,0001,ROADWAY,0008,154003P,,MOBILIZATION,1,LS,"POWER CONCRETE CO., INC.","$1,000,000.00","$1,000,000.00"
14140,140,0001,ROADWAY,0008,154003P,,MOBILIZATION,1,LS,"D'ANNUNZIO & SONS, INC.","$1,800,000.00","$1,800,000.00"
14140,140,0001,ROADWAY,0008,154003P,,MOBILIZATION,1,LS,"J.F.CREAMER & SON A JOINT VENTURE WITH JOSEPH M. SANZARI,INC","$1,750,000.00","$1,750,000.00"
14140,140,0001,ROADWAY,0008,154003P,,MOBILIZATION,1,LS,"NORTHEAST REMSCO CONSTRUCTION, INC.","$1,800,000.00","$1,800,000.00"
14140,140,0002,CONSTRUCTION ENGINEERING,0009,155009M,,FIELD OFFICE TYPE C SET UP,1,U,KONKUS CORPORATION,"$40,000.00","$40,000.00"
14140,140,0002,CONSTRUCTION ENGINEERING,0009,155009M,,FIELD OFFICE TYPE C SET UP,1,U,"POWER CONCRETE CO., INC.","$40,000.00","$40,000.00"
14140,140,0002,CONSTRUCTION ENGINEERING,0009,155009M,,FIELD OFFICE TYPE C SET UP,1,U,"D'ANNUNZIO & SONS, INC.","$85,000.00","$85,000.00"
14140,140,0002,CONSTRUCTION ENGINEERING,0009,155009M,,FIELD OFFICE TYPE C SET UP,1,U,"J.F.CREAMER & SON A JOINT VENTURE WITH JOSEPH M. SANZARI,INC","$50,000.00","$50,000.00"
14140,140,0002,CONSTRUCTION ENGINEERING,0009,155009M,,FIELD OFFICE TYPE C SET UP,1,U,"NORTHEAST REMSCO CONSTRUCTION, INC.","$100,000.00","$100,000.00"
14140,140,0002,CONSTRUCTION ENGINEERING,0010,155027M,,FIELD OFFICE TYPE C MAINTENANCE,36,MO,KONKUS CORPORATION,"$1,500.00","$54,000.00"
14140,140,0002,CONSTRUCTION ENGINEERING,0010,155027M,,FIELD OFFICE TYPE C MAINTENANCE,36,MO,"POWER CONCRETE CO., INC.","$3,000.00","$108,000.00"
14140,140,0002,CONSTRUCTION ENGINEERING,0010,155027M,,FIELD OFFICE TYPE C MAINTENANCE,36,MO,"D'ANNUNZIO & SONS, INC.","$3,200.00","$115,200.00"
14140,140,0002,CONSTRUCTION ENGINEERING,0010,155027M,,FIELD OFFICE TYPE C MAINTENANCE,36,MO,"J.F.CREAMER & SON A JOINT VENTURE WITH JOSEPH M. SANZARI,INC","$1,750.00","$63,000.00"
14140,140,0002,CONSTRUCTION ENGINEERING,0010,155027M,,FIELD OFFICE TYPE C MAINTENANCE,36,MO,"NORTHEAST REMSCO CONSTRUCTION, INC.","$1,900.00","$68,400.00"
14140,140,0001,ROADWAY,0011,157004M,,CONSTRUCTION LAYOUT,1,DOLL,KONKUS CORPORATION,"$50,000.00","$50,000.00"
14140,140,0001,ROADWAY,0011,157004M,,CONSTRUCTION LAYOUT,1,DOLL,"POWER CONCRETE CO., INC.","$40,000.00","$40,000.00"
14140,140,0001,ROADWAY,0011,157004M,,CONSTRUCTION LAYOUT,1,DOLL,"D'ANNUNZIO & SONS, INC.","$800,000.00","$800,000.00"
14140,140,0001,ROADWAY,0011,157004M,,CONSTRUCTION LAYOUT,1,DOLL,"J.F.CREAMER & SON A JOINT VENTURE WITH JOSEPH M. SANZARI,INC","$150,000.00","$150,000.00"
14140,140,0001,ROADWAY,0011,157004M,,CONSTRUCTION LAYOUT,1,DOLL,"NORTHEAST REMSCO CONSTRUCTION, INC.","$450,000.00","$450,000.00"
14140,140,0001,ROADWAY,0012,157006M,,MONUMENT,2,U,KONKUS CORPORATION,$100.00,$200.00
14140,140,0001,ROADWAY,0012,157006M,,MONUMENT,2,U,"POWER CONCRETE CO., INC.","$3,000.00","$6,000.00"
14140,140,0001,ROADWAY,0012,157006M,,MONUMENT,2,U,"D'ANNUNZIO & SONS, INC.","$1,500.00","$3,000.00"
14140,140,0001,ROADWAY,0012,157006M,,MONUMENT,2,U,"J.F.CREAMER & SON A JOINT VENTURE WITH JOSEPH M. SANZARI,INC","$1,000.00","$2,000.00"
14140,140,0001,ROADWAY,0012,157006M,,MONUMENT,2,U,"NORTHEAST REMSCO CONSTRUCTION, INC.",$650.00,"$1,300.00"
14140,140,0004,EROSION CONTROL,0013,158003M,,CAUTION FENCE,148,LF,KONKUS CORPORATION,$0.01,$1.48
14140,140,0004,EROSION CONTROL,0013,158003M,,CAUTION FENCE,148,LF,"POWER CONCRETE CO., INC.",$2.00,$296.00
14140,140,0004,EROSION CONTROL,0013,158003M,,CAUTION FENCE,148,LF,"D'ANNUNZIO & SONS, INC.",$10.00,"$1,480.00"
14140,140,0004,EROSION CONTROL,0013,158003M,,CAUTION FENCE,148,LF,"J.F.CREAMER & SON A JOINT VENTURE WITH JOSEPH M. SANZARI,INC",$7.00,"$1,036.00"
14140,140,0004,EROSION CONTROL,0013,158003M,,CAUTION FENCE,148,LF,"NORTHEAST REMSCO CONSTRUCTION, INC.",$45.00,"$6,660.00"
14140,140,0004,EROSION CONTROL,0014,158009M,,"HEAVY DUTY SILT FENCE, ORANGE","2,244",LF,KONKUS CORPORATION,$5.00,"$11,220.00"
14140,140,0004,EROSION CONTROL,0014,158009M,,"HEAVY DUTY SILT FENCE, ORANGE","2,244",LF,"POWER CONCRETE CO., INC.",$10.00,"$22,440.00"
14140,140,0004,EROSION CONTROL,0014,158009M,,"HEAVY DUTY SILT FENCE, ORANGE","2,244",LF,"D'ANNUNZIO & SONS, INC.",$10.00,"$22,440.00"
14140,140,0004,EROSION CONTROL,0014,158009M,,"HEAVY DUTY SILT FENCE, ORANGE","2,244",LF,"J.F.CREAMER & SON A JOINT VENTURE WITH JOSEPH M. SANZARI,INC",$8.00,"$17,952.00"
14140,140,0004,EROSION CONTROL,0014,158009M,,"HEAVY DUTY SILT FENCE, ORANGE","2,244",LF,"NORTHEAST REMSCO CONSTRUCTION, INC.",$6.00,"$13,464.00"
14140,140,0004,EROSION CONTROL,0015,158015M,,HAYBALE,100,U,KONKUS CORPORATION,$0.01,$1.00
14140,140,0004,EROSION CONTROL,0015,158015M,,HAYBALE,100,U,"POWER CONCRETE CO., INC.",$20.00,"$2,000.00"
14140,140,0004,EROSION CONTROL,0015,158015M,,HAYBALE,100,U,"D'ANNUNZIO & SONS, INC.",$50.00,"$5,000.00"
14140,140,0004,EROSION CONTROL,0015,158015M,,HAYBALE,100,U,"J.F.CREAMER & SON A JOINT VENTURE WITH JOSEPH M. SANZARI,INC",$25.00,"$2,500.00"
14140,140,0004,EROSION CONTROL,0015,158015M,,HAYBALE,100,U,"NORTHEAST REMSCO CONSTRUCTION, INC.",$42.00,"$4,200.00"
14140,140,0004,EROSION CONTROL,0016,158027M,,INLET FILTER TYPE 1,480,SF,KONKUS CORPORATION,$0.01,$4.80
14140,140,0004,EROSION CONTROL,0016,158027M,,INLET FILTER TYPE 1,480,SF,"POWER CONCRETE CO., INC.",$12.00,"$5,760.00"
14140,140,0004,EROSION CONTROL,0016,158027M,,INLET FILTER TYPE 1,480,SF,"D'ANNUNZIO & SONS, INC.",$22.00,"$10,560.00"
14140,140,0004,EROSION CONTROL,0016,158027M,,INLET FILTER TYPE 1,480,SF,"J.F.CREAMER & SON A JOINT VENTURE WITH JOSEPH M. SANZARI,INC",$12.00,"$5,760.00"
14140,140,0004,EROSION CONTROL,0016,158027M,,INLET FILTER TYPE 1,480,SF,"NORTHEAST REMSCO CONSTRUCTION, INC.",$54.00,"$25,920.00"
14140,140,0004,EROSION CONTROL,0017,158042M,,"FLOATING TURBIDITY BARRIER, TYPE 1",400,LF,KONKUS CORPORATION,$0.01,$4.00
14140,140,0004,EROSION CONTROL,0017,158042M,,"FLOATING TURBIDITY BARRIER, TYPE 1",400,LF,"POWER CONCRETE CO., INC.",$40.00,"$16,000.00"
14140,140,0004,EROSION CONTROL,0017,158042M,,"FLOATING TURBIDITY BARRIER, TYPE 1",400,LF,"D'ANNUNZIO & SONS, INC.",$25.00,"$10,000.00"
14140,140,0004,EROSION CONTROL,0017,158042M,,"FLOATING TURBIDITY BARRIER, TYPE 1",400,LF,"J.F.CREAMER & SON A JOINT VENTURE WITH JOSEPH M. SANZARI,INC",$40.00,"$16,000.00"
14140,140,0004,EROSION CONTROL,0017,158042M,,"FLOATING TURBIDITY BARRIER, TYPE 1",400,LF,"NORTHEAST REMSCO CONSTRUCTION, INC.",$41.00,"$16,400.00"
14140,140,0004,EROSION CONTROL,0018,158059M,,"CONSTRUCTION DRIVEWAY, WOOD MATS",223,SY,KONKUS CORPORATION,$2.00,$446.00
14140,140,0004,EROSION CONTROL,0018,158059M,,"CONSTRUCTION DRIVEWAY, WOOD MATS",223,SY,"POWER CONCRETE CO., INC.",$10.00,"$2,230.00"
14140,140,0004,EROSION CONTROL,0018,158059M,,"CONSTRUCTION DRIVEWAY, WOOD MATS",223,SY,"D'ANNUNZIO & SONS, INC.",$250.00,"$55,750.00"
14140,140,0004,EROSION CONTROL,0018,158059M,,"CONSTRUCTION DRIVEWAY, WOOD MATS",223,SY,"J.F.CREAMER & SON A JOINT VENTURE WITH JOSEPH M. SANZARI,INC",$100.00,"$22,300.00"
14140,140,0004,EROSION CONTROL,0018,158059M,,"CONSTRUCTION DRIVEWAY, WOOD MATS",223,SY,"NORTHEAST REMSCO CONSTRUCTION, INC.",$120.00,"$26,760.00"
14140,140,0004,EROSION CONTROL,0019,158060M,,CONSTRUCTION DRIVEWAY,75,T,KONKUS CORPORATION,$10.00,$750.00
14140,140,0004,EROSION CONTROL,0019,158060M,,CONSTRUCTION DRIVEWAY,75,T,"POWER CONCRETE CO., INC.",$120.00,"$9,000.00"
14140,140,0004,EROSION CONTROL,0019,158060M,,CONSTRUCTION DRIVEWAY,75,T,"D'ANNUNZIO & SONS, INC.",$50.00,"$3,750.00"
14140,140,0004,EROSION CONTROL,0019,158060M,,CONSTRUCTION DRIVEWAY,75,T,"J.F.CREAMER & SON A JOINT VENTURE WITH JOSEPH M. SANZARI,INC",$35.00,"$2,625.00"
14140,140,0004,EROSION CONTROL,0019,158060M,,CONSTRUCTION DRIVEWAY,75,T,"NORTHEAST REMSCO CONSTRUCTION, INC.",$165.00,"$12,375.00"
14140,140,0004,EROSION CONTROL,0020,158063P,,CONCRETE WASHOUT SYSTEM,1,LS,KONKUS CORPORATION,"$15,000.00","$15,000.00"
14140,140,0004,EROSION CONTROL,0020,158063P,,CONCRETE WASHOUT SYSTEM,1,LS,"POWER CONCRETE CO., INC.","$15,000.00","$15,000.00"
14140,140,0004,EROSION CONTROL,0020,158063P,,CONCRETE WASHOUT SYSTEM,1,LS,"D'ANNUNZIO & SONS, INC.","$20,000.00","$20,000.00"
14140,140,0004,EROSION CONTROL,0020,158063P,,CONCRETE WASHOUT SYSTEM,1,LS,"J.F.CREAMER & SON A JOINT VENTURE WITH JOSEPH M. SANZARI,INC","$10,000.00","$10,000.00"
14140,140,0004,EROSION CONTROL,0020,158063P,,CONCRETE WASHOUT SYSTEM,1,LS,"NORTHEAST REMSCO CONSTRUCTION, INC.","$25,000.00","$25,000.00"
14140,140,0004,EROSION CONTROL,0021,158072M,,"OIL ONLY EMERGENCY SPILL KIT, TYPE 1",2,U,KONKUS CORPORATION,$450.00,$900.00
14140,140,0004,EROSION CONTROL,0021,158072M,,"OIL ONLY EMERGENCY SPILL KIT, TYPE 1",2,U,"POWER CONCRETE CO., INC.","$1,000.00","$2,000.00"
14140,140,0004,EROSION CONTROL,0021,158072M,,"OIL ONLY EMERGENCY SPILL KIT, TYPE 1",2,U,"D'ANNUNZIO & SONS, INC.","$2,200.00","$4,400.00"
14140,140,0004,EROSION CONTROL,0021,158072M,,"OIL ONLY EMERGENCY SPILL KIT, TYPE 1",2,U,"J.F.CREAMER & SON A JOINT VENTURE WITH JOSEPH M. SANZARI,INC",$750.00,"$1,500.00"
14140,140,0004,EROSION CONTROL,0021,158072M,,"OIL ONLY EMERGENCY SPILL KIT, TYPE 1",2,U,"NORTHEAST REMSCO CONSTRUCTION, INC.","$1,250.00","$2,500.00"
14140,140,0004,EROSION CONTROL,0022,158084M,,EROSION CONTROL SEDIMENT REMOVAL,342,CY,KONKUS CORPORATION,$1.00,$342.00
14140,140,0004,EROSION CONTROL,0022,158084M,,EROSION CONTROL SEDIMENT REMOVAL,342,CY,"POWER CONCRETE CO., INC.",$50.00,"$17,100.00"
14140,140,0004,EROSION CONTROL,0022,158084M,,EROSION CONTROL SEDIMENT REMOVAL,342,CY,"D'ANNUNZIO & SONS, INC.",$15.00,"$5,130.00"
14140,140,0004,EROSION CONTROL,0022,158084M,,EROSION CONTROL SEDIMENT REMOVAL,342,CY,"J.F.CREAMER & SON A JOINT VENTURE WITH JOSEPH M. SANZARI,INC",$1.00,$342.00
14140,140,0004,EROSION CONTROL,0022,158084M,,EROSION CONTROL SEDIMENT REMOVAL,342,CY,"NORTHEAST REMSCO CONSTRUCTION, INC.",$35.00,"$11,970.00"
14140,140,0001,ROADWAY,0023,159003M,,BREAKAWAY BARRICADE,50,U,KONKUS CORPORATION,$25.00,"$1,250.00"
14140,140,0001,ROADWAY,0023,159003M,,BREAKAWAY BARRICADE,50,U,"POWER CONCRETE CO., INC.",$10.00,$500.00
14140,140,0001,ROADWAY,0023,159003M,,BREAKAWAY BARRICADE,50,U,"D'ANNUNZIO & SONS, INC.",$100.00,"$5,000.00"
14140,140,0001,ROADWAY,0023,159003M,,BREAKAWAY BARRICADE,50,U,"J.F.CREAMER & SON A JOINT VENTURE WITH JOSEPH M. SANZARI,INC",$100.00,"$5,000.00"
14140,140,0001,ROADWAY,0023,159003M,,BREAKAWAY BARRICADE,50,U,"NORTHEAST REMSCO CONSTRUCTION, INC.",$100.00,"$5,000.00"
14140,140,0001,ROADWAY,0024,159006M,,DRUM,200,U,KONKUS CORPORATION,$20.00,"$4,000.00"
14140,140,0001,ROADWAY,0024,159006M,,DRUM,200,U,"POWER CONCRETE CO., INC.",$10.00,"$2,000.00"
14140,140,0001,ROADWAY,0024,159006M,,DRUM,200,U,"D'ANNUNZIO & SONS, INC.",$70.00,"$14,000.00"
14140,140,0001,ROADWAY,0024,159006M,,DRUM,200,U,"J.F.CREAMER & SON A JOINT VENTURE WITH JOSEPH M. SANZARI,INC",$75.00,"$15,000.00"
14140,140,0001,ROADWAY,0024,159006M,,DRUM,200,U,"NORTHEAST REMSCO CONSTRUCTION, INC.",$55.00,"$11,000.00"
14140,140,0001,ROADWAY,0025,159009M,,TRAFFIC CONE,200,U,KONKUS CORPORATION,$5.00,"$1,000.00"
14140,140,0001,ROADWAY,0025,159009M,,TRAFFIC CONE,200,U,"POWER CONCRETE CO., INC.",$10.00,"$2,000.00"
14140,140,0001,ROADWAY,0025,159009M,,TRAFFIC CONE,200,U,"D'ANNUNZIO & SONS, INC.",$20.00,"$4,000.00"
14140,140,0001,ROADWAY,0025,159009M,,TRAFFIC CONE,200,U,"J.F.CREAMER & SON A JOINT VENTURE WITH JOSEPH M. SANZARI,INC",$16.00,"$3,200.00"
14140,140,0001,ROADWAY,0025,159009M,,TRAFFIC CONE,200,U,"NORTHEAST REMSCO CONSTRUCTION, INC.",$15.00,"$3,000.00"
14140,140,0001,ROADWAY,0026,159012M,,CONSTRUCTION SIGNS,"1,708",SF,KONKUS CORPORATION,$15.00,"$25,620.00"
14140,140,0001,ROADWAY,0026,159012M,,CONSTRUCTION SIGNS,"1,708",SF,"POWER CONCRETE CO., INC.",$10.00,"$17,080.00"
14140,140,0001,ROADWAY,0026,159012M,,CONSTRUCTION SIGNS,"1,708",SF,"D'ANNUNZIO & SONS, INC.",$36.00,"$61,488.00"
14140,140,0001,ROADWAY,0026,159012M,,CONSTRUCTION SIGNS,"1,708",SF,"J.F.CREAMER & SON A JOINT VENTURE WITH JOSEPH M. SANZARI,INC",$15.00,"$25,620.00"
14140,140,0001,ROADWAY,0026,159012M,,CONSTRUCTION SIGNS,"1,708",SF,"NORTHEAST REMSCO CONSTRUCTION, INC.",$15.00,"$25,620.00"
14140,140,0001,ROADWAY,0027,159015M,,"CONSTRUCTION IDENTIFICATION SIGN, 4' X 8'",2,U,KONKUS CORPORATION,$900.00,"$1,800.00"
14140,140,0001,ROADWAY,0027,159015M,,"CONSTRUCTION IDENTIFICATION SIGN, 4' X 8'",2,U,"POWER CONCRETE CO., INC.","$1,000.00","$2,000.00"
14140,140,0001,ROADWAY,0027,159015M,,"CONSTRUCTION IDENTIFICATION SIGN, 4' X 8'",2,U,"D'ANNUNZIO & SONS, INC.","$2,000.00","$4,000.00"
14140,140,0001,ROADWAY,0027,159015M,,"CONSTRUCTION IDENTIFICATION SIGN, 4' X 8'",2,U,"J.F.CREAMER & SON A JOINT VENTURE WITH JOSEPH M. SANZARI,INC","$2,000.00","$4,000.00"
14140,140,0001,ROADWAY,0027,159015M,,"CONSTRUCTION IDENTIFICATION SIGN, 4' X 8'",2,U,"NORTHEAST REMSCO CONSTRUCTION, INC.","$1,750.00","$3,500.00"
14140,140,0001,ROADWAY,0028,159021P,,CONSTRUCTION BARRIER CURB,"4,780",LF,KONKUS CORPORATION,$33.00,"$157,740.00"
14140,140,0001,ROADWAY,0028,159021P,,CONSTRUCTION BARRIER CURB,"4,780",LF,"POWER CONCRETE CO., INC.",$50.00,"$239,000.00"
14140,140,0001,ROADWAY,0028,159021P,,CONSTRUCTION BARRIER CURB,"4,780",LF,"D'ANNUNZIO & SONS, INC.",$60.00,"$286,800.00"
14140,140,0001,ROADWAY,0028,159021P,,CONSTRUCTION BARRIER CURB,"4,780",LF,"J.F.CREAMER & SON A JOINT VENTURE WITH JOSEPH M. SANZARI,INC",$85.00,"$406,300.00"
14140,140,0001,ROADWAY,0028,159021P,,CONSTRUCTION BARRIER CURB,"4,780",LF,"NORTHEAST REMSCO CONSTRUCTION, INC.",$100.00,"$478,000.00"
14140,140,0001,ROADWAY,0029,159027M,,"FLASHING ARROW BOARD, 4' X 8'",2,U,KONKUS CORPORATION,$500.00,"$1,000.00"
14140,140,0001,ROADWAY,0029,159027M,,"FLASHING ARROW BOARD, 4' X 8'",2,U,"POWER CONCRETE CO., INC.","$2,000.00","$4,000.00"
14140,140,0001,ROADWAY,0029,159027M,,"FLASHING ARROW BOARD, 4' X 8'",2,U,"D'ANNUNZIO & SONS, INC.","$4,000.00","$8,000.00"
14140,140,0001,ROADWAY,0029,159027M,,"FLASHING ARROW BOARD, 4' X 8'",2,U,"J.F.CREAMER & SON A JOINT VENTURE WITH JOSEPH M. SANZARI,INC","$2,500.00","$5,000.00"
14140,140,0001,ROADWAY,0029,159027M,,"FLASHING ARROW BOARD, 4' X 8'",2,U,"NORTHEAST REMSCO CONSTRUCTION, INC.","$1,700.00","$3,400.00"
14140,140,0001,ROADWAY,0030,159030M,,PORTABLE VARIABLE MESSAGE SIGN,7,U,KONKUS CORPORATION,"$1,500.00","$10,500.00"
14140,140,0001,ROADWAY,0030,159030M,,PORTABLE VARIABLE MESSAGE SIGN,7,U,"POWER CONCRETE CO., INC.","$5,000.00","$35,000.00"
14140,140,0001,ROADWAY,0030,159030M,,PORTABLE VARIABLE MESSAGE SIGN,7,U,"D'ANNUNZIO & SONS, INC.","$15,000.00","$105,000.00"
14140,140,0001,ROADWAY,0030,159030M,,PORTABLE VARIABLE MESSAGE SIGN,7,U,"J.F.CREAMER & SON A JOINT VENTURE WITH JOSEPH M. SANZARI,INC","$7,500.00","$52,500.00"
14140,140,0001,ROADWAY,0030,159030M,,PORTABLE VARIABLE MESSAGE SIGN,7,U,"NORTHEAST REMSCO CONSTRUCTION, INC.","$6,000.00","$42,000.00"
14140,140,0001,ROADWAY,0031,159032M,,PORTABLE TRAILER MOUNTED CCTV CAMERA ASSEMBLY,2,U,KONKUS CORPORATION,"$2,000.00","$4,000.00"
14140,140,0001,ROADWAY,0031,159032M,,PORTABLE TRAILER MOUNTED CCTV CAMERA ASSEMBLY,2,U,"POWER CONCRETE CO., INC.","$30,000.00","$60,000.00"
14140,140,0001,ROADWAY,0031,159032M,,PORTABLE TRAILER MOUNTED CCTV CAMERA ASSEMBLY,2,U,"D'ANNUNZIO & SONS, INC.","$30,000.00","$60,000.00"
14140,140,0001,ROADWAY,0031,159032M,,PORTABLE TRAILER MOUNTED CCTV CAMERA ASSEMBLY,2,U,"J.F.CREAMER & SON A JOINT VENTURE WITH JOSEPH M. SANZARI,INC","$30,000.00","$60,000.00"
14140,140,0001,ROADWAY,0031,159032M,,PORTABLE TRAILER MOUNTED CCTV CAMERA ASSEMBLY,2,U,"NORTHEAST REMSCO CONSTRUCTION, INC.","$25,000.00","$50,000.00"
14140,140,0001,ROADWAY,0032,159051M,,"TEMPORARY CRASH CUSHION, INERTIAL BARRIER SYSTEM, 13 MODULES",2,U,KONKUS CORPORATION,"$2,500.00","$5,000.00"
14140,140,0001,ROADWAY,0032,159051M,,"TEMPORARY CRASH CUSHION, INERTIAL BARRIER SYSTEM, 13 MODULES",2,U,"POWER CONCRETE CO., INC.","$5,000.00","$10,000.00"
14140,140,0001,ROADWAY,0032,159051M,,"TEMPORARY CRASH CUSHION, INERTIAL BARRIER SYSTEM, 13 MODULES",2,U,"D'ANNUNZIO & SONS, INC.","$10,000.00","$20,000.00"
14140,140,0001,ROADWAY,0032,159051M,,"TEMPORARY CRASH CUSHION, INERTIAL BARRIER SYSTEM, 13 MODULES",2,U,"J.F.CREAMER & SON A JOINT VENTURE WITH JOSEPH M. SANZARI,INC","$7,500.00","$15,000.00"
14140,140,0001,ROADWAY,0032,159051M,,"TEMPORARY CRASH CUSHION, INERTIAL BARRIER SYSTEM, 13 MODULES",2,U,"NORTHEAST REMSCO CONSTRUCTION, INC.","$25,000.00","$50,000.00"
14140,140,0001,ROADWAY,0033,159108M,,TRAFFIC CONTROL TRUCK WITH MOUNTED CRASH CUSHION,3,U,KONKUS CORPORATION,"$1,000.00","$3,000.00"
14140,140,0001,ROADWAY,0033,159108M,,TRAFFIC CONTROL TRUCK WITH MOUNTED CRASH CUSHION,3,U,"POWER CONCRETE CO., INC.","$2,000.00","$6,000.00"
14140,140,0001,ROADWAY,0033,159108M,,TRAFFIC CONTROL TRUCK WITH MOUNTED CRASH CUSHION,3,U,"D'ANNUNZIO & SONS, INC.","$5,000.00","$15,000.00"
14140,140,0001,ROADWAY,0033,159108M,,TRAFFIC CONTROL TRUCK WITH MOUNTED CRASH CUSHION,3,U,"J.F.CREAMER & SON A JOINT VENTURE WITH JOSEPH M. SANZARI,INC","$10,000.00","$30,000.00"
14140,140,0001,ROADWAY,0033,159108M,,TRAFFIC CONTROL TRUCK WITH MOUNTED CRASH CUSHION,3,U,"NORTHEAST REMSCO CONSTRUCTION, INC.","$25,000.00","$75,000.00"
14140,140,0001,ROADWAY,0034,159120M,,"TEMPORARY PAVEMENT MARKING TAPE, 4""","9,790",LF,KONKUS CORPORATION,$1.50,"$14,685.00"
14140,140,0001,ROADWAY,0034,159120M,,"TEMPORARY PAVEMENT MARKING TAPE, 4""","9,790",LF,"POWER CONCRETE CO., INC.",$2.00,"$19,580.00"
14140,140,0001,ROADWAY,0034,159120M,,"TEMPORARY PAVEMENT MARKING TAPE, 4""","9,790",LF,"D'ANNUNZIO & SONS, INC.",$2.00,"$19,580.00"
14140,140,0001,ROADWAY,0034,159120M,,"TEMPORARY PAVEMENT MARKING TAPE, 4""","9,790",LF,"J.F.CREAMER & SON A JOINT VENTURE WITH JOSEPH M. SANZARI,INC",$1.50,"$14,685.00"
14140,140,0001,ROADWAY,0034,159120M,,"TEMPORARY PAVEMENT MARKING TAPE, 4""","9,790",LF,"NORTHEAST REMSCO CONSTRUCTION, INC.",$1.50,"$14,685.00"
14140,140,0001,ROADWAY,0035,159138M,,HMA PATCH,120,T,KONKUS CORPORATION,$1.00,$120.00
14140,140,0001,ROADWAY,0035,159138M,,HMA PATCH,120,T,"POWER CONCRETE CO., INC.",$120.00,"$14,400.00"
14140,140,0001,ROADWAY,0035,159138M,,HMA PATCH,120,T,"D'ANNUNZIO & SONS, INC.",$250.00,"$30,000.00"
14140,140,0001,ROADWAY,0035,159138M,,HMA PATCH,120,T,"J.F.CREAMER & SON A JOINT VENTURE WITH JOSEPH M. SANZARI,INC",$240.00,"$28,800.00"
14140,140,0001,ROADWAY,0035,159138M,,HMA PATCH,120,T,"NORTHEAST REMSCO CONSTRUCTION, INC.",$225.00,"$27,000.00"
14140,140,0001,ROADWAY,0036,159141M,,"TRAFFIC DIRECTOR, FLAGGER","3,500",HOUR,KONKUS CORPORATION,$0.01,$35.00
14140,140,0001,ROADWAY,0036,159141M,,"TRAFFIC DIRECTOR, FLAGGER","3,500",HOUR,"POWER CONCRETE CO., INC.",$85.00,"$297,500.00"
14140,140,0001,ROADWAY,0036,159141M,,"TRAFFIC DIRECTOR, FLAGGER","3,500",HOUR,"D'ANNUNZIO & SONS, INC.",$65.00,"$227,500.00"
14140,140,0001,ROADWAY,0036,159141M,,"TRAFFIC DIRECTOR, FLAGGER","3,500",HOUR,"J.F.CREAMER & SON A JOINT VENTURE WITH JOSEPH M. SANZARI,INC",$75.00,"$262,500.00"
14140,140,0001,ROADWAY,0036,159141M,,"TRAFFIC DIRECTOR, FLAGGER","3,500",HOUR,"NORTHEAST REMSCO CONSTRUCTION, INC.",$10.00,"$35,000.00"
14140,140,0001,ROADWAY,0037,159146M,,"EMERGENCY TOWING SERVICE, ON CALL, HEAVY DUTY",36,TRP,KONKUS CORPORATION,$0.01,$0.36
14140,140,0001,ROADWAY,0037,159146M,,"EMERGENCY TOWING SERVICE, ON CALL, HEAVY DUTY",36,TRP,"POWER CONCRETE CO., INC.",$500.00,"$18,000.00"
14140,140,0001,ROADWAY,0037,159146M,,"EMERGENCY TOWING SERVICE, ON CALL, HEAVY DUTY",36,TRP,"D'ANNUNZIO & SONS, INC.",$550.00,"$19,800.00"
14140,140,0001,ROADWAY,0037,159146M,,"EMERGENCY TOWING SERVICE, ON CALL, HEAVY DUTY",36,TRP,"J.F.CREAMER & SON A JOINT VENTURE WITH JOSEPH M. SANZARI,INC",$50.00,"$1,800.00"
14140,140,0001,ROADWAY,0037,159146M,,"EMERGENCY TOWING SERVICE, ON CALL, HEAVY DUTY",36,TRP,"NORTHEAST REMSCO CONSTRUCTION, INC.",$425.00,"$15,300.00"
14140,140,0001,ROADWAY,0038,159147M,,"EMERGENCY TOWING SERVICE, ON CALL, LIGHT DUTY",36,TRP,KONKUS CORPORATION,$0.01,$0.36
14140,140,0001,ROADWAY,0038,159147M,,"EMERGENCY TOWING SERVICE, ON CALL, LIGHT DUTY",36,TRP,"POWER CONCRETE CO., INC.",$500.00,"$18,000.00"
14140,140,0001,ROADWAY,0038,159147M,,"EMERGENCY TOWING SERVICE, ON CALL, LIGHT DUTY",36,TRP,"D'ANNUNZIO & SONS, INC.",$250.00,"$9,000.00"
14140,140,0001,ROADWAY,0038,159147M,,"EMERGENCY TOWING SERVICE, ON CALL, LIGHT DUTY",36,TRP,"J.F.CREAMER & SON A JOINT VENTURE WITH JOSEPH M. SANZARI,INC",$25.00,$900.00
14140,140,0001,ROADWAY,0038,159147M,,"EMERGENCY TOWING SERVICE, ON CALL, LIGHT DUTY",36,TRP,"NORTHEAST REMSCO CONSTRUCTION, INC.",$125.00,"$4,500.00"
14140,140,0001,ROADWAY,0039,159212M,,"TEMPORARY CRASH CUSHION, COMPRESSIVE BARRIER, TYPE 3, WIDTH NARROW",4,U,KONKUS CORPORATION,"$21,000.00","$84,000.00"
14140,140,0001,ROADWAY,0039,159212M,,"TEMPORARY CRASH CUSHION, COMPRESSIVE BARRIER, TYPE 3, WIDTH NARROW",4,U,"POWER CONCRETE CO., INC.","$7,500.00","$30,000.00"
14140,140,0001,ROADWAY,0039,159212M,,"TEMPORARY CRASH CUSHION, COMPRESSIVE BARRIER, TYPE 3, WIDTH NARROW",4,U,"D'ANNUNZIO & SONS, INC.","$22,000.00","$88,000.00"
14140,140,0001,ROADWAY,0039,159212M,,"TEMPORARY CRASH CUSHION, COMPRESSIVE BARRIER, TYPE 3, WIDTH NARROW",4,U,"J.F.CREAMER & SON A JOINT VENTURE WITH JOSEPH M. SANZARI,INC","$17,500.00","$70,000.00"
14140,140,0001,ROADWAY,0039,159212M,,"TEMPORARY CRASH CUSHION, COMPRESSIVE BARRIER, TYPE 3, WIDTH NARROW",4,U,"NORTHEAST REMSCO CONSTRUCTION, INC.","$25,000.00","$100,000.00"
14140,140,0001,ROADWAY,0040,160004M,,FUEL PRICE ADJUSTMENT,1,DOLL,KONKUS CORPORATION,"$8,000.00","$8,000.00"
14140,140,0001,ROADWAY,0040,160004M,,FUEL PRICE ADJUSTMENT,1,DOLL,"POWER CONCRETE CO., INC.","$8,000.00","$8,000.00"
14140,140,0001,ROADWAY,0040,160004M,,FUEL PRICE ADJUSTMENT,1,DOLL,"D'ANNUNZIO & SONS, INC.","$8,000.00","$8,000.00"
14140,140,0001,ROADWAY,0040,160004M,,FUEL PRICE ADJUSTMENT,1,DOLL,"J.F.CREAMER & SON A JOINT VENTURE WITH JOSEPH M. SANZARI,INC","$8,000.00","$8,000.00"
14140,140,0001,ROADWAY,0040,160004M,,FUEL PRICE ADJUSTMENT,1,DOLL,"NORTHEAST REMSCO CONSTRUCTION, INC.","$8,000.00","$8,000.00"
14140,140,0001,ROADWAY,0041,160007M,,ASPHALT PRICE ADJUSTMENT,1,DOLL,KONKUS CORPORATION,"$38,000.00","$38,000.00"
14140,140,0001,ROADWAY,0041,160007M,,ASPHALT PRICE ADJUSTMENT,1,DOLL,"POWER CONCRETE CO., INC.","$38,000.00","$38,000.00"
14140,140,0001,ROADWAY,0041,160007M,,ASPHALT PRICE ADJUSTMENT,1,DOLL,"D'ANNUNZIO & SONS, INC.","$38,000.00","$38,000.00"
14140,140,0001,ROADWAY,0041,160007M,,ASPHALT PRICE ADJUSTMENT,1,DOLL,"J.F.CREAMER & SON A JOINT VENTURE WITH JOSEPH M. SANZARI,INC","$38,000.00","$38,000.00"
14140,140,0001,ROADWAY,0041,160007M,,ASPHALT PRICE ADJUSTMENT,1,DOLL,"NORTHEAST REMSCO CONSTRUCTION, INC.","$38,000.00","$38,000.00"
14140,140,0001,ROADWAY,0042,161003P,,FINAL CLEANUP,1,LS,KONKUS CORPORATION,"$5,000.00","$5,000.00"
14140,140,0001,ROADWAY,0042,161003P,,FINAL CLEANUP,1,LS,"POWER CONCRETE CO., INC.","$20,000.00","$20,000.00"
14140,140,0001,ROADWAY,0042,161003P,,FINAL CLEANUP,1,LS,"D'ANNUNZIO & SONS, INC.","$12,045.40","$12,045.40"
14140,140,0001,ROADWAY,0042,161003P,,FINAL CLEANUP,1,LS,"J.F.CREAMER & SON A JOINT VENTURE WITH JOSEPH M. SANZARI,INC","$15,000.00","$15,000.00"
14140,140,0001,ROADWAY,0042,161003P,,FINAL CLEANUP,1,LS,"NORTHEAST REMSCO CONSTRUCTION, INC.","$10,000.00","$10,000.00"
14140,140,0001,ROADWAY,0043,201003P,,CLEARING SITE,1,LS,KONKUS CORPORATION,"$128,750.00","$128,750.00"
14140,140,0001,ROADWAY,0043,201003P,,CLEARING SITE,1,LS,"POWER CONCRETE CO., INC.","$150,000.00","$150,000.00"
14140,140,0001,ROADWAY,0043,201003P,,CLEARING SITE,1,LS,"D'ANNUNZIO & SONS, INC.","$150,000.00","$150,000.00"
14140,140,0001,ROADWAY,0043,201003P,,CLEARING SITE,1,LS,"J.F.CREAMER & SON A JOINT VENTURE WITH JOSEPH M. SANZARI,INC","$25,000.00","$25,000.00"
14140,140,0001,ROADWAY,0043,201003P,,CLEARING SITE,1,LS,"NORTHEAST REMSCO CONSTRUCTION, INC.","$150,000.00","$150,000.00"
14140,140,0001,ROADWAY,0044,202003P,,STRIPPING,1,ACRE,KONKUS CORPORATION,$0.01,$0.01
14140,140,0001,ROADWAY,0044,202003P,,STRIPPING,1,ACRE,"POWER CONCRETE CO., INC.","$8,000.00","$8,000.00"
14140,140,0001,ROADWAY,0044,202003P,,STRIPPING,1,ACRE,"D'ANNUNZIO & SONS, INC.","$12,000.00","$12,000.00"
14140,140,0001,ROADWAY,0044,202003P,,STRIPPING,1,ACRE,"J.F.CREAMER & SON A JOINT VENTURE WITH JOSEPH M. SANZARI,INC","$5,000.00","$5,000.00"
14140,140,0001,ROADWAY,0044,202003P,,STRIPPING,1,ACRE,"NORTHEAST REMSCO CONSTRUCTION, INC.","$15,000.00","$15,000.00"
14140,140,0001,ROADWAY,0045,202006M,,"EXCAVATION, TEST PIT",140,CY,KONKUS CORPORATION,$0.01,$1.40
14140,140,0001,ROADWAY,0045,202006M,,"EXCAVATION, TEST PIT",140,CY,"POWER CONCRETE CO., INC.",$150.00,"$21,000.00"
14140,140,0001,ROADWAY,0045,202006M,,"EXCAVATION, TEST PIT",140,CY,"D'ANNUNZIO & SONS, INC.",$150.00,"$21,000.00"
14140,140,0001,ROADWAY,0045,202006M,,"EXCAVATION, TEST PIT",140,CY,"J.F.CREAMER & SON A JOINT VENTURE WITH JOSEPH M. SANZARI,INC",$10.00,"$1,400.00"
14140,140,0001,ROADWAY,0045,202006M,,"EXCAVATION, TEST PIT",140,CY,"NORTHEAST REMSCO CONSTRUCTION, INC.",$100.00,"$14,000.00"
14140,140,0001,ROADWAY,0046,202009P,,"EXCAVATION, UNCLASSIFIED",171,CY,KONKUS CORPORATION,$35.00,"$5,985.00"
14140,140,0001,ROADWAY,0046,202009P,,"EXCAVATION, UNCLASSIFIED",171,CY,"POWER CONCRETE CO., INC.",$55.00,"$9,405.00"
14140,140,0001,ROADWAY,0046,202009P,,"EXCAVATION, UNCLASSIFIED",171,CY,"D'ANNUNZIO & SONS, INC.",$50.00,"$8,550.00"
14140,140,0001,ROADWAY,0046,202009P,,"EXCAVATION, UNCLASSIFIED",171,CY,"J.F.CREAMER & SON A JOINT VENTURE WITH JOSEPH M. SANZARI,INC",$75.00,"$12,825.00"
14140,140,0001,ROADWAY,0046,202009P,,"EXCAVATION, UNCLASSIFIED",171,CY,"NORTHEAST REMSCO CONSTRUCTION, INC.",$105.00,"$17,955.00"
14140,140,0001,ROADWAY,0047,202021P,,REMOVAL OF PAVEMENT,331,SY,KONKUS CORPORATION,$14.00,"$4,634.00"
14140,140,0001,ROADWAY,0047,202021P,,REMOVAL OF PAVEMENT,331,SY,"POWER CONCRETE CO., INC.",$5.00,"$1,655.00"
14140,140,0001,ROADWAY,0047,202021P,,REMOVAL OF PAVEMENT,331,SY,"D'ANNUNZIO & SONS, INC.",$50.00,"$16,550.00"
14140,140,0001,ROADWAY,0047,202021P,,REMOVAL OF PAVEMENT,331,SY,"J.F.CREAMER & SON A JOINT VENTURE WITH JOSEPH M. SANZARI,INC",$100.00,"$33,100.00"
14140,140,0001,ROADWAY,0047,202021P,,REMOVAL OF PAVEMENT,331,SY,"NORTHEAST REMSCO CONSTRUCTION, INC.",$50.00,"$16,550.00"
14140,140,0001,ROADWAY,0048,203021P,,I-14 SOIL AGGREGATE,324,CY,KONKUS CORPORATION,$51.00,"$16,524.00"
14140,140,0001,ROADWAY,0048,203021P,,I-14 SOIL AGGREGATE,324,CY,"POWER CONCRETE CO., INC.",$35.00,"$11,340.00"
14140,140,0001,ROADWAY,0048,203021P,,I-14 SOIL AGGREGATE,324,CY,"D'ANNUNZIO & SONS, INC.",$80.00,"$25,920.00"
14140,140,0001,ROADWAY,0048,203021P,,I-14 SOIL AGGREGATE,324,CY,"J.F.CREAMER & SON A JOINT VENTURE WITH JOSEPH M. SANZARI,INC",$80.00,"$25,920.00"
14140,140,0001,ROADWAY,0048,203021P,,I-14 SOIL AGGREGATE,324,CY,"NORTHEAST REMSCO CONSTRUCTION, INC.",$66.00,"$21,384.00"
14140,140,0001,ROADWAY,0049,203041P,,"GEOTEXTILE, ROADWAY STABILIZATION",182,SY,KONKUS CORPORATION,$5.00,$910.00
14140,140,0001,ROADWAY,0049,203041P,,"GEOTEXTILE, ROADWAY STABILIZATION",182,SY,"POWER CONCRETE CO., INC.",$10.00,"$1,820.00"
14140,140,0001,ROADWAY,0049,203041P,,"GEOTEXTILE, ROADWAY STABILIZATION",182,SY,"D'ANNUNZIO & SONS, INC.",$6.00,"$1,092.00"
14140,140,0001,ROADWAY,0049,203041P,,"GEOTEXTILE, ROADWAY STABILIZATION",182,SY,"J.F.CREAMER & SON A JOINT VENTURE WITH JOSEPH M. SANZARI,INC",$7.00,"$1,274.00"
14140,140,0001,ROADWAY,0049,203041P,,"GEOTEXTILE, ROADWAY STABILIZATION",182,SY,"NORTHEAST REMSCO CONSTRUCTION, INC.",$13.00,"$2,366.00"
14140,140,0001,ROADWAY,0050,302036P,,"DENSE-GRADED AGGREGATE BASE COURSE, 6"" THICK",806,SY,KONKUS CORPORATION,$10.00,"$8,060.00"
14140,140,0001,ROADWAY,0050,302036P,,"DENSE-GRADED AGGREGATE BASE COURSE, 6"" THICK",806,SY,"POWER CONCRETE CO., INC.",$7.00,"$5,642.00"
14140,140,0001,ROADWAY,0050,302036P,,"DENSE-GRADED AGGREGATE BASE COURSE, 6"" THICK",806,SY,"D'ANNUNZIO & SONS, INC.",$20.00,"$16,120.00"
14140,140,0001,ROADWAY,0050,302036P,,"DENSE-GRADED AGGREGATE BASE COURSE, 6"" THICK",806,SY,"J.F.CREAMER & SON A JOINT VENTURE WITH JOSEPH M. SANZARI,INC",$12.00,"$9,672.00"
14140,140,0001,ROADWAY,0050,302036P,,"DENSE-GRADED AGGREGATE BASE COURSE, 6"" THICK",806,SY,"NORTHEAST REMSCO CONSTRUCTION, INC.",$40.00,"$32,240.00"
14140,140,0001,ROADWAY,0051,302060P,,"COARSE AGGREGATE, SIZE NO. 57",8,CY,KONKUS CORPORATION,$50.00,$400.00
14140,140,0001,ROADWAY,0051,302060P,,"COARSE AGGREGATE, SIZE NO. 57",8,CY,"POWER CONCRETE CO., INC.",$60.00,$480.00
14140,140,0001,ROADWAY,0051,302060P,,"COARSE AGGREGATE, SIZE NO. 57",8,CY,"D'ANNUNZIO & SONS, INC.",$200.00,"$1,600.00"
14140,140,0001,ROADWAY,0051,302060P,,"COARSE AGGREGATE, SIZE NO. 57",8,CY,"J.F.CREAMER & SON A JOINT VENTURE WITH JOSEPH M. SANZARI,INC",$75.00,$600.00
14140,140,0001,ROADWAY,0051,302060P,,"COARSE AGGREGATE, SIZE NO. 57",8,CY,"NORTHEAST REMSCO CONSTRUCTION, INC.",$40.00,$320.00
14140,140,0001,ROADWAY,0052,401009P,,"HMA MILLING, 3"" OR LESS","4,518",SY,KONKUS CORPORATION,$4.00,"$18,072.00"
14140,140,0001,ROADWAY,0052,401009P,,"HMA MILLING, 3"" OR LESS","4,518",SY,"POWER CONCRETE CO., INC.",$10.00,"$45,180.00"
14140,140,0001,ROADWAY,0052,401009P,,"HMA MILLING, 3"" OR LESS","4,518",SY,"D'ANNUNZIO & SONS, INC.",$16.00,"$72,288.00"
14140,140,0001,ROADWAY,0052,401009P,,"HMA MILLING, 3"" OR LESS","4,518",SY,"J.F.CREAMER & SON A JOINT VENTURE WITH JOSEPH M. SANZARI,INC",$8.00,"$36,144.00"
14140,140,0001,ROADWAY,0052,401009P,,"HMA MILLING, 3"" OR LESS","4,518",SY,"NORTHEAST REMSCO CONSTRUCTION, INC.",$16.00,"$72,288.00"
14140,140,0001,ROADWAY,0053,401021M,,HOT MIX ASPHALT PAVEMENT REPAIR,230,SY,KONKUS CORPORATION,$55.00,"$12,650.00"
14140,140,0001,ROADWAY,0053,401021M,,HOT MIX ASPHALT PAVEMENT REPAIR,230,SY,"POWER CONCRETE CO., INC.",$40.00,"$9,200.00"
14140,140,0001,ROADWAY,0053,401021M,,HOT MIX ASPHALT PAVEMENT REPAIR,230,SY,"D'ANNUNZIO & SONS, INC.",$25.00,"$5,750.00"
14140,140,0001,ROADWAY,0053,401021M,,HOT MIX ASPHALT PAVEMENT REPAIR,230,SY,"J.F.CREAMER & SON A JOINT VENTURE WITH JOSEPH M. SANZARI,INC",$100.00,"$23,000.00"
14140,140,0001,ROADWAY,0053,401021M,,HOT MIX ASPHALT PAVEMENT REPAIR,230,SY,"NORTHEAST REMSCO CONSTRUCTION, INC.",$51.00,"$11,730.00"
14140,140,0001,ROADWAY,0054,401027M,,POLYMERIZED JOINT ADHESIVE,"6,310",LF,KONKUS CORPORATION,$1.00,"$6,310.00"
14140,140,0001,ROADWAY,0054,401027M,,POLYMERIZED JOINT ADHESIVE,"6,310",LF,"POWER CONCRETE CO., INC.",$1.00,"$6,310.00"
14140,140,0001,ROADWAY,0054,401027M,,POLYMERIZED JOINT ADHESIVE,"6,310",LF,"D'ANNUNZIO & SONS, INC.",$1.00,"$6,310.00"
14140,140,0001,ROADWAY,0054,401027M,,POLYMERIZED JOINT ADHESIVE,"6,310",LF,"J.F.CREAMER & SON A JOINT VENTURE WITH JOSEPH M. SANZARI,INC",$1.50,"$9,465.00"
14140,140,0001,ROADWAY,0054,401027M,,POLYMERIZED JOINT ADHESIVE,"6,310",LF,"NORTHEAST REMSCO CONSTRUCTION, INC.",$0.90,"$5,679.00"
14140,140,0001,ROADWAY,0055,401030M,,TACK COAT,950,GAL,KONKUS CORPORATION,$1.00,$950.00
14140,140,0001,ROADWAY,0055,401030M,,TACK COAT,950,GAL,"POWER CONCRETE CO., INC.",$1.00,$950.00
14140,140,0001,ROADWAY,0055,401030M,,TACK COAT,950,GAL,"D'ANNUNZIO & SONS, INC.",$2.00,"$1,900.00"
14140,140,0001,ROADWAY,0055,401030M,,TACK COAT,950,GAL,"J.F.CREAMER & SON A JOINT VENTURE WITH JOSEPH M. SANZARI,INC",$1.00,$950.00
14140,140,0001,ROADWAY,0055,401030M,,TACK COAT,950,GAL,"NORTHEAST REMSCO CONSTRUCTION, INC.",$3.75,"$3,562.50"
14140,140,0001,ROADWAY,0056,401036M,,PRIME COAT,190,GAL,KONKUS CORPORATION,$1.00,$190.00
14140,140,0001,ROADWAY,0056,401036M,,PRIME COAT,190,GAL,"POWER CONCRETE CO., INC.",$1.00,$190.00
14140,140,0001,ROADWAY,0056,401036M,,PRIME COAT,190,GAL,"D'ANNUNZIO & SONS, INC.",$2.00,$380.00
14140,140,0001,ROADWAY,0056,401036M,,PRIME COAT,190,GAL,"J.F.CREAMER & SON A JOINT VENTURE WITH JOSEPH M. SANZARI,INC",$1.00,$190.00
14140,140,0001,ROADWAY,0056,401036M,,PRIME COAT,190,GAL,"NORTHEAST REMSCO CONSTRUCTION, INC.",$6.75,"$1,282.50"
14140,140,0001,ROADWAY,0057,401060M,,HOT MIX ASPHALT 12.5 M 76 SURFACE COURSE,592,T,KONKUS CORPORATION,$205.00,"$121,360.00"
14140,140,0001,ROADWAY,0057,401060M,,HOT MIX ASPHALT 12.5 M 76 SURFACE COURSE,592,T,"POWER CONCRETE CO., INC.",$132.00,"$78,144.00"
14140,140,0001,ROADWAY,0057,401060M,,HOT MIX ASPHALT 12.5 M 76 SURFACE COURSE,592,T,"D'ANNUNZIO & SONS, INC.",$210.00,"$124,320.00"
14140,140,0001,ROADWAY,0057,401060M,,HOT MIX ASPHALT 12.5 M 76 SURFACE COURSE,592,T,"J.F.CREAMER & SON A JOINT VENTURE WITH JOSEPH M. SANZARI,INC",$135.00,"$79,920.00"
14140,140,0001,ROADWAY,0057,401060M,,HOT MIX ASPHALT 12.5 M 76 SURFACE COURSE,592,T,"NORTHEAST REMSCO CONSTRUCTION, INC.",$146.00,"$86,432.00"
14140,140,0001,ROADWAY,0058,401078M,,HOT MIX ASPHALT 12.5 M 76 INTERMEDIATE COURSE,161,T,KONKUS CORPORATION,$162.75,"$26,202.75"
14140,140,0001,ROADWAY,0058,401078M,,HOT MIX ASPHALT 12.5 M 76 INTERMEDIATE COURSE,161,T,"POWER CONCRETE CO., INC.",$132.00,"$21,252.00"
14140,140,0001,ROADWAY,0058,401078M,,HOT MIX ASPHALT 12.5 M 76 INTERMEDIATE COURSE,161,T,"D'ANNUNZIO & SONS, INC.",$165.00,"$26,565.00"
14140,140,0001,ROADWAY,0058,401078M,,HOT MIX ASPHALT 12.5 M 76 INTERMEDIATE COURSE,161,T,"J.F.CREAMER & SON A JOINT VENTURE WITH JOSEPH M. SANZARI,INC",$150.00,"$24,150.00"
14140,140,0001,ROADWAY,0058,401078M,,HOT MIX ASPHALT 12.5 M 76 INTERMEDIATE COURSE,161,T,"NORTHEAST REMSCO CONSTRUCTION, INC.",$140.00,"$22,540.00"
14140,140,0001,ROADWAY,0059,401090M,,HOT MIX ASPHALT 19 M 76 INTERMEDIATE COURSE,983,T,KONKUS CORPORATION,$155.00,"$152,365.00"
14140,140,0001,ROADWAY,0059,401090M,,HOT MIX ASPHALT 19 M 76 INTERMEDIATE COURSE,983,T,"POWER CONCRETE CO., INC.",$124.00,"$121,892.00"
14140,140,0001,ROADWAY,0059,401090M,,HOT MIX ASPHALT 19 M 76 INTERMEDIATE COURSE,983,T,"D'ANNUNZIO & SONS, INC.",$160.00,"$157,280.00"
14140,140,0001,ROADWAY,0059,401090M,,HOT MIX ASPHALT 19 M 76 INTERMEDIATE COURSE,983,T,"J.F.CREAMER & SON A JOINT VENTURE WITH JOSEPH M. SANZARI,INC",$135.00,"$132,705.00"
14140,140,0001,ROADWAY,0059,401090M,,HOT MIX ASPHALT 19 M 76 INTERMEDIATE COURSE,983,T,"NORTHEAST REMSCO CONSTRUCTION, INC.",$181.00,"$177,923.00"
14140,140,0001,ROADWAY,0060,401099M,,HOT MIX ASPHALT 25 M 64 BASE COURSE,"3,473",T,KONKUS CORPORATION,$118.00,"$409,814.00"
14140,140,0001,ROADWAY,0060,401099M,,HOT MIX ASPHALT 25 M 64 BASE COURSE,"3,473",T,"POWER CONCRETE CO., INC.",$114.00,"$395,922.00"
14140,140,0001,ROADWAY,0060,401099M,,HOT MIX ASPHALT 25 M 64 BASE COURSE,"3,473",T,"D'ANNUNZIO & SONS, INC.",$120.00,"$416,760.00"
14140,140,0001,ROADWAY,0060,401099M,,HOT MIX ASPHALT 25 M 64 BASE COURSE,"3,473",T,"J.F.CREAMER & SON A JOINT VENTURE WITH JOSEPH M. SANZARI,INC",$120.00,"$416,760.00"
14140,140,0001,ROADWAY,0060,401099M,,HOT MIX ASPHALT 25 M 64 BASE COURSE,"3,473",T,"NORTHEAST REMSCO CONSTRUCTION, INC.",$110.00,"$382,030.00"
14140,140,0001,ROADWAY,0061,401108M,,"CORE SAMPLES, HOT MIX ASPHALT",15,U,KONKUS CORPORATION,$200.00,"$3,000.00"
14140,140,0001,ROADWAY,0061,401108M,,"CORE SAMPLES, HOT MIX ASPHALT",15,U,"POWER CONCRETE CO., INC.",$200.00,"$3,000.00"
14140,140,0001,ROADWAY,0061,401108M,,"CORE SAMPLES, HOT MIX ASPHALT",15,U,"D'ANNUNZIO & SONS, INC.",$200.00,"$3,000.00"
14140,140,0001,ROADWAY,0061,401108M,,"CORE SAMPLES, HOT MIX ASPHALT",15,U,"J.F.CREAMER & SON A JOINT VENTURE WITH JOSEPH M. SANZARI,INC",$200.00,"$3,000.00"
14140,140,0001,ROADWAY,0061,401108M,,"CORE SAMPLES, HOT MIX ASPHALT",15,U,"NORTHEAST REMSCO CONSTRUCTION, INC.",$186.00,"$2,790.00"
14140,140,0001,ROADWAY,0062,507052M,,CONCRETE MOMENT SLAB,17,CY,KONKUS CORPORATION,$550.00,"$9,350.00"
14140,140,0001,ROADWAY,0062,507052M,,CONCRETE MOMENT SLAB,17,CY,"POWER CONCRETE CO., INC.",$700.00,"$11,900.00"
14140,140,0001,ROADWAY,0062,507052M,,CONCRETE MOMENT SLAB,17,CY,"D'ANNUNZIO & SONS, INC.","$1,000.00","$17,000.00"
14140,140,0001,ROADWAY,0062,507052M,,CONCRETE MOMENT SLAB,17,CY,"J.F.CREAMER & SON A JOINT VENTURE WITH JOSEPH M. SANZARI,INC",$575.00,"$9,775.00"
14140,140,0001,ROADWAY,0062,507052M,,CONCRETE MOMENT SLAB,17,CY,"NORTHEAST REMSCO CONSTRUCTION, INC.",$501.00,"$8,517.00"
14140,140,0001,ROADWAY,0063,603036P,,"RIPRAP STONE CHANNEL PROTECTION, 12"" THICK (D50=6"") (STEEPER SLOPE)",61,SY,KONKUS CORPORATION,$50.00,"$3,050.00"
14140,140,0001,ROADWAY,0063,603036P,,"RIPRAP STONE CHANNEL PROTECTION, 12"" THICK (D50=6"") (STEEPER SLOPE)",61,SY,"POWER CONCRETE CO., INC.",$75.00,"$4,575.00"
14140,140,0001,ROADWAY,0063,603036P,,"RIPRAP STONE CHANNEL PROTECTION, 12"" THICK (D50=6"") (STEEPER SLOPE)",61,SY,"D'ANNUNZIO & SONS, INC.",$120.00,"$7,320.00"
14140,140,0001,ROADWAY,0063,603036P,,"RIPRAP STONE CHANNEL PROTECTION, 12"" THICK (D50=6"") (STEEPER SLOPE)",61,SY,"J.F.CREAMER & SON A JOINT VENTURE WITH JOSEPH M. SANZARI,INC",$65.00,"$3,965.00"
14140,140,0001,ROADWAY,0063,603036P,,"RIPRAP STONE CHANNEL PROTECTION, 12"" THICK (D50=6"") (STEEPER SLOPE)",61,SY,"NORTHEAST REMSCO CONSTRUCTION, INC.",$150.00,"$9,150.00"
14140,140,0001,ROADWAY,0064,605045P,,"CHAIN-LINK FENCE, 6' HIGH",9,LF,KONKUS CORPORATION,$368.00,"$3,312.00"
14140,140,0001,ROADWAY,0064,605045P,,"CHAIN-LINK FENCE, 6' HIGH",9,LF,"POWER CONCRETE CO., INC.",$200.00,"$1,800.00"
14140,140,0001,ROADWAY,0064,605045P,,"CHAIN-LINK FENCE, 6' HIGH",9,LF,"D'ANNUNZIO & SONS, INC.",$400.00,"$3,600.00"
14140,140,0001,ROADWAY,0064,605045P,,"CHAIN-LINK FENCE, 6' HIGH",9,LF,"J.F.CREAMER & SON A JOINT VENTURE WITH JOSEPH M. SANZARI,INC",$150.00,"$1,350.00"
14140,140,0001,ROADWAY,0064,605045P,,"CHAIN-LINK FENCE, 6' HIGH",9,LF,"NORTHEAST REMSCO CONSTRUCTION, INC.",$151.00,"$1,359.00"
14140,140,0001,ROADWAY,0065,605147M,,"GATE, CHAIN-LINK FENCE, 10' WIDE",1,U,KONKUS CORPORATION,"$1,200.00","$1,200.00"
14140,140,0001,ROADWAY,0065,605147M,,"GATE, CHAIN-LINK FENCE, 10' WIDE",1,U,"POWER CONCRETE CO., INC.","$3,500.00","$3,500.00"
14140,140,0001,ROADWAY,0065,605147M,,"GATE, CHAIN-LINK FENCE, 10' WIDE",1,U,"D'ANNUNZIO & SONS, INC.","$1,500.00","$1,500.00"
14140,140,0001,ROADWAY,0065,605147M,,"GATE, CHAIN-LINK FENCE, 10' WIDE",1,U,"J.F.CREAMER & SON A JOINT VENTURE WITH JOSEPH M. SANZARI,INC","$1,250.00","$1,250.00"
14140,140,0001,ROADWAY,0065,605147M,,"GATE, CHAIN-LINK FENCE, 10' WIDE",1,U,"NORTHEAST REMSCO CONSTRUCTION, INC.","$2,455.00","$2,455.00"
14140,140,0001,ROADWAY,0066,606012P,,"CONCRETE SIDEWALK, 4"" THICK",35,SY,KONKUS CORPORATION,$71.00,"$2,485.00"
14140,140,0001,ROADWAY,0066,606012P,,"CONCRETE SIDEWALK, 4"" THICK",35,SY,"POWER CONCRETE CO., INC.",$90.00,"$3,150.00"
14140,140,0001,ROADWAY,0066,606012P,,"CONCRETE SIDEWALK, 4"" THICK",35,SY,"D'ANNUNZIO & SONS, INC.",$80.00,"$2,800.00"
14140,140,0001,ROADWAY,0066,606012P,,"CONCRETE SIDEWALK, 4"" THICK",35,SY,"J.F.CREAMER & SON A JOINT VENTURE WITH JOSEPH M. SANZARI,INC",$70.00,"$2,450.00"
14140,140,0001,ROADWAY,0066,606012P,,"CONCRETE SIDEWALK, 4"" THICK",35,SY,"NORTHEAST REMSCO CONSTRUCTION, INC.",$65.00,"$2,275.00"
14140,140,0001,ROADWAY,0067,606021P,,"CONCRETE SIDEWALK, 8"" THICK",393,SY,KONKUS CORPORATION,$90.00,"$35,370.00"
14140,140,0001,ROADWAY,0067,606021P,,"CONCRETE SIDEWALK, 8"" THICK",393,SY,"POWER CONCRETE CO., INC.",$105.00,"$41,265.00"
14140,140,0001,ROADWAY,0067,606021P,,"CONCRETE SIDEWALK, 8"" THICK",393,SY,"D'ANNUNZIO & SONS, INC.",$90.00,"$35,370.00"
14140,140,0001,ROADWAY,0067,606021P,,"CONCRETE SIDEWALK, 8"" THICK",393,SY,"J.F.CREAMER & SON A JOINT VENTURE WITH JOSEPH M. SANZARI,INC",$90.00,"$35,370.00"
14140,140,0001,ROADWAY,0067,606021P,,"CONCRETE SIDEWALK, 8"" THICK",393,SY,"NORTHEAST REMSCO CONSTRUCTION, INC.",$83.00,"$32,619.00"
14140,140,0001,ROADWAY,0068,606039P,,"HOT MIX ASPHALT DRIVEWAY, 6"" THICK",13,SY,KONKUS CORPORATION,$50.00,$650.00
14140,140,0001,ROADWAY,0068,606039P,,"HOT MIX ASPHALT DRIVEWAY, 6"" THICK",13,SY,"POWER CONCRETE CO., INC.",$40.00,$520.00
14140,140,0001,ROADWAY,0068,606039P,,"HOT MIX ASPHALT DRIVEWAY, 6"" THICK",13,SY,"D'ANNUNZIO & SONS, INC.",$150.00,"$1,950.00"
14140,140,0001,ROADWAY,0068,606039P,,"HOT MIX ASPHALT DRIVEWAY, 6"" THICK",13,SY,"J.F.CREAMER & SON A JOINT VENTURE WITH JOSEPH M. SANZARI,INC",$80.00,"$1,040.00"
14140,140,0001,ROADWAY,0068,606039P,,"HOT MIX ASPHALT DRIVEWAY, 6"" THICK",13,SY,"NORTHEAST REMSCO CONSTRUCTION, INC.",$151.00,"$1,963.00"
14140,140,0001,ROADWAY,0069,607018P,,"9"" X 16"" CONCRETE VERTICAL CURB",56,LF,KONKUS CORPORATION,$47.30,"$2,648.80"
14140,140,0001,ROADWAY,0069,607018P,,"9"" X 16"" CONCRETE VERTICAL CURB",56,LF,"POWER CONCRETE CO., INC.",$46.00,"$2,576.00"
14140,140,0001,ROADWAY,0069,607018P,,"9"" X 16"" CONCRETE VERTICAL CURB",56,LF,"D'ANNUNZIO & SONS, INC.",$50.00,"$2,800.00"
14140,140,0001,ROADWAY,0069,607018P,,"9"" X 16"" CONCRETE VERTICAL CURB",56,LF,"J.F.CREAMER & SON A JOINT VENTURE WITH JOSEPH M. SANZARI,INC",$50.00,"$2,800.00"
14140,140,0001,ROADWAY,0069,607018P,,"9"" X 16"" CONCRETE VERTICAL CURB",56,LF,"NORTHEAST REMSCO CONSTRUCTION, INC.",$44.00,"$2,464.00"
14140,140,0001,ROADWAY,0070,607021P,,"9"" X 18"" CONCRETE VERTICAL CURB",28,LF,KONKUS CORPORATION,$48.00,"$1,344.00"
14140,140,0001,ROADWAY,0070,607021P,,"9"" X 18"" CONCRETE VERTICAL CURB",28,LF,"POWER CONCRETE CO., INC.",$51.00,"$1,428.00"
14140,140,0001,ROADWAY,0070,607021P,,"9"" X 18"" CONCRETE VERTICAL CURB",28,LF,"D'ANNUNZIO & SONS, INC.",$50.00,"$1,400.00"
14140,140,0001,ROADWAY,0070,607021P,,"9"" X 18"" CONCRETE VERTICAL CURB",28,LF,"J.F.CREAMER & SON A JOINT VENTURE WITH JOSEPH M. SANZARI,INC",$55.00,"$1,540.00"
14140,140,0001,ROADWAY,0070,607021P,,"9"" X 18"" CONCRETE VERTICAL CURB",28,LF,"NORTHEAST REMSCO CONSTRUCTION, INC.",$45.00,"$1,260.00"
14140,140,0001,ROADWAY,0071,608003P,,"NONVEGETATIVE SURFACE, HOT MIX ASPHALT",523,SY,KONKUS CORPORATION,$35.00,"$18,305.00"
14140,140,0001,ROADWAY,0071,608003P,,"NONVEGETATIVE SURFACE, HOT MIX ASPHALT",523,SY,"POWER CONCRETE CO., INC.",$60.00,"$31,380.00"
14140,140,0001,ROADWAY,0071,608003P,,"NONVEGETATIVE SURFACE, HOT MIX ASPHALT",523,SY,"D'ANNUNZIO & SONS, INC.",$40.00,"$20,920.00"
14140,140,0001,ROADWAY,0071,608003P,,"NONVEGETATIVE SURFACE, HOT MIX ASPHALT",523,SY,"J.F.CREAMER & SON A JOINT VENTURE WITH JOSEPH M. SANZARI,INC",$35.00,"$18,305.00"
14140,140,0001,ROADWAY,0071,608003P,,"NONVEGETATIVE SURFACE, HOT MIX ASPHALT",523,SY,"NORTHEAST REMSCO CONSTRUCTION, INC.",$38.00,"$19,874.00"
14140,140,0001,ROADWAY,0072,609003M,,BEAM GUIDE RAIL,"1,911",LF,KONKUS CORPORATION,$65.00,"$124,215.00"
14140,140,0001,ROADWAY,0072,609003M,,BEAM GUIDE RAIL,"1,911",LF,"POWER CONCRETE CO., INC.",$120.00,"$229,320.00"
14140,140,0001,ROADWAY,0072,609003M,,BEAM GUIDE RAIL,"1,911",LF,"D'ANNUNZIO & SONS, INC.",$65.00,"$124,215.00"
14140,140,0001,ROADWAY,0072,609003M,,BEAM GUIDE RAIL,"1,911",LF,"J.F.CREAMER & SON A JOINT VENTURE WITH JOSEPH M. SANZARI,INC",$60.00,"$114,660.00"
14140,140,0001,ROADWAY,0072,609003M,,BEAM GUIDE RAIL,"1,911",LF,"NORTHEAST REMSCO CONSTRUCTION, INC.",$61.00,"$116,571.00"
14140,140,0001,ROADWAY,0073,609027M,,TANGENT GUIDE RAIL TERMINAL,3,U,KONKUS CORPORATION,"$2,300.00","$6,900.00"
14140,140,0001,ROADWAY,0073,609027M,,TANGENT GUIDE RAIL TERMINAL,3,U,"POWER CONCRETE CO., INC.","$3,000.00","$9,000.00"
14140,140,0001,ROADWAY,0073,609027M,,TANGENT GUIDE RAIL TERMINAL,3,U,"D'ANNUNZIO & SONS, INC.","$2,200.00","$6,600.00"
14140,140,0001,ROADWAY,0073,609027M,,TANGENT GUIDE RAIL TERMINAL,3,U,"J.F.CREAMER & SON A JOINT VENTURE WITH JOSEPH M. SANZARI,INC","$2,250.00","$6,750.00"
14140,140,0001,ROADWAY,0073,609027M,,TANGENT GUIDE RAIL TERMINAL,3,U,"NORTHEAST REMSCO CONSTRUCTION, INC.","$2,550.00","$7,650.00"
14140,140,0001,ROADWAY,0074,609075M,,REMOVAL OF BEAM GUIDE RAIL,"1,950",LF,KONKUS CORPORATION,$1.00,"$1,950.00"
14140,140,0001,ROADWAY,0074,609075M,,REMOVAL OF BEAM GUIDE RAIL,"1,950",LF,"POWER CONCRETE CO., INC.",$10.00,"$19,500.00"
14140,140,0001,ROADWAY,0074,609075M,,REMOVAL OF BEAM GUIDE RAIL,"1,950",LF,"D'ANNUNZIO & SONS, INC.",$2.00,"$3,900.00"
14140,140,0001,ROADWAY,0074,609075M,,REMOVAL OF BEAM GUIDE RAIL,"1,950",LF,"J.F.CREAMER & SON A JOINT VENTURE WITH JOSEPH M. SANZARI,INC",$5.00,"$9,750.00"
14140,140,0001,ROADWAY,0074,609075M,,REMOVAL OF BEAM GUIDE RAIL,"1,950",LF,"NORTHEAST REMSCO CONSTRUCTION, INC.",$1.25,"$2,437.50"
14140,140,0001,ROADWAY,0075,610003M,,"TRAFFIC STRIPES, 4""","53,600",LF,KONKUS CORPORATION,$0.35,"$18,760.00"
14140,140,0001,ROADWAY,0075,610003M,,"TRAFFIC STRIPES, 4""","53,600",LF,"POWER CONCRETE CO., INC.",$0.80,"$42,880.00"
14140,140,0001,ROADWAY,0075,610003M,,"TRAFFIC STRIPES, 4""","53,600",LF,"D'ANNUNZIO & SONS, INC.",$0.40,"$21,440.00"
14140,140,0001,ROADWAY,0075,610003M,,"TRAFFIC STRIPES, 4""","53,600",LF,"J.F.CREAMER & SON A JOINT VENTURE WITH JOSEPH M. SANZARI,INC",$0.35,"$18,760.00"
14140,140,0001,ROADWAY,0075,610003M,,"TRAFFIC STRIPES, 4""","53,600",LF,"NORTHEAST REMSCO CONSTRUCTION, INC.",$0.35,"$18,760.00"
14140,140,0001,ROADWAY,0076,610012M,,"RPM, MONO-DIRECTIONAL, WHITE LENS",60,U,KONKUS CORPORATION,$50.00,"$3,000.00"
14140,140,0001,ROADWAY,0076,610012M,,"RPM, MONO-DIRECTIONAL, WHITE LENS",60,U,"POWER CONCRETE CO., INC.",$25.00,"$1,500.00"
14140,140,0001,ROADWAY,0076,610012M,,"RPM, MONO-DIRECTIONAL, WHITE LENS",60,U,"D'ANNUNZIO & SONS, INC.",$50.00,"$3,000.00"
14140,140,0001,ROADWAY,0076,610012M,,"RPM, MONO-DIRECTIONAL, WHITE LENS",60,U,"J.F.CREAMER & SON A JOINT VENTURE WITH JOSEPH M. SANZARI,INC",$50.00,"$3,000.00"
14140,140,0001,ROADWAY,0076,610012M,,"RPM, MONO-DIRECTIONAL, WHITE LENS",60,U,"NORTHEAST REMSCO CONSTRUCTION, INC.",$46.00,"$2,760.00"
14140,140,0001,ROADWAY,0077,610021M,,"RPM, BI-DIRECTIONAL, AMBER LENS",30,U,KONKUS CORPORATION,$50.00,"$1,500.00"
14140,140,0001,ROADWAY,0077,610021M,,"RPM, BI-DIRECTIONAL, AMBER LENS",30,U,"POWER CONCRETE CO., INC.",$25.00,$750.00
14140,140,0001,ROADWAY,0077,610021M,,"RPM, BI-DIRECTIONAL, AMBER LENS",30,U,"D'ANNUNZIO & SONS, INC.",$50.00,"$1,500.00"
14140,140,0001,ROADWAY,0077,610021M,,"RPM, BI-DIRECTIONAL, AMBER LENS",30,U,"J.F.CREAMER & SON A JOINT VENTURE WITH JOSEPH M. SANZARI,INC",$50.00,"$1,500.00"
14140,140,0001,ROADWAY,0077,610021M,,"RPM, BI-DIRECTIONAL, AMBER LENS",30,U,"NORTHEAST REMSCO CONSTRUCTION, INC.",$46.00,"$1,380.00"
14140,140,0001,ROADWAY,0078,610033M,,RUMBLE STRIP,"5,990",LF,KONKUS CORPORATION,$1.80,"$10,782.00"
14140,140,0001,ROADWAY,0078,610033M,,RUMBLE STRIP,"5,990",LF,"POWER CONCRETE CO., INC.",$10.00,"$59,900.00"
14140,140,0001,ROADWAY,0078,610033M,,RUMBLE STRIP,"5,990",LF,"D'ANNUNZIO & SONS, INC.",$1.00,"$5,990.00"
14140,140,0001,ROADWAY,0078,610033M,,RUMBLE STRIP,"5,990",LF,"J.F.CREAMER & SON A JOINT VENTURE WITH JOSEPH M. SANZARI,INC",$1.50,"$8,985.00"
14140,140,0001,ROADWAY,0078,610033M,,RUMBLE STRIP,"5,990",LF,"NORTHEAST REMSCO CONSTRUCTION, INC.",$1.45,"$8,685.50"
14140,140,0001,ROADWAY,0079,610036M,,REMOVAL OF TRAFFIC STRIPES,"54,200",LF,KONKUS CORPORATION,$0.58,"$31,436.00"
14140,140,0001,ROADWAY,0079,610036M,,REMOVAL OF TRAFFIC STRIPES,"54,200",LF,"POWER CONCRETE CO., INC.",$0.50,"$27,100.00"
14140,140,0001,ROADWAY,0079,610036M,,REMOVAL OF TRAFFIC STRIPES,"54,200",LF,"D'ANNUNZIO & SONS, INC.",$0.50,"$27,100.00"
14140,140,0001,ROADWAY,0079,610036M,,REMOVAL OF TRAFFIC STRIPES,"54,200",LF,"J.F.CREAMER & SON A JOINT VENTURE WITH JOSEPH M. SANZARI,INC",$0.60,"$32,520.00"
14140,140,0001,ROADWAY,0079,610036M,,REMOVAL OF TRAFFIC STRIPES,"54,200",LF,"NORTHEAST REMSCO CONSTRUCTION, INC.",$0.55,"$29,810.00"
14140,140,0001,ROADWAY,0080,611312M,,"CRASH CUSHION, COMPRESSIVE BARRIER, TYPE 3, WIDTH NARROW",2,U,KONKUS CORPORATION,"$34,000.00","$68,000.00"
14140,140,0001,ROADWAY,0080,611312M,,"CRASH CUSHION, COMPRESSIVE BARRIER, TYPE 3, WIDTH NARROW",2,U,"POWER CONCRETE CO., INC.","$17,000.00","$34,000.00"
14140,140,0001,ROADWAY,0080,611312M,,"CRASH CUSHION, COMPRESSIVE BARRIER, TYPE 3, WIDTH NARROW",2,U,"D'ANNUNZIO & SONS, INC.","$22,000.00","$44,000.00"
14140,140,0001,ROADWAY,0080,611312M,,"CRASH CUSHION, COMPRESSIVE BARRIER, TYPE 3, WIDTH NARROW",2,U,"J.F.CREAMER & SON A JOINT VENTURE WITH JOSEPH M. SANZARI,INC","$18,500.00","$37,000.00"
14140,140,0001,ROADWAY,0080,611312M,,"CRASH CUSHION, COMPRESSIVE BARRIER, TYPE 3, WIDTH NARROW",2,U,"NORTHEAST REMSCO CONSTRUCTION, INC.","$17,000.00","$34,000.00"
14140,140,0001,ROADWAY,0081,612003P,,REGULATORY AND WARNING SIGN,62,SF,KONKUS CORPORATION,$31.00,"$1,922.00"
14140,140,0001,ROADWAY,0081,612003P,,REGULATORY AND WARNING SIGN,62,SF,"POWER CONCRETE CO., INC.",$45.00,"$2,790.00"
14140,140,0001,ROADWAY,0081,612003P,,REGULATORY AND WARNING SIGN,62,SF,"D'ANNUNZIO & SONS, INC.",$55.00,"$3,410.00"
14140,140,0001,ROADWAY,0081,612003P,,REGULATORY AND WARNING SIGN,62,SF,"J.F.CREAMER & SON A JOINT VENTURE WITH JOSEPH M. SANZARI,INC",$40.00,"$2,480.00"
14140,140,0001,ROADWAY,0081,612003P,,REGULATORY AND WARNING SIGN,62,SF,"NORTHEAST REMSCO CONSTRUCTION, INC.",$37.00,"$2,294.00"
14140,140,0001,ROADWAY,0082,701015P,,"2"" RIGID METALLIC CONDUIT",93,LF,KONKUS CORPORATION,$38.50,"$3,580.50"
14140,140,0001,ROADWAY,0082,701015P,,"2"" RIGID METALLIC CONDUIT",93,LF,"POWER CONCRETE CO., INC.",$40.00,"$3,720.00"
14140,140,0001,ROADWAY,0082,701015P,,"2"" RIGID METALLIC CONDUIT",93,LF,"D'ANNUNZIO & SONS, INC.",$40.00,"$3,720.00"
14140,140,0001,ROADWAY,0082,701015P,,"2"" RIGID METALLIC CONDUIT",93,LF,"J.F.CREAMER & SON A JOINT VENTURE WITH JOSEPH M. SANZARI,INC",$38.00,"$3,534.00"
14140,140,0001,ROADWAY,0082,701015P,,"2"" RIGID METALLIC CONDUIT",93,LF,"NORTHEAST REMSCO CONSTRUCTION, INC.",$36.00,"$3,348.00"
14140,140,0001,ROADWAY,0083,701021P,,"3"" RIGID METALLIC CONDUIT",404,LF,KONKUS CORPORATION,$41.25,"$16,665.00"
14140,140,0001,ROADWAY,0083,701021P,,"3"" RIGID METALLIC CONDUIT",404,LF,"POWER CONCRETE CO., INC.",$60.00,"$24,240.00"
14140,140,0001,ROADWAY,0083,701021P,,"3"" RIGID METALLIC CONDUIT",404,LF,"D'ANNUNZIO & SONS, INC.",$40.00,"$16,160.00"
14140,140,0001,ROADWAY,0083,701021P,,"3"" RIGID METALLIC CONDUIT",404,LF,"J.F.CREAMER & SON A JOINT VENTURE WITH JOSEPH M. SANZARI,INC",$42.00,"$16,968.00"
14140,140,0001,ROADWAY,0083,701021P,,"3"" RIGID METALLIC CONDUIT",404,LF,"NORTHEAST REMSCO CONSTRUCTION, INC.",$38.00,"$15,352.00"
14140,140,0001,ROADWAY,0084,701102M,,"18"" X 36"" JUNCTION BOX",4,U,KONKUS CORPORATION,"$2,849.00","$11,396.00"
14140,140,0001,ROADWAY,0084,701102M,,"18"" X 36"" JUNCTION BOX",4,U,"POWER CONCRETE CO., INC.","$2,000.00","$8,000.00"
14140,140,0001,ROADWAY,0084,701102M,,"18"" X 36"" JUNCTION BOX",4,U,"D'ANNUNZIO & SONS, INC.","$2,600.00","$10,400.00"
14140,140,0001,ROADWAY,0084,701102M,,"18"" X 36"" JUNCTION BOX",4,U,"J.F.CREAMER & SON A JOINT VENTURE WITH JOSEPH M. SANZARI,INC","$2,650.00","$10,600.00"
14140,140,0001,ROADWAY,0084,701102M,,"18"" X 36"" JUNCTION BOX",4,U,"NORTHEAST REMSCO CONSTRUCTION, INC.","$3,450.00","$13,800.00"
14140,140,0001,ROADWAY,0085,701162M,,"FOUNDATION, TYPE 2M-MC",1,U,KONKUS CORPORATION,"$3,520.00","$3,520.00"
14140,140,0001,ROADWAY,0085,701162M,,"FOUNDATION, TYPE 2M-MC",1,U,"POWER CONCRETE CO., INC.","$1,500.66","$1,500.66"
14140,140,0001,ROADWAY,0085,701162M,,"FOUNDATION, TYPE 2M-MC",1,U,"D'ANNUNZIO & SONS, INC.","$3,300.00","$3,300.00"
14140,140,0001,ROADWAY,0085,701162M,,"FOUNDATION, TYPE 2M-MC",1,U,"J.F.CREAMER & SON A JOINT VENTURE WITH JOSEPH M. SANZARI,INC","$3,250.00","$3,250.00"
14140,140,0001,ROADWAY,0085,701162M,,"FOUNDATION, TYPE 2M-MC",1,U,"NORTHEAST REMSCO CONSTRUCTION, INC.","$3,250.00","$3,250.00"
14140,140,0001,ROADWAY,0086,701180M,,"METER CABINET, TYPE 2M-MC",1,U,KONKUS CORPORATION,"$14,135.00","$14,135.00"
14140,140,0001,ROADWAY,0086,701180M,,"METER CABINET, TYPE 2M-MC",1,U,"POWER CONCRETE CO., INC.","$8,000.00","$8,000.00"
14140,140,0001,ROADWAY,0086,701180M,,"METER CABINET, TYPE 2M-MC",1,U,"D'ANNUNZIO & SONS, INC.","$15,000.00","$15,000.00"
14140,140,0001,ROADWAY,0086,701180M,,"METER CABINET, TYPE 2M-MC",1,U,"J.F.CREAMER & SON A JOINT VENTURE WITH JOSEPH M. SANZARI,INC","$13,500.00","$13,500.00"
14140,140,0001,ROADWAY,0086,701180M,,"METER CABINET, TYPE 2M-MC",1,U,"NORTHEAST REMSCO CONSTRUCTION, INC.","$25,000.00","$25,000.00"
14140,140,0001,ROADWAY,0087,701192P,,"GROUND WIRE, NO. 8 AWG","2,491",LF,KONKUS CORPORATION,$2.48,"$6,177.68"
14140,140,0001,ROADWAY,0087,701192P,,"GROUND WIRE, NO. 8 AWG","2,491",LF,"POWER CONCRETE CO., INC.",$4.00,"$9,964.00"
14140,140,0001,ROADWAY,0087,701192P,,"GROUND WIRE, NO. 8 AWG","2,491",LF,"D'ANNUNZIO & SONS, INC.",$3.00,"$7,473.00"
14140,140,0001,ROADWAY,0087,701192P,,"GROUND WIRE, NO. 8 AWG","2,491",LF,"J.F.CREAMER & SON A JOINT VENTURE WITH JOSEPH M. SANZARI,INC",$2.50,"$6,227.50"
14140,140,0001,ROADWAY,0087,701192P,,"GROUND WIRE, NO. 8 AWG","2,491",LF,"NORTHEAST REMSCO CONSTRUCTION, INC.",$2.30,"$5,729.30"
14140,140,0001,ROADWAY,0088,701195P,,"MULTIPLE LIGHTING WIRE, NO. 2 AWG","5,208",LF,KONKUS CORPORATION,$4.40,"$22,915.20"
14140,140,0001,ROADWAY,0088,701195P,,"MULTIPLE LIGHTING WIRE, NO. 2 AWG","5,208",LF,"POWER CONCRETE CO., INC.",$5.00,"$26,040.00"
14140,140,0001,ROADWAY,0088,701195P,,"MULTIPLE LIGHTING WIRE, NO. 2 AWG","5,208",LF,"D'ANNUNZIO & SONS, INC.",$2.50,"$13,020.00"
14140,140,0001,ROADWAY,0088,701195P,,"MULTIPLE LIGHTING WIRE, NO. 2 AWG","5,208",LF,"J.F.CREAMER & SON A JOINT VENTURE WITH JOSEPH M. SANZARI,INC",$5.00,"$26,040.00"
14140,140,0001,ROADWAY,0088,701195P,,"MULTIPLE LIGHTING WIRE, NO. 2 AWG","5,208",LF,"NORTHEAST REMSCO CONSTRUCTION, INC.",$4.25,"$22,134.00"
14140,140,0001,ROADWAY,0089,701210P,,"SERVICE WIRE, NO. 2 AWG",294,LF,KONKUS CORPORATION,$4.40,"$1,293.60"
14140,140,0001,ROADWAY,0089,701210P,,"SERVICE WIRE, NO. 2 AWG",294,LF,"POWER CONCRETE CO., INC.",$7.00,"$2,058.00"
14140,140,0001,ROADWAY,0089,701210P,,"SERVICE WIRE, NO. 2 AWG",294,LF,"D'ANNUNZIO & SONS, INC.",$5.00,"$1,470.00"
14140,140,0001,ROADWAY,0089,701210P,,"SERVICE WIRE, NO. 2 AWG",294,LF,"J.F.CREAMER & SON A JOINT VENTURE WITH JOSEPH M. SANZARI,INC",$5.00,"$1,470.00"
14140,140,0001,ROADWAY,0089,701210P,,"SERVICE WIRE, NO. 2 AWG",294,LF,"NORTHEAST REMSCO CONSTRUCTION, INC.",$4.25,"$1,249.50"
14140,140,0001,ROADWAY,0090,703003M,,LIGHTING STANDARD ALUMINUM,10,U,KONKUS CORPORATION,"$1,925.00","$19,250.00"
14140,140,0001,ROADWAY,0090,703003M,,LIGHTING STANDARD ALUMINUM,10,U,"POWER CONCRETE CO., INC.","$2,900.00","$29,000.00"
14140,140,0001,ROADWAY,0090,703003M,,LIGHTING STANDARD ALUMINUM,10,U,"D'ANNUNZIO & SONS, INC.","$1,800.00","$18,000.00"
14140,140,0001,ROADWAY,0090,703003M,,LIGHTING STANDARD ALUMINUM,10,U,"J.F.CREAMER & SON A JOINT VENTURE WITH JOSEPH M. SANZARI,INC","$2,000.00","$20,000.00"
14140,140,0001,ROADWAY,0090,703003M,,LIGHTING STANDARD ALUMINUM,10,U,"NORTHEAST REMSCO CONSTRUCTION, INC.","$2,000.00","$20,000.00"
14140,140,0001,ROADWAY,0091,703012M,,LIGHTING MAST ARM ALUMINUM,10,U,KONKUS CORPORATION,$731.50,"$7,315.00"
14140,140,0001,ROADWAY,0091,703012M,,LIGHTING MAST ARM ALUMINUM,10,U,"POWER CONCRETE CO., INC.",$750.00,"$7,500.00"
14140,140,0001,ROADWAY,0091,703012M,,LIGHTING MAST ARM ALUMINUM,10,U,"D'ANNUNZIO & SONS, INC.",$700.00,"$7,000.00"
14140,140,0001,ROADWAY,0091,703012M,,LIGHTING MAST ARM ALUMINUM,10,U,"J.F.CREAMER & SON A JOINT VENTURE WITH JOSEPH M. SANZARI,INC",$750.00,"$7,500.00"
14140,140,0001,ROADWAY,0091,703012M,,LIGHTING MAST ARM ALUMINUM,10,U,"NORTHEAST REMSCO CONSTRUCTION, INC.",$725.00,"$7,250.00"
14140,140,0001,ROADWAY,0092,703018M,,LUMINAIRE,10,U,KONKUS CORPORATION,$825.00,"$8,250.00"
14140,140,0001,ROADWAY,0092,703018M,,LUMINAIRE,10,U,"POWER CONCRETE CO., INC.",$600.00,"$6,000.00"
14140,140,0001,ROADWAY,0092,703018M,,LUMINAIRE,10,U,"D'ANNUNZIO & SONS, INC.",$800.00,"$8,000.00"
14140,140,0001,ROADWAY,0092,703018M,,LUMINAIRE,10,U,"J.F.CREAMER & SON A JOINT VENTURE WITH JOSEPH M. SANZARI,INC",$850.00,"$8,500.00"
14140,140,0001,ROADWAY,0092,703018M,,LUMINAIRE,10,U,"NORTHEAST REMSCO CONSTRUCTION, INC.",$825.00,"$8,250.00"
14140,140,0001,ROADWAY,0093,703033P,,TEMPORARY HIGHWAY LIGHTING SYSTEM (STAGE 1),1,LS,KONKUS CORPORATION,"$41,250.00","$41,250.00"
14140,140,0001,ROADWAY,0093,703033P,,TEMPORARY HIGHWAY LIGHTING SYSTEM (STAGE 1),1,LS,"POWER CONCRETE CO., INC.","$50,000.00","$50,000.00"
14140,140,0001,ROADWAY,0093,703033P,,TEMPORARY HIGHWAY LIGHTING SYSTEM (STAGE 1),1,LS,"D'ANNUNZIO & SONS, INC.","$50,000.00","$50,000.00"
14140,140,0001,ROADWAY,0093,703033P,,TEMPORARY HIGHWAY LIGHTING SYSTEM (STAGE 1),1,LS,"J.F.CREAMER & SON A JOINT VENTURE WITH JOSEPH M. SANZARI,INC","$20,000.00","$20,000.00"
14140,140,0001,ROADWAY,0093,703033P,,TEMPORARY HIGHWAY LIGHTING SYSTEM (STAGE 1),1,LS,"NORTHEAST REMSCO CONSTRUCTION, INC.","$125,000.00","$125,000.00"
14140,140,0001,ROADWAY,0094,703033P,,TEMPORARY HIGHWAY LIGHTING SYSTEM (STAGE 2),1,LS,KONKUS CORPORATION,"$16,500.00","$16,500.00"
14140,140,0001,ROADWAY,0094,703033P,,TEMPORARY HIGHWAY LIGHTING SYSTEM (STAGE 2),1,LS,"POWER CONCRETE CO., INC.","$4,000.00","$4,000.00"
14140,140,0001,ROADWAY,0094,703033P,,TEMPORARY HIGHWAY LIGHTING SYSTEM (STAGE 2),1,LS,"D'ANNUNZIO & SONS, INC.","$20,000.00","$20,000.00"
14140,140,0001,ROADWAY,0094,703033P,,TEMPORARY HIGHWAY LIGHTING SYSTEM (STAGE 2),1,LS,"J.F.CREAMER & SON A JOINT VENTURE WITH JOSEPH M. SANZARI,INC","$18,000.00","$18,000.00"
14140,140,0001,ROADWAY,0094,703033P,,TEMPORARY HIGHWAY LIGHTING SYSTEM (STAGE 2),1,LS,"NORTHEAST REMSCO CONSTRUCTION, INC.","$125,000.00","$125,000.00"
14140,140,0001,ROADWAY,0095,703033P,,TEMPORARY HIGHWAY LIGHTING SYSTEM (STAGE 3),1,LS,KONKUS CORPORATION,"$16,500.00","$16,500.00"
14140,140,0001,ROADWAY,0095,703033P,,TEMPORARY HIGHWAY LIGHTING SYSTEM (STAGE 3),1,LS,"POWER CONCRETE CO., INC.","$35,000.00","$35,000.00"
14140,140,0001,ROADWAY,0095,703033P,,TEMPORARY HIGHWAY LIGHTING SYSTEM (STAGE 3),1,LS,"D'ANNUNZIO & SONS, INC.","$20,000.00","$20,000.00"
14140,140,0001,ROADWAY,0095,703033P,,TEMPORARY HIGHWAY LIGHTING SYSTEM (STAGE 3),1,LS,"J.F.CREAMER & SON A JOINT VENTURE WITH JOSEPH M. SANZARI,INC","$16,000.00","$16,000.00"
14140,140,0001,ROADWAY,0095,703033P,,TEMPORARY HIGHWAY LIGHTING SYSTEM (STAGE 3),1,LS,"NORTHEAST REMSCO CONSTRUCTION, INC.","$125,000.00","$125,000.00"
14140,140,0001,ROADWAY,0096,704003M,,JUNCTION BOX ITS TYPE A,2,U,KONKUS CORPORATION,"$5,313.00","$10,626.00"
14140,140,0001,ROADWAY,0096,704003M,,JUNCTION BOX ITS TYPE A,2,U,"POWER CONCRETE CO., INC.","$5,000.00","$10,000.00"
14140,140,0001,ROADWAY,0096,704003M,,JUNCTION BOX ITS TYPE A,2,U,"D'ANNUNZIO & SONS, INC.","$5,000.00","$10,000.00"
14140,140,0001,ROADWAY,0096,704003M,,JUNCTION BOX ITS TYPE A,2,U,"J.F.CREAMER & SON A JOINT VENTURE WITH JOSEPH M. SANZARI,INC","$5,000.00","$10,000.00"
14140,140,0001,ROADWAY,0096,704003M,,JUNCTION BOX ITS TYPE A,2,U,"NORTHEAST REMSCO CONSTRUCTION, INC.","$4,900.00","$9,800.00"
14140,140,0003,NON-PARTICIPATING (ROADWAY),0097,801006M,,SELECTIVE THINNING,556,SY,KONKUS CORPORATION,$0.01,$5.56
14140,140,0003,NON-PARTICIPATING (ROADWAY),0097,801006M,,SELECTIVE THINNING,556,SY,"POWER CONCRETE CO., INC.",$6.00,"$3,336.00"
14140,140,0003,NON-PARTICIPATING (ROADWAY),0097,801006M,,SELECTIVE THINNING,556,SY,"D'ANNUNZIO & SONS, INC.",$7.00,"$3,892.00"
14140,140,0003,NON-PARTICIPATING (ROADWAY),0097,801006M,,SELECTIVE THINNING,556,SY,"J.F.CREAMER & SON A JOINT VENTURE WITH JOSEPH M. SANZARI,INC",$6.00,"$3,336.00"
14140,140,0003,NON-PARTICIPATING (ROADWAY),0097,801006M,,SELECTIVE THINNING,556,SY,"NORTHEAST REMSCO CONSTRUCTION, INC.",$19.00,"$10,564.00"
14140,140,0005,GENERAL LANDSCAPE,0098,804006P,,"TOPSOILING, 4"" THICK",835,SY,KONKUS CORPORATION,$10.00,"$8,350.00"
14140,140,0005,GENERAL LANDSCAPE,0098,804006P,,"TOPSOILING, 4"" THICK",835,SY,"POWER CONCRETE CO., INC.",$3.50,"$2,922.50"
14140,140,0005,GENERAL LANDSCAPE,0098,804006P,,"TOPSOILING, 4"" THICK",835,SY,"D'ANNUNZIO & SONS, INC.",$4.00,"$3,340.00"
14140,140,0005,GENERAL LANDSCAPE,0098,804006P,,"TOPSOILING, 4"" THICK",835,SY,"J.F.CREAMER & SON A JOINT VENTURE WITH JOSEPH M. SANZARI,INC",$3.00,"$2,505.00"
14140,140,0005,GENERAL LANDSCAPE,0098,804006P,,"TOPSOILING, 4"" THICK",835,SY,"NORTHEAST REMSCO CONSTRUCTION, INC.",$3.25,"$2,713.75"
14140,140,0004,EROSION CONTROL,0099,806018P,,"FERTILIZING AND SEEDING, TYPE F",84,SY,KONKUS CORPORATION,$1.00,$84.00
14140,140,0004,EROSION CONTROL,0099,806018P,,"FERTILIZING AND SEEDING, TYPE F",84,SY,"POWER CONCRETE CO., INC.",$1.25,$105.00
14140,140,0004,EROSION CONTROL,0099,806018P,,"FERTILIZING AND SEEDING, TYPE F",84,SY,"D'ANNUNZIO & SONS, INC.",$2.00,$168.00
14140,140,0004,EROSION CONTROL,0099,806018P,,"FERTILIZING AND SEEDING, TYPE F",84,SY,"J.F.CREAMER & SON A JOINT VENTURE WITH JOSEPH M. SANZARI,INC",$1.00,$84.00
14140,140,0004,EROSION CONTROL,0099,806018P,,"FERTILIZING AND SEEDING, TYPE F",84,SY,"NORTHEAST REMSCO CONSTRUCTION, INC.",$1.05,$88.20
14140,140,0005,GENERAL LANDSCAPE,0100,806019P,,"FERTILIZING AND SEEDING, TYPE M",835,SY,KONKUS CORPORATION,$1.00,$835.00
14140,140,0005,GENERAL LANDSCAPE,0100,806019P,,"FERTILIZING AND SEEDING, TYPE M",835,SY,"POWER CONCRETE CO., INC.",$1.25,"$1,043.75"
14140,140,0005,GENERAL LANDSCAPE,0100,806019P,,"FERTILIZING AND SEEDING, TYPE M",835,SY,"D'ANNUNZIO & SONS, INC.",$2.00,"$1,670.00"
14140,140,0005,GENERAL LANDSCAPE,0100,806019P,,"FERTILIZING AND SEEDING, TYPE M",835,SY,"J.F.CREAMER & SON A JOINT VENTURE WITH JOSEPH M. SANZARI,INC",$1.00,$835.00
14140,140,0005,GENERAL LANDSCAPE,0100,806019P,,"FERTILIZING AND SEEDING, TYPE M",835,SY,"NORTHEAST REMSCO CONSTRUCTION, INC.",$1.05,$876.75
14140,140,0005,GENERAL LANDSCAPE,0101,807006M,,"TOPSOIL STABILIZATION, TYPE 2 MAT",279,SY,KONKUS CORPORATION,$7.00,"$1,953.00"
14140,140,0005,GENERAL LANDSCAPE,0101,807006M,,"TOPSOIL STABILIZATION, TYPE 2 MAT",279,SY,"POWER CONCRETE CO., INC.",$6.00,"$1,674.00"
14140,140,0005,GENERAL LANDSCAPE,0101,807006M,,"TOPSOIL STABILIZATION, TYPE 2 MAT",279,SY,"D'ANNUNZIO & SONS, INC.",$6.00,"$1,674.00"
14140,140,0005,GENERAL LANDSCAPE,0101,807006M,,"TOPSOIL STABILIZATION, TYPE 2 MAT",279,SY,"J.F.CREAMER & SON A JOINT VENTURE WITH JOSEPH M. SANZARI,INC",$5.00,"$1,395.00"
14140,140,0005,GENERAL LANDSCAPE,0101,807006M,,"TOPSOIL STABILIZATION, TYPE 2 MAT",279,SY,"NORTHEAST REMSCO CONSTRUCTION, INC.",$5.05,"$1,408.95"
14140,140,0005,GENERAL LANDSCAPE,0102,809003M,,STRAW MULCHING,919,SY,KONKUS CORPORATION,$1.00,$919.00
14140,140,0005,GENERAL LANDSCAPE,0102,809003M,,STRAW MULCHING,919,SY,"POWER CONCRETE CO., INC.",$1.25,"$1,148.75"
14140,140,0005,GENERAL LANDSCAPE,0102,809003M,,STRAW MULCHING,919,SY,"D'ANNUNZIO & SONS, INC.",$2.00,"$1,838.00"
14140,140,0005,GENERAL LANDSCAPE,0102,809003M,,STRAW MULCHING,919,SY,"J.F.CREAMER & SON A JOINT VENTURE WITH JOSEPH M. SANZARI,INC",$1.00,$919.00
14140,140,0005,GENERAL LANDSCAPE,0102,809003M,,STRAW MULCHING,919,SY,"NORTHEAST REMSCO CONSTRUCTION, INC.",$1.05,$964.95
14140,140,0003,NON-PARTICIPATING (ROADWAY),0103,810003M,,MOWING,1,ACRE,KONKUS CORPORATION,$0.01,$0.01
14140,140,0003,NON-PARTICIPATING (ROADWAY),0103,810003M,,MOWING,1,ACRE,"POWER CONCRETE CO., INC.",$800.00,$800.00
14140,140,0003,NON-PARTICIPATING (ROADWAY),0103,810003M,,MOWING,1,ACRE,"D'ANNUNZIO & SONS, INC.",$800.00,$800.00
14140,140,0003,NON-PARTICIPATING (ROADWAY),0103,810003M,,MOWING,1,ACRE,"J.F.CREAMER & SON A JOINT VENTURE WITH JOSEPH M. SANZARI,INC",$250.00,$250.00
14140,140,0003,NON-PARTICIPATING (ROADWAY),0103,810003M,,MOWING,1,ACRE,"NORTHEAST REMSCO CONSTRUCTION, INC.",$745.00,$745.00
14140,140,0006,BRIDGE    0910-153,0104,201006P,,"CLEARING SITE, BRIDGE (___) 0910-153",1,LS,KONKUS CORPORATION,"$1,000,000.00","$1,000,000.00"
14140,140,0006,BRIDGE    0910-153,0104,201006P,,"CLEARING SITE, BRIDGE (___) 0910-153",1,LS,"POWER CONCRETE CO., INC.","$1,178,000.00","$1,178,000.00"
14140,140,0006,BRIDGE    0910-153,0104,201006P,,"CLEARING SITE, BRIDGE (___) 0910-153",1,LS,"D'ANNUNZIO & SONS, INC.","$1,078,000.00","$1,078,000.00"
14140,140,0006,BRIDGE    0910-153,0104,201006P,,"CLEARING SITE, BRIDGE (___) 0910-153",1,LS,"J.F.CREAMER & SON A JOINT VENTURE WITH JOSEPH M. SANZARI,INC","$1,100,000.00","$1,100,000.00"
14140,140,0006,BRIDGE    0910-153,0104,201006P,,"CLEARING SITE, BRIDGE (___) 0910-153",1,LS,"NORTHEAST REMSCO CONSTRUCTION, INC.","$1,078,000.00","$1,078,000.00"
14140,140,0006,BRIDGE    0910-153,0105,201037P,,"ASBESTOS REMOVAL, BRIDGE NO. ___ 0910-153",1,LS,KONKUS CORPORATION,"$44,000.00","$44,000.00"
14140,140,0006,BRIDGE    0910-153,0105,201037P,,"ASBESTOS REMOVAL, BRIDGE NO. ___ 0910-153",1,LS,"POWER CONCRETE CO., INC.","$66,102.00","$66,102.00"
14140,140,0006,BRIDGE    0910-153,0105,201037P,,"ASBESTOS REMOVAL, BRIDGE NO. ___ 0910-153",1,LS,"D'ANNUNZIO & SONS, INC.","$92,000.00","$92,000.00"
14140,140,0006,BRIDGE    0910-153,0105,201037P,,"ASBESTOS REMOVAL, BRIDGE NO. ___ 0910-153",1,LS,"J.F.CREAMER & SON A JOINT VENTURE WITH JOSEPH M. SANZARI,INC","$150,000.00","$150,000.00"
14140,140,0006,BRIDGE    0910-153,0105,201037P,,"ASBESTOS REMOVAL, BRIDGE NO. ___ 0910-153",1,LS,"NORTHEAST REMSCO CONSTRUCTION, INC.","$25,000.00","$25,000.00"
14140,140,0006,BRIDGE    0910-153,0106,201039P,,TEMPORARY SHIELDING,1,LS,KONKUS CORPORATION,"$925,000.00","$925,000.00"
14140,140,0006,BRIDGE    0910-153,0106,201039P,,TEMPORARY SHIELDING,1,LS,"POWER CONCRETE CO., INC.","$370,000.00","$370,000.00"
14140,140,0006,BRIDGE    0910-153,0106,201039P,,TEMPORARY SHIELDING,1,LS,"D'ANNUNZIO & SONS, INC.","$400,000.00","$400,000.00"
14140,140,0006,BRIDGE    0910-153,0106,201039P,,TEMPORARY SHIELDING,1,LS,"J.F.CREAMER & SON A JOINT VENTURE WITH JOSEPH M. SANZARI,INC","$1,780,000.00","$1,780,000.00"
14140,140,0006,BRIDGE    0910-153,0106,201039P,,TEMPORARY SHIELDING,1,LS,"NORTHEAST REMSCO CONSTRUCTION, INC.","$300,000.00","$300,000.00"
14140,140,0006,BRIDGE    0910-153,0107,504006P,,"REINFORCEMENT STEEL, EPOXY-COATED","609,526",LB,KONKUS CORPORATION,$1.50,"$914,289.00"
14140,140,0006,BRIDGE    0910-153,0107,504006P,,"REINFORCEMENT STEEL, EPOXY-COATED","609,526",LB,"POWER CONCRETE CO., INC.",$2.00,"$1,219,052.00"
14140,140,0006,BRIDGE    0910-153,0107,504006P,,"REINFORCEMENT STEEL, EPOXY-COATED","609,526",LB,"D'ANNUNZIO & SONS, INC.",$2.60,"$1,584,767.60"
14140,140,0006,BRIDGE    0910-153,0107,504006P,,"REINFORCEMENT STEEL, EPOXY-COATED","609,526",LB,"J.F.CREAMER & SON A JOINT VENTURE WITH JOSEPH M. SANZARI,INC",$2.50,"$1,523,815.00"
14140,140,0006,BRIDGE    0910-153,0107,504006P,,"REINFORCEMENT STEEL, EPOXY-COATED","609,526",LB,"NORTHEAST REMSCO CONSTRUCTION, INC.",$3.00,"$1,828,578.00"
14140,140,0006,BRIDGE    0910-153,0108,504022P,,"CONCRETE PIER COLUMN AND CAP, LIGHTWEIGHT CONCRETE",270,CY,KONKUS CORPORATION,"$2,400.00","$648,000.00"
14140,140,0006,BRIDGE    0910-153,0108,504022P,,"CONCRETE PIER COLUMN AND CAP, LIGHTWEIGHT CONCRETE",270,CY,"POWER CONCRETE CO., INC.","$1,600.00","$432,000.00"
14140,140,0006,BRIDGE    0910-153,0108,504022P,,"CONCRETE PIER COLUMN AND CAP, LIGHTWEIGHT CONCRETE",270,CY,"D'ANNUNZIO & SONS, INC.","$3,000.00","$810,000.00"
14140,140,0006,BRIDGE    0910-153,0108,504022P,,"CONCRETE PIER COLUMN AND CAP, LIGHTWEIGHT CONCRETE",270,CY,"J.F.CREAMER & SON A JOINT VENTURE WITH JOSEPH M. SANZARI,INC","$3,000.00","$810,000.00"
14140,140,0006,BRIDGE    0910-153,0108,504022P,,"CONCRETE PIER COLUMN AND CAP, LIGHTWEIGHT CONCRETE",270,CY,"NORTHEAST REMSCO CONSTRUCTION, INC.","$5,500.00","$1,485,000.00"
14140,140,0006,BRIDGE    0910-153,0109,504036P,,EPOXY WATERPROOFING,400,SY,KONKUS CORPORATION,$50.00,"$20,000.00"
14140,140,0006,BRIDGE    0910-153,0109,504036P,,EPOXY WATERPROOFING,400,SY,"POWER CONCRETE CO., INC.",$50.00,"$20,000.00"
14140,140,0006,BRIDGE    0910-153,0109,504036P,,EPOXY WATERPROOFING,400,SY,"D'ANNUNZIO & SONS, INC.",$60.00,"$24,000.00"
14140,140,0006,BRIDGE    0910-153,0109,504036P,,EPOXY WATERPROOFING,400,SY,"J.F.CREAMER & SON A JOINT VENTURE WITH JOSEPH M. SANZARI,INC",$55.00,"$22,000.00"
14140,140,0006,BRIDGE    0910-153,0109,504036P,,EPOXY WATERPROOFING,400,SY,"NORTHEAST REMSCO CONSTRUCTION, INC.",$45.00,"$18,000.00"
14140,140,0006,BRIDGE    0910-153,0110,506003P,,STRUCTURAL STEEL,1,LS,KONKUS CORPORATION,"$2,701,250.00","$2,701,250.00"
14140,140,0006,BRIDGE    0910-153,0110,506003P,,STRUCTURAL STEEL,1,LS,"POWER CONCRETE CO., INC.","$2,469,000.00","$2,469,000.00"
14140,140,0006,BRIDGE    0910-153,0110,506003P,,STRUCTURAL STEEL,1,LS,"D'ANNUNZIO & SONS, INC.","$2,950,000.00","$2,950,000.00"
14140,140,0006,BRIDGE    0910-153,0110,506003P,,STRUCTURAL STEEL,1,LS,"J.F.CREAMER & SON A JOINT VENTURE WITH JOSEPH M. SANZARI,INC","$2,577,000.00","$2,577,000.00"
14140,140,0006,BRIDGE    0910-153,0110,506003P,,STRUCTURAL STEEL,1,LS,"NORTHEAST REMSCO CONSTRUCTION, INC.","$2,500,000.00","$2,500,000.00"
14140,140,0006,BRIDGE    0910-153,0111,506006P,,REINFORCED ELASTOMERIC BEARING ASSEMBLY (MAIN SPANS),224,U,KONKUS CORPORATION,"$2,766.58","$619,713.92"
14140,140,0006,BRIDGE    0910-153,0111,506006P,,REINFORCED ELASTOMERIC BEARING ASSEMBLY (MAIN SPANS),224,U,"POWER CONCRETE CO., INC.","$2,400.00","$537,600.00"
14140,140,0006,BRIDGE    0910-153,0111,506006P,,REINFORCED ELASTOMERIC BEARING ASSEMBLY (MAIN SPANS),224,U,"D'ANNUNZIO & SONS, INC.","$3,000.00","$672,000.00"
14140,140,0006,BRIDGE    0910-153,0111,506006P,,REINFORCED ELASTOMERIC BEARING ASSEMBLY (MAIN SPANS),224,U,"J.F.CREAMER & SON A JOINT VENTURE WITH JOSEPH M. SANZARI,INC","$2,800.00","$627,200.00"
14140,140,0006,BRIDGE    0910-153,0111,506006P,,REINFORCED ELASTOMERIC BEARING ASSEMBLY (MAIN SPANS),224,U,"NORTHEAST REMSCO CONSTRUCTION, INC.","$2,600.00","$582,400.00"
14140,140,0006,BRIDGE    0910-153,0112,506006P,,REINFORCED ELASTOMERIC BEARING ASSEMBLY (APPROACH SPANS),308,U,KONKUS CORPORATION,$730.54,"$225,006.32"
14140,140,0006,BRIDGE    0910-153,0112,506006P,,REINFORCED ELASTOMERIC BEARING ASSEMBLY (APPROACH SPANS),308,U,"POWER CONCRETE CO., INC.","$2,000.00","$616,000.00"
14140,140,0006,BRIDGE    0910-153,0112,506006P,,REINFORCED ELASTOMERIC BEARING ASSEMBLY (APPROACH SPANS),308,U,"D'ANNUNZIO & SONS, INC.",$600.00,"$184,800.00"
14140,140,0006,BRIDGE    0910-153,0112,506006P,,REINFORCED ELASTOMERIC BEARING ASSEMBLY (APPROACH SPANS),308,U,"J.F.CREAMER & SON A JOINT VENTURE WITH JOSEPH M. SANZARI,INC","$1,250.00","$385,000.00"
14140,140,0006,BRIDGE    0910-153,0112,506006P,,REINFORCED ELASTOMERIC BEARING ASSEMBLY (APPROACH SPANS),308,U,"NORTHEAST REMSCO CONSTRUCTION, INC.",$750.00,"$231,000.00"
14140,140,0006,BRIDGE    0910-153,0113,506012P,,SHEAR CONNECTOR,"33,276",U,KONKUS CORPORATION,$4.20,"$139,759.20"
14140,140,0006,BRIDGE    0910-153,0113,506012P,,SHEAR CONNECTOR,"33,276",U,"POWER CONCRETE CO., INC.",$6.00,"$199,656.00"
14140,140,0006,BRIDGE    0910-153,0113,506012P,,SHEAR CONNECTOR,"33,276",U,"D'ANNUNZIO & SONS, INC.",$5.00,"$166,380.00"
14140,140,0006,BRIDGE    0910-153,0113,506012P,,SHEAR CONNECTOR,"33,276",U,"J.F.CREAMER & SON A JOINT VENTURE WITH JOSEPH M. SANZARI,INC",$5.00,"$166,380.00"
14140,140,0006,BRIDGE    0910-153,0113,506012P,,SHEAR CONNECTOR,"33,276",U,"NORTHEAST REMSCO CONSTRUCTION, INC.",$6.00,"$199,656.00"
14140,140,0006,BRIDGE    0910-153,0114,507015P,,STRIP SEAL EXPANSION JOINT ASSEMBLY,576,LF,KONKUS CORPORATION,$769.96,"$443,496.96"
14140,140,0006,BRIDGE    0910-153,0114,507015P,,STRIP SEAL EXPANSION JOINT ASSEMBLY,576,LF,"POWER CONCRETE CO., INC.",$350.00,"$201,600.00"
14140,140,0006,BRIDGE    0910-153,0114,507015P,,STRIP SEAL EXPANSION JOINT ASSEMBLY,576,LF,"D'ANNUNZIO & SONS, INC.",$650.00,"$374,400.00"
14140,140,0006,BRIDGE    0910-153,0114,507015P,,STRIP SEAL EXPANSION JOINT ASSEMBLY,576,LF,"J.F.CREAMER & SON A JOINT VENTURE WITH JOSEPH M. SANZARI,INC",$425.00,"$244,800.00"
14140,140,0006,BRIDGE    0910-153,0114,507015P,,STRIP SEAL EXPANSION JOINT ASSEMBLY,576,LF,"NORTHEAST REMSCO CONSTRUCTION, INC.",$550.00,"$316,800.00"
14140,140,0006,BRIDGE    0910-153,0115,507077P,,"CONCRETE BRIDGE PARAPET, LIGHTWEIGHT CONCRETE WITH CORROSION INHIBITOR","2,464",LF,KONKUS CORPORATION,$215.00,"$529,760.00"
14140,140,0006,BRIDGE    0910-153,0115,507077P,,"CONCRETE BRIDGE PARAPET, LIGHTWEIGHT CONCRETE WITH CORROSION INHIBITOR","2,464",LF,"POWER CONCRETE CO., INC.",$200.00,"$492,800.00"
14140,140,0006,BRIDGE    0910-153,0115,507077P,,"CONCRETE BRIDGE PARAPET, LIGHTWEIGHT CONCRETE WITH CORROSION INHIBITOR","2,464",LF,"D'ANNUNZIO & SONS, INC.",$205.00,"$505,120.00"
14140,140,0006,BRIDGE    0910-153,0115,507077P,,"CONCRETE BRIDGE PARAPET, LIGHTWEIGHT CONCRETE WITH CORROSION INHIBITOR","2,464",LF,"J.F.CREAMER & SON A JOINT VENTURE WITH JOSEPH M. SANZARI,INC",$250.00,"$616,000.00"
14140,140,0006,BRIDGE    0910-153,0115,507077P,,"CONCRETE BRIDGE PARAPET, LIGHTWEIGHT CONCRETE WITH CORROSION INHIBITOR","2,464",LF,"NORTHEAST REMSCO CONSTRUCTION, INC.",$187.00,"$460,768.00"
14140,140,0006,BRIDGE    0910-153,0116,507076P,,"CONCRETE BRIDGE SIDEWALK, LIGHTWEIGHT CONCRETE WITH CORROSION INHIBITOR",203,CY,KONKUS CORPORATION,$500.00,"$101,500.00"
14140,140,0006,BRIDGE    0910-153,0116,507076P,,"CONCRETE BRIDGE SIDEWALK, LIGHTWEIGHT CONCRETE WITH CORROSION INHIBITOR",203,CY,"POWER CONCRETE CO., INC.",$700.00,"$142,100.00"
14140,140,0006,BRIDGE    0910-153,0116,507076P,,"CONCRETE BRIDGE SIDEWALK, LIGHTWEIGHT CONCRETE WITH CORROSION INHIBITOR",203,CY,"D'ANNUNZIO & SONS, INC.",$700.00,"$142,100.00"
14140,140,0006,BRIDGE    0910-153,0116,507076P,,"CONCRETE BRIDGE SIDEWALK, LIGHTWEIGHT CONCRETE WITH CORROSION INHIBITOR",203,CY,"J.F.CREAMER & SON A JOINT VENTURE WITH JOSEPH M. SANZARI,INC",$575.00,"$116,725.00"
14140,140,0006,BRIDGE    0910-153,0116,507076P,,"CONCRETE BRIDGE SIDEWALK, LIGHTWEIGHT CONCRETE WITH CORROSION INHIBITOR",203,CY,"NORTHEAST REMSCO CONSTRUCTION, INC.",$226.00,"$45,878.00"
14140,140,0006,BRIDGE    0910-153,0117,507075P,,"CONCRETE BRIDGE DECK, LIGHTWEIGHT CONCRETE WITH CORROSION INHIBITOR","1,764",CY,KONKUS CORPORATION,$858.00,"$1,513,512.00"
14140,140,0006,BRIDGE    0910-153,0117,507075P,,"CONCRETE BRIDGE DECK, LIGHTWEIGHT CONCRETE WITH CORROSION INHIBITOR","1,764",CY,"POWER CONCRETE CO., INC.",$900.00,"$1,587,600.00"
14140,140,0006,BRIDGE    0910-153,0117,507075P,,"CONCRETE BRIDGE DECK, LIGHTWEIGHT CONCRETE WITH CORROSION INHIBITOR","1,764",CY,"D'ANNUNZIO & SONS, INC.","$1,750.00","$3,087,000.00"
14140,140,0006,BRIDGE    0910-153,0117,507075P,,"CONCRETE BRIDGE DECK, LIGHTWEIGHT CONCRETE WITH CORROSION INHIBITOR","1,764",CY,"J.F.CREAMER & SON A JOINT VENTURE WITH JOSEPH M. SANZARI,INC","$1,750.00","$3,087,000.00"
14140,140,0006,BRIDGE    0910-153,0117,507075P,,"CONCRETE BRIDGE DECK, LIGHTWEIGHT CONCRETE WITH CORROSION INHIBITOR","1,764",CY,"NORTHEAST REMSCO CONSTRUCTION, INC.","$1,915.00","$3,378,060.00"
14140,140,0006,BRIDGE    0910-153,0118,508006M,,SCUPPER,20,U,KONKUS CORPORATION,"$2,675.00","$53,500.00"
14140,140,0006,BRIDGE    0910-153,0118,508006M,,SCUPPER,20,U,"POWER CONCRETE CO., INC.","$1,500.00","$30,000.00"
14140,140,0006,BRIDGE    0910-153,0118,508006M,,SCUPPER,20,U,"D'ANNUNZIO & SONS, INC.","$2,800.00","$56,000.00"
14140,140,0006,BRIDGE    0910-153,0118,508006M,,SCUPPER,20,U,"J.F.CREAMER & SON A JOINT VENTURE WITH JOSEPH M. SANZARI,INC","$3,500.00","$70,000.00"
14140,140,0006,BRIDGE    0910-153,0118,508006M,,SCUPPER,20,U,"NORTHEAST REMSCO CONSTRUCTION, INC.","$3,000.00","$60,000.00"
14140,140,0006,BRIDGE    0910-153,0119,508902P,,"_____"" FIBERGLASS PIPE 6""",64,LF,KONKUS CORPORATION,$330.00,"$21,120.00"
14140,140,0006,BRIDGE    0910-153,0119,508902P,,"_____"" FIBERGLASS PIPE 6""",64,LF,"POWER CONCRETE CO., INC.",$30.00,"$1,920.00"
14140,140,0006,BRIDGE    0910-153,0119,508902P,,"_____"" FIBERGLASS PIPE 6""",64,LF,"D'ANNUNZIO & SONS, INC.",$300.00,"$19,200.00"
14140,140,0006,BRIDGE    0910-153,0119,508902P,,"_____"" FIBERGLASS PIPE 6""",64,LF,"J.F.CREAMER & SON A JOINT VENTURE WITH JOSEPH M. SANZARI,INC",$300.00,"$19,200.00"
14140,140,0006,BRIDGE    0910-153,0119,508902P,,"_____"" FIBERGLASS PIPE 6""",64,LF,"NORTHEAST REMSCO CONSTRUCTION, INC.",$100.00,"$6,400.00"
14140,140,0006,BRIDGE    0910-153,0120,555003M,,SUBSTRUCTURE CONCRETE REPAIR,338,SF,KONKUS CORPORATION,$125.00,"$42,250.00"
14140,140,0006,BRIDGE    0910-153,0120,555003M,,SUBSTRUCTURE CONCRETE REPAIR,338,SF,"POWER CONCRETE CO., INC.",$150.00,"$50,700.00"
14140,140,0006,BRIDGE    0910-153,0120,555003M,,SUBSTRUCTURE CONCRETE REPAIR,338,SF,"D'ANNUNZIO & SONS, INC.",$250.00,"$84,500.00"
14140,140,0006,BRIDGE    0910-153,0120,555003M,,SUBSTRUCTURE CONCRETE REPAIR,338,SF,"J.F.CREAMER & SON A JOINT VENTURE WITH JOSEPH M. SANZARI,INC",$175.00,"$59,150.00"
14140,140,0006,BRIDGE    0910-153,0120,555003M,,SUBSTRUCTURE CONCRETE REPAIR,338,SF,"NORTHEAST REMSCO CONSTRUCTION, INC.",$251.00,"$84,838.00"
14140,140,0006,BRIDGE    0910-153,0121,552003M,,"PRESSURE INJECTION, CONCRETE CRACKS",663,LF,KONKUS CORPORATION,$95.00,"$62,985.00"
14140,140,0006,BRIDGE    0910-153,0121,552003M,,"PRESSURE INJECTION, CONCRETE CRACKS",663,LF,"POWER CONCRETE CO., INC.",$50.00,"$33,150.00"
14140,140,0006,BRIDGE    0910-153,0121,552003M,,"PRESSURE INJECTION, CONCRETE CRACKS",663,LF,"D'ANNUNZIO & SONS, INC.",$80.00,"$53,040.00"
14140,140,0006,BRIDGE    0910-153,0121,552003M,,"PRESSURE INJECTION, CONCRETE CRACKS",663,LF,"J.F.CREAMER & SON A JOINT VENTURE WITH JOSEPH M. SANZARI,INC",$145.00,"$96,135.00"
14140,140,0006,BRIDGE    0910-153,0121,552003M,,"PRESSURE INJECTION, CONCRETE CRACKS",663,LF,"NORTHEAST REMSCO CONSTRUCTION, INC.",$85.00,"$56,355.00"
14140,140,0006,BRIDGE    0910-153,0122,701012P,,"1 1/2"" RIGID METALLIC CONDUIT",60,LF,KONKUS CORPORATION,$138.00,"$8,280.00"
14140,140,0006,BRIDGE    0910-153,0122,701012P,,"1 1/2"" RIGID METALLIC CONDUIT",60,LF,"POWER CONCRETE CO., INC.",$28.00,"$1,680.00"
14140,140,0006,BRIDGE    0910-153,0122,701012P,,"1 1/2"" RIGID METALLIC CONDUIT",60,LF,"D'ANNUNZIO & SONS, INC.",$130.00,"$7,800.00"
14140,140,0006,BRIDGE    0910-153,0122,701012P,,"1 1/2"" RIGID METALLIC CONDUIT",60,LF,"J.F.CREAMER & SON A JOINT VENTURE WITH JOSEPH M. SANZARI,INC",$125.00,"$7,500.00"
14140,140,0006,BRIDGE    0910-153,0122,701012P,,"1 1/2"" RIGID METALLIC CONDUIT",60,LF,"NORTHEAST REMSCO CONSTRUCTION, INC.",$126.00,"$7,560.00"
14140,140,0006,BRIDGE    0910-153,0123,701015P,,"2"" RIGID METALLIC CONDUIT","1,242",LF,KONKUS CORPORATION,$30.25,"$37,570.50"
14140,140,0006,BRIDGE    0910-153,0123,701015P,,"2"" RIGID METALLIC CONDUIT","1,242",LF,"POWER CONCRETE CO., INC.",$30.00,"$37,260.00"
14140,140,0006,BRIDGE    0910-153,0123,701015P,,"2"" RIGID METALLIC CONDUIT","1,242",LF,"D'ANNUNZIO & SONS, INC.",$30.00,"$37,260.00"
14140,140,0006,BRIDGE    0910-153,0123,701015P,,"2"" RIGID METALLIC CONDUIT","1,242",LF,"J.F.CREAMER & SON A JOINT VENTURE WITH JOSEPH M. SANZARI,INC",$30.00,"$37,260.00"
14140,140,0006,BRIDGE    0910-153,0123,701015P,,"2"" RIGID METALLIC CONDUIT","1,242",LF,"NORTHEAST REMSCO CONSTRUCTION, INC.",$27.55,"$34,217.10"
14140,140,0006,BRIDGE    0910-153,0124,701021P,,"3"" RIGID METALLIC CONDUIT","3,726",LF,KONKUS CORPORATION,$36.85,"$137,303.10"
14140,140,0006,BRIDGE    0910-153,0124,701021P,,"3"" RIGID METALLIC CONDUIT","3,726",LF,"POWER CONCRETE CO., INC.",$35.00,"$130,410.00"
14140,140,0006,BRIDGE    0910-153,0124,701021P,,"3"" RIGID METALLIC CONDUIT","3,726",LF,"D'ANNUNZIO & SONS, INC.",$34.00,"$126,684.00"
14140,140,0006,BRIDGE    0910-153,0124,701021P,,"3"" RIGID METALLIC CONDUIT","3,726",LF,"J.F.CREAMER & SON A JOINT VENTURE WITH JOSEPH M. SANZARI,INC",$40.00,"$149,040.00"
14140,140,0006,BRIDGE    0910-153,0124,701021P,,"3"" RIGID METALLIC CONDUIT","3,726",LF,"NORTHEAST REMSCO CONSTRUCTION, INC.",$33.55,"$125,007.30"
14140,140,0006,BRIDGE    0910-153,0125,701096M,,"10"" X 36"" JUNCTION BOX",25,U,KONKUS CORPORATION,"$1,320.00","$33,000.00"
14140,140,0006,BRIDGE    0910-153,0125,701096M,,"10"" X 36"" JUNCTION BOX",25,U,"POWER CONCRETE CO., INC.","$1,500.00","$37,500.00"
14140,140,0006,BRIDGE    0910-153,0125,701096M,,"10"" X 36"" JUNCTION BOX",25,U,"D'ANNUNZIO & SONS, INC.","$1,300.00","$32,500.00"
14140,140,0006,BRIDGE    0910-153,0125,701096M,,"10"" X 36"" JUNCTION BOX",25,U,"J.F.CREAMER & SON A JOINT VENTURE WITH JOSEPH M. SANZARI,INC","$1,250.00","$31,250.00"
14140,140,0006,BRIDGE    0910-153,0125,701096M,,"10"" X 36"" JUNCTION BOX",25,U,"NORTHEAST REMSCO CONSTRUCTION, INC.","$1,225.00","$30,625.00"