Proposal,Call Order,Section Number,Section Description,Line,Item,Alternate Code,Item Description,Quantity,Unit,Vendor Name,Unit Price,Extension
15136,136,0001,ROADWAY,0001,151006M,,PERFORMANCE BOND AND PAYMENT BOND,1,DOLL,"RITACCO CONSTRUCTION, INC.","$10,000.00","$10,000.00"
15136,136,0001,ROADWAY,0001,151006M,,PERFORMANCE BOND AND PAYMENT BOND,1,DOLL,"BERTO CONSTRUCTION, INC.","$17,000.00","$17,000.00"
15136,136,0001,ROADWAY,0001,151006M,,PERFORMANCE BOND AND PAYMENT BOND,1,DOLL,"J.F.CREAMER & SON A JOINT VENTURE WITH JOSEPH M. SANZARI,INC","$17,000.00","$17,000.00"
15136,136,0001,ROADWAY,0001,151006M,,PERFORMANCE BOND AND PAYMENT BOND,1,DOLL,"MONTANA CONSTRUCTION CORP., INC.","$20,397.00","$20,397.00"
15136,136,0003,NON PARTICIPATING ROADWAY,0002,152004P,,OWNER'S AND CONTRACTOR'S PROTECTIVE LIABILITY INSURANCE,1,DOLL,"RITACCO CONSTRUCTION, INC.","$4,000.00","$4,000.00"
15136,136,0003,NON PARTICIPATING ROADWAY,0002,152004P,,OWNER'S AND CONTRACTOR'S PROTECTIVE LIABILITY INSURANCE,1,DOLL,"BERTO CONSTRUCTION, INC.","$7,500.00","$7,500.00"
15136,136,0003,NON PARTICIPATING ROADWAY,0002,152004P,,OWNER'S AND CONTRACTOR'S PROTECTIVE LIABILITY INSURANCE,1,DOLL,"J.F.CREAMER & SON A JOINT VENTURE WITH JOSEPH M. SANZARI,INC","$8,000.00","$8,000.00"
15136,136,0003,NON PARTICIPATING ROADWAY,0002,152004P,,OWNER'S AND CONTRACTOR'S PROTECTIVE LIABILITY INSURANCE,1,DOLL,"MONTANA CONSTRUCTION CORP., INC.","$4,500.00","$4,500.00"
15136,136,0003,NON PARTICIPATING ROADWAY,0003,152015P,,POLLUTION LIABILITY INSURANCE,1,DOLL,"RITACCO CONSTRUCTION, INC.","$9,000.00","$9,000.00"
15136,136,0003,NON PARTICIPATING ROADWAY,0003,152015P,,POLLUTION LIABILITY INSURANCE,1,DOLL,"BERTO CONSTRUCTION, INC.","$10,500.00","$10,500.00"
15136,136,0003,NON PARTICIPATING ROADWAY,0003,152015P,,POLLUTION LIABILITY INSURANCE,1,DOLL,"J.F.CREAMER & SON A JOINT VENTURE WITH JOSEPH M. SANZARI,INC",$1.00,$1.00
15136,136,0003,NON PARTICIPATING ROADWAY,0003,152015P,,POLLUTION LIABILITY INSURANCE,1,DOLL,"MONTANA CONSTRUCTION CORP., INC.","$13,000.00","$13,000.00"
15136,136,0001,ROADWAY,0004,153003P,,PROGRESS SCHEDULE,1,LS,"RITACCO CONSTRUCTION, INC.","$1,500.00","$1,500.00"
15136,136,0001,ROADWAY,0004,153003P,,PROGRESS SCHEDULE,1,LS,"BERTO CONSTRUCTION, INC.","$2,000.00","$2,000.00"
15136,136,0001,ROADWAY,0004,153003P,,PROGRESS SCHEDULE,1,LS,"J.F.CREAMER & SON A JOINT VENTURE WITH JOSEPH M. SANZARI,INC","$4,600.00","$4,600.00"
15136,136,0001,ROADWAY,0004,153003P,,PROGRESS SCHEDULE,1,LS,"MONTANA CONSTRUCTION CORP., INC.","$7,000.00","$7,000.00"
15136,136,0001,ROADWAY,0005,153005M,,PROGRESS SCHEDULE UPDATE,6,U,"RITACCO CONSTRUCTION, INC.",$250.00,"$1,500.00"
15136,136,0001,ROADWAY,0005,153005M,,PROGRESS SCHEDULE UPDATE,6,U,"BERTO CONSTRUCTION, INC.",$1.00,$6.00
15136,136,0001,ROADWAY,0005,153005M,,PROGRESS SCHEDULE UPDATE,6,U,"J.F.CREAMER & SON A JOINT VENTURE WITH JOSEPH M. SANZARI,INC",$100.00,$600.00
15136,136,0001,ROADWAY,0005,153005M,,PROGRESS SCHEDULE UPDATE,6,U,"MONTANA CONSTRUCTION CORP., INC.",$600.00,"$3,600.00"
15136,136,0001,ROADWAY,0006,153011M,,TRAINEES,"3,500",HOUR,"RITACCO CONSTRUCTION, INC.",$1.00,"$3,500.00"
15136,136,0001,ROADWAY,0006,153011M,,TRAINEES,"3,500",HOUR,"BERTO CONSTRUCTION, INC.",$1.00,"$3,500.00"
15136,136,0001,ROADWAY,0006,153011M,,TRAINEES,"3,500",HOUR,"J.F.CREAMER & SON A JOINT VENTURE WITH JOSEPH M. SANZARI,INC",$1.00,"$3,500.00"
15136,136,0001,ROADWAY,0006,153011M,,TRAINEES,"3,500",HOUR,"MONTANA CONSTRUCTION CORP., INC.",$25.00,"$87,500.00"
15136,136,0001,ROADWAY,0007,154003P,,MOBILIZATION,1,LS,"RITACCO CONSTRUCTION, INC.","$142,400.00","$142,400.00"
15136,136,0001,ROADWAY,0007,154003P,,MOBILIZATION,1,LS,"BERTO CONSTRUCTION, INC.","$68,000.00","$68,000.00"
15136,136,0001,ROADWAY,0007,154003P,,MOBILIZATION,1,LS,"J.F.CREAMER & SON A JOINT VENTURE WITH JOSEPH M. SANZARI,INC","$196,200.00","$196,200.00"
15136,136,0001,ROADWAY,0007,154003P,,MOBILIZATION,1,LS,"MONTANA CONSTRUCTION CORP., INC.","$120,000.00","$120,000.00"
15136,136,0002,CONSTRUCTION ENGINEERING,0008,155006M,,FIELD OFFICE TYPE B SET UP,1,U,"RITACCO CONSTRUCTION, INC.","$2,500.00","$2,500.00"
15136,136,0002,CONSTRUCTION ENGINEERING,0008,155006M,,FIELD OFFICE TYPE B SET UP,1,U,"BERTO CONSTRUCTION, INC.","$25,000.00","$25,000.00"
15136,136,0002,CONSTRUCTION ENGINEERING,0008,155006M,,FIELD OFFICE TYPE B SET UP,1,U,"J.F.CREAMER & SON A JOINT VENTURE WITH JOSEPH M. SANZARI,INC","$45,000.00","$45,000.00"
15136,136,0002,CONSTRUCTION ENGINEERING,0008,155006M,,FIELD OFFICE TYPE B SET UP,1,U,"MONTANA CONSTRUCTION CORP., INC.","$15,584.00","$15,584.00"
15136,136,0002,CONSTRUCTION ENGINEERING,0009,155024M,,FIELD OFFICE TYPE B MAINTENANCE,15,MO,"RITACCO CONSTRUCTION, INC.",$500.00,"$7,500.00"
15136,136,0002,CONSTRUCTION ENGINEERING,0009,155024M,,FIELD OFFICE TYPE B MAINTENANCE,15,MO,"BERTO CONSTRUCTION, INC.","$1,900.00","$28,500.00"
15136,136,0002,CONSTRUCTION ENGINEERING,0009,155024M,,FIELD OFFICE TYPE B MAINTENANCE,15,MO,"J.F.CREAMER & SON A JOINT VENTURE WITH JOSEPH M. SANZARI,INC","$1,500.00","$22,500.00"
15136,136,0002,CONSTRUCTION ENGINEERING,0009,155024M,,FIELD OFFICE TYPE B MAINTENANCE,15,MO,"MONTANA CONSTRUCTION CORP., INC.","$2,250.00","$33,750.00"
15136,136,0002,CONSTRUCTION ENGINEERING,0010,156003M,,MATERIALS FIELD LABORATORY SET-UP,1,U,"RITACCO CONSTRUCTION, INC.","$4,500.00","$4,500.00"
15136,136,0002,CONSTRUCTION ENGINEERING,0010,156003M,,MATERIALS FIELD LABORATORY SET-UP,1,U,"BERTO CONSTRUCTION, INC.","$35,000.00","$35,000.00"
15136,136,0002,CONSTRUCTION ENGINEERING,0010,156003M,,MATERIALS FIELD LABORATORY SET-UP,1,U,"J.F.CREAMER & SON A JOINT VENTURE WITH JOSEPH M. SANZARI,INC",$1.00,$1.00
15136,136,0002,CONSTRUCTION ENGINEERING,0010,156003M,,MATERIALS FIELD LABORATORY SET-UP,1,U,"MONTANA CONSTRUCTION CORP., INC.","$14,520.00","$14,520.00"
15136,136,0002,CONSTRUCTION ENGINEERING,0011,156006M,,MATERIALS FIELD LABORATORY MAINTENANCE,15,MO,"RITACCO CONSTRUCTION, INC.",$700.00,"$10,500.00"
15136,136,0002,CONSTRUCTION ENGINEERING,0011,156006M,,MATERIALS FIELD LABORATORY MAINTENANCE,15,MO,"BERTO CONSTRUCTION, INC.","$2,000.00","$30,000.00"
15136,136,0002,CONSTRUCTION ENGINEERING,0011,156006M,,MATERIALS FIELD LABORATORY MAINTENANCE,15,MO,"J.F.CREAMER & SON A JOINT VENTURE WITH JOSEPH M. SANZARI,INC","$1,000.00","$15,000.00"
15136,136,0002,CONSTRUCTION ENGINEERING,0011,156006M,,MATERIALS FIELD LABORATORY MAINTENANCE,15,MO,"MONTANA CONSTRUCTION CORP., INC.",$750.00,"$11,250.00"
15136,136,0002,CONSTRUCTION ENGINEERING,0012,156015M,,NUCLEAR DENSITY GAUGE,1,U,"RITACCO CONSTRUCTION, INC.","$5,000.00","$5,000.00"
15136,136,0002,CONSTRUCTION ENGINEERING,0012,156015M,,NUCLEAR DENSITY GAUGE,1,U,"BERTO CONSTRUCTION, INC.","$9,000.00","$9,000.00"
15136,136,0002,CONSTRUCTION ENGINEERING,0012,156015M,,NUCLEAR DENSITY GAUGE,1,U,"J.F.CREAMER & SON A JOINT VENTURE WITH JOSEPH M. SANZARI,INC",$1.00,$1.00
15136,136,0002,CONSTRUCTION ENGINEERING,0012,156015M,,NUCLEAR DENSITY GAUGE,1,U,"MONTANA CONSTRUCTION CORP., INC.","$2,500.00","$2,500.00"
15136,136,0001,ROADWAY,0013,157004M,,CONSTRUCTION LAYOUT,1,DOLL,"RITACCO CONSTRUCTION, INC.","$20,000.00","$20,000.00"
15136,136,0001,ROADWAY,0013,157004M,,CONSTRUCTION LAYOUT,1,DOLL,"BERTO CONSTRUCTION, INC.","$20,000.00","$20,000.00"
15136,136,0001,ROADWAY,0013,157004M,,CONSTRUCTION LAYOUT,1,DOLL,"J.F.CREAMER & SON A JOINT VENTURE WITH JOSEPH M. SANZARI,INC","$62,000.00","$62,000.00"
15136,136,0001,ROADWAY,0013,157004M,,CONSTRUCTION LAYOUT,1,DOLL,"MONTANA CONSTRUCTION CORP., INC.","$45,500.00","$45,500.00"
15136,136,0004,EROSION CONTROL,0014,158006M,,SILT FENCE,520,LF,"RITACCO CONSTRUCTION, INC.",$5.00,"$2,600.00"
15136,136,0004,EROSION CONTROL,0014,158006M,,SILT FENCE,520,LF,"BERTO CONSTRUCTION, INC.",$8.00,"$4,160.00"
15136,136,0004,EROSION CONTROL,0014,158006M,,SILT FENCE,520,LF,"J.F.CREAMER & SON A JOINT VENTURE WITH JOSEPH M. SANZARI,INC",$8.00,"$4,160.00"
15136,136,0004,EROSION CONTROL,0014,158006M,,SILT FENCE,520,LF,"MONTANA CONSTRUCTION CORP., INC.",$4.90,"$2,548.00"
15136,136,0004,EROSION CONTROL,0015,158015M,,HAYBALE,25,U,"RITACCO CONSTRUCTION, INC.",$0.01,$0.25
15136,136,0004,EROSION CONTROL,0015,158015M,,HAYBALE,25,U,"BERTO CONSTRUCTION, INC.",$5.00,$125.00
15136,136,0004,EROSION CONTROL,0015,158015M,,HAYBALE,25,U,"J.F.CREAMER & SON A JOINT VENTURE WITH JOSEPH M. SANZARI,INC",$40.00,"$1,000.00"
15136,136,0004,EROSION CONTROL,0015,158015M,,HAYBALE,25,U,"MONTANA CONSTRUCTION CORP., INC.",$15.00,$375.00
15136,136,0004,EROSION CONTROL,0016,158060M,,CONSTRUCTION DRIVEWAY,30,T,"RITACCO CONSTRUCTION, INC.",$0.01,$0.30
15136,136,0004,EROSION CONTROL,0016,158060M,,CONSTRUCTION DRIVEWAY,30,T,"BERTO CONSTRUCTION, INC.",$1.00,$30.00
15136,136,0004,EROSION CONTROL,0016,158060M,,CONSTRUCTION DRIVEWAY,30,T,"J.F.CREAMER & SON A JOINT VENTURE WITH JOSEPH M. SANZARI,INC",$55.00,"$1,650.00"
15136,136,0004,EROSION CONTROL,0016,158060M,,CONSTRUCTION DRIVEWAY,30,T,"MONTANA CONSTRUCTION CORP., INC.",$26.00,$780.00
15136,136,0004,EROSION CONTROL,0017,158063P,,CONCRETE WASHOUT SYSTEM,1,LS,"RITACCO CONSTRUCTION, INC.","$1,500.00","$1,500.00"
15136,136,0004,EROSION CONTROL,0017,158063P,,CONCRETE WASHOUT SYSTEM,1,LS,"BERTO CONSTRUCTION, INC.","$2,500.00","$2,500.00"
15136,136,0004,EROSION CONTROL,0017,158063P,,CONCRETE WASHOUT SYSTEM,1,LS,"J.F.CREAMER & SON A JOINT VENTURE WITH JOSEPH M. SANZARI,INC","$2,500.00","$2,500.00"
15136,136,0004,EROSION CONTROL,0017,158063P,,CONCRETE WASHOUT SYSTEM,1,LS,"MONTANA CONSTRUCTION CORP., INC.","$3,600.00","$3,600.00"
15136,136,0004,EROSION CONTROL,0018,158072M,,"OIL ONLY EMERGENCY SPILL KIT, TYPE 1",2,U,"RITACCO CONSTRUCTION, INC.",$250.00,$500.00
15136,136,0004,EROSION CONTROL,0018,158072M,,"OIL ONLY EMERGENCY SPILL KIT, TYPE 1",2,U,"BERTO CONSTRUCTION, INC.","$2,000.00","$4,000.00"
15136,136,0004,EROSION CONTROL,0018,158072M,,"OIL ONLY EMERGENCY SPILL KIT, TYPE 1",2,U,"J.F.CREAMER & SON A JOINT VENTURE WITH JOSEPH M. SANZARI,INC",$400.00,$800.00
15136,136,0004,EROSION CONTROL,0018,158072M,,"OIL ONLY EMERGENCY SPILL KIT, TYPE 1",2,U,"MONTANA CONSTRUCTION CORP., INC.","$2,500.00","$5,000.00"
15136,136,0004,EROSION CONTROL,0019,158084M,,EROSION CONTROL SEDIMENT REMOVAL,20,CY,"RITACCO CONSTRUCTION, INC.",$0.01,$0.20
15136,136,0004,EROSION CONTROL,0019,158084M,,EROSION CONTROL SEDIMENT REMOVAL,20,CY,"BERTO CONSTRUCTION, INC.",$0.05,$1.00
15136,136,0004,EROSION CONTROL,0019,158084M,,EROSION CONTROL SEDIMENT REMOVAL,20,CY,"J.F.CREAMER & SON A JOINT VENTURE WITH JOSEPH M. SANZARI,INC",$1.00,$20.00
15136,136,0004,EROSION CONTROL,0019,158084M,,EROSION CONTROL SEDIMENT REMOVAL,20,CY,"MONTANA CONSTRUCTION CORP., INC.",$37.50,$750.00
15136,136,0001,ROADWAY,0020,159003M,,BREAKAWAY BARRICADE,20,U,"RITACCO CONSTRUCTION, INC.",$25.00,$500.00
15136,136,0001,ROADWAY,0020,159003M,,BREAKAWAY BARRICADE,20,U,"BERTO CONSTRUCTION, INC.",$600.00,"$12,000.00"
15136,136,0001,ROADWAY,0020,159003M,,BREAKAWAY BARRICADE,20,U,"J.F.CREAMER & SON A JOINT VENTURE WITH JOSEPH M. SANZARI,INC",$100.00,"$2,000.00"
15136,136,0001,ROADWAY,0020,159003M,,BREAKAWAY BARRICADE,20,U,"MONTANA CONSTRUCTION CORP., INC.",$90.00,"$1,800.00"
15136,136,0001,ROADWAY,0021,159006M,,DRUM,27,U,"RITACCO CONSTRUCTION, INC.",$15.00,$405.00
15136,136,0001,ROADWAY,0021,159006M,,DRUM,27,U,"BERTO CONSTRUCTION, INC.",$600.00,"$16,200.00"
15136,136,0001,ROADWAY,0021,159006M,,DRUM,27,U,"J.F.CREAMER & SON A JOINT VENTURE WITH JOSEPH M. SANZARI,INC",$50.00,"$1,350.00"
15136,136,0001,ROADWAY,0021,159006M,,DRUM,27,U,"MONTANA CONSTRUCTION CORP., INC.",$58.00,"$1,566.00"
15136,136,0001,ROADWAY,0022,159009M,,TRAFFIC CONE,27,U,"RITACCO CONSTRUCTION, INC.",$5.00,$135.00
15136,136,0001,ROADWAY,0022,159009M,,TRAFFIC CONE,27,U,"BERTO CONSTRUCTION, INC.",$600.00,"$16,200.00"
15136,136,0001,ROADWAY,0022,159009M,,TRAFFIC CONE,27,U,"J.F.CREAMER & SON A JOINT VENTURE WITH JOSEPH M. SANZARI,INC",$15.00,$405.00
15136,136,0001,ROADWAY,0022,159009M,,TRAFFIC CONE,27,U,"MONTANA CONSTRUCTION CORP., INC.",$15.50,$418.50
15136,136,0001,ROADWAY,0023,159012M,,CONSTRUCTION SIGNS,700,SF,"RITACCO CONSTRUCTION, INC.",$11.00,"$7,700.00"
15136,136,0001,ROADWAY,0023,159012M,,CONSTRUCTION SIGNS,700,SF,"BERTO CONSTRUCTION, INC.",$10.00,"$7,000.00"
15136,136,0001,ROADWAY,0023,159012M,,CONSTRUCTION SIGNS,700,SF,"J.F.CREAMER & SON A JOINT VENTURE WITH JOSEPH M. SANZARI,INC",$20.00,"$14,000.00"
15136,136,0001,ROADWAY,0023,159012M,,CONSTRUCTION SIGNS,700,SF,"MONTANA CONSTRUCTION CORP., INC.",$15.00,"$10,500.00"
15136,136,0001,ROADWAY,0024,159015M,,"CONSTRUCTION IDENTIFICATION SIGN, 4' X 8'",2,U,"RITACCO CONSTRUCTION, INC.",$250.00,$500.00
15136,136,0001,ROADWAY,0024,159015M,,"CONSTRUCTION IDENTIFICATION SIGN, 4' X 8'",2,U,"BERTO CONSTRUCTION, INC.","$1,500.00","$3,000.00"
15136,136,0001,ROADWAY,0024,159015M,,"CONSTRUCTION IDENTIFICATION SIGN, 4' X 8'",2,U,"J.F.CREAMER & SON A JOINT VENTURE WITH JOSEPH M. SANZARI,INC","$1,500.00","$3,000.00"
15136,136,0001,ROADWAY,0024,159015M,,"CONSTRUCTION IDENTIFICATION SIGN, 4' X 8'",2,U,"MONTANA CONSTRUCTION CORP., INC.","$2,500.00","$5,000.00"
15136,136,0001,ROADWAY,0025,159021P,,CONSTRUCTION BARRIER CURB,240,LF,"RITACCO CONSTRUCTION, INC.",$50.00,"$12,000.00"
15136,136,0001,ROADWAY,0025,159021P,,CONSTRUCTION BARRIER CURB,240,LF,"BERTO CONSTRUCTION, INC.",$200.00,"$48,000.00"
15136,136,0001,ROADWAY,0025,159021P,,CONSTRUCTION BARRIER CURB,240,LF,"J.F.CREAMER & SON A JOINT VENTURE WITH JOSEPH M. SANZARI,INC",$80.00,"$19,200.00"
15136,136,0001,ROADWAY,0025,159021P,,CONSTRUCTION BARRIER CURB,240,LF,"MONTANA CONSTRUCTION CORP., INC.",$136.00,"$32,640.00"
15136,136,0001,ROADWAY,0026,159024M,,"FLASHING ARROW BOARD, 2' X 4'",2,U,"RITACCO CONSTRUCTION, INC.",$200.00,$400.00
15136,136,0001,ROADWAY,0026,159024M,,"FLASHING ARROW BOARD, 2' X 4'",2,U,"BERTO CONSTRUCTION, INC.","$4,000.00","$8,000.00"
15136,136,0001,ROADWAY,0026,159024M,,"FLASHING ARROW BOARD, 2' X 4'",2,U,"J.F.CREAMER & SON A JOINT VENTURE WITH JOSEPH M. SANZARI,INC","$1,300.00","$2,600.00"
15136,136,0001,ROADWAY,0026,159024M,,"FLASHING ARROW BOARD, 2' X 4'",2,U,"MONTANA CONSTRUCTION CORP., INC.","$2,950.00","$5,900.00"
15136,136,0001,ROADWAY,0027,159027M,,"FLASHING ARROW BOARD, 4' X 8'",2,U,"RITACCO CONSTRUCTION, INC.",$200.00,$400.00
15136,136,0001,ROADWAY,0027,159027M,,"FLASHING ARROW BOARD, 4' X 8'",2,U,"BERTO CONSTRUCTION, INC.","$4,000.00","$8,000.00"
15136,136,0001,ROADWAY,0027,159027M,,"FLASHING ARROW BOARD, 4' X 8'",2,U,"J.F.CREAMER & SON A JOINT VENTURE WITH JOSEPH M. SANZARI,INC","$1,500.00","$3,000.00"
15136,136,0001,ROADWAY,0027,159027M,,"FLASHING ARROW BOARD, 4' X 8'",2,U,"MONTANA CONSTRUCTION CORP., INC.","$2,100.00","$4,200.00"
15136,136,0001,ROADWAY,0028,159029M,,PORTABLE VARIABLE MESSAGE SIGN W/REMOTE COMMUNICATION,2,U,"RITACCO CONSTRUCTION, INC.",$400.00,$800.00
15136,136,0001,ROADWAY,0028,159029M,,PORTABLE VARIABLE MESSAGE SIGN W/REMOTE COMMUNICATION,2,U,"BERTO CONSTRUCTION, INC.","$12,000.00","$24,000.00"
15136,136,0001,ROADWAY,0028,159029M,,PORTABLE VARIABLE MESSAGE SIGN W/REMOTE COMMUNICATION,2,U,"J.F.CREAMER & SON A JOINT VENTURE WITH JOSEPH M. SANZARI,INC","$7,000.00","$14,000.00"
15136,136,0001,ROADWAY,0028,159029M,,PORTABLE VARIABLE MESSAGE SIGN W/REMOTE COMMUNICATION,2,U,"MONTANA CONSTRUCTION CORP., INC.","$16,700.00","$33,400.00"
15136,136,0001,ROADWAY,0029,159108M,,TRAFFIC CONTROL TRUCK WITH MOUNTED CRASH CUSHION,2,U,"RITACCO CONSTRUCTION, INC.",$800.00,"$1,600.00"
15136,136,0001,ROADWAY,0029,159108M,,TRAFFIC CONTROL TRUCK WITH MOUNTED CRASH CUSHION,2,U,"BERTO CONSTRUCTION, INC.","$20,000.00","$40,000.00"
15136,136,0001,ROADWAY,0029,159108M,,TRAFFIC CONTROL TRUCK WITH MOUNTED CRASH CUSHION,2,U,"J.F.CREAMER & SON A JOINT VENTURE WITH JOSEPH M. SANZARI,INC","$10,000.00","$20,000.00"
15136,136,0001,ROADWAY,0029,159108M,,TRAFFIC CONTROL TRUCK WITH MOUNTED CRASH CUSHION,2,U,"MONTANA CONSTRUCTION CORP., INC.","$15,000.00","$30,000.00"
15136,136,0001,ROADWAY,0030,159114M,,"REMOVABLE BLACK LINE MASKING TAPE, 6""","1,100",LF,"RITACCO CONSTRUCTION, INC.",$2.65,"$2,915.00"
15136,136,0001,ROADWAY,0030,159114M,,"REMOVABLE BLACK LINE MASKING TAPE, 6""","1,100",LF,"BERTO CONSTRUCTION, INC.",$3.00,"$3,300.00"
15136,136,0001,ROADWAY,0030,159114M,,"REMOVABLE BLACK LINE MASKING TAPE, 6""","1,100",LF,"J.F.CREAMER & SON A JOINT VENTURE WITH JOSEPH M. SANZARI,INC",$3.00,"$3,300.00"
15136,136,0001,ROADWAY,0030,159114M,,"REMOVABLE BLACK LINE MASKING TAPE, 6""","1,100",LF,"MONTANA CONSTRUCTION CORP., INC.",$5.00,"$5,500.00"
15136,136,0001,ROADWAY,0031,159120M,,"TEMPORARY PAVEMENT MARKING TAPE, 4""","4,000",LF,"RITACCO CONSTRUCTION, INC.",$1.70,"$6,800.00"
15136,136,0001,ROADWAY,0031,159120M,,"TEMPORARY PAVEMENT MARKING TAPE, 4""","4,000",LF,"BERTO CONSTRUCTION, INC.",$2.00,"$8,000.00"
15136,136,0001,ROADWAY,0031,159120M,,"TEMPORARY PAVEMENT MARKING TAPE, 4""","4,000",LF,"J.F.CREAMER & SON A JOINT VENTURE WITH JOSEPH M. SANZARI,INC",$1.85,"$7,400.00"
15136,136,0001,ROADWAY,0031,159120M,,"TEMPORARY PAVEMENT MARKING TAPE, 4""","4,000",LF,"MONTANA CONSTRUCTION CORP., INC.",$3.00,"$12,000.00"
15136,136,0001,ROADWAY,0032,159144M,,EMERGENCY TOWING SERVICE,100,U,"RITACCO CONSTRUCTION, INC.",$0.01,$1.00
15136,136,0001,ROADWAY,0032,159144M,,EMERGENCY TOWING SERVICE,100,U,"BERTO CONSTRUCTION, INC.",$0.01,$1.00
15136,136,0001,ROADWAY,0032,159144M,,EMERGENCY TOWING SERVICE,100,U,"J.F.CREAMER & SON A JOINT VENTURE WITH JOSEPH M. SANZARI,INC",$1.00,$100.00
15136,136,0001,ROADWAY,0032,159144M,,EMERGENCY TOWING SERVICE,100,U,"MONTANA CONSTRUCTION CORP., INC.",$25.00,"$2,500.00"
15136,136,0001,ROADWAY,0033,159212M,,"TEMPORARY CRASH CUSHION, COMPRESSIVE BARRIER, TYPE 3, WIDTH NARROW",1,U,"RITACCO CONSTRUCTION, INC.","$10,000.00","$10,000.00"
15136,136,0001,ROADWAY,0033,159212M,,"TEMPORARY CRASH CUSHION, COMPRESSIVE BARRIER, TYPE 3, WIDTH NARROW",1,U,"BERTO CONSTRUCTION, INC.","$40,000.00","$40,000.00"
15136,136,0001,ROADWAY,0033,159212M,,"TEMPORARY CRASH CUSHION, COMPRESSIVE BARRIER, TYPE 3, WIDTH NARROW",1,U,"J.F.CREAMER & SON A JOINT VENTURE WITH JOSEPH M. SANZARI,INC","$12,000.00","$12,000.00"
15136,136,0001,ROADWAY,0033,159212M,,"TEMPORARY CRASH CUSHION, COMPRESSIVE BARRIER, TYPE 3, WIDTH NARROW",1,U,"MONTANA CONSTRUCTION CORP., INC.","$6,500.00","$6,500.00"
15136,136,0001,ROADWAY,0034,161003P,,FINAL CLEANUP,1,LS,"RITACCO CONSTRUCTION, INC.","$2,500.00","$2,500.00"
15136,136,0001,ROADWAY,0034,161003P,,FINAL CLEANUP,1,LS,"BERTO CONSTRUCTION, INC.","$2,500.00","$2,500.00"
15136,136,0001,ROADWAY,0034,161003P,,FINAL CLEANUP,1,LS,"J.F.CREAMER & SON A JOINT VENTURE WITH JOSEPH M. SANZARI,INC","$3,000.00","$3,000.00"
15136,136,0001,ROADWAY,0034,161003P,,FINAL CLEANUP,1,LS,"MONTANA CONSTRUCTION CORP., INC.","$12,283.00","$12,283.00"
15136,136,0001,ROADWAY,0035,201003P,,CLEARING SITE,1,LS,"RITACCO CONSTRUCTION, INC.","$40,000.00","$40,000.00"
15136,136,0001,ROADWAY,0035,201003P,,CLEARING SITE,1,LS,"BERTO CONSTRUCTION, INC.","$40,000.00","$40,000.00"
15136,136,0001,ROADWAY,0035,201003P,,CLEARING SITE,1,LS,"J.F.CREAMER & SON A JOINT VENTURE WITH JOSEPH M. SANZARI,INC","$40,000.00","$40,000.00"
15136,136,0001,ROADWAY,0035,201003P,,CLEARING SITE,1,LS,"MONTANA CONSTRUCTION CORP., INC.","$40,000.00","$40,000.00"
15136,136,0001,ROADWAY,0036,202009P,,"EXCAVATION, UNCLASSIFIED",163,CY,"RITACCO CONSTRUCTION, INC.",$20.00,"$3,260.00"
15136,136,0001,ROADWAY,0036,202009P,,"EXCAVATION, UNCLASSIFIED",163,CY,"BERTO CONSTRUCTION, INC.",$75.00,"$12,225.00"
15136,136,0001,ROADWAY,0036,202009P,,"EXCAVATION, UNCLASSIFIED",163,CY,"J.F.CREAMER & SON A JOINT VENTURE WITH JOSEPH M. SANZARI,INC",$162.00,"$26,406.00"
15136,136,0001,ROADWAY,0036,202009P,,"EXCAVATION, UNCLASSIFIED",163,CY,"MONTANA CONSTRUCTION CORP., INC.",$30.00,"$4,890.00"
15136,136,0001,ROADWAY,0037,202021P,,REMOVAL OF PAVEMENT,375,SY,"RITACCO CONSTRUCTION, INC.",$30.00,"$11,250.00"
15136,136,0001,ROADWAY,0037,202021P,,REMOVAL OF PAVEMENT,375,SY,"BERTO CONSTRUCTION, INC.",$40.00,"$15,000.00"
15136,136,0001,ROADWAY,0037,202021P,,REMOVAL OF PAVEMENT,375,SY,"J.F.CREAMER & SON A JOINT VENTURE WITH JOSEPH M. SANZARI,INC",$62.00,"$23,250.00"
15136,136,0001,ROADWAY,0037,202021P,,REMOVAL OF PAVEMENT,375,SY,"MONTANA CONSTRUCTION CORP., INC.",$165.00,"$61,875.00"
15136,136,0001,ROADWAY,0038,302036P,,"DENSE-GRADED AGGREGATE BASE COURSE, 6"" THICK",232,SY,"RITACCO CONSTRUCTION, INC.",$10.00,"$2,320.00"
15136,136,0001,ROADWAY,0038,302036P,,"DENSE-GRADED AGGREGATE BASE COURSE, 6"" THICK",232,SY,"BERTO CONSTRUCTION, INC.",$20.00,"$4,640.00"
15136,136,0001,ROADWAY,0038,302036P,,"DENSE-GRADED AGGREGATE BASE COURSE, 6"" THICK",232,SY,"J.F.CREAMER & SON A JOINT VENTURE WITH JOSEPH M. SANZARI,INC",$30.00,"$6,960.00"
15136,136,0001,ROADWAY,0038,302036P,,"DENSE-GRADED AGGREGATE BASE COURSE, 6"" THICK",232,SY,"MONTANA CONSTRUCTION CORP., INC.",$10.50,"$2,436.00"
15136,136,0001,ROADWAY,0039,401027M,,POLYMERIZED JOINT ADHESIVE,100,LF,"RITACCO CONSTRUCTION, INC.",$2.50,$250.00
15136,136,0001,ROADWAY,0039,401027M,,POLYMERIZED JOINT ADHESIVE,100,LF,"BERTO CONSTRUCTION, INC.",$5.00,$500.00
15136,136,0001,ROADWAY,0039,401027M,,POLYMERIZED JOINT ADHESIVE,100,LF,"J.F.CREAMER & SON A JOINT VENTURE WITH JOSEPH M. SANZARI,INC",$3.00,$300.00
15136,136,0001,ROADWAY,0039,401027M,,POLYMERIZED JOINT ADHESIVE,100,LF,"MONTANA CONSTRUCTION CORP., INC.",$15.00,"$1,500.00"
15136,136,0001,ROADWAY,0040,401030M,,TACK COAT,30,GAL,"RITACCO CONSTRUCTION, INC.",$0.01,$0.30
15136,136,0001,ROADWAY,0040,401030M,,TACK COAT,30,GAL,"BERTO CONSTRUCTION, INC.",$20.00,$600.00
15136,136,0001,ROADWAY,0040,401030M,,TACK COAT,30,GAL,"J.F.CREAMER & SON A JOINT VENTURE WITH JOSEPH M. SANZARI,INC",$0.01,$0.30
15136,136,0001,ROADWAY,0040,401030M,,TACK COAT,30,GAL,"MONTANA CONSTRUCTION CORP., INC.",$5.00,$150.00
15136,136,0001,ROADWAY,0041,401036M,,PRIME COAT,60,GAL,"RITACCO CONSTRUCTION, INC.",$0.01,$0.60
15136,136,0001,ROADWAY,0041,401036M,,PRIME COAT,60,GAL,"BERTO CONSTRUCTION, INC.",$1.00,$60.00
15136,136,0001,ROADWAY,0041,401036M,,PRIME COAT,60,GAL,"J.F.CREAMER & SON A JOINT VENTURE WITH JOSEPH M. SANZARI,INC",$0.01,$0.60
15136,136,0001,ROADWAY,0041,401036M,,PRIME COAT,60,GAL,"MONTANA CONSTRUCTION CORP., INC.",$4.00,$240.00
15136,136,0001,ROADWAY,0042,401054M,,HOT MIX ASPHALT 12.5 M 64 SURFACE COURSE,25,T,"RITACCO CONSTRUCTION, INC.",$190.00,"$4,750.00"
15136,136,0001,ROADWAY,0042,401054M,,HOT MIX ASPHALT 12.5 M 64 SURFACE COURSE,25,T,"BERTO CONSTRUCTION, INC.",$200.00,"$5,000.00"
15136,136,0001,ROADWAY,0042,401054M,,HOT MIX ASPHALT 12.5 M 64 SURFACE COURSE,25,T,"J.F.CREAMER & SON A JOINT VENTURE WITH JOSEPH M. SANZARI,INC",$250.00,"$6,250.00"
15136,136,0001,ROADWAY,0042,401054M,,HOT MIX ASPHALT 12.5 M 64 SURFACE COURSE,25,T,"MONTANA CONSTRUCTION CORP., INC.",$600.00,"$15,000.00"
15136,136,0001,ROADWAY,0043,401084M,,HOT MIX ASPHALT 19 M 64 INTERMEDIATE COURSE,37,T,"RITACCO CONSTRUCTION, INC.",$180.00,"$6,660.00"
15136,136,0001,ROADWAY,0043,401084M,,HOT MIX ASPHALT 19 M 64 INTERMEDIATE COURSE,37,T,"BERTO CONSTRUCTION, INC.",$195.00,"$7,215.00"
15136,136,0001,ROADWAY,0043,401084M,,HOT MIX ASPHALT 19 M 64 INTERMEDIATE COURSE,37,T,"J.F.CREAMER & SON A JOINT VENTURE WITH JOSEPH M. SANZARI,INC",$235.00,"$8,695.00"
15136,136,0001,ROADWAY,0043,401084M,,HOT MIX ASPHALT 19 M 64 INTERMEDIATE COURSE,37,T,"MONTANA CONSTRUCTION CORP., INC.",$333.00,"$12,321.00"
15136,136,0001,ROADWAY,0044,401099M,,HOT MIX ASPHALT 25 M 64 BASE COURSE,96,T,"RITACCO CONSTRUCTION, INC.",$170.00,"$16,320.00"
15136,136,0001,ROADWAY,0044,401099M,,HOT MIX ASPHALT 25 M 64 BASE COURSE,96,T,"BERTO CONSTRUCTION, INC.",$190.00,"$18,240.00"
15136,136,0001,ROADWAY,0044,401099M,,HOT MIX ASPHALT 25 M 64 BASE COURSE,96,T,"J.F.CREAMER & SON A JOINT VENTURE WITH JOSEPH M. SANZARI,INC",$225.00,"$21,600.00"
15136,136,0001,ROADWAY,0044,401099M,,HOT MIX ASPHALT 25 M 64 BASE COURSE,96,T,"MONTANA CONSTRUCTION CORP., INC.",$166.00,"$15,936.00"
15136,136,0001,ROADWAY,0045,607021P,,"9"" X 18"" CONCRETE VERTICAL CURB",245,LF,"RITACCO CONSTRUCTION, INC.",$20.00,"$4,900.00"
15136,136,0001,ROADWAY,0045,607021P,,"9"" X 18"" CONCRETE VERTICAL CURB",245,LF,"BERTO CONSTRUCTION, INC.",$42.00,"$10,290.00"
15136,136,0001,ROADWAY,0045,607021P,,"9"" X 18"" CONCRETE VERTICAL CURB",245,LF,"J.F.CREAMER & SON A JOINT VENTURE WITH JOSEPH M. SANZARI,INC",$45.00,"$11,025.00"
15136,136,0001,ROADWAY,0045,607021P,,"9"" X 18"" CONCRETE VERTICAL CURB",245,LF,"MONTANA CONSTRUCTION CORP., INC.",$19.00,"$4,655.00"
15136,136,0001,ROADWAY,0046,608015P,,"NONVEGETATIVE SURFACE, BROKEN STONE",122,SY,"RITACCO CONSTRUCTION, INC.",$30.00,"$3,660.00"
15136,136,0001,ROADWAY,0046,608015P,,"NONVEGETATIVE SURFACE, BROKEN STONE",122,SY,"BERTO CONSTRUCTION, INC.",$30.00,"$3,660.00"
15136,136,0001,ROADWAY,0046,608015P,,"NONVEGETATIVE SURFACE, BROKEN STONE",122,SY,"J.F.CREAMER & SON A JOINT VENTURE WITH JOSEPH M. SANZARI,INC",$63.00,"$7,686.00"
15136,136,0001,ROADWAY,0046,608015P,,"NONVEGETATIVE SURFACE, BROKEN STONE",122,SY,"MONTANA CONSTRUCTION CORP., INC.",$35.00,"$4,270.00"
15136,136,0001,ROADWAY,0047,609003M,,BEAM GUIDE RAIL,275,LF,"RITACCO CONSTRUCTION, INC.",$44.00,"$12,100.00"
15136,136,0001,ROADWAY,0047,609003M,,BEAM GUIDE RAIL,275,LF,"BERTO CONSTRUCTION, INC.",$45.00,"$12,375.00"
15136,136,0001,ROADWAY,0047,609003M,,BEAM GUIDE RAIL,275,LF,"J.F.CREAMER & SON A JOINT VENTURE WITH JOSEPH M. SANZARI,INC",$49.00,"$13,475.00"
15136,136,0001,ROADWAY,0047,609003M,,BEAM GUIDE RAIL,275,LF,"MONTANA CONSTRUCTION CORP., INC.",$41.00,"$11,275.00"
15136,136,0001,ROADWAY,0048,609021M,,RUB RAIL,275,LF,"RITACCO CONSTRUCTION, INC.",$9.00,"$2,475.00"
15136,136,0001,ROADWAY,0048,609021M,,RUB RAIL,275,LF,"BERTO CONSTRUCTION, INC.",$10.00,"$2,750.00"
15136,136,0001,ROADWAY,0048,609021M,,RUB RAIL,275,LF,"J.F.CREAMER & SON A JOINT VENTURE WITH JOSEPH M. SANZARI,INC",$10.00,"$2,750.00"
15136,136,0001,ROADWAY,0048,609021M,,RUB RAIL,275,LF,"MONTANA CONSTRUCTION CORP., INC.",$11.00,"$3,025.00"
15136,136,0001,ROADWAY,0049,609063M,,RESET BEAM GUIDE RAIL WITH EXISTING POSTS,10,LF,"RITACCO CONSTRUCTION, INC.",$18.00,$180.00
15136,136,0001,ROADWAY,0049,609063M,,RESET BEAM GUIDE RAIL WITH EXISTING POSTS,10,LF,"BERTO CONSTRUCTION, INC.",$20.00,$200.00
15136,136,0001,ROADWAY,0049,609063M,,RESET BEAM GUIDE RAIL WITH EXISTING POSTS,10,LF,"J.F.CREAMER & SON A JOINT VENTURE WITH JOSEPH M. SANZARI,INC",$400.00,"$4,000.00"
15136,136,0001,ROADWAY,0049,609063M,,RESET BEAM GUIDE RAIL WITH EXISTING POSTS,10,LF,"MONTANA CONSTRUCTION CORP., INC.",$65.00,$650.00
15136,136,0001,ROADWAY,0050,610003M,,"TRAFFIC STRIPES, 4""",900,LF,"RITACCO CONSTRUCTION, INC.",$1.70,"$1,530.00"
15136,136,0001,ROADWAY,0050,610003M,,"TRAFFIC STRIPES, 4""",900,LF,"BERTO CONSTRUCTION, INC.",$1.00,$900.00
15136,136,0001,ROADWAY,0050,610003M,,"TRAFFIC STRIPES, 4""",900,LF,"J.F.CREAMER & SON A JOINT VENTURE WITH JOSEPH M. SANZARI,INC",$2.00,"$1,800.00"
15136,136,0001,ROADWAY,0050,610003M,,"TRAFFIC STRIPES, 4""",900,LF,"MONTANA CONSTRUCTION CORP., INC.",$4.00,"$3,600.00"
15136,136,0001,ROADWAY,0051,610027M,,REMOVAL AND REPLACEMENT OF RPM LENS,25,U,"RITACCO CONSTRUCTION, INC.",$15.00,$375.00
15136,136,0001,ROADWAY,0051,610027M,,REMOVAL AND REPLACEMENT OF RPM LENS,25,U,"BERTO CONSTRUCTION, INC.",$15.00,$375.00
15136,136,0001,ROADWAY,0051,610027M,,REMOVAL AND REPLACEMENT OF RPM LENS,25,U,"J.F.CREAMER & SON A JOINT VENTURE WITH JOSEPH M. SANZARI,INC",$20.00,$500.00
15136,136,0001,ROADWAY,0051,610027M,,REMOVAL AND REPLACEMENT OF RPM LENS,25,U,"MONTANA CONSTRUCTION CORP., INC.",$50.00,"$1,250.00"
15136,136,0001,ROADWAY,0052,610036M,,REMOVAL OF TRAFFIC STRIPES,200,LF,"RITACCO CONSTRUCTION, INC.",$2.00,$400.00
15136,136,0001,ROADWAY,0052,610036M,,REMOVAL OF TRAFFIC STRIPES,200,LF,"BERTO CONSTRUCTION, INC.",$1.00,$200.00
15136,136,0001,ROADWAY,0052,610036M,,REMOVAL OF TRAFFIC STRIPES,200,LF,"J.F.CREAMER & SON A JOINT VENTURE WITH JOSEPH M. SANZARI,INC",$3.00,$600.00
15136,136,0001,ROADWAY,0052,610036M,,REMOVAL OF TRAFFIC STRIPES,200,LF,"MONTANA CONSTRUCTION CORP., INC.",$6.00,"$1,200.00"
15136,136,0001,ROADWAY,0053,701030P,,"3"" RIGID NONMETALLIC CONDUIT",230,LF,"RITACCO CONSTRUCTION, INC.",$25.00,"$5,750.00"
15136,136,0001,ROADWAY,0053,701030P,,"3"" RIGID NONMETALLIC CONDUIT",230,LF,"BERTO CONSTRUCTION, INC.",$25.00,"$5,750.00"
15136,136,0001,ROADWAY,0053,701030P,,"3"" RIGID NONMETALLIC CONDUIT",230,LF,"J.F.CREAMER & SON A JOINT VENTURE WITH JOSEPH M. SANZARI,INC",$17.00,"$3,910.00"
15136,136,0001,ROADWAY,0053,701030P,,"3"" RIGID NONMETALLIC CONDUIT",230,LF,"MONTANA CONSTRUCTION CORP., INC.",$25.00,"$5,750.00"
15136,136,0001,ROADWAY,0054,701102M,,"18"" X 36"" JUNCTION BOX",2,U,"RITACCO CONSTRUCTION, INC.","$2,350.00","$4,700.00"
15136,136,0001,ROADWAY,0054,701102M,,"18"" X 36"" JUNCTION BOX",2,U,"BERTO CONSTRUCTION, INC.","$2,400.00","$4,800.00"
15136,136,0001,ROADWAY,0054,701102M,,"18"" X 36"" JUNCTION BOX",2,U,"J.F.CREAMER & SON A JOINT VENTURE WITH JOSEPH M. SANZARI,INC","$1,800.00","$3,600.00"
15136,136,0001,ROADWAY,0054,701102M,,"18"" X 36"" JUNCTION BOX",2,U,"MONTANA CONSTRUCTION CORP., INC.","$2,350.00","$4,700.00"
15136,136,0001,ROADWAY,0055,701192P,,"GROUND WIRE, NO. 8 AWG",445,LF,"RITACCO CONSTRUCTION, INC.",$2.00,$890.00
15136,136,0001,ROADWAY,0055,701192P,,"GROUND WIRE, NO. 8 AWG",445,LF,"BERTO CONSTRUCTION, INC.",$3.00,"$1,335.00"
15136,136,0001,ROADWAY,0055,701192P,,"GROUND WIRE, NO. 8 AWG",445,LF,"J.F.CREAMER & SON A JOINT VENTURE WITH JOSEPH M. SANZARI,INC",$2.50,"$1,112.50"
15136,136,0001,ROADWAY,0055,701192P,,"GROUND WIRE, NO. 8 AWG",445,LF,"MONTANA CONSTRUCTION CORP., INC.",$2.00,$890.00
15136,136,0001,ROADWAY,0056,701195P,,"MULTIPLE LIGHTING WIRE, NO. 2 AWG","1,335",LF,"RITACCO CONSTRUCTION, INC.",$4.00,"$5,340.00"
15136,136,0001,ROADWAY,0056,701195P,,"MULTIPLE LIGHTING WIRE, NO. 2 AWG","1,335",LF,"BERTO CONSTRUCTION, INC.",$5.00,"$6,675.00"
15136,136,0001,ROADWAY,0056,701195P,,"MULTIPLE LIGHTING WIRE, NO. 2 AWG","1,335",LF,"J.F.CREAMER & SON A JOINT VENTURE WITH JOSEPH M. SANZARI,INC",$4.00,"$5,340.00"
15136,136,0001,ROADWAY,0056,701195P,,"MULTIPLE LIGHTING WIRE, NO. 2 AWG","1,335",LF,"MONTANA CONSTRUCTION CORP., INC.",$4.00,"$5,340.00"
15136,136,0001,ROADWAY,0057,703003M,,LIGHTING STANDARD ALUMINUM,2,U,"RITACCO CONSTRUCTION, INC.","$1,600.00","$3,200.00"
15136,136,0001,ROADWAY,0057,703003M,,LIGHTING STANDARD ALUMINUM,2,U,"BERTO CONSTRUCTION, INC.","$1,700.00","$3,400.00"
15136,136,0001,ROADWAY,0057,703003M,,LIGHTING STANDARD ALUMINUM,2,U,"J.F.CREAMER & SON A JOINT VENTURE WITH JOSEPH M. SANZARI,INC","$1,900.00","$3,800.00"
15136,136,0001,ROADWAY,0057,703003M,,LIGHTING STANDARD ALUMINUM,2,U,"MONTANA CONSTRUCTION CORP., INC.","$1,600.00","$3,200.00"
15136,136,0001,ROADWAY,0058,703012M,,LIGHTING MAST ARM ALUMINUM,2,U,"RITACCO CONSTRUCTION, INC.",$675.00,"$1,350.00"
15136,136,0001,ROADWAY,0058,703012M,,LIGHTING MAST ARM ALUMINUM,2,U,"BERTO CONSTRUCTION, INC.",$700.00,"$1,400.00"
15136,136,0001,ROADWAY,0058,703012M,,LIGHTING MAST ARM ALUMINUM,2,U,"J.F.CREAMER & SON A JOINT VENTURE WITH JOSEPH M. SANZARI,INC",$800.00,"$1,600.00"
15136,136,0001,ROADWAY,0058,703012M,,LIGHTING MAST ARM ALUMINUM,2,U,"MONTANA CONSTRUCTION CORP., INC.",$675.00,"$1,350.00"
15136,136,0001,ROADWAY,0059,703018M,,LUMINAIRE,2,U,"RITACCO CONSTRUCTION, INC.",$680.00,"$1,360.00"
15136,136,0001,ROADWAY,0059,703018M,,LUMINAIRE,2,U,"BERTO CONSTRUCTION, INC.",$800.00,"$1,600.00"
15136,136,0001,ROADWAY,0059,703018M,,LUMINAIRE,2,U,"J.F.CREAMER & SON A JOINT VENTURE WITH JOSEPH M. SANZARI,INC",$600.00,"$1,200.00"
15136,136,0001,ROADWAY,0059,703018M,,LUMINAIRE,2,U,"MONTANA CONSTRUCTION CORP., INC.",$680.00,"$1,360.00"
15136,136,0001,ROADWAY,0060,703033P,,TEMPORARY HIGHWAY LIGHTING SYSTEM,1,LS,"RITACCO CONSTRUCTION, INC.","$20,000.00","$20,000.00"
15136,136,0001,ROADWAY,0060,703033P,,TEMPORARY HIGHWAY LIGHTING SYSTEM,1,LS,"BERTO CONSTRUCTION, INC.","$50,000.00","$50,000.00"
15136,136,0001,ROADWAY,0060,703033P,,TEMPORARY HIGHWAY LIGHTING SYSTEM,1,LS,"J.F.CREAMER & SON A JOINT VENTURE WITH JOSEPH M. SANZARI,INC","$1,500.00","$1,500.00"
15136,136,0001,ROADWAY,0060,703033P,,TEMPORARY HIGHWAY LIGHTING SYSTEM,1,LS,"MONTANA CONSTRUCTION CORP., INC.","$21,500.00","$21,500.00"
15136,136,0005,BRIDGE,0061,201006P,,"CLEARING SITE, BRIDGE (___) 1414-177",1,LS,"RITACCO CONSTRUCTION, INC.","$132,000.00","$132,000.00"
15136,136,0005,BRIDGE,0061,201006P,,"CLEARING SITE, BRIDGE (___) 1414-177",1,LS,"BERTO CONSTRUCTION, INC.","$132,000.00","$132,000.00"
15136,136,0005,BRIDGE,0061,201006P,,"CLEARING SITE, BRIDGE (___) 1414-177",1,LS,"J.F.CREAMER & SON A JOINT VENTURE WITH JOSEPH M. SANZARI,INC","$132,000.00","$132,000.00"
15136,136,0005,BRIDGE,0061,201006P,,"CLEARING SITE, BRIDGE (___) 1414-177",1,LS,"MONTANA CONSTRUCTION CORP., INC.","$132,000.00","$132,000.00"
15136,136,0005,BRIDGE,0062,201039P,,TEMPORARY SHIELDING,1,LS,"RITACCO CONSTRUCTION, INC.","$275,844.35","$275,844.35"
15136,136,0005,BRIDGE,0062,201039P,,TEMPORARY SHIELDING,1,LS,"BERTO CONSTRUCTION, INC.","$250,000.00","$250,000.00"
15136,136,0005,BRIDGE,0062,201039P,,TEMPORARY SHIELDING,1,LS,"J.F.CREAMER & SON A JOINT VENTURE WITH JOSEPH M. SANZARI,INC","$262,000.00","$262,000.00"
15136,136,0005,BRIDGE,0062,201039P,,TEMPORARY SHIELDING,1,LS,"MONTANA CONSTRUCTION CORP., INC.","$573,293.00","$573,293.00"
15136,136,0005,BRIDGE,0063,203053M,,LIGHTWEIGHT FLOWABLE FILL,34,CY,"RITACCO CONSTRUCTION, INC.",$150.00,"$5,100.00"
15136,136,0005,BRIDGE,0063,203053M,,LIGHTWEIGHT FLOWABLE FILL,34,CY,"BERTO CONSTRUCTION, INC.",$200.00,"$6,800.00"
15136,136,0005,BRIDGE,0063,203053M,,LIGHTWEIGHT FLOWABLE FILL,34,CY,"J.F.CREAMER & SON A JOINT VENTURE WITH JOSEPH M. SANZARI,INC",$300.00,"$10,200.00"
15136,136,0005,BRIDGE,0063,203053M,,LIGHTWEIGHT FLOWABLE FILL,34,CY,"MONTANA CONSTRUCTION CORP., INC.",$136.00,"$4,624.00"
15136,136,0005,BRIDGE,0064,504006P,,"REINFORCEMENT STEEL, EPOXY-COATED","51,590",LB,"RITACCO CONSTRUCTION, INC.",$1.50,"$77,385.00"
15136,136,0005,BRIDGE,0064,504006P,,"REINFORCEMENT STEEL, EPOXY-COATED","51,590",LB,"BERTO CONSTRUCTION, INC.",$2.00,"$103,180.00"
15136,136,0005,BRIDGE,0064,504006P,,"REINFORCEMENT STEEL, EPOXY-COATED","51,590",LB,"J.F.CREAMER & SON A JOINT VENTURE WITH JOSEPH M. SANZARI,INC",$2.00,"$103,180.00"
15136,136,0005,BRIDGE,0064,504006P,,"REINFORCEMENT STEEL, EPOXY-COATED","51,590",LB,"MONTANA CONSTRUCTION CORP., INC.",$1.70,"$87,703.00"
15136,136,0005,BRIDGE,0065,504010P,,DRILL AND GROUT REINFORCEMENT STEEL,248,LF,"RITACCO CONSTRUCTION, INC.",$20.00,"$4,960.00"
15136,136,0005,BRIDGE,0065,504010P,,DRILL AND GROUT REINFORCEMENT STEEL,248,LF,"BERTO CONSTRUCTION, INC.",$15.00,"$3,720.00"
15136,136,0005,BRIDGE,0065,504010P,,DRILL AND GROUT REINFORCEMENT STEEL,248,LF,"J.F.CREAMER & SON A JOINT VENTURE WITH JOSEPH M. SANZARI,INC",$40.00,"$9,920.00"
15136,136,0005,BRIDGE,0065,504010P,,DRILL AND GROUT REINFORCEMENT STEEL,248,LF,"MONTANA CONSTRUCTION CORP., INC.",$100.00,"$24,800.00"
15136,136,0005,BRIDGE,0066,504025P,,MODIFICATION OF EXISTING ABUTMENTS,24,CY,"RITACCO CONSTRUCTION, INC.","$1,250.00","$30,000.00"
15136,136,0005,BRIDGE,0066,504025P,,MODIFICATION OF EXISTING ABUTMENTS,24,CY,"BERTO CONSTRUCTION, INC.","$3,000.00","$72,000.00"
15136,136,0005,BRIDGE,0066,504025P,,MODIFICATION OF EXISTING ABUTMENTS,24,CY,"J.F.CREAMER & SON A JOINT VENTURE WITH JOSEPH M. SANZARI,INC","$3,000.00","$72,000.00"
15136,136,0005,BRIDGE,0066,504025P,,MODIFICATION OF EXISTING ABUTMENTS,24,CY,"MONTANA CONSTRUCTION CORP., INC.",$956.00,"$22,944.00"
15136,136,0005,BRIDGE,0067,504036P,,EPOXY WATERPROOFING,71,SY,"RITACCO CONSTRUCTION, INC.",$25.00,"$1,775.00"
15136,136,0005,BRIDGE,0067,504036P,,EPOXY WATERPROOFING,71,SY,"BERTO CONSTRUCTION, INC.",$50.00,"$3,550.00"
15136,136,0005,BRIDGE,0067,504036P,,EPOXY WATERPROOFING,71,SY,"J.F.CREAMER & SON A JOINT VENTURE WITH JOSEPH M. SANZARI,INC",$45.00,"$3,195.00"
15136,136,0005,BRIDGE,0067,504036P,,EPOXY WATERPROOFING,71,SY,"MONTANA CONSTRUCTION CORP., INC.",$22.00,"$1,562.00"
15136,136,0005,BRIDGE,0068,506003P,,STRUCTURAL STEEL,1,LS,"RITACCO CONSTRUCTION, INC.","$35,000.00","$35,000.00"
15136,136,0005,BRIDGE,0068,506003P,,STRUCTURAL STEEL,1,LS,"BERTO CONSTRUCTION, INC.","$30,000.00","$30,000.00"
15136,136,0005,BRIDGE,0068,506003P,,STRUCTURAL STEEL,1,LS,"J.F.CREAMER & SON A JOINT VENTURE WITH JOSEPH M. SANZARI,INC","$60,000.00","$60,000.00"
15136,136,0005,BRIDGE,0068,506003P,,STRUCTURAL STEEL,1,LS,"MONTANA CONSTRUCTION CORP., INC.","$63,382.00","$63,382.00"
15136,136,0005,BRIDGE,0069,506009M,,STRUCTURAL BEARING ASSEMBLY,2,U,"RITACCO CONSTRUCTION, INC.","$5,000.00","$10,000.00"
15136,136,0005,BRIDGE,0069,506009M,,STRUCTURAL BEARING ASSEMBLY,2,U,"BERTO CONSTRUCTION, INC.","$9,000.00","$18,000.00"
15136,136,0005,BRIDGE,0069,506009M,,STRUCTURAL BEARING ASSEMBLY,2,U,"J.F.CREAMER & SON A JOINT VENTURE WITH JOSEPH M. SANZARI,INC","$8,000.00","$16,000.00"
15136,136,0005,BRIDGE,0069,506009M,,STRUCTURAL BEARING ASSEMBLY,2,U,"MONTANA CONSTRUCTION CORP., INC.","$10,532.00","$21,064.00"
15136,136,0005,BRIDGE,0070,506011M,,ANCHOR BOLT INSTALLATION,6,U,"RITACCO CONSTRUCTION, INC.",$25.00,$150.00
15136,136,0005,BRIDGE,0070,506011M,,ANCHOR BOLT INSTALLATION,6,U,"BERTO CONSTRUCTION, INC.",$500.00,"$3,000.00"
15136,136,0005,BRIDGE,0070,506011M,,ANCHOR BOLT INSTALLATION,6,U,"J.F.CREAMER & SON A JOINT VENTURE WITH JOSEPH M. SANZARI,INC",$500.00,"$3,000.00"
15136,136,0005,BRIDGE,0070,506011M,,ANCHOR BOLT INSTALLATION,6,U,"MONTANA CONSTRUCTION CORP., INC.",$517.00,"$3,102.00"
15136,136,0005,BRIDGE,0071,506012P,,SHEAR CONNECTOR,972,U,"RITACCO CONSTRUCTION, INC.",$4.00,"$3,888.00"
15136,136,0005,BRIDGE,0071,506012P,,SHEAR CONNECTOR,972,U,"BERTO CONSTRUCTION, INC.",$5.00,"$4,860.00"
15136,136,0005,BRIDGE,0071,506012P,,SHEAR CONNECTOR,972,U,"J.F.CREAMER & SON A JOINT VENTURE WITH JOSEPH M. SANZARI,INC",$5.00,"$4,860.00"
15136,136,0005,BRIDGE,0071,506012P,,SHEAR CONNECTOR,972,U,"MONTANA CONSTRUCTION CORP., INC.",$6.00,"$5,832.00"
15136,136,0005,BRIDGE,0072,507015P,,STRIP SEAL EXPANSION JOINT ASSEMBLY,135,LF,"RITACCO CONSTRUCTION, INC.",$300.00,"$40,500.00"
15136,136,0005,BRIDGE,0072,507015P,,STRIP SEAL EXPANSION JOINT ASSEMBLY,135,LF,"BERTO CONSTRUCTION, INC.",$350.00,"$47,250.00"
15136,136,0005,BRIDGE,0072,507015P,,STRIP SEAL EXPANSION JOINT ASSEMBLY,135,LF,"J.F.CREAMER & SON A JOINT VENTURE WITH JOSEPH M. SANZARI,INC",$535.00,"$72,225.00"
15136,136,0005,BRIDGE,0072,507015P,,STRIP SEAL EXPANSION JOINT ASSEMBLY,135,LF,"MONTANA CONSTRUCTION CORP., INC.",$374.00,"$50,490.00"
15136,136,0005,BRIDGE,0073,507024P,,"CONCRETE BRIDGE DECK, HPC",125,CY,"RITACCO CONSTRUCTION, INC.",$700.00,"$87,500.00"
15136,136,0005,BRIDGE,0073,507024P,,"CONCRETE BRIDGE DECK, HPC",125,CY,"BERTO CONSTRUCTION, INC.",$100.00,"$12,500.00"
15136,136,0005,BRIDGE,0073,507024P,,"CONCRETE BRIDGE DECK, HPC",125,CY,"J.F.CREAMER & SON A JOINT VENTURE WITH JOSEPH M. SANZARI,INC","$1,500.00","$187,500.00"
15136,136,0005,BRIDGE,0073,507024P,,"CONCRETE BRIDGE DECK, HPC",125,CY,"MONTANA CONSTRUCTION CORP., INC.",$981.00,"$122,625.00"
15136,136,0005,BRIDGE,0074,507039P,,"CONCRETE BRIDGE PARAPET, HPC",356,LF,"RITACCO CONSTRUCTION, INC.",$250.00,"$89,000.00"
15136,136,0005,BRIDGE,0074,507039P,,"CONCRETE BRIDGE PARAPET, HPC",356,LF,"BERTO CONSTRUCTION, INC.",$233.00,"$82,948.00"
15136,136,0005,BRIDGE,0074,507039P,,"CONCRETE BRIDGE PARAPET, HPC",356,LF,"J.F.CREAMER & SON A JOINT VENTURE WITH JOSEPH M. SANZARI,INC",$260.00,"$92,560.00"
15136,136,0005,BRIDGE,0074,507039P,,"CONCRETE BRIDGE PARAPET, HPC",356,LF,"MONTANA CONSTRUCTION CORP., INC.",$326.00,"$116,056.00"
15136,136,0005,BRIDGE,0075,507051P,,CONCRETE BRIDGE APPROACH,100,CY,"RITACCO CONSTRUCTION, INC.",$500.00,"$50,000.00"
15136,136,0005,BRIDGE,0075,507051P,,CONCRETE BRIDGE APPROACH,100,CY,"BERTO CONSTRUCTION, INC.",$100.00,"$10,000.00"
15136,136,0005,BRIDGE,0075,507051P,,CONCRETE BRIDGE APPROACH,100,CY,"J.F.CREAMER & SON A JOINT VENTURE WITH JOSEPH M. SANZARI,INC",$800.00,"$80,000.00"
15136,136,0005,BRIDGE,0075,507051P,,CONCRETE BRIDGE APPROACH,100,CY,"MONTANA CONSTRUCTION CORP., INC.",$665.00,"$66,500.00"
15136,136,0005,BRIDGE,0076,507053P,,BEAM JACKING,1,LS,"RITACCO CONSTRUCTION, INC.","$35,000.00","$35,000.00"
15136,136,0005,BRIDGE,0076,507053P,,BEAM JACKING,1,LS,"BERTO CONSTRUCTION, INC.","$15,000.00","$15,000.00"
15136,136,0005,BRIDGE,0076,507053P,,BEAM JACKING,1,LS,"J.F.CREAMER & SON A JOINT VENTURE WITH JOSEPH M. SANZARI,INC","$15,000.00","$15,000.00"
15136,136,0005,BRIDGE,0076,507053P,,BEAM JACKING,1,LS,"MONTANA CONSTRUCTION CORP., INC.","$18,536.00","$18,536.00"
15136,136,0005,BRIDGE,0077,552003M,,"PRESSURE INJECTION, CONCRETE CRACKS",30,LF,"RITACCO CONSTRUCTION, INC.",$125.00,"$3,750.00"
15136,136,0005,BRIDGE,0077,552003M,,"PRESSURE INJECTION, CONCRETE CRACKS",30,LF,"BERTO CONSTRUCTION, INC.",$150.00,"$4,500.00"
15136,136,0005,BRIDGE,0077,552003M,,"PRESSURE INJECTION, CONCRETE CRACKS",30,LF,"J.F.CREAMER & SON A JOINT VENTURE WITH JOSEPH M. SANZARI,INC",$350.00,"$10,500.00"
15136,136,0005,BRIDGE,0077,552003M,,"PRESSURE INJECTION, CONCRETE CRACKS",30,LF,"MONTANA CONSTRUCTION CORP., INC.",$160.00,"$4,800.00"
15136,136,0005,BRIDGE,0078,554003P,,POLLUTION CONTROL SYSTEM,1,LS,"RITACCO CONSTRUCTION, INC.","$5,000.00","$5,000.00"
15136,136,0005,BRIDGE,0078,554003P,,POLLUTION CONTROL SYSTEM,1,LS,"BERTO CONSTRUCTION, INC.","$10,000.00","$10,000.00"
15136,136,0005,BRIDGE,0078,554003P,,POLLUTION CONTROL SYSTEM,1,LS,"J.F.CREAMER & SON A JOINT VENTURE WITH JOSEPH M. SANZARI,INC","$5,500.00","$5,500.00"
15136,136,0005,BRIDGE,0078,554003P,,POLLUTION CONTROL SYSTEM,1,LS,"MONTANA CONSTRUCTION CORP., INC.","$97,982.00","$97,982.00"
15136,136,0005,BRIDGE,0079,554006P,,HAND/POWER TOOL CLEANING AND PAINTING,1,LS,"RITACCO CONSTRUCTION, INC.","$65,000.00","$65,000.00"
15136,136,0005,BRIDGE,0079,554006P,,HAND/POWER TOOL CLEANING AND PAINTING,1,LS,"BERTO CONSTRUCTION, INC.","$70,000.00","$70,000.00"
15136,136,0005,BRIDGE,0079,554006P,,HAND/POWER TOOL CLEANING AND PAINTING,1,LS,"J.F.CREAMER & SON A JOINT VENTURE WITH JOSEPH M. SANZARI,INC","$70,000.00","$70,000.00"
15136,136,0005,BRIDGE,0079,554006P,,HAND/POWER TOOL CLEANING AND PAINTING,1,LS,"MONTANA CONSTRUCTION CORP., INC.","$55,000.00","$55,000.00"
15136,136,0005,BRIDGE,0080,554012P,,"TESTING, IF AND WHERE DIRECTED",1,LS,"RITACCO CONSTRUCTION, INC.",$100.00,$100.00
15136,136,0005,BRIDGE,0080,554012P,,"TESTING, IF AND WHERE DIRECTED",1,LS,"BERTO CONSTRUCTION, INC.",$1.00,$1.00
15136,136,0005,BRIDGE,0080,554012P,,"TESTING, IF AND WHERE DIRECTED",1,LS,"J.F.CREAMER & SON A JOINT VENTURE WITH JOSEPH M. SANZARI,INC","$10,000.00","$10,000.00"
15136,136,0005,BRIDGE,0080,554012P,,"TESTING, IF AND WHERE DIRECTED",1,LS,"MONTANA CONSTRUCTION CORP., INC.",$500.00,$500.00
15136,136,0005,BRIDGE,0081,554027P,,CLEANING AND PAINTING OF BEARING,24,U,"RITACCO CONSTRUCTION, INC.",$300.00,"$7,200.00"
15136,136,0005,BRIDGE,0081,554027P,,CLEANING AND PAINTING OF BEARING,24,U,"BERTO CONSTRUCTION, INC.",$300.00,"$7,200.00"
15136,136,0005,BRIDGE,0081,554027P,,CLEANING AND PAINTING OF BEARING,24,U,"J.F.CREAMER & SON A JOINT VENTURE WITH JOSEPH M. SANZARI,INC",$325.00,"$7,800.00"
15136,136,0005,BRIDGE,0081,554027P,,CLEANING AND PAINTING OF BEARING,24,U,"MONTANA CONSTRUCTION CORP., INC.",$800.00,"$19,200.00"
15136,136,0005,BRIDGE,0082,555010M,,"REPAIR OF CONCRETE, TYPE E",20,SF,"RITACCO CONSTRUCTION, INC.",$350.00,"$7,000.00"
15136,136,0005,BRIDGE,0082,555010M,,"REPAIR OF CONCRETE, TYPE E",20,SF,"BERTO CONSTRUCTION, INC.",$400.00,"$8,000.00"
15136,136,0005,BRIDGE,0082,555010M,,"REPAIR OF CONCRETE, TYPE E",20,SF,"J.F.CREAMER & SON A JOINT VENTURE WITH JOSEPH M. SANZARI,INC",$350.00,"$7,000.00"
15136,136,0005,BRIDGE,0082,555010M,,"REPAIR OF CONCRETE, TYPE E",20,SF,"MONTANA CONSTRUCTION CORP., INC.","$1,819.00","$36,380.00"
15136,136,0005,BRIDGE,0083,555011M,,"REPAIR OF CONCRETE, TYPE D",108,SF,"RITACCO CONSTRUCTION, INC.",$150.00,"$16,200.00"
15136,136,0005,BRIDGE,0083,555011M,,"REPAIR OF CONCRETE, TYPE D",108,SF,"BERTO CONSTRUCTION, INC.",$250.00,"$27,000.00"
15136,136,0005,BRIDGE,0083,555011M,,"REPAIR OF CONCRETE, TYPE D",108,SF,"J.F.CREAMER & SON A JOINT VENTURE WITH JOSEPH M. SANZARI,INC",$250.00,"$27,000.00"
15136,136,0005,BRIDGE,0083,555011M,,"REPAIR OF CONCRETE, TYPE D",108,SF,"MONTANA CONSTRUCTION CORP., INC.",$349.00,"$37,692.00"
15136,136,0005,BRIDGE,0084,701012P,,"1 1/2"" RIGID METALLIC CONDUIT",14,LF,"RITACCO CONSTRUCTION, INC.",$50.00,$700.00
15136,136,0005,BRIDGE,0084,701012P,,"1 1/2"" RIGID METALLIC CONDUIT",14,LF,"BERTO CONSTRUCTION, INC.",$60.00,$840.00
15136,136,0005,BRIDGE,0084,701012P,,"1 1/2"" RIGID METALLIC CONDUIT",14,LF,"J.F.CREAMER & SON A JOINT VENTURE WITH JOSEPH M. SANZARI,INC",$25.00,$350.00
15136,136,0005,BRIDGE,0084,701012P,,"1 1/2"" RIGID METALLIC CONDUIT",14,LF,"MONTANA CONSTRUCTION CORP., INC.",$50.00,$700.00
15136,136,0005,BRIDGE,0085,701021P,,"3"" RIGID METALLIC CONDUIT",376,LF,"RITACCO CONSTRUCTION, INC.",$32.50,"$12,220.00"
15136,136,0005,BRIDGE,0085,701021P,,"3"" RIGID METALLIC CONDUIT",376,LF,"BERTO CONSTRUCTION, INC.",$35.00,"$13,160.00"
15136,136,0005,BRIDGE,0085,701021P,,"3"" RIGID METALLIC CONDUIT",376,LF,"J.F.CREAMER & SON A JOINT VENTURE WITH JOSEPH M. SANZARI,INC",$30.00,"$11,280.00"
15136,136,0005,BRIDGE,0085,701021P,,"3"" RIGID METALLIC CONDUIT",376,LF,"MONTANA CONSTRUCTION CORP., INC.",$32.50,"$12,220.00"
15136,136,0005,BRIDGE,0086,701120M,,JUNCTION BOX FRAME AND COVER,2,U,"RITACCO CONSTRUCTION, INC.","$1,275.00","$2,550.00"
15136,136,0005,BRIDGE,0086,701120M,,JUNCTION BOX FRAME AND COVER,2,U,"BERTO CONSTRUCTION, INC.","$1,000.00","$2,000.00"
15136,136,0005,BRIDGE,0086,701120M,,JUNCTION BOX FRAME AND COVER,2,U,"J.F.CREAMER & SON A JOINT VENTURE WITH JOSEPH M. SANZARI,INC","$1,300.00","$2,600.00"
15136,136,0005,BRIDGE,0086,701120M,,JUNCTION BOX FRAME AND COVER,2,U,"MONTANA CONSTRUCTION CORP., INC.","$1,275.00","$2,550.00"