Proposal,Call Order,Section Number,Section Description,Line,Item,Alternate Code,Item Description,Quantity,Unit,Vendor Name,Unit Price,Extension
15131,131,0001,ROADWAY,0001,151006M,,PERFORMANCE BOND AND PAYMENT BOND,1,DOLL,"SOUTH STATE, INC.","$45,000.00","$45,000.00"
15131,131,0001,ROADWAY,0001,151006M,,PERFORMANCE BOND AND PAYMENT BOND,1,DOLL,"MIDLANTIC CONSTRUCTION, LLC","$45,000.00","$45,000.00"
15131,131,0001,ROADWAY,0001,151006M,,PERFORMANCE BOND AND PAYMENT BOND,1,DOLL,CARBRO CONSTRUCTORS CORP.,"$90,000.00","$90,000.00"
15131,131,0001,ROADWAY,0002,152004P,,OWNER'S AND CONTRACTOR'S PROTECTIVE LIABILITY INSURANCE,1,DOLL,"SOUTH STATE, INC.","$10,000.00","$10,000.00"
15131,131,0001,ROADWAY,0002,152004P,,OWNER'S AND CONTRACTOR'S PROTECTIVE LIABILITY INSURANCE,1,DOLL,"MIDLANTIC CONSTRUCTION, LLC","$10,000.00","$10,000.00"
15131,131,0001,ROADWAY,0002,152004P,,OWNER'S AND CONTRACTOR'S PROTECTIVE LIABILITY INSURANCE,1,DOLL,CARBRO CONSTRUCTORS CORP.,"$15,000.00","$15,000.00"
15131,131,0003,NON-PARTICIPATING,0003,152015P,,POLLUTION LIABILITY INSURANCE,1,DOLL,"SOUTH STATE, INC.",$1.00,$1.00
15131,131,0003,NON-PARTICIPATING,0003,152015P,,POLLUTION LIABILITY INSURANCE,1,DOLL,"MIDLANTIC CONSTRUCTION, LLC","$10,000.00","$10,000.00"
15131,131,0003,NON-PARTICIPATING,0003,152015P,,POLLUTION LIABILITY INSURANCE,1,DOLL,CARBRO CONSTRUCTORS CORP.,"$20,000.00","$20,000.00"
15131,131,0001,ROADWAY,0004,153003P,,PROGRESS SCHEDULE,1,LS,"SOUTH STATE, INC.","$2,500.00","$2,500.00"
15131,131,0001,ROADWAY,0004,153003P,,PROGRESS SCHEDULE,1,LS,"MIDLANTIC CONSTRUCTION, LLC",$1.00,$1.00
15131,131,0001,ROADWAY,0004,153003P,,PROGRESS SCHEDULE,1,LS,CARBRO CONSTRUCTORS CORP.,"$60,000.00","$60,000.00"
15131,131,0001,ROADWAY,0005,153005M,,PROGRESS SCHEDULE UPDATE,30,U,"SOUTH STATE, INC.",$300.00,"$9,000.00"
15131,131,0001,ROADWAY,0005,153005M,,PROGRESS SCHEDULE UPDATE,30,U,"MIDLANTIC CONSTRUCTION, LLC",$1.00,$30.00
15131,131,0001,ROADWAY,0005,153005M,,PROGRESS SCHEDULE UPDATE,30,U,CARBRO CONSTRUCTORS CORP.,$500.00,"$15,000.00"
15131,131,0001,ROADWAY,0006,153011M,,TRAINEES,"2,040",HOUR,"SOUTH STATE, INC.",$0.01,$20.40
15131,131,0001,ROADWAY,0006,153011M,,TRAINEES,"2,040",HOUR,"MIDLANTIC CONSTRUCTION, LLC",$0.01,$20.40
15131,131,0001,ROADWAY,0006,153011M,,TRAINEES,"2,040",HOUR,CARBRO CONSTRUCTORS CORP.,$0.01,$20.40
15131,131,0001,ROADWAY,0007,154003P,,MOBILIZATION,1,LS,"SOUTH STATE, INC.","$850,000.00","$850,000.00"
15131,131,0001,ROADWAY,0007,154003P,,MOBILIZATION,1,LS,"MIDLANTIC CONSTRUCTION, LLC","$1,100,000.00","$1,100,000.00"
15131,131,0001,ROADWAY,0007,154003P,,MOBILIZATION,1,LS,CARBRO CONSTRUCTORS CORP.,"$1,250,000.00","$1,250,000.00"
15131,131,0002,CONSTRUCTION ENGINEER,0008,155006M,,FIELD OFFICE TYPE B SET UP,1,U,"SOUTH STATE, INC.","$20,000.00","$20,000.00"
15131,131,0002,CONSTRUCTION ENGINEER,0008,155006M,,FIELD OFFICE TYPE B SET UP,1,U,"MIDLANTIC CONSTRUCTION, LLC","$34,000.00","$34,000.00"
15131,131,0002,CONSTRUCTION ENGINEER,0008,155006M,,FIELD OFFICE TYPE B SET UP,1,U,CARBRO CONSTRUCTORS CORP.,"$250,000.00","$250,000.00"
15131,131,0002,CONSTRUCTION ENGINEER,0009,155024M,,FIELD OFFICE TYPE B MAINTENANCE,34,MO,"SOUTH STATE, INC.","$2,000.00","$68,000.00"
15131,131,0002,CONSTRUCTION ENGINEER,0009,155024M,,FIELD OFFICE TYPE B MAINTENANCE,34,MO,"MIDLANTIC CONSTRUCTION, LLC","$3,600.00","$122,400.00"
15131,131,0002,CONSTRUCTION ENGINEER,0009,155024M,,FIELD OFFICE TYPE B MAINTENANCE,34,MO,CARBRO CONSTRUCTORS CORP.,"$1,500.00","$51,000.00"
15131,131,0002,CONSTRUCTION ENGINEER,0010,156003M,,MATERIALS FIELD LABORATORY SET-UP,1,U,"SOUTH STATE, INC.","$10,000.00","$10,000.00"
15131,131,0002,CONSTRUCTION ENGINEER,0010,156003M,,MATERIALS FIELD LABORATORY SET-UP,1,U,"MIDLANTIC CONSTRUCTION, LLC",$0.01,$0.01
15131,131,0002,CONSTRUCTION ENGINEER,0010,156003M,,MATERIALS FIELD LABORATORY SET-UP,1,U,CARBRO CONSTRUCTORS CORP.,"$150,000.00","$150,000.00"
15131,131,0002,CONSTRUCTION ENGINEER,0011,156006M,,MATERIALS FIELD LABORATORY MAINTENANCE,32,MO,"SOUTH STATE, INC.",$500.00,"$16,000.00"
15131,131,0002,CONSTRUCTION ENGINEER,0011,156006M,,MATERIALS FIELD LABORATORY MAINTENANCE,32,MO,"MIDLANTIC CONSTRUCTION, LLC",$0.01,$0.32
15131,131,0002,CONSTRUCTION ENGINEER,0011,156006M,,MATERIALS FIELD LABORATORY MAINTENANCE,32,MO,CARBRO CONSTRUCTORS CORP.,"$2,000.00","$64,000.00"
15131,131,0002,CONSTRUCTION ENGINEER,0012,156015M,,NUCLEAR DENSITY GAUGE,1,U,"SOUTH STATE, INC.",$1.00,$1.00
15131,131,0002,CONSTRUCTION ENGINEER,0012,156015M,,NUCLEAR DENSITY GAUGE,1,U,"MIDLANTIC CONSTRUCTION, LLC","$13,000.00","$13,000.00"
15131,131,0002,CONSTRUCTION ENGINEER,0012,156015M,,NUCLEAR DENSITY GAUGE,1,U,CARBRO CONSTRUCTORS CORP.,"$8,000.00","$8,000.00"
15131,131,0001,ROADWAY,0013,157004M,,CONSTRUCTION LAYOUT,1,DOLL,"SOUTH STATE, INC.","$80,000.00","$80,000.00"
15131,131,0001,ROADWAY,0013,157004M,,CONSTRUCTION LAYOUT,1,DOLL,"MIDLANTIC CONSTRUCTION, LLC","$261,000.00","$261,000.00"
15131,131,0001,ROADWAY,0013,157004M,,CONSTRUCTION LAYOUT,1,DOLL,CARBRO CONSTRUCTORS CORP.,"$250,000.00","$250,000.00"
15131,131,0004,EROSION CONTROL,0014,158006M,,SILT FENCE,"1,500",LF,"SOUTH STATE, INC.",$3.50,"$5,250.00"
15131,131,0004,EROSION CONTROL,0014,158006M,,SILT FENCE,"1,500",LF,"MIDLANTIC CONSTRUCTION, LLC",$10.00,"$15,000.00"
15131,131,0004,EROSION CONTROL,0014,158006M,,SILT FENCE,"1,500",LF,CARBRO CONSTRUCTORS CORP.,$8.00,"$12,000.00"
15131,131,0004,EROSION CONTROL,0015,158009M,,"HEAVY DUTY SILT FENCE, ORANGE",330,LF,"SOUTH STATE, INC.",$5.50,"$1,815.00"
15131,131,0004,EROSION CONTROL,0015,158009M,,"HEAVY DUTY SILT FENCE, ORANGE",330,LF,"MIDLANTIC CONSTRUCTION, LLC",$19.00,"$6,270.00"
15131,131,0004,EROSION CONTROL,0015,158009M,,"HEAVY DUTY SILT FENCE, ORANGE",330,LF,CARBRO CONSTRUCTORS CORP.,$12.00,"$3,960.00"
15131,131,0004,EROSION CONTROL,0016,158015M,,HAYBALE,10,U,"SOUTH STATE, INC.",$30.00,$300.00
15131,131,0004,EROSION CONTROL,0016,158015M,,HAYBALE,10,U,"MIDLANTIC CONSTRUCTION, LLC",$103.00,"$1,030.00"
15131,131,0004,EROSION CONTROL,0016,158015M,,HAYBALE,10,U,CARBRO CONSTRUCTORS CORP.,$20.00,$200.00
15131,131,0004,EROSION CONTROL,0017,158030M,,"INLET FILTER TYPE 2, 2' X 4'",35,U,"SOUTH STATE, INC.",$1.00,$35.00
15131,131,0004,EROSION CONTROL,0017,158030M,,"INLET FILTER TYPE 2, 2' X 4'",35,U,"MIDLANTIC CONSTRUCTION, LLC",$219.00,"$7,665.00"
15131,131,0004,EROSION CONTROL,0017,158030M,,"INLET FILTER TYPE 2, 2' X 4'",35,U,CARBRO CONSTRUCTORS CORP.,$120.00,"$4,200.00"
15131,131,0004,EROSION CONTROL,0018,158048M,,"FLOATING TURBIDITY BARRIER, TYPE 3",350,LF,"SOUTH STATE, INC.",$29.00,"$10,150.00"
15131,131,0004,EROSION CONTROL,0018,158048M,,"FLOATING TURBIDITY BARRIER, TYPE 3",350,LF,"MIDLANTIC CONSTRUCTION, LLC",$32.00,"$11,200.00"
15131,131,0004,EROSION CONTROL,0018,158048M,,"FLOATING TURBIDITY BARRIER, TYPE 3",350,LF,CARBRO CONSTRUCTORS CORP.,$50.00,"$17,500.00"
15131,131,0004,EROSION CONTROL,0019,158051M,,DEWATERING BASIN,4,U,"SOUTH STATE, INC.",$1.00,$4.00
15131,131,0004,EROSION CONTROL,0019,158051M,,DEWATERING BASIN,4,U,"MIDLANTIC CONSTRUCTION, LLC","$2,200.00","$8,800.00"
15131,131,0004,EROSION CONTROL,0019,158051M,,DEWATERING BASIN,4,U,CARBRO CONSTRUCTORS CORP.,"$1,000.00","$4,000.00"
15131,131,0004,EROSION CONTROL,0020,158055M,,SEDIMENT CONTROL BAG,4,U,"SOUTH STATE, INC.",$1.00,$4.00
15131,131,0004,EROSION CONTROL,0020,158055M,,SEDIMENT CONTROL BAG,4,U,"MIDLANTIC CONSTRUCTION, LLC","$1,600.00","$6,400.00"
15131,131,0004,EROSION CONTROL,0020,158055M,,SEDIMENT CONTROL BAG,4,U,CARBRO CONSTRUCTORS CORP.,$175.00,$700.00
15131,131,0004,EROSION CONTROL,0021,158060M,,CONSTRUCTION DRIVEWAY GRAVEL,75,T,"SOUTH STATE, INC.",$1.00,$75.00
15131,131,0004,EROSION CONTROL,0021,158060M,,CONSTRUCTION DRIVEWAY GRAVEL,75,T,"MIDLANTIC CONSTRUCTION, LLC",$74.00,"$5,550.00"
15131,131,0004,EROSION CONTROL,0021,158060M,,CONSTRUCTION DRIVEWAY GRAVEL,75,T,CARBRO CONSTRUCTORS CORP.,$150.00,"$11,250.00"
15131,131,0004,EROSION CONTROL,0022,158063P,,CONCRETE WASHOUT SYSTEM,1,LS,"SOUTH STATE, INC.",$100.00,$100.00
15131,131,0004,EROSION CONTROL,0022,158063P,,CONCRETE WASHOUT SYSTEM,1,LS,"MIDLANTIC CONSTRUCTION, LLC","$1,000.00","$1,000.00"
15131,131,0004,EROSION CONTROL,0022,158063P,,CONCRETE WASHOUT SYSTEM,1,LS,CARBRO CONSTRUCTORS CORP.,"$15,000.00","$15,000.00"
15131,131,0004,EROSION CONTROL,0023,158072M,,"OIL ONLY EMERGENCY SPILL KIT, TYPE 1",2,U,"SOUTH STATE, INC.",$500.00,"$1,000.00"
15131,131,0004,EROSION CONTROL,0023,158072M,,"OIL ONLY EMERGENCY SPILL KIT, TYPE 1",2,U,"MIDLANTIC CONSTRUCTION, LLC","$1,560.00","$3,120.00"
15131,131,0004,EROSION CONTROL,0023,158072M,,"OIL ONLY EMERGENCY SPILL KIT, TYPE 1",2,U,CARBRO CONSTRUCTORS CORP.,"$1,300.00","$2,600.00"
15131,131,0001,ROADWAY,0024,159003M,,BREAKAWAY BARRICADE,30,U,"SOUTH STATE, INC.",$20.00,$600.00
15131,131,0001,ROADWAY,0024,159003M,,BREAKAWAY BARRICADE,30,U,"MIDLANTIC CONSTRUCTION, LLC",$177.00,"$5,310.00"
15131,131,0001,ROADWAY,0024,159003M,,BREAKAWAY BARRICADE,30,U,CARBRO CONSTRUCTORS CORP.,$110.00,"$3,300.00"
15131,131,0001,ROADWAY,0025,159006M,,DRUM,50,U,"SOUTH STATE, INC.",$20.00,"$1,000.00"
15131,131,0001,ROADWAY,0025,159006M,,DRUM,50,U,"MIDLANTIC CONSTRUCTION, LLC",$106.00,"$5,300.00"
15131,131,0001,ROADWAY,0025,159006M,,DRUM,50,U,CARBRO CONSTRUCTORS CORP.,$65.00,"$3,250.00"
15131,131,0001,ROADWAY,0026,159009M,,TRAFFIC CONE,10,U,"SOUTH STATE, INC.",$20.00,$200.00
15131,131,0001,ROADWAY,0026,159009M,,TRAFFIC CONE,10,U,"MIDLANTIC CONSTRUCTION, LLC",$106.00,"$1,060.00"
15131,131,0001,ROADWAY,0026,159009M,,TRAFFIC CONE,10,U,CARBRO CONSTRUCTORS CORP.,$15.00,$150.00
15131,131,0001,ROADWAY,0027,159012M,,CONSTRUCTION SIGNS,"1,371",SF,"SOUTH STATE, INC.",$9.00,"$12,339.00"
15131,131,0001,ROADWAY,0027,159012M,,CONSTRUCTION SIGNS,"1,371",SF,"MIDLANTIC CONSTRUCTION, LLC",$20.00,"$27,420.00"
15131,131,0001,ROADWAY,0027,159012M,,CONSTRUCTION SIGNS,"1,371",SF,CARBRO CONSTRUCTORS CORP.,$25.00,"$34,275.00"
15131,131,0001,ROADWAY,0028,159015M,,"CONSTRUCTION IDENTIFICATION SIGN, 4' X 8'",2,U,"SOUTH STATE, INC.",$650.00,"$1,300.00"
15131,131,0001,ROADWAY,0028,159015M,,"CONSTRUCTION IDENTIFICATION SIGN, 4' X 8'",2,U,"MIDLANTIC CONSTRUCTION, LLC","$1,800.00","$3,600.00"
15131,131,0001,ROADWAY,0028,159015M,,"CONSTRUCTION IDENTIFICATION SIGN, 4' X 8'",2,U,CARBRO CONSTRUCTORS CORP.,$600.00,"$1,200.00"
15131,131,0001,ROADWAY,0029,159021P,,CONSTRUCTION BARRIER CURB,"1,750",LF,"SOUTH STATE, INC.",$125.00,"$218,750.00"
15131,131,0001,ROADWAY,0029,159021P,,CONSTRUCTION BARRIER CURB,"1,750",LF,"MIDLANTIC CONSTRUCTION, LLC",$40.00,"$70,000.00"
15131,131,0001,ROADWAY,0029,159021P,,CONSTRUCTION BARRIER CURB,"1,750",LF,CARBRO CONSTRUCTORS CORP.,$60.00,"$105,000.00"
15131,131,0001,ROADWAY,0030,159027M,,"FLASHING ARROW BOARD, 4' X 8'",3,U,"SOUTH STATE, INC.","$1,000.00","$3,000.00"
15131,131,0001,ROADWAY,0030,159027M,,"FLASHING ARROW BOARD, 4' X 8'",3,U,"MIDLANTIC CONSTRUCTION, LLC","$4,200.00","$12,600.00"
15131,131,0001,ROADWAY,0030,159027M,,"FLASHING ARROW BOARD, 4' X 8'",3,U,CARBRO CONSTRUCTORS CORP.,"$4,000.00","$12,000.00"
15131,131,0001,ROADWAY,0031,159030M,,PORTABLE VARIABLE MESSAGE SIGN,2,U,"SOUTH STATE, INC.","$15,000.00","$30,000.00"
15131,131,0001,ROADWAY,0031,159030M,,PORTABLE VARIABLE MESSAGE SIGN,2,U,"MIDLANTIC CONSTRUCTION, LLC","$21,000.00","$42,000.00"
15131,131,0001,ROADWAY,0031,159030M,,PORTABLE VARIABLE MESSAGE SIGN,2,U,CARBRO CONSTRUCTORS CORP.,"$14,000.00","$28,000.00"
15131,131,0001,ROADWAY,0032,159036M,,"TEMPORARY CRASH CUSHION, INERTIAL BARRIER SYSTEM, 8 MODULES",1,U,"SOUTH STATE, INC.","$2,250.00","$2,250.00"
15131,131,0001,ROADWAY,0032,159036M,,"TEMPORARY CRASH CUSHION, INERTIAL BARRIER SYSTEM, 8 MODULES",1,U,"MIDLANTIC CONSTRUCTION, LLC","$7,200.00","$7,200.00"
15131,131,0001,ROADWAY,0032,159036M,,"TEMPORARY CRASH CUSHION, INERTIAL BARRIER SYSTEM, 8 MODULES",1,U,CARBRO CONSTRUCTORS CORP.,"$2,000.00","$2,000.00"
15131,131,0001,ROADWAY,0033,159051M,,"TEMPORARY CRASH CUSHION, INERTIAL BARRIER SYSTEM, 13 MODULES",3,U,"SOUTH STATE, INC.","$3,650.00","$10,950.00"
15131,131,0001,ROADWAY,0033,159051M,,"TEMPORARY CRASH CUSHION, INERTIAL BARRIER SYSTEM, 13 MODULES",3,U,"MIDLANTIC CONSTRUCTION, LLC","$5,200.00","$15,600.00"
15131,131,0001,ROADWAY,0033,159051M,,"TEMPORARY CRASH CUSHION, INERTIAL BARRIER SYSTEM, 13 MODULES",3,U,CARBRO CONSTRUCTORS CORP.,"$3,000.00","$9,000.00"
15131,131,0001,ROADWAY,0034,159108M,,TRAFFIC CONTROL TRUCK WITH MOUNTED CRASH CUSHION,2,U,"SOUTH STATE, INC.","$25,000.00","$50,000.00"
15131,131,0001,ROADWAY,0034,159108M,,TRAFFIC CONTROL TRUCK WITH MOUNTED CRASH CUSHION,2,U,"MIDLANTIC CONSTRUCTION, LLC",$1.00,$2.00
15131,131,0001,ROADWAY,0034,159108M,,TRAFFIC CONTROL TRUCK WITH MOUNTED CRASH CUSHION,2,U,CARBRO CONSTRUCTORS CORP.,"$10,000.00","$20,000.00"
15131,131,0001,ROADWAY,0035,159114M,,"REMOVABLE BLACK LINE MASKING TAPE, 6""","24,000",LF,"SOUTH STATE, INC.",$0.75,"$18,000.00"
15131,131,0001,ROADWAY,0035,159114M,,"REMOVABLE BLACK LINE MASKING TAPE, 6""","24,000",LF,"MIDLANTIC CONSTRUCTION, LLC",$1.00,"$24,000.00"
15131,131,0001,ROADWAY,0035,159114M,,"REMOVABLE BLACK LINE MASKING TAPE, 6""","24,000",LF,CARBRO CONSTRUCTORS CORP.,$2.00,"$48,000.00"
15131,131,0001,ROADWAY,0036,159120M,,"TEMPORARY PAVEMENT MARKING TAPE, 4""","12,079",LF,"SOUTH STATE, INC.",$0.45,"$5,435.55"
15131,131,0001,ROADWAY,0036,159120M,,"TEMPORARY PAVEMENT MARKING TAPE, 4""","12,079",LF,"MIDLANTIC CONSTRUCTION, LLC",$1.00,"$12,079.00"
15131,131,0001,ROADWAY,0036,159120M,,"TEMPORARY PAVEMENT MARKING TAPE, 4""","12,079",LF,CARBRO CONSTRUCTORS CORP.,$1.50,"$18,118.50"
15131,131,0001,ROADWAY,0037,159126M,,"TEMPORARY TRAFFIC STRIPES, 4""","36,867",LF,"SOUTH STATE, INC.",$0.75,"$27,650.25"
15131,131,0001,ROADWAY,0037,159126M,,"TEMPORARY TRAFFIC STRIPES, 4""","36,867",LF,"MIDLANTIC CONSTRUCTION, LLC",$1.00,"$36,867.00"
15131,131,0001,ROADWAY,0037,159126M,,"TEMPORARY TRAFFIC STRIPES, 4""","36,867",LF,CARBRO CONSTRUCTORS CORP.,$0.25,"$9,216.75"
15131,131,0001,ROADWAY,0038,159132M,,TEMPORARY PAVEMENT MARKINGS,60,SF,"SOUTH STATE, INC.",$2.00,$120.00
15131,131,0001,ROADWAY,0038,159132M,,TEMPORARY PAVEMENT MARKINGS,60,SF,"MIDLANTIC CONSTRUCTION, LLC",$3.00,$180.00
15131,131,0001,ROADWAY,0038,159132M,,TEMPORARY PAVEMENT MARKINGS,60,SF,CARBRO CONSTRUCTORS CORP.,$3.00,$180.00
15131,131,0001,ROADWAY,0039,159138M,,HMA PATCH,50,T,"SOUTH STATE, INC.",$150.00,"$7,500.00"
15131,131,0001,ROADWAY,0039,159138M,,HMA PATCH,50,T,"MIDLANTIC CONSTRUCTION, LLC",$439.00,"$21,950.00"
15131,131,0001,ROADWAY,0039,159138M,,HMA PATCH,50,T,CARBRO CONSTRUCTORS CORP.,$170.00,"$8,500.00"
15131,131,0001,ROADWAY,0040,159212M,,"TEMPORARY CRASH CUSHION, COMPRESSIVE BARRIER, TYPE 3, WIDTH NARROW",5,U,"SOUTH STATE, INC.","$5,000.00","$25,000.00"
15131,131,0001,ROADWAY,0040,159212M,,"TEMPORARY CRASH CUSHION, COMPRESSIVE BARRIER, TYPE 3, WIDTH NARROW",5,U,"MIDLANTIC CONSTRUCTION, LLC","$40,000.00","$200,000.00"
15131,131,0001,ROADWAY,0040,159212M,,"TEMPORARY CRASH CUSHION, COMPRESSIVE BARRIER, TYPE 3, WIDTH NARROW",5,U,CARBRO CONSTRUCTORS CORP.,"$4,000.00","$20,000.00"
15131,131,0001,ROADWAY,0041,160004M,,FUEL PRICE ADJUSTMENT,1,DOLL,"SOUTH STATE, INC.","$5,600.00","$5,600.00"
15131,131,0001,ROADWAY,0041,160004M,,FUEL PRICE ADJUSTMENT,1,DOLL,"MIDLANTIC CONSTRUCTION, LLC","$5,600.00","$5,600.00"
15131,131,0001,ROADWAY,0041,160004M,,FUEL PRICE ADJUSTMENT,1,DOLL,CARBRO CONSTRUCTORS CORP.,"$5,600.00","$5,600.00"
15131,131,0001,ROADWAY,0042,160007M,,ASPHALT PRICE ADJUSTMENT,1,DOLL,"SOUTH STATE, INC.","$22,800.00","$22,800.00"
15131,131,0001,ROADWAY,0042,160007M,,ASPHALT PRICE ADJUSTMENT,1,DOLL,"MIDLANTIC CONSTRUCTION, LLC","$22,800.00","$22,800.00"
15131,131,0001,ROADWAY,0042,160007M,,ASPHALT PRICE ADJUSTMENT,1,DOLL,CARBRO CONSTRUCTORS CORP.,"$22,800.00","$22,800.00"
15131,131,0001,ROADWAY,0043,161003P,,FINAL CLEANUP,1,LS,"SOUTH STATE, INC.",$100.00,$100.00
15131,131,0001,ROADWAY,0043,161003P,,FINAL CLEANUP,1,LS,"MIDLANTIC CONSTRUCTION, LLC",$1.00,$1.00
15131,131,0001,ROADWAY,0043,161003P,,FINAL CLEANUP,1,LS,CARBRO CONSTRUCTORS CORP.,"$10,000.00","$10,000.00"
15131,131,0001,ROADWAY,0044,201003P,,CLEARING SITE,1,LS,"SOUTH STATE, INC.","$50,000.00","$50,000.00"
15131,131,0001,ROADWAY,0044,201003P,,CLEARING SITE,1,LS,"MIDLANTIC CONSTRUCTION, LLC","$50,000.00","$50,000.00"
15131,131,0001,ROADWAY,0044,201003P,,CLEARING SITE,1,LS,CARBRO CONSTRUCTORS CORP.,"$50,000.00","$50,000.00"
15131,131,0001,ROADWAY,0045,202003P,,STRIPPING,1,ACRE,"SOUTH STATE, INC.",$0.01,$0.01
15131,131,0001,ROADWAY,0045,202003P,,STRIPPING,1,ACRE,"MIDLANTIC CONSTRUCTION, LLC","$20,000.00","$20,000.00"
15131,131,0001,ROADWAY,0045,202003P,,STRIPPING,1,ACRE,CARBRO CONSTRUCTORS CORP.,"$10,000.00","$10,000.00"
15131,131,0001,ROADWAY,0046,202006M,,"EXCAVATION, TEST PIT",10,CY,"SOUTH STATE, INC.","$1,300.00","$13,000.00"
15131,131,0001,ROADWAY,0046,202006M,,"EXCAVATION, TEST PIT",10,CY,"MIDLANTIC CONSTRUCTION, LLC",$0.01,$0.10
15131,131,0001,ROADWAY,0046,202006M,,"EXCAVATION, TEST PIT",10,CY,CARBRO CONSTRUCTORS CORP.,$200.00,"$2,000.00"
15131,131,0001,ROADWAY,0047,202009P,,"EXCAVATION, UNCLASSIFIED","2,845",CY,"SOUTH STATE, INC.",$60.00,"$170,700.00"
15131,131,0001,ROADWAY,0047,202009P,,"EXCAVATION, UNCLASSIFIED","2,845",CY,"MIDLANTIC CONSTRUCTION, LLC",$42.00,"$119,490.00"
15131,131,0001,ROADWAY,0047,202009P,,"EXCAVATION, UNCLASSIFIED","2,845",CY,CARBRO CONSTRUCTORS CORP.,$35.00,"$99,575.00"
15131,131,0001,ROADWAY,0048,202021P,,REMOVAL OF PAVEMENT,"1,600",SY,"SOUTH STATE, INC.",$7.00,"$11,200.00"
15131,131,0001,ROADWAY,0048,202021P,,REMOVAL OF PAVEMENT,"1,600",SY,"MIDLANTIC CONSTRUCTION, LLC",$14.00,"$22,400.00"
15131,131,0001,ROADWAY,0048,202021P,,REMOVAL OF PAVEMENT,"1,600",SY,CARBRO CONSTRUCTORS CORP.,$50.00,"$80,000.00"
15131,131,0001,ROADWAY,0049,203040M,,GEOTEXTILE,"3,520",SY,"SOUTH STATE, INC.",$1.00,"$3,520.00"
15131,131,0001,ROADWAY,0049,203040M,,GEOTEXTILE,"3,520",SY,"MIDLANTIC CONSTRUCTION, LLC",$6.00,"$21,120.00"
15131,131,0001,ROADWAY,0049,203040M,,GEOTEXTILE,"3,520",SY,CARBRO CONSTRUCTORS CORP.,$1.00,"$3,520.00"
15131,131,0001,ROADWAY,0050,301006P,,SUBBASE DESIGNATION I-3,675,CY,"SOUTH STATE, INC.",$68.00,"$45,900.00"
15131,131,0001,ROADWAY,0050,301006P,,SUBBASE DESIGNATION I-3,675,CY,"MIDLANTIC CONSTRUCTION, LLC",$54.00,"$36,450.00"
15131,131,0001,ROADWAY,0050,301006P,,SUBBASE DESIGNATION I-3,675,CY,CARBRO CONSTRUCTORS CORP.,$65.00,"$43,875.00"
15131,131,0001,ROADWAY,0051,302036P,,"DENSE-GRADED AGGREGATE BASE COURSE, 6"" THICK","3,778",SY,"SOUTH STATE, INC.",$13.00,"$49,114.00"
15131,131,0001,ROADWAY,0051,302036P,,"DENSE-GRADED AGGREGATE BASE COURSE, 6"" THICK","3,778",SY,"MIDLANTIC CONSTRUCTION, LLC",$12.00,"$45,336.00"
15131,131,0001,ROADWAY,0051,302036P,,"DENSE-GRADED AGGREGATE BASE COURSE, 6"" THICK","3,778",SY,CARBRO CONSTRUCTORS CORP.,$15.00,"$56,670.00"
15131,131,0001,ROADWAY,0052,304002P,,"CONCRETE BASE COURSE, 6"" THICK","1,566",SY,"SOUTH STATE, INC.",$70.00,"$109,620.00"
15131,131,0001,ROADWAY,0052,304002P,,"CONCRETE BASE COURSE, 6"" THICK","1,566",SY,"MIDLANTIC CONSTRUCTION, LLC",$88.00,"$137,808.00"
15131,131,0001,ROADWAY,0052,304002P,,"CONCRETE BASE COURSE, 6"" THICK","1,566",SY,CARBRO CONSTRUCTORS CORP.,$55.00,"$86,130.00"
15131,131,0001,ROADWAY,0053,401009P,,"HMA MILLING, 3"" OR LESS","9,386",SY,"SOUTH STATE, INC.",$6.00,"$56,316.00"
15131,131,0001,ROADWAY,0053,401009P,,"HMA MILLING, 3"" OR LESS","9,386",SY,"MIDLANTIC CONSTRUCTION, LLC",$6.00,"$56,316.00"
15131,131,0001,ROADWAY,0053,401009P,,"HMA MILLING, 3"" OR LESS","9,386",SY,CARBRO CONSTRUCTORS CORP.,$10.00,"$93,860.00"
15131,131,0001,ROADWAY,0054,401012P,,"HMA MILLING, MORE THAN 3"" TO 6""","1,527",SY,"SOUTH STATE, INC.",$6.00,"$9,162.00"
15131,131,0001,ROADWAY,0054,401012P,,"HMA MILLING, MORE THAN 3"" TO 6""","1,527",SY,"MIDLANTIC CONSTRUCTION, LLC",$8.00,"$12,216.00"
15131,131,0001,ROADWAY,0054,401012P,,"HMA MILLING, MORE THAN 3"" TO 6""","1,527",SY,CARBRO CONSTRUCTORS CORP.,$20.00,"$30,540.00"
15131,131,0001,ROADWAY,0055,401015P,,CONCRETE MILLING,109,SY,"SOUTH STATE, INC.",$125.00,"$13,625.00"
15131,131,0001,ROADWAY,0055,401015P,,CONCRETE MILLING,109,SY,"MIDLANTIC CONSTRUCTION, LLC",$25.00,"$2,725.00"
15131,131,0001,ROADWAY,0055,401015P,,CONCRETE MILLING,109,SY,CARBRO CONSTRUCTORS CORP.,$125.00,"$13,625.00"
15131,131,0001,ROADWAY,0056,401021M,,HOT MIX ASPHALT PAVEMENT REPAIR,50,SY,"SOUTH STATE, INC.",$245.00,"$12,250.00"
15131,131,0001,ROADWAY,0056,401021M,,HOT MIX ASPHALT PAVEMENT REPAIR,50,SY,"MIDLANTIC CONSTRUCTION, LLC",$26.00,"$1,300.00"
15131,131,0001,ROADWAY,0056,401021M,,HOT MIX ASPHALT PAVEMENT REPAIR,50,SY,CARBRO CONSTRUCTORS CORP.,$160.00,"$8,000.00"
15131,131,0001,ROADWAY,0057,401027M,,POLYMERIZED JOINT ADHESIVE,"11,500",LF,"SOUTH STATE, INC.",$0.70,"$8,050.00"
15131,131,0001,ROADWAY,0057,401027M,,POLYMERIZED JOINT ADHESIVE,"11,500",LF,"MIDLANTIC CONSTRUCTION, LLC",$3.00,"$34,500.00"
15131,131,0001,ROADWAY,0057,401027M,,POLYMERIZED JOINT ADHESIVE,"11,500",LF,CARBRO CONSTRUCTORS CORP.,$1.50,"$17,250.00"
15131,131,0001,ROADWAY,0058,401030M,,TACK COAT,"1,337",GAL,"SOUTH STATE, INC.",$0.01,$13.37
15131,131,0001,ROADWAY,0058,401030M,,TACK COAT,"1,337",GAL,"MIDLANTIC CONSTRUCTION, LLC",$7.00,"$9,359.00"
15131,131,0001,ROADWAY,0058,401030M,,TACK COAT,"1,337",GAL,CARBRO CONSTRUCTORS CORP.,$9.00,"$12,033.00"
15131,131,0001,ROADWAY,0059,401036M,,PRIME COAT,119,GAL,"SOUTH STATE, INC.",$0.01,$1.19
15131,131,0001,ROADWAY,0059,401036M,,PRIME COAT,119,GAL,"MIDLANTIC CONSTRUCTION, LLC",$0.01,$1.19
15131,131,0001,ROADWAY,0059,401036M,,PRIME COAT,119,GAL,CARBRO CONSTRUCTORS CORP.,$9.00,"$1,071.00"
15131,131,0001,ROADWAY,0060,401042M,,HOT MIX ASPHALT 9.5 M 64 SURFACE COURSE,"1,914",T,"SOUTH STATE, INC.",$90.00,"$172,260.00"
15131,131,0001,ROADWAY,0060,401042M,,HOT MIX ASPHALT 9.5 M 64 SURFACE COURSE,"1,914",T,"MIDLANTIC CONSTRUCTION, LLC",$130.00,"$248,820.00"
15131,131,0001,ROADWAY,0060,401042M,,HOT MIX ASPHALT 9.5 M 64 SURFACE COURSE,"1,914",T,CARBRO CONSTRUCTORS CORP.,$126.00,"$241,164.00"
15131,131,0001,ROADWAY,0061,401072M,,HOT MIX ASPHALT 12.5 M 64 INTERMEDIATE COURSE,"1,421",T,"SOUTH STATE, INC.",$103.00,"$146,363.00"
15131,131,0001,ROADWAY,0061,401072M,,HOT MIX ASPHALT 12.5 M 64 INTERMEDIATE COURSE,"1,421",T,"MIDLANTIC CONSTRUCTION, LLC",$130.00,"$184,730.00"
15131,131,0001,ROADWAY,0061,401072M,,HOT MIX ASPHALT 12.5 M 64 INTERMEDIATE COURSE,"1,421",T,CARBRO CONSTRUCTORS CORP.,$210.00,"$298,410.00"
15131,131,0001,ROADWAY,0062,401096M,,HOT MIX ASPHALT 19 M 64 BASE COURSE,213,T,"SOUTH STATE, INC.",$166.00,"$35,358.00"
15131,131,0001,ROADWAY,0062,401096M,,HOT MIX ASPHALT 19 M 64 BASE COURSE,213,T,"MIDLANTIC CONSTRUCTION, LLC",$130.00,"$27,690.00"
15131,131,0001,ROADWAY,0062,401096M,,HOT MIX ASPHALT 19 M 64 BASE COURSE,213,T,CARBRO CONSTRUCTORS CORP.,$520.00,"$110,760.00"
15131,131,0001,ROADWAY,0063,401108M,,"CORE SAMPLES, HOT MIX ASPHALT",15,U,"SOUTH STATE, INC.",$150.00,"$2,250.00"
15131,131,0001,ROADWAY,0063,401108M,,"CORE SAMPLES, HOT MIX ASPHALT",15,U,"MIDLANTIC CONSTRUCTION, LLC",$390.00,"$5,850.00"
15131,131,0001,ROADWAY,0063,401108M,,"CORE SAMPLES, HOT MIX ASPHALT",15,U,CARBRO CONSTRUCTORS CORP.,$150.00,"$2,250.00"
15131,131,0001,ROADWAY,0064,452003M,,PARTIAL DEPTH CONCRETE REPAIR,50,SY,"SOUTH STATE, INC.",$750.00,"$37,500.00"
15131,131,0001,ROADWAY,0064,452003M,,PARTIAL DEPTH CONCRETE REPAIR,50,SY,"MIDLANTIC CONSTRUCTION, LLC",$763.00,"$38,150.00"
15131,131,0001,ROADWAY,0064,452003M,,PARTIAL DEPTH CONCRETE REPAIR,50,SY,CARBRO CONSTRUCTORS CORP.,$600.00,"$30,000.00"
15131,131,0001,ROADWAY,0065,453005M,,"FULL DEPTH CONCRETE PAVEMENT REPAIR, CONCRETE CLASS V",10,SY,"SOUTH STATE, INC.",$850.00,"$8,500.00"
15131,131,0001,ROADWAY,0065,453005M,,"FULL DEPTH CONCRETE PAVEMENT REPAIR, CONCRETE CLASS V",10,SY,"MIDLANTIC CONSTRUCTION, LLC","$1,143.00","$11,430.00"
15131,131,0001,ROADWAY,0065,453005M,,"FULL DEPTH CONCRETE PAVEMENT REPAIR, CONCRETE CLASS V",10,SY,CARBRO CONSTRUCTORS CORP.,$815.00,"$8,150.00"
15131,131,0001,ROADWAY,0066,453006M,,"FULL DEPTH CONCRETE PAVEMENT REPAIR, HMA",20,SY,"SOUTH STATE, INC.",$885.00,"$17,700.00"
15131,131,0001,ROADWAY,0066,453006M,,"FULL DEPTH CONCRETE PAVEMENT REPAIR, HMA",20,SY,"MIDLANTIC CONSTRUCTION, LLC",$850.00,"$17,000.00"
15131,131,0001,ROADWAY,0066,453006M,,"FULL DEPTH CONCRETE PAVEMENT REPAIR, HMA",20,SY,CARBRO CONSTRUCTORS CORP.,$110.00,"$2,200.00"
15131,131,0001,ROADWAY,0067,601158P,,"15"" REINFORCED CONCRETE PIPE, CLASS IV",471,LF,"SOUTH STATE, INC.",$74.00,"$34,854.00"
15131,131,0001,ROADWAY,0067,601158P,,"15"" REINFORCED CONCRETE PIPE, CLASS IV",471,LF,"MIDLANTIC CONSTRUCTION, LLC",$115.00,"$54,165.00"
15131,131,0001,ROADWAY,0067,601158P,,"15"" REINFORCED CONCRETE PIPE, CLASS IV",471,LF,CARBRO CONSTRUCTORS CORP.,$170.00,"$80,070.00"
15131,131,0001,ROADWAY,0068,601160P,,"18"" REINFORCED CONCRETE PIPE, CLASS IV",109,LF,"SOUTH STATE, INC.",$186.00,"$20,274.00"
15131,131,0001,ROADWAY,0068,601160P,,"18"" REINFORCED CONCRETE PIPE, CLASS IV",109,LF,"MIDLANTIC CONSTRUCTION, LLC",$102.00,"$11,118.00"
15131,131,0001,ROADWAY,0068,601160P,,"18"" REINFORCED CONCRETE PIPE, CLASS IV",109,LF,CARBRO CONSTRUCTORS CORP.,$190.00,"$20,710.00"
15131,131,0001,ROADWAY,0069,601404P,,SUBBASE OUTLET DRAIN,166,LF,"SOUTH STATE, INC.",$40.00,"$6,640.00"
15131,131,0001,ROADWAY,0069,601404P,,SUBBASE OUTLET DRAIN,166,LF,"MIDLANTIC CONSTRUCTION, LLC",$127.00,"$21,082.00"
15131,131,0001,ROADWAY,0069,601404P,,SUBBASE OUTLET DRAIN,166,LF,CARBRO CONSTRUCTORS CORP.,$70.00,"$11,620.00"
15131,131,0003,NON-PARTICIPATING,0070,601670M,,"CLEANING EXISTING PIPE, 12"" TO 24"" DIAMETER","1,600",LF,"SOUTH STATE, INC.",$8.00,"$12,800.00"
15131,131,0003,NON-PARTICIPATING,0070,601670M,,"CLEANING EXISTING PIPE, 12"" TO 24"" DIAMETER","1,600",LF,"MIDLANTIC CONSTRUCTION, LLC",$24.00,"$38,400.00"
15131,131,0003,NON-PARTICIPATING,0070,601670M,,"CLEANING EXISTING PIPE, 12"" TO 24"" DIAMETER","1,600",LF,CARBRO CONSTRUCTORS CORP.,$14.00,"$22,400.00"
15131,131,0003,NON-PARTICIPATING,0071,601672M,,"CLEANING EXISTING PIPE, OVER 24"" TO 48"" DIAMETER","1,400",LF,"SOUTH STATE, INC.",$10.00,"$14,000.00"
15131,131,0003,NON-PARTICIPATING,0071,601672M,,"CLEANING EXISTING PIPE, OVER 24"" TO 48"" DIAMETER","1,400",LF,"MIDLANTIC CONSTRUCTION, LLC",$24.00,"$33,600.00"
15131,131,0003,NON-PARTICIPATING,0071,601672M,,"CLEANING EXISTING PIPE, OVER 24"" TO 48"" DIAMETER","1,400",LF,CARBRO CONSTRUCTORS CORP.,$25.00,"$35,000.00"
15131,131,0001,ROADWAY,0072,601681M,,"18"" DUCTILE IRON PIPE",24,LF,"SOUTH STATE, INC.",$210.00,"$5,040.00"
15131,131,0001,ROADWAY,0072,601681M,,"18"" DUCTILE IRON PIPE",24,LF,"MIDLANTIC CONSTRUCTION, LLC",$300.00,"$7,200.00"
15131,131,0001,ROADWAY,0072,601681M,,"18"" DUCTILE IRON PIPE",24,LF,CARBRO CONSTRUCTORS CORP.,$210.00,"$5,040.00"
15131,131,0001,ROADWAY,0073,601685M,,"14"" DUCTILE IRON PIPE",12,LF,"SOUTH STATE, INC.",$275.00,"$3,300.00"
15131,131,0001,ROADWAY,0073,601685M,,"14"" DUCTILE IRON PIPE",12,LF,"MIDLANTIC CONSTRUCTION, LLC",$450.00,"$5,400.00"
15131,131,0001,ROADWAY,0073,601685M,,"14"" DUCTILE IRON PIPE",12,LF,CARBRO CONSTRUCTORS CORP.,$200.00,"$2,400.00"
15131,131,0001,ROADWAY,0074,601742M,,"42"" DUCTILE IRON PIPE",22,LF,"SOUTH STATE, INC.",$400.00,"$8,800.00"
15131,131,0001,ROADWAY,0074,601742M,,"42"" DUCTILE IRON PIPE",22,LF,"MIDLANTIC CONSTRUCTION, LLC",$540.00,"$11,880.00"
15131,131,0001,ROADWAY,0074,601742M,,"42"" DUCTILE IRON PIPE",22,LF,CARBRO CONSTRUCTORS CORP.,$400.00,"$8,800.00"
15131,131,0001,ROADWAY,0075,602009M,,"INLET, TYPE A",3,U,"SOUTH STATE, INC.","$3,350.00","$10,050.00"
15131,131,0001,ROADWAY,0075,602009M,,"INLET, TYPE A",3,U,"MIDLANTIC CONSTRUCTION, LLC","$3,600.00","$10,800.00"
15131,131,0001,ROADWAY,0075,602009M,,"INLET, TYPE A",3,U,CARBRO CONSTRUCTORS CORP.,"$2,000.00","$6,000.00"
15131,131,0001,ROADWAY,0076,602012M,,"INLET, TYPE B",17,U,"SOUTH STATE, INC.","$4,550.00","$77,350.00"
15131,131,0001,ROADWAY,0076,602012M,,"INLET, TYPE B",17,U,"MIDLANTIC CONSTRUCTION, LLC","$3,800.00","$64,600.00"
15131,131,0001,ROADWAY,0076,602012M,,"INLET, TYPE B",17,U,CARBRO CONSTRUCTORS CORP.,"$2,400.00","$40,800.00"
15131,131,0001,ROADWAY,0077,602054M,,"MANHOLE, 4' DIAMETER",1,U,"SOUTH STATE, INC.","$5,100.00","$5,100.00"
15131,131,0001,ROADWAY,0077,602054M,,"MANHOLE, 4' DIAMETER",1,U,"MIDLANTIC CONSTRUCTION, LLC","$5,800.00","$5,800.00"
15131,131,0001,ROADWAY,0077,602054M,,"MANHOLE, 4' DIAMETER",1,U,CARBRO CONSTRUCTORS CORP.,"$2,200.00","$2,200.00"
15131,131,0001,ROADWAY,0078,602057M,,"MANHOLE, 5' DIAMETER",2,U,"SOUTH STATE, INC.","$5,800.00","$11,600.00"
15131,131,0001,ROADWAY,0078,602057M,,"MANHOLE, 5' DIAMETER",2,U,"MIDLANTIC CONSTRUCTION, LLC","$7,300.00","$14,600.00"
15131,131,0001,ROADWAY,0078,602057M,,"MANHOLE, 5' DIAMETER",2,U,CARBRO CONSTRUCTORS CORP.,"$3,300.00","$6,600.00"
15131,131,0001,ROADWAY,0079,602060M,,"MANHOLE, 6' DIAMETER",1,U,"SOUTH STATE, INC.","$7,450.00","$7,450.00"
15131,131,0001,ROADWAY,0079,602060M,,"MANHOLE, 6' DIAMETER",1,U,"MIDLANTIC CONSTRUCTION, LLC","$8,100.00","$8,100.00"
15131,131,0001,ROADWAY,0079,602060M,,"MANHOLE, 6' DIAMETER",1,U,CARBRO CONSTRUCTORS CORP.,"$3,500.00","$3,500.00"
15131,131,0001,ROADWAY,0080,602099M,,RESET EXISTING CASTING,19,U,"SOUTH STATE, INC.",$200.00,"$3,800.00"
15131,131,0001,ROADWAY,0080,602099M,,RESET EXISTING CASTING,19,U,"MIDLANTIC CONSTRUCTION, LLC","$1,100.00","$20,900.00"
15131,131,0001,ROADWAY,0080,602099M,,RESET EXISTING CASTING,19,U,CARBRO CONSTRUCTORS CORP.,$500.00,"$9,500.00"
15131,131,0001,ROADWAY,0081,602105M,,"SET INLET TYPE B, CASTING",1,U,"SOUTH STATE, INC.","$1,200.00","$1,200.00"
15131,131,0001,ROADWAY,0081,602105M,,"SET INLET TYPE B, CASTING",1,U,"MIDLANTIC CONSTRUCTION, LLC","$2,700.00","$2,700.00"
15131,131,0001,ROADWAY,0081,602105M,,"SET INLET TYPE B, CASTING",1,U,CARBRO CONSTRUCTORS CORP.,"$1,500.00","$1,500.00"
15131,131,0001,ROADWAY,0082,602153M,,"RECONSTRUCTED INLET, TYPE B, USING NEW CASTING",1,U,"SOUTH STATE, INC.","$2,500.00","$2,500.00"
15131,131,0001,ROADWAY,0082,602153M,,"RECONSTRUCTED INLET, TYPE B, USING NEW CASTING",1,U,"MIDLANTIC CONSTRUCTION, LLC","$3,700.00","$3,700.00"
15131,131,0001,ROADWAY,0082,602153M,,"RECONSTRUCTED INLET, TYPE B, USING NEW CASTING",1,U,CARBRO CONSTRUCTORS CORP.,"$1,500.00","$1,500.00"
15131,131,0001,ROADWAY,0083,602216M,,CLEANING DRAINAGE STRUCTURE,15,U,"SOUTH STATE, INC.",$600.00,"$9,000.00"
15131,131,0001,ROADWAY,0083,602216M,,CLEANING DRAINAGE STRUCTURE,15,U,"MIDLANTIC CONSTRUCTION, LLC","$1,100.00","$16,500.00"
15131,131,0001,ROADWAY,0083,602216M,,CLEANING DRAINAGE STRUCTURE,15,U,CARBRO CONSTRUCTORS CORP.,$525.00,"$7,875.00"
15131,131,0001,ROADWAY,0084,602229M,,MANUFACTURED TREATMENT DEVICE 1,1,U,"SOUTH STATE, INC.","$75,000.00","$75,000.00"
15131,131,0001,ROADWAY,0084,602229M,,MANUFACTURED TREATMENT DEVICE 1,1,U,"MIDLANTIC CONSTRUCTION, LLC","$70,000.00","$70,000.00"
15131,131,0001,ROADWAY,0084,602229M,,MANUFACTURED TREATMENT DEVICE 1,1,U,CARBRO CONSTRUCTORS CORP.,"$35,000.00","$35,000.00"
15131,131,0001,ROADWAY,0085,603017P,,"RIP RAP STONE SLOPE PROTECTION, 12"" THICK (D50=6"")",3,SY,"SOUTH STATE, INC.",$275.00,$825.00
15131,131,0001,ROADWAY,0085,603017P,,"RIP RAP STONE SLOPE PROTECTION, 12"" THICK (D50=6"")",3,SY,"MIDLANTIC CONSTRUCTION, LLC",$653.00,"$1,959.00"
15131,131,0001,ROADWAY,0085,603017P,,"RIP RAP STONE SLOPE PROTECTION, 12"" THICK (D50=6"")",3,SY,CARBRO CONSTRUCTORS CORP.,$85.00,$255.00
15131,131,0001,ROADWAY,0086,603048P,,"RIPRAP STONE CHANNEL PROTECTION, 24"" THICK (D50=12"")",201,SY,"SOUTH STATE, INC.",$150.00,"$30,150.00"
15131,131,0001,ROADWAY,0086,603048P,,"RIPRAP STONE CHANNEL PROTECTION, 24"" THICK (D50=12"")",201,SY,"MIDLANTIC CONSTRUCTION, LLC",$94.00,"$18,894.00"
15131,131,0001,ROADWAY,0086,603048P,,"RIPRAP STONE CHANNEL PROTECTION, 24"" THICK (D50=12"")",201,SY,CARBRO CONSTRUCTORS CORP.,$100.00,"$20,100.00"
15131,131,0001,ROADWAY,0087,603073P,,"ARTICULATED CONCRETE BLOCK MATTING, OPEN CELL",100,SY,"SOUTH STATE, INC.",$300.00,"$30,000.00"
15131,131,0001,ROADWAY,0087,603073P,,"ARTICULATED CONCRETE BLOCK MATTING, OPEN CELL",100,SY,"MIDLANTIC CONSTRUCTION, LLC",$138.00,"$13,800.00"
15131,131,0001,ROADWAY,0087,603073P,,"ARTICULATED CONCRETE BLOCK MATTING, OPEN CELL",100,SY,CARBRO CONSTRUCTORS CORP.,$300.00,"$30,000.00"
15131,131,0001,ROADWAY,0088,603120P,,"GRANITE BLOCK SLOPE PROTECTION, 8"" THICK",45,SY,"SOUTH STATE, INC.",$150.00,"$6,750.00"
15131,131,0001,ROADWAY,0088,603120P,,"GRANITE BLOCK SLOPE PROTECTION, 8"" THICK",45,SY,"MIDLANTIC CONSTRUCTION, LLC",$242.00,"$10,890.00"
15131,131,0001,ROADWAY,0088,603120P,,"GRANITE BLOCK SLOPE PROTECTION, 8"" THICK",45,SY,CARBRO CONSTRUCTORS CORP.,$160.00,"$7,200.00"
15131,131,0001,ROADWAY,0089,605212P,,RESET FENCE,75,LF,"SOUTH STATE, INC.",$20.00,"$1,500.00"
15131,131,0001,ROADWAY,0089,605212P,,RESET FENCE,75,LF,"MIDLANTIC CONSTRUCTION, LLC",$35.00,"$2,625.00"
15131,131,0001,ROADWAY,0089,605212P,,RESET FENCE,75,LF,CARBRO CONSTRUCTORS CORP.,$5.00,$375.00
15131,131,0001,ROADWAY,0090,606012P,,"CONCRETE SIDEWALK, 4"" THICK","1,151",SY,"SOUTH STATE, INC.",$55.00,"$63,305.00"
15131,131,0001,ROADWAY,0090,606012P,,"CONCRETE SIDEWALK, 4"" THICK","1,151",SY,"MIDLANTIC CONSTRUCTION, LLC",$92.00,"$105,892.00"
15131,131,0001,ROADWAY,0090,606012P,,"CONCRETE SIDEWALK, 4"" THICK","1,151",SY,CARBRO CONSTRUCTORS CORP.,$60.00,"$69,060.00"
15131,131,0001,ROADWAY,0091,606039P,,"HOT MIX ASPHALT DRIVEWAY, 6"" THICK",173,SY,"SOUTH STATE, INC.",$80.00,"$13,840.00"
15131,131,0001,ROADWAY,0091,606039P,,"HOT MIX ASPHALT DRIVEWAY, 6"" THICK",173,SY,"MIDLANTIC CONSTRUCTION, LLC",$49.00,"$8,477.00"
15131,131,0001,ROADWAY,0091,606039P,,"HOT MIX ASPHALT DRIVEWAY, 6"" THICK",173,SY,CARBRO CONSTRUCTORS CORP.,$75.00,"$12,975.00"
15131,131,0001,ROADWAY,0092,606051P,,"CONCRETE DRIVEWAY, 6"" THICK",41,SY,"SOUTH STATE, INC.",$63.00,"$2,583.00"
15131,131,0001,ROADWAY,0092,606051P,,"CONCRETE DRIVEWAY, 6"" THICK",41,SY,"MIDLANTIC CONSTRUCTION, LLC",$198.00,"$8,118.00"
15131,131,0001,ROADWAY,0092,606051P,,"CONCRETE DRIVEWAY, 6"" THICK",41,SY,CARBRO CONSTRUCTORS CORP.,$70.00,"$2,870.00"
15131,131,0001,ROADWAY,0093,606075P,,"CONCRETE ISLAND, 4"" THICK",454,SY,"SOUTH STATE, INC.",$55.00,"$24,970.00"
15131,131,0001,ROADWAY,0093,606075P,,"CONCRETE ISLAND, 4"" THICK",454,SY,"MIDLANTIC CONSTRUCTION, LLC",$90.00,"$40,860.00"
15131,131,0001,ROADWAY,0093,606075P,,"CONCRETE ISLAND, 4"" THICK",454,SY,CARBRO CONSTRUCTORS CORP.,$60.00,"$27,240.00"
15131,131,0001,ROADWAY,0094,606084P,,DETECTABLE WARNING SURFACE,10,SY,"SOUTH STATE, INC.",$215.00,"$2,150.00"
15131,131,0001,ROADWAY,0094,606084P,,DETECTABLE WARNING SURFACE,10,SY,"MIDLANTIC CONSTRUCTION, LLC",$223.00,"$2,230.00"
15131,131,0001,ROADWAY,0094,606084P,,DETECTABLE WARNING SURFACE,10,SY,CARBRO CONSTRUCTORS CORP.,$230.00,"$2,300.00"
15131,131,0001,ROADWAY,0095,607018P,,"9"" X 16"" CONCRETE VERTICAL CURB","1,950",LF,"SOUTH STATE, INC.",$27.00,"$52,650.00"
15131,131,0001,ROADWAY,0095,607018P,,"9"" X 16"" CONCRETE VERTICAL CURB","1,950",LF,"MIDLANTIC CONSTRUCTION, LLC",$41.00,"$79,950.00"
15131,131,0001,ROADWAY,0095,607018P,,"9"" X 16"" CONCRETE VERTICAL CURB","1,950",LF,CARBRO CONSTRUCTORS CORP.,$30.00,"$58,500.00"
15131,131,0001,ROADWAY,0096,607021P,,"9"" X 18"" CONCRETE VERTICAL CURB",541,LF,"SOUTH STATE, INC.",$27.00,"$14,607.00"
15131,131,0001,ROADWAY,0096,607021P,,"9"" X 18"" CONCRETE VERTICAL CURB",541,LF,"MIDLANTIC CONSTRUCTION, LLC",$44.00,"$23,804.00"
15131,131,0001,ROADWAY,0096,607021P,,"9"" X 18"" CONCRETE VERTICAL CURB",541,LF,CARBRO CONSTRUCTORS CORP.,$30.00,"$16,230.00"
15131,131,0001,ROADWAY,0097,607030P,,"12"" X 13"" CONCRETE SLOPING CURB","4,354",LF,"SOUTH STATE, INC.",$27.00,"$117,558.00"
15131,131,0001,ROADWAY,0097,607030P,,"12"" X 13"" CONCRETE SLOPING CURB","4,354",LF,"MIDLANTIC CONSTRUCTION, LLC",$48.00,"$208,992.00"
15131,131,0001,ROADWAY,0097,607030P,,"12"" X 13"" CONCRETE SLOPING CURB","4,354",LF,CARBRO CONSTRUCTORS CORP.,$30.00,"$130,620.00"
15131,131,0001,ROADWAY,0098,608003P,,"NONVEGETATIVE SURFACE, HOT MIX ASPHALT",200,SY,"SOUTH STATE, INC.",$35.00,"$7,000.00"
15131,131,0001,ROADWAY,0098,608003P,,"NONVEGETATIVE SURFACE, HOT MIX ASPHALT",200,SY,"MIDLANTIC CONSTRUCTION, LLC",$48.00,"$9,600.00"
15131,131,0001,ROADWAY,0098,608003P,,"NONVEGETATIVE SURFACE, HOT MIX ASPHALT",200,SY,CARBRO CONSTRUCTORS CORP.,$36.00,"$7,200.00"
15131,131,0001,ROADWAY,0099,609003M,,BEAM GUIDE RAIL,212,LF,"SOUTH STATE, INC.",$52.00,"$11,024.00"
15131,131,0001,ROADWAY,0099,609003M,,BEAM GUIDE RAIL,212,LF,"MIDLANTIC CONSTRUCTION, LLC",$76.00,"$16,112.00"
15131,131,0001,ROADWAY,0099,609003M,,BEAM GUIDE RAIL,212,LF,CARBRO CONSTRUCTORS CORP.,$44.00,"$9,328.00"
15131,131,0001,ROADWAY,0100,609024M,,FLARED GUIDE RAIL TERMINAL,1,U,"SOUTH STATE, INC.","$2,750.00","$2,750.00"
15131,131,0001,ROADWAY,0100,609024M,,FLARED GUIDE RAIL TERMINAL,1,U,"MIDLANTIC CONSTRUCTION, LLC","$3,900.00","$3,900.00"
15131,131,0001,ROADWAY,0100,609024M,,FLARED GUIDE RAIL TERMINAL,1,U,CARBRO CONSTRUCTORS CORP.,"$2,900.00","$2,900.00"
15131,131,0001,ROADWAY,0101,609033M,,CONTROLLED RELEASE TERMINAL,1,U,"SOUTH STATE, INC.","$1,400.00","$1,400.00"
15131,131,0001,ROADWAY,0101,609033M,,CONTROLLED RELEASE TERMINAL,1,U,"MIDLANTIC CONSTRUCTION, LLC","$2,080.00","$2,080.00"
15131,131,0001,ROADWAY,0101,609033M,,CONTROLLED RELEASE TERMINAL,1,U,CARBRO CONSTRUCTORS CORP.,"$2,250.00","$2,250.00"
15131,131,0001,ROADWAY,0102,609036M,,CONTROLLED RELEASE TERMINAL ANCHORAGE,1,U,"SOUTH STATE, INC.","$1,700.00","$1,700.00"
15131,131,0001,ROADWAY,0102,609036M,,CONTROLLED RELEASE TERMINAL ANCHORAGE,1,U,"MIDLANTIC CONSTRUCTION, LLC","$2,600.00","$2,600.00"
15131,131,0001,ROADWAY,0102,609036M,,CONTROLLED RELEASE TERMINAL ANCHORAGE,1,U,CARBRO CONSTRUCTORS CORP.,"$1,700.00","$1,700.00"
15131,131,0001,ROADWAY,0103,609039M,,BEAM GUIDE RAIL ANCHORAGE,2,U,"SOUTH STATE, INC.","$1,000.00","$2,000.00"
15131,131,0001,ROADWAY,0103,609039M,,BEAM GUIDE RAIL ANCHORAGE,2,U,"MIDLANTIC CONSTRUCTION, LLC","$1,300.00","$2,600.00"
15131,131,0001,ROADWAY,0103,609039M,,BEAM GUIDE RAIL ANCHORAGE,2,U,CARBRO CONSTRUCTORS CORP.,"$1,000.00","$2,000.00"
15131,131,0001,ROADWAY,0104,609075M,,REMOVAL OF BEAM GUIDE RAIL,475,LF,"SOUTH STATE, INC.",$0.25,$118.75
15131,131,0001,ROADWAY,0104,609075M,,REMOVAL OF BEAM GUIDE RAIL,475,LF,"MIDLANTIC CONSTRUCTION, LLC",$18.00,"$8,550.00"
15131,131,0001,ROADWAY,0104,609075M,,REMOVAL OF BEAM GUIDE RAIL,475,LF,CARBRO CONSTRUCTORS CORP.,$6.00,"$2,850.00"
15131,131,0001,ROADWAY,0105,610003M,,"TRAFFIC STRIPES, 4""","7,154",LF,"SOUTH STATE, INC.",$2.00,"$14,308.00"
15131,131,0001,ROADWAY,0105,610003M,,"TRAFFIC STRIPES, 4""","7,154",LF,"MIDLANTIC CONSTRUCTION, LLC",$3.00,"$21,462.00"
15131,131,0001,ROADWAY,0105,610003M,,"TRAFFIC STRIPES, 4""","7,154",LF,CARBRO CONSTRUCTORS CORP.,$0.50,"$3,577.00"
15131,131,0001,ROADWAY,0106,610007M,,"TRAFFIC STRIPES, 8""","1,051",LF,"SOUTH STATE, INC.",$3.00,"$3,153.00"
15131,131,0001,ROADWAY,0106,610007M,,"TRAFFIC STRIPES, 8""","1,051",LF,"MIDLANTIC CONSTRUCTION, LLC",$4.00,"$4,204.00"
15131,131,0001,ROADWAY,0106,610007M,,"TRAFFIC STRIPES, 8""","1,051",LF,CARBRO CONSTRUCTORS CORP.,$1.00,"$1,051.00"
15131,131,0001,ROADWAY,0107,610009M,,TRAFFIC MARKINGS,683,SF,"SOUTH STATE, INC.",$4.50,"$3,073.50"
15131,131,0001,ROADWAY,0107,610009M,,TRAFFIC MARKINGS,683,SF,"MIDLANTIC CONSTRUCTION, LLC",$7.00,"$4,781.00"
15131,131,0001,ROADWAY,0107,610009M,,TRAFFIC MARKINGS,683,SF,CARBRO CONSTRUCTORS CORP.,$4.50,"$3,073.50"
15131,131,0001,ROADWAY,0108,610012M,,"RPM, MONO-DIRECTIONAL, WHITE LENS",100,U,"SOUTH STATE, INC.",$31.00,"$3,100.00"
15131,131,0001,ROADWAY,0108,610012M,,"RPM, MONO-DIRECTIONAL, WHITE LENS",100,U,"MIDLANTIC CONSTRUCTION, LLC",$42.00,"$4,200.00"
15131,131,0001,ROADWAY,0108,610012M,,"RPM, MONO-DIRECTIONAL, WHITE LENS",100,U,CARBRO CONSTRUCTORS CORP.,$27.00,"$2,700.00"
15131,131,0001,ROADWAY,0109,610018M,,"RPM, MONO-DIRECTIONAL, AMBER LENS",50,U,"SOUTH STATE, INC.",$31.00,"$1,550.00"
15131,131,0001,ROADWAY,0109,610018M,,"RPM, MONO-DIRECTIONAL, AMBER LENS",50,U,"MIDLANTIC CONSTRUCTION, LLC",$42.00,"$2,100.00"
15131,131,0001,ROADWAY,0109,610018M,,"RPM, MONO-DIRECTIONAL, AMBER LENS",50,U,CARBRO CONSTRUCTORS CORP.,$27.00,"$1,350.00"
15131,131,0001,ROADWAY,0110,610021M,,"RPM, BI-DIRECTIONAL, AMBER LENS",2,U,"SOUTH STATE, INC.",$31.00,$62.00
15131,131,0001,ROADWAY,0110,610021M,,"RPM, BI-DIRECTIONAL, AMBER LENS",2,U,"MIDLANTIC CONSTRUCTION, LLC",$42.00,$84.00
15131,131,0001,ROADWAY,0110,610021M,,"RPM, BI-DIRECTIONAL, AMBER LENS",2,U,CARBRO CONSTRUCTORS CORP.,$27.00,$54.00
15131,131,0001,ROADWAY,0111,610024M,,REMOVAL OF RPM,100,U,"SOUTH STATE, INC.",$0.01,$1.00
15131,131,0001,ROADWAY,0111,610024M,,REMOVAL OF RPM,100,U,"MIDLANTIC CONSTRUCTION, LLC",$35.00,"$3,500.00"
15131,131,0001,ROADWAY,0111,610024M,,REMOVAL OF RPM,100,U,CARBRO CONSTRUCTORS CORP.,$0.01,$1.00
15131,131,0001,ROADWAY,0112,610036M,,REMOVAL OF TRAFFIC STRIPES,"18,450",LF,"SOUTH STATE, INC.",$0.55,"$10,147.50"
15131,131,0001,ROADWAY,0112,610036M,,REMOVAL OF TRAFFIC STRIPES,"18,450",LF,"MIDLANTIC CONSTRUCTION, LLC",$1.00,"$18,450.00"
15131,131,0001,ROADWAY,0112,610036M,,REMOVAL OF TRAFFIC STRIPES,"18,450",LF,CARBRO CONSTRUCTORS CORP.,$1.00,"$18,450.00"
15131,131,0001,ROADWAY,0113,610039M,,REMOVAL OF TRAFFIC MARKINGS,100,SF,"SOUTH STATE, INC.",$2.40,$240.00
15131,131,0001,ROADWAY,0113,610039M,,REMOVAL OF TRAFFIC MARKINGS,100,SF,"MIDLANTIC CONSTRUCTION, LLC",$4.00,$400.00
15131,131,0001,ROADWAY,0113,610039M,,REMOVAL OF TRAFFIC MARKINGS,100,SF,CARBRO CONSTRUCTORS CORP.,$5.50,$550.00
15131,131,0001,ROADWAY,0114,612003P,,REGULATORY AND WARNING SIGN,196,SF,"SOUTH STATE, INC.",$35.00,"$6,860.00"
15131,131,0001,ROADWAY,0114,612003P,,REGULATORY AND WARNING SIGN,196,SF,"MIDLANTIC CONSTRUCTION, LLC",$20.00,"$3,920.00"
15131,131,0001,ROADWAY,0114,612003P,,REGULATORY AND WARNING SIGN,196,SF,CARBRO CONSTRUCTORS CORP.,$38.00,"$7,448.00"
15131,131,0005,GENERAL LANDSCAPING,0115,612043P,,CAST IRON SIGN AND POST RESTORATION,1,LS,"SOUTH STATE, INC.","$7,500.00","$7,500.00"
15131,131,0005,GENERAL LANDSCAPING,0115,612043P,,CAST IRON SIGN AND POST RESTORATION,1,LS,"MIDLANTIC CONSTRUCTION, LLC","$13,000.00","$13,000.00"
15131,131,0005,GENERAL LANDSCAPING,0115,612043P,,CAST IRON SIGN AND POST RESTORATION,1,LS,CARBRO CONSTRUCTORS CORP.,"$5,000.00","$5,000.00"
15131,131,0001,ROADWAY,0116,651255M,,RESET WATER VALVE BOX,4,U,"SOUTH STATE, INC.",$135.00,$540.00
15131,131,0001,ROADWAY,0116,651255M,,RESET WATER VALVE BOX,4,U,"MIDLANTIC CONSTRUCTION, LLC",$453.00,"$1,812.00"
15131,131,0001,ROADWAY,0116,651255M,,RESET WATER VALVE BOX,4,U,CARBRO CONSTRUCTORS CORP.,$200.00,$800.00
15131,131,0001,ROADWAY,0117,653084M,,RESET GAS VALVE BOX,5,U,"SOUTH STATE, INC.",$135.00,$675.00
15131,131,0001,ROADWAY,0117,653084M,,RESET GAS VALVE BOX,5,U,"MIDLANTIC CONSTRUCTION, LLC","$1,165.00","$5,825.00"
15131,131,0001,ROADWAY,0117,653084M,,RESET GAS VALVE BOX,5,U,CARBRO CONSTRUCTORS CORP.,"$1,500.00","$7,500.00"
15131,131,0001,ROADWAY,0118,701015P,,"2"" RIGID METALLIC CONDUIT",33,LF,"SOUTH STATE, INC.",$26.50,$874.50
15131,131,0001,ROADWAY,0118,701015P,,"2"" RIGID METALLIC CONDUIT",33,LF,"MIDLANTIC CONSTRUCTION, LLC",$39.00,"$1,287.00"
15131,131,0001,ROADWAY,0118,701015P,,"2"" RIGID METALLIC CONDUIT",33,LF,CARBRO CONSTRUCTORS CORP.,$29.00,$957.00
15131,131,0001,ROADWAY,0119,701021P,,"3"" RIGID METALLIC CONDUIT",647,LF,"SOUTH STATE, INC.",$45.00,"$29,115.00"
15131,131,0001,ROADWAY,0119,701021P,,"3"" RIGID METALLIC CONDUIT",647,LF,"MIDLANTIC CONSTRUCTION, LLC",$67.00,"$43,349.00"
15131,131,0001,ROADWAY,0119,701021P,,"3"" RIGID METALLIC CONDUIT",647,LF,CARBRO CONSTRUCTORS CORP.,$43.00,"$27,821.00"
15131,131,0001,ROADWAY,0120,701102M,,"18"" X 36"" JUNCTION BOX",6,U,"SOUTH STATE, INC.","$2,150.00","$12,900.00"
15131,131,0001,ROADWAY,0120,701102M,,"18"" X 36"" JUNCTION BOX",6,U,"MIDLANTIC CONSTRUCTION, LLC","$3,050.00","$18,300.00"
15131,131,0001,ROADWAY,0120,701102M,,"18"" X 36"" JUNCTION BOX",6,U,CARBRO CONSTRUCTORS CORP.,"$1,700.00","$10,200.00"
15131,131,0001,ROADWAY,0121,701123M,,"FOUNDATION, TYPE SFT",1,U,"SOUTH STATE, INC.","$1,600.00","$1,600.00"
15131,131,0001,ROADWAY,0121,701123M,,"FOUNDATION, TYPE SFT",1,U,"MIDLANTIC CONSTRUCTION, LLC","$2,270.00","$2,270.00"
15131,131,0001,ROADWAY,0121,701123M,,"FOUNDATION, TYPE SFT",1,U,CARBRO CONSTRUCTORS CORP.,"$1,750.00","$1,750.00"
15131,131,0001,ROADWAY,0122,701132M,,"FOUNDATION, TYPE P-MC",1,U,"SOUTH STATE, INC.","$2,200.00","$2,200.00"
15131,131,0001,ROADWAY,0122,701132M,,"FOUNDATION, TYPE P-MC",1,U,"MIDLANTIC CONSTRUCTION, LLC","$3,010.00","$3,010.00"
15131,131,0001,ROADWAY,0122,701132M,,"FOUNDATION, TYPE P-MC",1,U,CARBRO CONSTRUCTORS CORP.,"$2,600.00","$2,600.00"
15131,131,0001,ROADWAY,0123,701138M,,"FOUNDATION, TYPE STF",1,U,"SOUTH STATE, INC.","$4,000.00","$4,000.00"
15131,131,0001,ROADWAY,0123,701138M,,"FOUNDATION, TYPE STF",1,U,"MIDLANTIC CONSTRUCTION, LLC","$5,500.00","$5,500.00"
15131,131,0001,ROADWAY,0123,701138M,,"FOUNDATION, TYPE STF",1,U,CARBRO CONSTRUCTORS CORP.,"$3,400.00","$3,400.00"
15131,131,0001,ROADWAY,0124,701144M,,"FOUNDATION, TYPE SFK",3,U,"SOUTH STATE, INC.","$1,800.00","$5,400.00"
15131,131,0001,ROADWAY,0124,701144M,,"FOUNDATION, TYPE SFK",3,U,"MIDLANTIC CONSTRUCTION, LLC","$2,500.00","$7,500.00"
15131,131,0001,ROADWAY,0124,701144M,,"FOUNDATION, TYPE SFK",3,U,CARBRO CONSTRUCTORS CORP.,"$1,800.00","$5,400.00"
15131,131,0001,ROADWAY,0125,701171M,,"METER CABINET, TYPE TL",1,U,"SOUTH STATE, INC.","$3,500.00","$3,500.00"
15131,131,0001,ROADWAY,0125,701171M,,"METER CABINET, TYPE TL",1,U,"MIDLANTIC CONSTRUCTION, LLC","$5,000.00","$5,000.00"
15131,131,0001,ROADWAY,0125,701171M,,"METER CABINET, TYPE TL",1,U,CARBRO CONSTRUCTORS CORP.,"$4,300.00","$4,300.00"
15131,131,0001,ROADWAY,0126,701192P,,"GROUND WIRE, NO. 8 AWG",747,LF,"SOUTH STATE, INC.",$0.60,$448.20
15131,131,0001,ROADWAY,0126,701192P,,"GROUND WIRE, NO. 8 AWG",747,LF,"MIDLANTIC CONSTRUCTION, LLC",$2.00,"$1,494.00"
15131,131,0001,ROADWAY,0126,701192P,,"GROUND WIRE, NO. 8 AWG",747,LF,CARBRO CONSTRUCTORS CORP.,$2.00,"$1,494.00"
15131,131,0001,ROADWAY,0127,701198P,,"MULTIPLE LIGHTING WIRE, NO. 6 AWG",752,LF,"SOUTH STATE, INC.",$1.50,"$1,128.00"
15131,131,0001,ROADWAY,0127,701198P,,"MULTIPLE LIGHTING WIRE, NO. 6 AWG",752,LF,"MIDLANTIC CONSTRUCTION, LLC",$3.00,"$2,256.00"
15131,131,0001,ROADWAY,0127,701198P,,"MULTIPLE LIGHTING WIRE, NO. 6 AWG",752,LF,CARBRO CONSTRUCTORS CORP.,$3.00,"$2,256.00"
15131,131,0001,ROADWAY,0128,701201P,,"MULTIPLE LIGHTING WIRE, NO. 8 AWG",574,LF,"SOUTH STATE, INC.",$1.00,$574.00
15131,131,0001,ROADWAY,0128,701201P,,"MULTIPLE LIGHTING WIRE, NO. 8 AWG",574,LF,"MIDLANTIC CONSTRUCTION, LLC",$4.00,"$2,296.00"
15131,131,0001,ROADWAY,0128,701201P,,"MULTIPLE LIGHTING WIRE, NO. 8 AWG",574,LF,CARBRO CONSTRUCTORS CORP.,$2.00,"$1,148.00"
15131,131,0001,ROADWAY,0129,701213P,,"SERVICE WIRE, NO. 6 AWG",122,LF,"SOUTH STATE, INC.",$2.75,$335.50
15131,131,0001,ROADWAY,0129,701213P,,"SERVICE WIRE, NO. 6 AWG",122,LF,"MIDLANTIC CONSTRUCTION, LLC",$4.00,$488.00
15131,131,0001,ROADWAY,0129,701213P,,"SERVICE WIRE, NO. 6 AWG",122,LF,CARBRO CONSTRUCTORS CORP.,$3.00,$366.00
15131,131,0001,ROADWAY,0130,702009M,,"CONTROLLER, 8 PHASE",1,U,"SOUTH STATE, INC.","$15,000.00","$15,000.00"
15131,131,0001,ROADWAY,0130,702009M,,"CONTROLLER, 8 PHASE",1,U,"MIDLANTIC CONSTRUCTION, LLC","$20,800.00","$20,800.00"
15131,131,0001,ROADWAY,0130,702009M,,"CONTROLLER, 8 PHASE",1,U,CARBRO CONSTRUCTORS CORP.,"$18,000.00","$18,000.00"
15131,131,0001,ROADWAY,0131,702012M,,"TRAFFIC SIGNAL STANDARD, ALUMINUM",4,U,"SOUTH STATE, INC.","$2,700.00","$10,800.00"
15131,131,0001,ROADWAY,0131,702012M,,"TRAFFIC SIGNAL STANDARD, ALUMINUM",4,U,"MIDLANTIC CONSTRUCTION, LLC","$3,700.00","$14,800.00"
15131,131,0001,ROADWAY,0131,702012M,,"TRAFFIC SIGNAL STANDARD, ALUMINUM",4,U,CARBRO CONSTRUCTORS CORP.,"$3,300.00","$13,200.00"
15131,131,0001,ROADWAY,0132,702015M,,"TRAFFIC SIGNAL STANDARD, STEEL",1,U,"SOUTH STATE, INC.","$5,300.00","$5,300.00"
15131,131,0001,ROADWAY,0132,702015M,,"TRAFFIC SIGNAL STANDARD, STEEL",1,U,"MIDLANTIC CONSTRUCTION, LLC","$7,500.00","$7,500.00"
15131,131,0001,ROADWAY,0132,702015M,,"TRAFFIC SIGNAL STANDARD, STEEL",1,U,CARBRO CONSTRUCTORS CORP.,"$7,900.00","$7,900.00"
15131,131,0001,ROADWAY,0133,702021M,,"TRAFFIC SIGNAL MAST ARM, ALUMINUM",3,U,"SOUTH STATE, INC.","$1,900.00","$5,700.00"
15131,131,0001,ROADWAY,0133,702021M,,"TRAFFIC SIGNAL MAST ARM, ALUMINUM",3,U,"MIDLANTIC CONSTRUCTION, LLC","$2,700.00","$8,100.00"
15131,131,0001,ROADWAY,0133,702021M,,"TRAFFIC SIGNAL MAST ARM, ALUMINUM",3,U,CARBRO CONSTRUCTORS CORP.,"$5,500.00","$16,500.00"
15131,131,0001,ROADWAY,0134,702024M,,"TRAFFIC SIGNAL MAST ARM, STEEL",1,U,"SOUTH STATE, INC.","$3,000.00","$3,000.00"
15131,131,0001,ROADWAY,0134,702024M,,"TRAFFIC SIGNAL MAST ARM, STEEL",1,U,"MIDLANTIC CONSTRUCTION, LLC","$4,500.00","$4,500.00"
15131,131,0001,ROADWAY,0134,702024M,,"TRAFFIC SIGNAL MAST ARM, STEEL",1,U,CARBRO CONSTRUCTORS CORP.,"$7,900.00","$7,900.00"
15131,131,0001,ROADWAY,0135,702027P,,"TRAFFIC SIGNAL CABLE, 2 CONDUCTOR",537,LF,"SOUTH STATE, INC.",$0.75,$402.75
15131,131,0001,ROADWAY,0135,702027P,,"TRAFFIC SIGNAL CABLE, 2 CONDUCTOR",537,LF,"MIDLANTIC CONSTRUCTION, LLC",$2.00,"$1,074.00"
15131,131,0001,ROADWAY,0135,702027P,,"TRAFFIC SIGNAL CABLE, 2 CONDUCTOR",537,LF,CARBRO CONSTRUCTORS CORP.,$2.00,"$1,074.00"
15131,131,0001,ROADWAY,0136,702030P,,"TRAFFIC SIGNAL CABLE, 5 CONDUCTOR",528,LF,"SOUTH STATE, INC.",$1.35,$712.80
15131,131,0001,ROADWAY,0136,702030P,,"TRAFFIC SIGNAL CABLE, 5 CONDUCTOR",528,LF,"MIDLANTIC CONSTRUCTION, LLC",$3.00,"$1,584.00"
15131,131,0001,ROADWAY,0136,702030P,,"TRAFFIC SIGNAL CABLE, 5 CONDUCTOR",528,LF,CARBRO CONSTRUCTORS CORP.,$2.50,"$1,320.00"
15131,131,0001,ROADWAY,0137,702033P,,"TRAFFIC SIGNAL CABLE, 10 CONDUCTOR","1,489",LF,"SOUTH STATE, INC.",$2.00,"$2,978.00"
15131,131,0001,ROADWAY,0137,702033P,,"TRAFFIC SIGNAL CABLE, 10 CONDUCTOR","1,489",LF,"MIDLANTIC CONSTRUCTION, LLC",$3.00,"$4,467.00"
15131,131,0001,ROADWAY,0137,702033P,,"TRAFFIC SIGNAL CABLE, 10 CONDUCTOR","1,489",LF,CARBRO CONSTRUCTORS CORP.,$4.00,"$5,956.00"
15131,131,0001,ROADWAY,0138,702036M,,TRAFFIC SIGNAL HEAD,11,U,"SOUTH STATE, INC.","$1,200.00","$13,200.00"
15131,131,0001,ROADWAY,0138,702036M,,TRAFFIC SIGNAL HEAD,11,U,"MIDLANTIC CONSTRUCTION, LLC","$1,650.00","$18,150.00"
15131,131,0001,ROADWAY,0138,702036M,,TRAFFIC SIGNAL HEAD,11,U,CARBRO CONSTRUCTORS CORP.,"$1,100.00","$12,100.00"
15131,131,0001,ROADWAY,0139,702038M,,PUSH BUTTON INSTALLATION,2,U,"SOUTH STATE, INC.","$1,400.00","$2,800.00"
15131,131,0001,ROADWAY,0139,702038M,,PUSH BUTTON INSTALLATION,2,U,"MIDLANTIC CONSTRUCTION, LLC","$1,920.00","$3,840.00"
15131,131,0001,ROADWAY,0139,702038M,,PUSH BUTTON INSTALLATION,2,U,CARBRO CONSTRUCTORS CORP.,"$1,500.00","$3,000.00"
15131,131,0001,ROADWAY,0140,702039M,,PEDESTRIAN SIGNAL HEAD,4,U,"SOUTH STATE, INC.",$825.00,"$3,300.00"
15131,131,0001,ROADWAY,0140,702039M,,PEDESTRIAN SIGNAL HEAD,4,U,"MIDLANTIC CONSTRUCTION, LLC","$1,125.00","$4,500.00"
15131,131,0001,ROADWAY,0140,702039M,,PEDESTRIAN SIGNAL HEAD,4,U,CARBRO CONSTRUCTORS CORP.,"$1,100.00","$4,400.00"
15131,131,0001,ROADWAY,0141,702042M,,PUSH BUTTON,4,U,"SOUTH STATE, INC.",$300.00,"$1,200.00"
15131,131,0001,ROADWAY,0141,702042M,,PUSH BUTTON,4,U,"MIDLANTIC CONSTRUCTION, LLC",$440.00,"$1,760.00"
15131,131,0001,ROADWAY,0141,702042M,,PUSH BUTTON,4,U,CARBRO CONSTRUCTORS CORP.,$450.00,"$1,800.00"
15131,131,0001,ROADWAY,0142,702045M,,IMAGE DETECTOR,3,U,"SOUTH STATE, INC.","$10,000.00","$30,000.00"
15131,131,0001,ROADWAY,0142,702045M,,IMAGE DETECTOR,3,U,"MIDLANTIC CONSTRUCTION, LLC","$13,700.00","$41,100.00"
15131,131,0001,ROADWAY,0142,702045M,,IMAGE DETECTOR,3,U,CARBRO CONSTRUCTORS CORP.,"$6,900.00","$20,700.00"
15131,131,0001,ROADWAY,0143,702057M,,"INTERIM TRAFFIC SIGNAL SYSTEM, LOCATION NO. ___ 1",1,LS,"SOUTH STATE, INC.","$25,000.00","$25,000.00"
15131,131,0001,ROADWAY,0143,702057M,,"INTERIM TRAFFIC SIGNAL SYSTEM, LOCATION NO. ___ 1",1,LS,"MIDLANTIC CONSTRUCTION, LLC","$30,000.00","$30,000.00"
15131,131,0001,ROADWAY,0143,702057M,,"INTERIM TRAFFIC SIGNAL SYSTEM, LOCATION NO. ___ 1",1,LS,CARBRO CONSTRUCTORS CORP.,"$20,000.00","$20,000.00"
15131,131,0001,ROADWAY,0144,702060M,,CONTROLLER TURN-ON,1,U,"SOUTH STATE, INC.","$3,300.00","$3,300.00"
15131,131,0001,ROADWAY,0144,702060M,,CONTROLLER TURN-ON,1,U,"MIDLANTIC CONSTRUCTION, LLC","$4,600.00","$4,600.00"
15131,131,0001,ROADWAY,0144,702060M,,CONTROLLER TURN-ON,1,U,CARBRO CONSTRUCTORS CORP.,"$3,900.00","$3,900.00"
15131,131,0001,ROADWAY,0145,702100M,,UNINTERRUPTIBLE POWER SOURCE UNIT WITH CONTROLLER CABINET REVISIONS,1,U,"SOUTH STATE, INC.","$8,000.00","$8,000.00"
15131,131,0001,ROADWAY,0145,702100M,,UNINTERRUPTIBLE POWER SOURCE UNIT WITH CONTROLLER CABINET REVISIONS,1,U,"MIDLANTIC CONSTRUCTION, LLC","$11,100.00","$11,100.00"
15131,131,0001,ROADWAY,0145,702100M,,UNINTERRUPTIBLE POWER SOURCE UNIT WITH CONTROLLER CABINET REVISIONS,1,U,CARBRO CONSTRUCTORS CORP.,"$8,800.00","$8,800.00"
15131,131,0001,ROADWAY,0146,703018M,,LUMINAIRE,2,U,"SOUTH STATE, INC.","$1,600.00","$3,200.00"
15131,131,0001,ROADWAY,0146,703018M,,LUMINAIRE,2,U,"MIDLANTIC CONSTRUCTION, LLC","$2,300.00","$4,600.00"
15131,131,0001,ROADWAY,0146,703018M,,LUMINAIRE,2,U,CARBRO CONSTRUCTORS CORP.,"$1,100.00","$2,200.00"
15131,131,0001,ROADWAY,0147,704012P,,COMMUNICATION CABLE,752,LF,"SOUTH STATE, INC.",$1.75,"$1,316.00"
15131,131,0001,ROADWAY,0147,704012P,,COMMUNICATION CABLE,752,LF,"MIDLANTIC CONSTRUCTION, LLC",$3.00,"$2,256.00"
15131,131,0001,ROADWAY,0147,704012P,,COMMUNICATION CABLE,752,LF,CARBRO CONSTRUCTORS CORP.,$3.00,"$2,256.00"
15131,131,0001,ROADWAY,0148,704091M,,"ADAPTIVE SIGNAL PROCESSOR, CTSS",1,U,"SOUTH STATE, INC.","$50,000.00","$50,000.00"
15131,131,0001,ROADWAY,0148,704091M,,"ADAPTIVE SIGNAL PROCESSOR, CTSS",1,U,"MIDLANTIC CONSTRUCTION, LLC","$68,200.00","$68,200.00"
15131,131,0001,ROADWAY,0148,704091M,,"ADAPTIVE SIGNAL PROCESSOR, CTSS",1,U,CARBRO CONSTRUCTORS CORP.,"$33,000.00","$33,000.00"
15131,131,0005,GENERAL LANDSCAPING,0149,804006P,,"TOPSOILING, 4"" THICK","2,522",SY,"SOUTH STATE, INC.",$1.65,"$4,161.30"
15131,131,0005,GENERAL LANDSCAPING,0149,804006P,,"TOPSOILING, 4"" THICK","2,522",SY,"MIDLANTIC CONSTRUCTION, LLC",$7.00,"$17,654.00"
15131,131,0005,GENERAL LANDSCAPING,0149,804006P,,"TOPSOILING, 4"" THICK","2,522",SY,CARBRO CONSTRUCTORS CORP.,$4.00,"$10,088.00"
15131,131,0005,GENERAL LANDSCAPING,0150,804015P,,BORROW TOPSOIL,70,CY,"SOUTH STATE, INC.",$35.00,"$2,450.00"
15131,131,0005,GENERAL LANDSCAPING,0150,804015P,,BORROW TOPSOIL,70,CY,"MIDLANTIC CONSTRUCTION, LLC",$46.00,"$3,220.00"
15131,131,0005,GENERAL LANDSCAPING,0150,804015P,,BORROW TOPSOIL,70,CY,CARBRO CONSTRUCTORS CORP.,$50.00,"$3,500.00"
15131,131,0005,GENERAL LANDSCAPING,0151,806006P,,"FERTILIZING AND SEEDING, TYPE A-3","2,522",SY,"SOUTH STATE, INC.",$0.55,"$1,387.10"
15131,131,0005,GENERAL LANDSCAPING,0151,806006P,,"FERTILIZING AND SEEDING, TYPE A-3","2,522",SY,"MIDLANTIC CONSTRUCTION, LLC",$2.00,"$5,044.00"
15131,131,0005,GENERAL LANDSCAPING,0151,806006P,,"FERTILIZING AND SEEDING, TYPE A-3","2,522",SY,CARBRO CONSTRUCTORS CORP.,$1.50,"$3,783.00"
15131,131,0005,GENERAL LANDSCAPING,0152,806018P,,"FERTILIZING AND SEEDING, TYPE F",300,SY,"SOUTH STATE, INC.",$1.00,$300.00
15131,131,0005,GENERAL LANDSCAPING,0152,806018P,,"FERTILIZING AND SEEDING, TYPE F",300,SY,"MIDLANTIC CONSTRUCTION, LLC",$2.00,$600.00
15131,131,0005,GENERAL LANDSCAPING,0152,806018P,,"FERTILIZING AND SEEDING, TYPE F",300,SY,CARBRO CONSTRUCTORS CORP.,$2.00,$600.00
15131,131,0005,GENERAL LANDSCAPING,0153,807003M,,"TOPSOIL STABILIZATION, TYPE 1 MAT","1,100",SY,"SOUTH STATE, INC.",$3.00,"$3,300.00"
15131,131,0005,GENERAL LANDSCAPING,0153,807003M,,"TOPSOIL STABILIZATION, TYPE 1 MAT","1,100",SY,"MIDLANTIC CONSTRUCTION, LLC",$7.00,"$7,700.00"
15131,131,0005,GENERAL LANDSCAPING,0153,807003M,,"TOPSOIL STABILIZATION, TYPE 1 MAT","1,100",SY,CARBRO CONSTRUCTORS CORP.,$6.00,"$6,600.00"
15131,131,0005,GENERAL LANDSCAPING,0154,809003M,,STRAW MULCHING,"2,522",SY,"SOUTH STATE, INC.",$0.55,"$1,387.10"
15131,131,0005,GENERAL LANDSCAPING,0154,809003M,,STRAW MULCHING,"2,522",SY,"MIDLANTIC CONSTRUCTION, LLC",$2.00,"$5,044.00"
15131,131,0005,GENERAL LANDSCAPING,0154,809003M,,STRAW MULCHING,"2,522",SY,CARBRO CONSTRUCTORS CORP.,$1.00,"$2,522.00"
15131,131,0003,NON-PARTICIPATING,0155,810003M,,MOWING,2,ACRE,"SOUTH STATE, INC.",$100.00,$200.00
15131,131,0003,NON-PARTICIPATING,0155,810003M,,MOWING,2,ACRE,"MIDLANTIC CONSTRUCTION, LLC",$1.00,$2.00
15131,131,0003,NON-PARTICIPATING,0155,810003M,,MOWING,2,ACRE,CARBRO CONSTRUCTORS CORP.,$650.00,"$1,300.00"
15131,131,0005,GENERAL LANDSCAPING,0156,811032M,,"SMALL DECIDUOUS TREE, 8-10' HIGH, B&B",1,U,"SOUTH STATE, INC.",$475.00,$475.00
15131,131,0005,GENERAL LANDSCAPING,0156,811032M,,"SMALL DECIDUOUS TREE, 8-10' HIGH, B&B",1,U,"MIDLANTIC CONSTRUCTION, LLC",$650.00,$650.00
15131,131,0005,GENERAL LANDSCAPING,0156,811032M,,"SMALL DECIDUOUS TREE, 8-10' HIGH, B&B",1,U,CARBRO CONSTRUCTORS CORP.,$400.00,$400.00
15131,131,0006,DAM,0158,162006P,,VIBRATION MOVEMENT MONITORING,1,DOLL,"SOUTH STATE, INC.","$20,000.00","$20,000.00"
15131,131,0006,DAM,0158,162006P,,VIBRATION MOVEMENT MONITORING,1,DOLL,"MIDLANTIC CONSTRUCTION, LLC","$65,000.00","$65,000.00"
15131,131,0006,DAM,0158,162006P,,VIBRATION MOVEMENT MONITORING,1,DOLL,CARBRO CONSTRUCTORS CORP.,"$50,000.00","$50,000.00"
15131,131,0006,DAM,0159,201009P,,"CLEARING SITE, STRUCTURE (___) DAM 31-74",1,LS,"SOUTH STATE, INC.","$15,000.00","$15,000.00"
15131,131,0006,DAM,0159,201009P,,"CLEARING SITE, STRUCTURE (___) DAM 31-74",1,LS,"MIDLANTIC CONSTRUCTION, LLC","$15,000.00","$15,000.00"
15131,131,0006,DAM,0159,201009P,,"CLEARING SITE, STRUCTURE (___) DAM 31-74",1,LS,CARBRO CONSTRUCTORS CORP.,"$15,000.00","$15,000.00"
15131,131,0006,DAM,0160,202009P,,"EXCAVATION, UNCLASSIFIED",368,CY,"SOUTH STATE, INC.",$55.00,"$20,240.00"
15131,131,0006,DAM,0160,202009P,,"EXCAVATION, UNCLASSIFIED",368,CY,"MIDLANTIC CONSTRUCTION, LLC",$82.00,"$30,176.00"
15131,131,0006,DAM,0160,202009P,,"EXCAVATION, UNCLASSIFIED",368,CY,CARBRO CONSTRUCTORS CORP.,$200.00,"$73,600.00"
15131,131,0006,DAM,0161,203007P,,I-8 SOIL AGGREGATE (IF & WHERE DIRECTED),10,CY,"SOUTH STATE, INC.",$100.00,"$1,000.00"
15131,131,0006,DAM,0161,203007P,,I-8 SOIL AGGREGATE (IF & WHERE DIRECTED),10,CY,"MIDLANTIC CONSTRUCTION, LLC",$154.00,"$1,540.00"
15131,131,0006,DAM,0161,203007P,,I-8 SOIL AGGREGATE (IF & WHERE DIRECTED),10,CY,CARBRO CONSTRUCTORS CORP.,$60.00,$600.00
15131,131,0006,DAM,0162,302060P,,"COARSE AGGREGATE, SIZE NO. 57 SHEET PILE WALL DRAINAGE",1,CY,"SOUTH STATE, INC.",$435.00,$435.00
15131,131,0006,DAM,0162,302060P,,"COARSE AGGREGATE, SIZE NO. 57 SHEET PILE WALL DRAINAGE",1,CY,"MIDLANTIC CONSTRUCTION, LLC","$1,100.00","$1,100.00"
15131,131,0006,DAM,0162,302060P,,"COARSE AGGREGATE, SIZE NO. 57 SHEET PILE WALL DRAINAGE",1,CY,CARBRO CONSTRUCTORS CORP.,$80.00,$80.00
15131,131,0006,DAM,0163,501003P,,TEMPORARY SHEETING,874,SF,"SOUTH STATE, INC.",$75.00,"$65,550.00"
15131,131,0006,DAM,0163,501003P,,TEMPORARY SHEETING,874,SF,"MIDLANTIC CONSTRUCTION, LLC",$345.00,"$301,530.00"
15131,131,0006,DAM,0163,501003P,,TEMPORARY SHEETING,874,SF,CARBRO CONSTRUCTORS CORP.,$70.00,"$61,180.00"
15131,131,0006,DAM,0164,501009P,,TEMPORARY COFFERDAM,1,LS,"SOUTH STATE, INC.","$765,000.00","$765,000.00"
15131,131,0006,DAM,0164,501009P,,TEMPORARY COFFERDAM,1,LS,"MIDLANTIC CONSTRUCTION, LLC","$1,100,000.00","$1,100,000.00"
15131,131,0006,DAM,0164,501009P,,TEMPORARY COFFERDAM,1,LS,CARBRO CONSTRUCTORS CORP.,"$1,628,000.00","$1,628,000.00"
15131,131,0006,DAM,0165,502003P,,FURNISHING EQUIPMENT FOR DRIVING PILES,1,LS,"SOUTH STATE, INC.","$500,000.00","$500,000.00"
15131,131,0006,DAM,0165,502003P,,FURNISHING EQUIPMENT FOR DRIVING PILES,1,LS,"MIDLANTIC CONSTRUCTION, LLC","$459,000.00","$459,000.00"
15131,131,0006,DAM,0165,502003P,,FURNISHING EQUIPMENT FOR DRIVING PILES,1,LS,CARBRO CONSTRUCTORS CORP.,"$250,000.00","$250,000.00"
15131,131,0006,DAM,0166,502006M,,PREBORED HOLE,"1,344",LF,"SOUTH STATE, INC.",$1.00,"$1,344.00"
15131,131,0006,DAM,0166,502006M,,PREBORED HOLE,"1,344",LF,"MIDLANTIC CONSTRUCTION, LLC",$0.01,$13.44
15131,131,0006,DAM,0166,502006M,,PREBORED HOLE,"1,344",LF,CARBRO CONSTRUCTORS CORP.,$33.00,"$44,352.00"
15131,131,0006,DAM,0167,502009M,,"TEST PILE, FURNISHED",120,LF,"SOUTH STATE, INC.",$43.00,"$5,160.00"
15131,131,0006,DAM,0167,502009M,,"TEST PILE, FURNISHED",120,LF,"MIDLANTIC CONSTRUCTION, LLC",$140.00,"$16,800.00"
15131,131,0006,DAM,0167,502009M,,"TEST PILE, FURNISHED",120,LF,CARBRO CONSTRUCTORS CORP.,$42.00,"$5,040.00"
15131,131,0006,DAM,0168,502012M,,"TEST PILE, DRIVEN",90,LF,"SOUTH STATE, INC.",$75.00,"$6,750.00"
15131,131,0006,DAM,0168,502012M,,"TEST PILE, DRIVEN",90,LF,"MIDLANTIC CONSTRUCTION, LLC",$140.00,"$12,600.00"
15131,131,0006,DAM,0168,502012M,,"TEST PILE, DRIVEN",90,LF,CARBRO CONSTRUCTORS CORP.,$150.00,"$13,500.00"
15131,131,0006,DAM,0169,502018M,,DYNAMIC PILE LOAD TEST,2,U,"SOUTH STATE, INC.","$2,800.00","$5,600.00"
15131,131,0006,DAM,0169,502018M,,DYNAMIC PILE LOAD TEST,2,U,"MIDLANTIC CONSTRUCTION, LLC","$9,100.00","$18,200.00"
15131,131,0006,DAM,0169,502018M,,DYNAMIC PILE LOAD TEST,2,U,CARBRO CONSTRUCTORS CORP.,"$4,000.00","$8,000.00"
15131,131,0006,DAM,0170,502024M,,"CAST-IN-PLACE CONCRETE PILE, FURNISHED, 14"" DIAMETER","2,935",LF,"SOUTH STATE, INC.",$35.00,"$102,725.00"
15131,131,0006,DAM,0170,502024M,,"CAST-IN-PLACE CONCRETE PILE, FURNISHED, 14"" DIAMETER","2,935",LF,"MIDLANTIC CONSTRUCTION, LLC",$100.00,"$293,500.00"
15131,131,0006,DAM,0170,502024M,,"CAST-IN-PLACE CONCRETE PILE, FURNISHED, 14"" DIAMETER","2,935",LF,CARBRO CONSTRUCTORS CORP.,$100.00,"$293,500.00"
15131,131,0006,DAM,0171,502048M,,"CAST-IN-PLACE CONCRETE PILE, DRIVEN, 14"" DIAMETER","2,439",LF,"SOUTH STATE, INC.",$45.00,"$109,755.00"
15131,131,0006,DAM,0171,502048M,,"CAST-IN-PLACE CONCRETE PILE, DRIVEN, 14"" DIAMETER","2,439",LF,"MIDLANTIC CONSTRUCTION, LLC",$52.00,"$126,828.00"
15131,131,0006,DAM,0171,502048M,,"CAST-IN-PLACE CONCRETE PILE, DRIVEN, 14"" DIAMETER","2,439",LF,CARBRO CONSTRUCTORS CORP.,$50.00,"$121,950.00"
15131,131,0006,DAM,0172,502207M,,PILE SHOE,64,U,"SOUTH STATE, INC.",$275.00,"$17,600.00"
15131,131,0006,DAM,0172,502207M,,PILE SHOE,64,U,"MIDLANTIC CONSTRUCTION, LLC",$292.00,"$18,688.00"
15131,131,0006,DAM,0172,502207M,,PILE SHOE,64,U,CARBRO CONSTRUCTORS CORP.,$300.00,"$19,200.00"
15131,131,0006,DAM,0173,502307M,,RESTRIKE WITH PDA AND CAPWAP ANALYSIS,2,U,"SOUTH STATE, INC.","$6,000.00","$12,000.00"
15131,131,0006,DAM,0173,502307M,,RESTRIKE WITH PDA AND CAPWAP ANALYSIS,2,U,"MIDLANTIC CONSTRUCTION, LLC",$1.00,$2.00
15131,131,0006,DAM,0173,502307M,,RESTRIKE WITH PDA AND CAPWAP ANALYSIS,2,U,CARBRO CONSTRUCTORS CORP.,"$4,000.00","$8,000.00"
15131,131,0006,DAM,0174,504006P,,"REINFORCEMENT STEEL, EPOXY-COATED","43,530",LB,"SOUTH STATE, INC.",$1.60,"$69,648.00"
15131,131,0006,DAM,0174,504006P,,"REINFORCEMENT STEEL, EPOXY-COATED","43,530",LB,"MIDLANTIC CONSTRUCTION, LLC",$3.00,"$130,590.00"
15131,131,0006,DAM,0174,504006P,,"REINFORCEMENT STEEL, EPOXY-COATED","43,530",LB,CARBRO CONSTRUCTORS CORP.,$2.00,"$87,060.00"
15131,131,0006,DAM,0175,504015P,,CONCRETE FOOTING,82,CY,"SOUTH STATE, INC.","$1,300.00","$106,600.00"
15131,131,0006,DAM,0175,504015P,,CONCRETE FOOTING,82,CY,"MIDLANTIC CONSTRUCTION, LLC","$1,200.00","$98,400.00"
15131,131,0006,DAM,0175,504015P,,CONCRETE FOOTING,82,CY,CARBRO CONSTRUCTORS CORP.,"$1,600.00","$131,200.00"
15131,131,0006,DAM,0176,504080P,,"CONCRETE SPILLWAY CAST IN PLACE, LOCATION NO. 1 (OGEE)",136,CY,"SOUTH STATE, INC.",$900.00,"$122,400.00"
15131,131,0006,DAM,0176,504080P,,"CONCRETE SPILLWAY CAST IN PLACE, LOCATION NO. 1 (OGEE)",136,CY,"MIDLANTIC CONSTRUCTION, LLC","$1,200.00","$163,200.00"
15131,131,0006,DAM,0176,504080P,,"CONCRETE SPILLWAY CAST IN PLACE, LOCATION NO. 1 (OGEE)",136,CY,CARBRO CONSTRUCTORS CORP.,"$1,200.00","$163,200.00"
15131,131,0006,DAM,0177,506003P,,STRUCTURAL STEEL,1,LS,"SOUTH STATE, INC.","$12,000.00","$12,000.00"
15131,131,0006,DAM,0177,506003P,,STRUCTURAL STEEL,1,LS,"MIDLANTIC CONSTRUCTION, LLC","$39,000.00","$39,000.00"
15131,131,0006,DAM,0177,506003P,,STRUCTURAL STEEL,1,LS,CARBRO CONSTRUCTORS CORP.,"$20,000.00","$20,000.00"
15131,131,0006,DAM,0178,507065P,,CONCRETE CAST-IN-PLACE SLABS,141,CY,"SOUTH STATE, INC.","$1,450.00","$204,450.00"
15131,131,0006,DAM,0178,507065P,,CONCRETE CAST-IN-PLACE SLABS,141,CY,"MIDLANTIC CONSTRUCTION, LLC","$1,400.00","$197,400.00"
15131,131,0006,DAM,0178,507065P,,CONCRETE CAST-IN-PLACE SLABS,141,CY,CARBRO CONSTRUCTORS CORP.,"$1,000.00","$141,000.00"
15131,131,0006,DAM,0179,510004P,,TIMBER DECKING (IF & WHERE DIRECTED),200,CF,"SOUTH STATE, INC.",$10.00,"$2,000.00"
15131,131,0006,DAM,0179,510004P,,TIMBER DECKING (IF & WHERE DIRECTED),200,CF,"MIDLANTIC CONSTRUCTION, LLC",$0.01,$2.00
15131,131,0006,DAM,0179,510004P,,TIMBER DECKING (IF & WHERE DIRECTED),200,CF,CARBRO CONSTRUCTORS CORP.,$100.00,"$20,000.00"
15131,131,0006,DAM,0180,551070M,,MISCELLANEOUS CONCRETE,2,CY,"SOUTH STATE, INC.","$2,000.00","$4,000.00"
15131,131,0006,DAM,0180,551070M,,MISCELLANEOUS CONCRETE,2,CY,"MIDLANTIC CONSTRUCTION, LLC","$5,200.00","$10,400.00"
15131,131,0006,DAM,0180,551070M,,MISCELLANEOUS CONCRETE,2,CY,CARBRO CONSTRUCTORS CORP.,$300.00,$600.00
15131,131,0006,DAM,0181,622005M,,BUOY,3,U,"SOUTH STATE, INC.",$700.00,"$2,100.00"
15131,131,0006,DAM,0181,622005M,,BUOY,3,U,"MIDLANTIC CONSTRUCTION, LLC",$130.00,$390.00
15131,131,0006,DAM,0181,622005M,,BUOY,3,U,CARBRO CONSTRUCTORS CORP.,"$1,000.00","$3,000.00"
15131,131,0007,"SHEET PILE WALL, LOCATION 1",0182,504006P,,"REINFORCEMENT STEEL, EPOXY-COATED","1,455",LB,"SOUTH STATE, INC.",$1.60,"$2,328.00"
15131,131,0007,"SHEET PILE WALL, LOCATION 1",0182,504006P,,"REINFORCEMENT STEEL, EPOXY-COATED","1,455",LB,"MIDLANTIC CONSTRUCTION, LLC",$5.00,"$7,275.00"
15131,131,0007,"SHEET PILE WALL, LOCATION 1",0182,504006P,,"REINFORCEMENT STEEL, EPOXY-COATED","1,455",LB,CARBRO CONSTRUCTORS CORP.,$2.00,"$2,910.00"
15131,131,0007,"SHEET PILE WALL, LOCATION 1",0183,509112P,,ALUMINUM RAILING,182,LF,"SOUTH STATE, INC.",$200.00,"$36,400.00"
15131,131,0007,"SHEET PILE WALL, LOCATION 1",0183,509112P,,ALUMINUM RAILING,182,LF,"MIDLANTIC CONSTRUCTION, LLC",$312.00,"$56,784.00"
15131,131,0007,"SHEET PILE WALL, LOCATION 1",0183,509112P,,ALUMINUM RAILING,182,LF,CARBRO CONSTRUCTORS CORP.,$238.00,"$43,316.00"
15131,131,0007,"SHEET PILE WALL, LOCATION 1",0184,511006P,,STEEL SHEET PILING BULKHEAD WALL 1,"7,800",SF,"SOUTH STATE, INC.",$47.00,"$366,600.00"
15131,131,0007,"SHEET PILE WALL, LOCATION 1",0184,511006P,,STEEL SHEET PILING BULKHEAD WALL 1,"7,800",SF,"MIDLANTIC CONSTRUCTION, LLC",$47.00,"$366,600.00"
15131,131,0007,"SHEET PILE WALL, LOCATION 1",0184,511006P,,STEEL SHEET PILING BULKHEAD WALL 1,"7,800",SF,CARBRO CONSTRUCTORS CORP.,$75.00,"$585,000.00"
15131,131,0007,"SHEET PILE WALL, LOCATION 1",0185,513022P,,CONCRETE COPING,182,LF,"SOUTH STATE, INC.",$525.00,"$95,550.00"
15131,131,0007,"SHEET PILE WALL, LOCATION 1",0185,513022P,,CONCRETE COPING,182,LF,"MIDLANTIC CONSTRUCTION, LLC",$375.00,"$68,250.00"
15131,131,0007,"SHEET PILE WALL, LOCATION 1",0185,513022P,,CONCRETE COPING,182,LF,CARBRO CONSTRUCTORS CORP.,$400.00,"$72,800.00"
15131,131,0008,"SHEET PILE WALL, LOCATION 2",0186,504006P,,"REINFORCEMENT STEEL, EPOXY-COATED",335,LB,"SOUTH STATE, INC.",$1.60,$536.00
15131,131,0008,"SHEET PILE WALL, LOCATION 2",0186,504006P,,"REINFORCEMENT STEEL, EPOXY-COATED",335,LB,"MIDLANTIC CONSTRUCTION, LLC",$32.00,"$10,720.00"
15131,131,0008,"SHEET PILE WALL, LOCATION 2",0186,504006P,,"REINFORCEMENT STEEL, EPOXY-COATED",335,LB,CARBRO CONSTRUCTORS CORP.,$2.00,$670.00
15131,131,0008,"SHEET PILE WALL, LOCATION 2",0187,509112P,,ALUMINUM RAILING,43,LF,"SOUTH STATE, INC.",$200.00,"$8,600.00"
15131,131,0008,"SHEET PILE WALL, LOCATION 2",0187,509112P,,ALUMINUM RAILING,43,LF,"MIDLANTIC CONSTRUCTION, LLC",$312.00,"$13,416.00"
15131,131,0008,"SHEET PILE WALL, LOCATION 2",0187,509112P,,ALUMINUM RAILING,43,LF,CARBRO CONSTRUCTORS CORP.,$260.00,"$11,180.00"
15131,131,0008,"SHEET PILE WALL, LOCATION 2",0188,511006P,,STEEL SHEET PILING BULKHEAD WALL 2,"1,860",SF,"SOUTH STATE, INC.",$55.00,"$102,300.00"
15131,131,0008,"SHEET PILE WALL, LOCATION 2",0188,511006P,,STEEL SHEET PILING BULKHEAD WALL 2,"1,860",SF,"MIDLANTIC CONSTRUCTION, LLC",$46.00,"$85,560.00"
15131,131,0008,"SHEET PILE WALL, LOCATION 2",0188,511006P,,STEEL SHEET PILING BULKHEAD WALL 2,"1,860",SF,CARBRO CONSTRUCTORS CORP.,$75.00,"$139,500.00"
15131,131,0008,"SHEET PILE WALL, LOCATION 2",0189,513022P,,CONCRETE COPING,43,LF,"SOUTH STATE, INC.",$575.00,"$24,725.00"
15131,131,0008,"SHEET PILE WALL, LOCATION 2",0189,513022P,,CONCRETE COPING,43,LF,"MIDLANTIC CONSTRUCTION, LLC",$375.00,"$16,125.00"
15131,131,0008,"SHEET PILE WALL, LOCATION 2",0189,513022P,,CONCRETE COPING,43,LF,CARBRO CONSTRUCTORS CORP.,$400.00,"$17,200.00"
15131,131,0009,"SHEETPILE WALL, LOCATION 3",0190,504006P,,"REINFORCEMENT STEEL, EPOXY-COATED",490,LB,"SOUTH STATE, INC.",$1.60,$784.00
15131,131,0009,"SHEETPILE WALL, LOCATION 3",0190,504006P,,"REINFORCEMENT STEEL, EPOXY-COATED",490,LB,"MIDLANTIC CONSTRUCTION, LLC",$6.00,"$2,940.00"
15131,131,0009,"SHEETPILE WALL, LOCATION 3",0190,504006P,,"REINFORCEMENT STEEL, EPOXY-COATED",490,LB,CARBRO CONSTRUCTORS CORP.,$2.00,$980.00
15131,131,0009,"SHEETPILE WALL, LOCATION 3",0191,509112P,,ALUMINUM RAILING,58,LF,"SOUTH STATE, INC.",$200.00,"$11,600.00"
15131,131,0009,"SHEETPILE WALL, LOCATION 3",0191,509112P,,ALUMINUM RAILING,58,LF,"MIDLANTIC CONSTRUCTION, LLC",$312.00,"$18,096.00"
15131,131,0009,"SHEETPILE WALL, LOCATION 3",0191,509112P,,ALUMINUM RAILING,58,LF,CARBRO CONSTRUCTORS CORP.,$260.00,"$15,080.00"
15131,131,0009,"SHEETPILE WALL, LOCATION 3",0192,511006P,,STEEL SHEET PILING BULKHEAD WALL 3,"2,510",SF,"SOUTH STATE, INC.",$36.00,"$90,360.00"
15131,131,0009,"SHEETPILE WALL, LOCATION 3",0192,511006P,,STEEL SHEET PILING BULKHEAD WALL 3,"2,510",SF,"MIDLANTIC CONSTRUCTION, LLC",$47.00,"$117,970.00"
15131,131,0009,"SHEETPILE WALL, LOCATION 3",0192,511006P,,STEEL SHEET PILING BULKHEAD WALL 3,"2,510",SF,CARBRO CONSTRUCTORS CORP.,$76.00,"$190,760.00"
15131,131,0009,"SHEETPILE WALL, LOCATION 3",0193,513022P,,CONCRETE COPING,58,LF,"SOUTH STATE, INC.",$550.00,"$31,900.00"
15131,131,0009,"SHEETPILE WALL, LOCATION 3",0193,513022P,,CONCRETE COPING,58,LF,"MIDLANTIC CONSTRUCTION, LLC",$375.00,"$21,750.00"
15131,131,0009,"SHEETPILE WALL, LOCATION 3",0193,513022P,,CONCRETE COPING,58,LF,CARBRO CONSTRUCTORS CORP.,$400.00,"$23,200.00"
15131,131,0010,"SHEETPILE WALL, LOCATION 4",0194,504006P,,"REINFORCEMENT STEEL, EPOXY-COATED",420,LB,"SOUTH STATE, INC.",$1.60,$672.00
15131,131,0010,"SHEETPILE WALL, LOCATION 4",0194,504006P,,"REINFORCEMENT STEEL, EPOXY-COATED",420,LB,"MIDLANTIC CONSTRUCTION, LLC",$7.00,"$2,940.00"
15131,131,0010,"SHEETPILE WALL, LOCATION 4",0194,504006P,,"REINFORCEMENT STEEL, EPOXY-COATED",420,LB,CARBRO CONSTRUCTORS CORP.,$2.00,$840.00
15131,131,0010,"SHEETPILE WALL, LOCATION 4",0195,509112P,,ALUMINUM RAILING,50,LF,"SOUTH STATE, INC.",$200.00,"$10,000.00"
15131,131,0010,"SHEETPILE WALL, LOCATION 4",0195,509112P,,ALUMINUM RAILING,50,LF,"MIDLANTIC CONSTRUCTION, LLC",$312.00,"$15,600.00"
15131,131,0010,"SHEETPILE WALL, LOCATION 4",0195,509112P,,ALUMINUM RAILING,50,LF,CARBRO CONSTRUCTORS CORP.,$260.00,"$13,000.00"
15131,131,0010,"SHEETPILE WALL, LOCATION 4",0196,511006P,,STEEL SHEET PILING BULKHEAD WALL 4,"2,150",SF,"SOUTH STATE, INC.",$35.00,"$75,250.00"
15131,131,0010,"SHEETPILE WALL, LOCATION 4",0196,511006P,,STEEL SHEET PILING BULKHEAD WALL 4,"2,150",SF,"MIDLANTIC CONSTRUCTION, LLC",$47.00,"$101,050.00"
15131,131,0010,"SHEETPILE WALL, LOCATION 4",0196,511006P,,STEEL SHEET PILING BULKHEAD WALL 4,"2,150",SF,CARBRO CONSTRUCTORS CORP.,$60.00,"$129,000.00"
15131,131,0010,"SHEETPILE WALL, LOCATION 4",0197,513022P,,CONCRETE COPING,50,LF,"SOUTH STATE, INC.",$650.00,"$32,500.00"
15131,131,0010,"SHEETPILE WALL, LOCATION 4",0197,513022P,,CONCRETE COPING,50,LF,"MIDLANTIC CONSTRUCTION, LLC",$375.00,"$18,750.00"
15131,131,0010,"SHEETPILE WALL, LOCATION 4",0197,513022P,,CONCRETE COPING,50,LF,CARBRO CONSTRUCTORS CORP.,$400.00,"$20,000.00"
15131,131,0011,SHEETPILE WALL LOCATION 5,0198,501006P,,PERMANENT SHEETING DAM FEATURES,"2,835",SF,"SOUTH STATE, INC.",$33.00,"$93,555.00"
15131,131,0011,SHEETPILE WALL LOCATION 5,0198,501006P,,PERMANENT SHEETING DAM FEATURES,"2,835",SF,"MIDLANTIC CONSTRUCTION, LLC",$47.00,"$133,245.00"
15131,131,0011,SHEETPILE WALL LOCATION 5,0198,501006P,,PERMANENT SHEETING DAM FEATURES,"2,835",SF,CARBRO CONSTRUCTORS CORP.,$61.00,"$172,935.00"
15131,131,0012,SHEET PILE WALL LOCATION 6,0199,501006P,,PERMANENT SHEETING,"2,480",SF,"SOUTH STATE, INC.",$28.00,"$69,440.00"
15131,131,0012,SHEET PILE WALL LOCATION 6,0199,501006P,,PERMANENT SHEETING,"2,480",SF,"MIDLANTIC CONSTRUCTION, LLC",$47.00,"$116,560.00"
15131,131,0012,SHEET PILE WALL LOCATION 6,0199,501006P,,PERMANENT SHEETING,"2,480",SF,CARBRO CONSTRUCTORS CORP.,$56.00,"$138,880.00"
15131,131,0013,SHEET PILE WALL LOCATION 7,0200,501006P,,PERMANENT SHEETING,"8,885",SF,"SOUTH STATE, INC.",$28.00,"$248,780.00"
15131,131,0013,SHEET PILE WALL LOCATION 7,0200,501006P,,PERMANENT SHEETING,"8,885",SF,"MIDLANTIC CONSTRUCTION, LLC",$47.00,"$417,595.00"
15131,131,0013,SHEET PILE WALL LOCATION 7,0200,501006P,,PERMANENT SHEETING,"8,885",SF,CARBRO CONSTRUCTORS CORP.,$52.00,"$462,020.00"
15131,131,0014,"RETAINING WALL, LOCATION 2",0201,158094M,,SLUICE GATE,1,U,"SOUTH STATE, INC.","$50,000.00","$50,000.00"
15131,131,0014,"RETAINING WALL, LOCATION 2",0201,158094M,,SLUICE GATE,1,U,"MIDLANTIC CONSTRUCTION, LLC","$59,000.00","$59,000.00"
15131,131,0014,"RETAINING WALL, LOCATION 2",0201,158094M,,SLUICE GATE,1,U,CARBRO CONSTRUCTORS CORP.,"$40,000.00","$40,000.00"
15131,131,0014,"RETAINING WALL, LOCATION 2",0202,504006P,,"REINFORCEMENT STEEL, EPOXY-COATED","8,200",LB,"SOUTH STATE, INC.",$1.60,"$13,120.00"
15131,131,0014,"RETAINING WALL, LOCATION 2",0202,504006P,,"REINFORCEMENT STEEL, EPOXY-COATED","8,200",LB,"MIDLANTIC CONSTRUCTION, LLC",$3.00,"$24,600.00"
15131,131,0014,"RETAINING WALL, LOCATION 2",0202,504006P,,"REINFORCEMENT STEEL, EPOXY-COATED","8,200",LB,CARBRO CONSTRUCTORS CORP.,$2.00,"$16,400.00"
15131,131,0014,"RETAINING WALL, LOCATION 2",0203,504015P,,CONCRETE FOOTING,21,CY,"SOUTH STATE, INC.","$1,250.00","$26,250.00"
15131,131,0014,"RETAINING WALL, LOCATION 2",0203,504015P,,CONCRETE FOOTING,21,CY,"MIDLANTIC CONSTRUCTION, LLC",$900.00,"$18,900.00"
15131,131,0014,"RETAINING WALL, LOCATION 2",0203,504015P,,CONCRETE FOOTING,21,CY,CARBRO CONSTRUCTORS CORP.,"$1,500.00","$31,500.00"
15131,131,0014,"RETAINING WALL, LOCATION 2",0204,509112P,,ALUMINUM RAILING,36,LF,"SOUTH STATE, INC.",$200.00,"$7,200.00"
15131,131,0014,"RETAINING WALL, LOCATION 2",0204,509112P,,ALUMINUM RAILING,36,LF,"MIDLANTIC CONSTRUCTION, LLC",$312.00,"$11,232.00"
15131,131,0014,"RETAINING WALL, LOCATION 2",0204,509112P,,ALUMINUM RAILING,36,LF,CARBRO CONSTRUCTORS CORP.,$250.00,"$9,000.00"
15131,131,0014,"RETAINING WALL, LOCATION 2",0205,513006P,,"RETAINING WALL, CAST-IN-PLACE, LOCATION NO. ___ NO. 2 (GATE WALL)",360,SF,"SOUTH STATE, INC.",$225.00,"$81,000.00"
15131,131,0014,"RETAINING WALL, LOCATION 2",0205,513006P,,"RETAINING WALL, CAST-IN-PLACE, LOCATION NO. ___ NO. 2 (GATE WALL)",360,SF,"MIDLANTIC CONSTRUCTION, LLC",$200.00,"$72,000.00"
15131,131,0014,"RETAINING WALL, LOCATION 2",0205,513006P,,"RETAINING WALL, CAST-IN-PLACE, LOCATION NO. ___ NO. 2 (GATE WALL)",360,SF,CARBRO CONSTRUCTORS CORP.,$350.00,"$126,000.00"
15131,131,0015,RETAINING WALL LOCATION 3,0206,504006P,,"REINFORCEMENT STEEL, EPOXY-COATED","8,420",LB,"SOUTH STATE, INC.",$1.60,"$13,472.00"
15131,131,0015,RETAINING WALL LOCATION 3,0206,504006P,,"REINFORCEMENT STEEL, EPOXY-COATED","8,420",LB,"MIDLANTIC CONSTRUCTION, LLC",$3.00,"$25,260.00"
15131,131,0015,RETAINING WALL LOCATION 3,0206,504006P,,"REINFORCEMENT STEEL, EPOXY-COATED","8,420",LB,CARBRO CONSTRUCTORS CORP.,$2.00,"$16,840.00"
15131,131,0015,RETAINING WALL LOCATION 3,0207,504015P,,CONCRETE FOOTING,21,CY,"SOUTH STATE, INC.","$1,250.00","$26,250.00"
15131,131,0015,RETAINING WALL LOCATION 3,0207,504015P,,CONCRETE FOOTING,21,CY,"MIDLANTIC CONSTRUCTION, LLC","$2,100.00","$44,100.00"
15131,131,0015,RETAINING WALL LOCATION 3,0207,504015P,,CONCRETE FOOTING,21,CY,CARBRO CONSTRUCTORS CORP.,"$1,000.00","$21,000.00"
15131,131,0015,RETAINING WALL LOCATION 3,0208,509112P,,ALUMINUM RAILING,36,LF,"SOUTH STATE, INC.",$200.00,"$7,200.00"
15131,131,0015,RETAINING WALL LOCATION 3,0208,509112P,,ALUMINUM RAILING,36,LF,"MIDLANTIC CONSTRUCTION, LLC",$312.00,"$11,232.00"
15131,131,0015,RETAINING WALL LOCATION 3,0208,509112P,,ALUMINUM RAILING,36,LF,CARBRO CONSTRUCTORS CORP.,$260.00,"$9,360.00"
15131,131,0015,RETAINING WALL LOCATION 3,0209,509120P,,FISH LADDER,1,LS,"SOUTH STATE, INC.","$125,000.00","$125,000.00"
15131,131,0015,RETAINING WALL LOCATION 3,0209,509120P,,FISH LADDER,1,LS,"MIDLANTIC CONSTRUCTION, LLC","$300,000.00","$300,000.00"
15131,131,0015,RETAINING WALL LOCATION 3,0209,509120P,,FISH LADDER,1,LS,CARBRO CONSTRUCTORS CORP.,"$150,000.00","$150,000.00"
15131,131,0015,RETAINING WALL LOCATION 3,0210,513006P,,"RETAINING WALL, CAST-IN-PLACE, LOCATION NO. ___ NO. 3 (LADDER WALL)",360,SF,"SOUTH STATE, INC.",$225.00,"$81,000.00"
15131,131,0015,RETAINING WALL LOCATION 3,0210,513006P,,"RETAINING WALL, CAST-IN-PLACE, LOCATION NO. ___ NO. 3 (LADDER WALL)",360,SF,"MIDLANTIC CONSTRUCTION, LLC",$250.00,"$90,000.00"
15131,131,0015,RETAINING WALL LOCATION 3,0210,513006P,,"RETAINING WALL, CAST-IN-PLACE, LOCATION NO. ___ NO. 3 (LADDER WALL)",360,SF,CARBRO CONSTRUCTORS CORP.,$350.00,"$126,000.00"
15131,131,0016,BRIDGE,0211,201006P,,"CLEARING SITE, BRIDGE (___) 0426153",1,LS,"SOUTH STATE, INC.","$40,000.00","$40,000.00"
15131,131,0016,BRIDGE,0211,201006P,,"CLEARING SITE, BRIDGE (___) 0426153",1,LS,"MIDLANTIC CONSTRUCTION, LLC","$40,000.00","$40,000.00"
15131,131,0016,BRIDGE,0211,201006P,,"CLEARING SITE, BRIDGE (___) 0426153",1,LS,CARBRO CONSTRUCTORS CORP.,"$40,000.00","$40,000.00"
15131,131,0016,BRIDGE,0212,202009P,,"EXCAVATION, UNCLASSIFIED",105,CY,"SOUTH STATE, INC.",$245.00,"$25,725.00"
15131,131,0016,BRIDGE,0212,202009P,,"EXCAVATION, UNCLASSIFIED",105,CY,"MIDLANTIC CONSTRUCTION, LLC",$67.00,"$7,035.00"
15131,131,0016,BRIDGE,0212,202009P,,"EXCAVATION, UNCLASSIFIED",105,CY,CARBRO CONSTRUCTORS CORP.,$100.00,"$10,500.00"
15131,131,0016,BRIDGE,0213,301006P,,SUBBASE DESIGNATION I-3,105,CY,"SOUTH STATE, INC.",$150.00,"$15,750.00"
15131,131,0016,BRIDGE,0213,301006P,,SUBBASE DESIGNATION I-3,105,CY,"MIDLANTIC CONSTRUCTION, LLC",$93.00,"$9,765.00"
15131,131,0016,BRIDGE,0213,301006P,,SUBBASE DESIGNATION I-3,105,CY,CARBRO CONSTRUCTORS CORP.,$120.00,"$12,600.00"
15131,131,0016,BRIDGE,0214,504009P,,"REINFORCEMENT STEEL, GALVANIZED","33,410",LB,"SOUTH STATE, INC.",$1.80,"$60,138.00"
15131,131,0016,BRIDGE,0214,504009P,,"REINFORCEMENT STEEL, GALVANIZED","33,410",LB,"MIDLANTIC CONSTRUCTION, LLC",$3.00,"$100,230.00"
15131,131,0016,BRIDGE,0214,504009P,,"REINFORCEMENT STEEL, GALVANIZED","33,410",LB,CARBRO CONSTRUCTORS CORP.,$2.00,"$66,820.00"
15131,131,0016,BRIDGE,0215,504010P,,DRILL AND GROUT REINFORCEMENT STEEL,451,LF,"SOUTH STATE, INC.",$56.00,"$25,256.00"
15131,131,0016,BRIDGE,0215,504010P,,DRILL AND GROUT REINFORCEMENT STEEL,451,LF,"MIDLANTIC CONSTRUCTION, LLC",$100.00,"$45,100.00"
15131,131,0016,BRIDGE,0215,504010P,,DRILL AND GROUT REINFORCEMENT STEEL,451,LF,CARBRO CONSTRUCTORS CORP.,$50.00,"$22,550.00"
15131,131,0016,BRIDGE,0216,504018P,,CONCRETE WING WALL,25,CY,"SOUTH STATE, INC.","$1,425.00","$35,625.00"
15131,131,0016,BRIDGE,0216,504018P,,CONCRETE WING WALL,25,CY,"MIDLANTIC CONSTRUCTION, LLC","$3,500.00","$87,500.00"
15131,131,0016,BRIDGE,0216,504018P,,CONCRETE WING WALL,25,CY,CARBRO CONSTRUCTORS CORP.,"$3,000.00","$75,000.00"
15131,131,0016,BRIDGE,0217,504036P,,EPOXY WATERPROOFING,260,SY,"SOUTH STATE, INC.",$65.00,"$16,900.00"
15131,131,0016,BRIDGE,0217,504036P,,EPOXY WATERPROOFING,260,SY,"MIDLANTIC CONSTRUCTION, LLC",$110.00,"$28,600.00"
15131,131,0016,BRIDGE,0217,504036P,,EPOXY WATERPROOFING,260,SY,CARBRO CONSTRUCTORS CORP.,$50.00,"$13,000.00"
15131,131,0016,BRIDGE,0218,505063P,,PREFABRICATED SUPERSTRUCTURE UNITS,"2,025",SF,"SOUTH STATE, INC.",$112.00,"$226,800.00"
15131,131,0016,BRIDGE,0218,505063P,,PREFABRICATED SUPERSTRUCTURE UNITS,"2,025",SF,"MIDLANTIC CONSTRUCTION, LLC",$400.00,"$810,000.00"
15131,131,0016,BRIDGE,0218,505063P,,PREFABRICATED SUPERSTRUCTURE UNITS,"2,025",SF,CARBRO CONSTRUCTORS CORP.,$500.00,"$1,012,500.00"
15131,131,0016,BRIDGE,0219,506003P,,STRUCTURAL STEEL,1,LS,"SOUTH STATE, INC.","$11,000.00","$11,000.00"
15131,131,0016,BRIDGE,0219,506003P,,STRUCTURAL STEEL,1,LS,"MIDLANTIC CONSTRUCTION, LLC","$45,000.00","$45,000.00"
15131,131,0016,BRIDGE,0219,506003P,,STRUCTURAL STEEL,1,LS,CARBRO CONSTRUCTORS CORP.,"$40,000.00","$40,000.00"
15131,131,0016,BRIDGE,0220,506006P,,REINFORCED ELASTOMERIC BEARING ASSEMBLY,36,U,"SOUTH STATE, INC.",$165.00,"$5,940.00"
15131,131,0016,BRIDGE,0220,506006P,,REINFORCED ELASTOMERIC BEARING ASSEMBLY,36,U,"MIDLANTIC CONSTRUCTION, LLC","$1,400.00","$50,400.00"
15131,131,0016,BRIDGE,0220,506006P,,REINFORCED ELASTOMERIC BEARING ASSEMBLY,36,U,CARBRO CONSTRUCTORS CORP.,"$2,500.00","$90,000.00"
15131,131,0016,BRIDGE,0221,507024P,,"CONCRETE BRIDGE DECK, HPC",50,CY,"SOUTH STATE, INC.","$3,000.00","$150,000.00"
15131,131,0016,BRIDGE,0221,507024P,,"CONCRETE BRIDGE DECK, HPC",50,CY,"MIDLANTIC CONSTRUCTION, LLC","$4,600.00","$230,000.00"
15131,131,0016,BRIDGE,0221,507024P,,"CONCRETE BRIDGE DECK, HPC",50,CY,CARBRO CONSTRUCTORS CORP.,"$5,000.00","$250,000.00"
15131,131,0016,BRIDGE,0222,507033P,,"CONCRETE BRIDGE SIDEWALK, HPC",13,CY,"SOUTH STATE, INC.","$1,000.00","$13,000.00"
15131,131,0016,BRIDGE,0222,507033P,,"CONCRETE BRIDGE SIDEWALK, HPC",13,CY,"MIDLANTIC CONSTRUCTION, LLC","$2,400.00","$31,200.00"
15131,131,0016,BRIDGE,0222,507033P,,"CONCRETE BRIDGE SIDEWALK, HPC",13,CY,CARBRO CONSTRUCTORS CORP.,"$1,100.00","$14,300.00"
15131,131,0016,BRIDGE,0223,507039P,,"CONCRETE BRIDGE PARAPET, HPC",116,LF,"SOUTH STATE, INC.",$300.00,"$34,800.00"
15131,131,0016,BRIDGE,0223,507039P,,"CONCRETE BRIDGE PARAPET, HPC",116,LF,"MIDLANTIC CONSTRUCTION, LLC",$450.00,"$52,200.00"
15131,131,0016,BRIDGE,0223,507039P,,"CONCRETE BRIDGE PARAPET, HPC",116,LF,CARBRO CONSTRUCTORS CORP.,$300.00,"$34,800.00"
15131,131,0016,BRIDGE,0224,507054P,,"CONCRETE BRIDGE RELIEF SLAB, HPC",215,SY,"SOUTH STATE, INC.",$275.00,"$59,125.00"
15131,131,0016,BRIDGE,0224,507054P,,"CONCRETE BRIDGE RELIEF SLAB, HPC",215,SY,"MIDLANTIC CONSTRUCTION, LLC",$720.00,"$154,800.00"
15131,131,0016,BRIDGE,0224,507054P,,"CONCRETE BRIDGE RELIEF SLAB, HPC",215,SY,CARBRO CONSTRUCTORS CORP.,$275.00,"$59,125.00"
15131,131,0016,BRIDGE,0225,507058P,,"CONCRETE MEDIAN SLAB, HPC",5,CY,"SOUTH STATE, INC.","$1,250.00","$6,250.00"
15131,131,0016,BRIDGE,0225,507058P,,"CONCRETE MEDIAN SLAB, HPC",5,CY,"MIDLANTIC CONSTRUCTION, LLC","$1,325.00","$6,625.00"
15131,131,0016,BRIDGE,0225,507058P,,"CONCRETE MEDIAN SLAB, HPC",5,CY,CARBRO CONSTRUCTORS CORP.,"$1,300.00","$6,500.00"
15131,131,0016,BRIDGE,0226,507123P,,"CONCRETE BRIDGE DECK, UHPC",7,CY,"SOUTH STATE, INC.","$10,000.00","$70,000.00"
15131,131,0016,BRIDGE,0226,507123P,,"CONCRETE BRIDGE DECK, UHPC",7,CY,"MIDLANTIC CONSTRUCTION, LLC","$11,300.00","$79,100.00"
15131,131,0016,BRIDGE,0226,507123P,,"CONCRETE BRIDGE DECK, UHPC",7,CY,CARBRO CONSTRUCTORS CORP.,"$8,000.00","$56,000.00"
15131,131,0016,BRIDGE,0227,509003P,,"BRIDGE RAILING (1 RAIL, ALUMINUM)",116,LF,"SOUTH STATE, INC.",$150.00,"$17,400.00"
15131,131,0016,BRIDGE,0227,509003P,,"BRIDGE RAILING (1 RAIL, ALUMINUM)",116,LF,"MIDLANTIC CONSTRUCTION, LLC",$312.00,"$36,192.00"
15131,131,0016,BRIDGE,0227,509003P,,"BRIDGE RAILING (1 RAIL, ALUMINUM)",116,LF,CARBRO CONSTRUCTORS CORP.,$170.00,"$19,720.00"
15131,131,0016,BRIDGE,0228,551032M,,"CONCRETE BRIDGE DECK, PPC",275,CF,"SOUTH STATE, INC.",$660.00,"$181,500.00"
15131,131,0016,BRIDGE,0228,551032M,,"CONCRETE BRIDGE DECK, PPC",275,CF,"MIDLANTIC CONSTRUCTION, LLC","$1,100.00","$302,500.00"
15131,131,0016,BRIDGE,0228,551032M,,"CONCRETE BRIDGE DECK, PPC",275,CF,CARBRO CONSTRUCTORS CORP.,$350.00,"$96,250.00"
15131,131,0016,BRIDGE,0229,552003M,,"PRESSURE INJECTION, CONCRETE CRACKS",21,LF,"SOUTH STATE, INC.",$125.00,"$2,625.00"
15131,131,0016,BRIDGE,0229,552003M,,"PRESSURE INJECTION, CONCRETE CRACKS",21,LF,"MIDLANTIC CONSTRUCTION, LLC",$842.00,"$17,682.00"
15131,131,0016,BRIDGE,0229,552003M,,"PRESSURE INJECTION, CONCRETE CRACKS",21,LF,CARBRO CONSTRUCTORS CORP.,$100.00,"$2,100.00"
15131,131,0016,BRIDGE,0230,555011M,,"REPAIR OF CONCRETE, TYPE D",80,SF,"SOUTH STATE, INC.",$330.00,"$26,400.00"
15131,131,0016,BRIDGE,0230,555011M,,"REPAIR OF CONCRETE, TYPE D",80,SF,"MIDLANTIC CONSTRUCTION, LLC",$264.00,"$21,120.00"
15131,131,0016,BRIDGE,0230,555011M,,"REPAIR OF CONCRETE, TYPE D",80,SF,CARBRO CONSTRUCTORS CORP.,$300.00,"$24,000.00"
15131,131,0016,BRIDGE,0231,606012P,,"CONCRETE SIDEWALK, 4"" THICK",45,SY,"SOUTH STATE, INC.",$55.00,"$2,475.00"
15131,131,0016,BRIDGE,0231,606012P,,"CONCRETE SIDEWALK, 4"" THICK",45,SY,"MIDLANTIC CONSTRUCTION, LLC",$122.00,"$5,490.00"
15131,131,0016,BRIDGE,0231,606012P,,"CONCRETE SIDEWALK, 4"" THICK",45,SY,CARBRO CONSTRUCTORS CORP.,$60.00,"$2,700.00"
15131,131,0016,BRIDGE,0232,657003P,,"TEMPORARY SUPPORT, UTILITY SANITARY SEWER",1,LS,"SOUTH STATE, INC.","$20,000.00","$20,000.00"
15131,131,0016,BRIDGE,0232,657003P,,"TEMPORARY SUPPORT, UTILITY SANITARY SEWER",1,LS,"MIDLANTIC CONSTRUCTION, LLC","$17,000.00","$17,000.00"
15131,131,0016,BRIDGE,0232,657003P,,"TEMPORARY SUPPORT, UTILITY SANITARY SEWER",1,LS,CARBRO CONSTRUCTORS CORP.,"$20,000.00","$20,000.00"
15131,131,0016,BRIDGE,0233,657003P,,"TEMPORARY SUPPORT, UTILITY NATURAL GAS",1,LS,"SOUTH STATE, INC.","$20,000.00","$20,000.00"
15131,131,0016,BRIDGE,0233,657003P,,"TEMPORARY SUPPORT, UTILITY NATURAL GAS",1,LS,"MIDLANTIC CONSTRUCTION, LLC","$17,000.00","$17,000.00"
15131,131,0016,BRIDGE,0233,657003P,,"TEMPORARY SUPPORT, UTILITY NATURAL GAS",1,LS,CARBRO CONSTRUCTORS CORP.,"$20,000.00","$20,000.00"