Proposal,Call Order,Section Number,Section Description,Line,Item,Alternate Code,Item Description,Quantity,Unit,Vendor Name,Unit Price,Extension
16133,133,0001,ROADWAY,0001,151006M,,PERFORMANCE BOND AND PAYMENT BOND,1,DOLL,"BERTO CONSTRUCTION, INC.","$35,000.00","$35,000.00"
16133,133,0001,ROADWAY,0001,151006M,,PERFORMANCE BOND AND PAYMENT BOND,1,DOLL,"FERREIRA CONSTRUCTION CO., INC.","$22,000.00","$22,000.00"
16133,133,0001,ROADWAY,0001,151006M,,PERFORMANCE BOND AND PAYMENT BOND,1,DOLL,KONKUS CORPORATION,"$40,000.00","$40,000.00"
16133,133,0001,ROADWAY,0001,151006M,,PERFORMANCE BOND AND PAYMENT BOND,1,DOLL,CARBRO CONSTRUCTORS CORP.,"$40,000.00","$40,000.00"
16133,133,0001,ROADWAY,0001,151006M,,PERFORMANCE BOND AND PAYMENT BOND,1,DOLL,"IEW CONSTRUCTION GROUP, INC.","$31,078.02","$31,078.02"
16133,133,0001,ROADWAY,0001,151006M,,PERFORMANCE BOND AND PAYMENT BOND,1,DOLL,"RITACCO CONSTRUCTION, INC.","$30,000.00","$30,000.00"
16133,133,0003,NON-PARTICIPATING (ROADWAY),0002,152004P,,OWNER'S AND CONTRACTOR'S PROTECTIVE LIABILITY INSURANCE,1,DOLL,"BERTO CONSTRUCTION, INC.","$7,500.00","$7,500.00"
16133,133,0003,NON-PARTICIPATING (ROADWAY),0002,152004P,,OWNER'S AND CONTRACTOR'S PROTECTIVE LIABILITY INSURANCE,1,DOLL,"FERREIRA CONSTRUCTION CO., INC.","$6,000.00","$6,000.00"
16133,133,0003,NON-PARTICIPATING (ROADWAY),0002,152004P,,OWNER'S AND CONTRACTOR'S PROTECTIVE LIABILITY INSURANCE,1,DOLL,KONKUS CORPORATION,"$5,000.00","$5,000.00"
16133,133,0003,NON-PARTICIPATING (ROADWAY),0002,152004P,,OWNER'S AND CONTRACTOR'S PROTECTIVE LIABILITY INSURANCE,1,DOLL,CARBRO CONSTRUCTORS CORP.,"$5,000.00","$5,000.00"
16133,133,0003,NON-PARTICIPATING (ROADWAY),0002,152004P,,OWNER'S AND CONTRACTOR'S PROTECTIVE LIABILITY INSURANCE,1,DOLL,"IEW CONSTRUCTION GROUP, INC.","$8,100.85","$8,100.85"
16133,133,0003,NON-PARTICIPATING (ROADWAY),0002,152004P,,OWNER'S AND CONTRACTOR'S PROTECTIVE LIABILITY INSURANCE,1,DOLL,"RITACCO CONSTRUCTION, INC.","$5,000.00","$5,000.00"
16133,133,0003,NON-PARTICIPATING (ROADWAY),0003,152015P,,POLLUTION LIABILITY INSURANCE,1,DOLL,"BERTO CONSTRUCTION, INC.","$14,000.00","$14,000.00"
16133,133,0003,NON-PARTICIPATING (ROADWAY),0003,152015P,,POLLUTION LIABILITY INSURANCE,1,DOLL,"FERREIRA CONSTRUCTION CO., INC.","$20,000.00","$20,000.00"
16133,133,0003,NON-PARTICIPATING (ROADWAY),0003,152015P,,POLLUTION LIABILITY INSURANCE,1,DOLL,KONKUS CORPORATION,"$5,000.00","$5,000.00"
16133,133,0003,NON-PARTICIPATING (ROADWAY),0003,152015P,,POLLUTION LIABILITY INSURANCE,1,DOLL,CARBRO CONSTRUCTORS CORP.,"$15,000.00","$15,000.00"
16133,133,0003,NON-PARTICIPATING (ROADWAY),0003,152015P,,POLLUTION LIABILITY INSURANCE,1,DOLL,"IEW CONSTRUCTION GROUP, INC.","$16,201.69","$16,201.69"
16133,133,0003,NON-PARTICIPATING (ROADWAY),0003,152015P,,POLLUTION LIABILITY INSURANCE,1,DOLL,"RITACCO CONSTRUCTION, INC.","$14,000.00","$14,000.00"
16133,133,0001,ROADWAY,0004,153003P,,PROGRESS SCHEDULE,1,LS,"BERTO CONSTRUCTION, INC.","$4,000.00","$4,000.00"
16133,133,0001,ROADWAY,0004,153003P,,PROGRESS SCHEDULE,1,LS,"FERREIRA CONSTRUCTION CO., INC.","$8,611.76","$8,611.76"
16133,133,0001,ROADWAY,0004,153003P,,PROGRESS SCHEDULE,1,LS,KONKUS CORPORATION,"$5,000.00","$5,000.00"
16133,133,0001,ROADWAY,0004,153003P,,PROGRESS SCHEDULE,1,LS,CARBRO CONSTRUCTORS CORP.,"$45,000.00","$45,000.00"
16133,133,0001,ROADWAY,0004,153003P,,PROGRESS SCHEDULE,1,LS,"IEW CONSTRUCTION GROUP, INC.",$0.01,$0.01
16133,133,0001,ROADWAY,0004,153003P,,PROGRESS SCHEDULE,1,LS,"RITACCO CONSTRUCTION, INC.","$3,500.00","$3,500.00"
16133,133,0001,ROADWAY,0005,153005M,,PROGRESS SCHEDULE UPDATE,5,U,"BERTO CONSTRUCTION, INC.",$1.00,$5.00
16133,133,0001,ROADWAY,0005,153005M,,PROGRESS SCHEDULE UPDATE,5,U,"FERREIRA CONSTRUCTION CO., INC.",$649.95,"$3,249.75"
16133,133,0001,ROADWAY,0005,153005M,,PROGRESS SCHEDULE UPDATE,5,U,KONKUS CORPORATION,$1.00,$5.00
16133,133,0001,ROADWAY,0005,153005M,,PROGRESS SCHEDULE UPDATE,5,U,CARBRO CONSTRUCTORS CORP.,$900.00,"$4,500.00"
16133,133,0001,ROADWAY,0005,153005M,,PROGRESS SCHEDULE UPDATE,5,U,"IEW CONSTRUCTION GROUP, INC.",$0.01,$0.05
16133,133,0001,ROADWAY,0005,153005M,,PROGRESS SCHEDULE UPDATE,5,U,"RITACCO CONSTRUCTION, INC.",$250.00,"$1,250.00"
16133,133,0001,ROADWAY,0006,154003P,,MOBILIZATION,1,LS,"BERTO CONSTRUCTION, INC.","$300,000.00","$300,000.00"
16133,133,0001,ROADWAY,0006,154003P,,MOBILIZATION,1,LS,"FERREIRA CONSTRUCTION CO., INC.","$391,800.00","$391,800.00"
16133,133,0001,ROADWAY,0006,154003P,,MOBILIZATION,1,LS,KONKUS CORPORATION,"$1,486,000.00","$1,486,000.00"
16133,133,0001,ROADWAY,0006,154003P,,MOBILIZATION,1,LS,CARBRO CONSTRUCTORS CORP.,"$487,000.00","$487,000.00"
16133,133,0001,ROADWAY,0006,154003P,,MOBILIZATION,1,LS,"IEW CONSTRUCTION GROUP, INC.","$480,000.00","$480,000.00"
16133,133,0001,ROADWAY,0006,154003P,,MOBILIZATION,1,LS,"RITACCO CONSTRUCTION, INC.","$606,000.00","$606,000.00"
16133,133,0002,CONSTRUCTION ENGINEERING,0007,155006M,,FIELD OFFICE TYPE B SET UP,1,U,"BERTO CONSTRUCTION, INC.","$20,000.00","$20,000.00"
16133,133,0002,CONSTRUCTION ENGINEERING,0007,155006M,,FIELD OFFICE TYPE B SET UP,1,U,"FERREIRA CONSTRUCTION CO., INC.","$21,289.35","$21,289.35"
16133,133,0002,CONSTRUCTION ENGINEERING,0007,155006M,,FIELD OFFICE TYPE B SET UP,1,U,KONKUS CORPORATION,"$25,000.00","$25,000.00"
16133,133,0002,CONSTRUCTION ENGINEERING,0007,155006M,,FIELD OFFICE TYPE B SET UP,1,U,CARBRO CONSTRUCTORS CORP.,"$100,000.00","$100,000.00"
16133,133,0002,CONSTRUCTION ENGINEERING,0007,155006M,,FIELD OFFICE TYPE B SET UP,1,U,"IEW CONSTRUCTION GROUP, INC.","$27,604.68","$27,604.68"
16133,133,0002,CONSTRUCTION ENGINEERING,0007,155006M,,FIELD OFFICE TYPE B SET UP,1,U,"RITACCO CONSTRUCTION, INC.","$7,500.00","$7,500.00"
16133,133,0002,CONSTRUCTION ENGINEERING,0008,155024M,,FIELD OFFICE TYPE B MAINTENANCE,14,MO,"BERTO CONSTRUCTION, INC.","$2,500.00","$35,000.00"
16133,133,0002,CONSTRUCTION ENGINEERING,0008,155024M,,FIELD OFFICE TYPE B MAINTENANCE,14,MO,"FERREIRA CONSTRUCTION CO., INC.","$2,095.37","$29,335.18"
16133,133,0002,CONSTRUCTION ENGINEERING,0008,155024M,,FIELD OFFICE TYPE B MAINTENANCE,14,MO,KONKUS CORPORATION,"$1,500.00","$21,000.00"
16133,133,0002,CONSTRUCTION ENGINEERING,0008,155024M,,FIELD OFFICE TYPE B MAINTENANCE,14,MO,CARBRO CONSTRUCTORS CORP.,"$1,000.00","$14,000.00"
16133,133,0002,CONSTRUCTION ENGINEERING,0008,155024M,,FIELD OFFICE TYPE B MAINTENANCE,14,MO,"IEW CONSTRUCTION GROUP, INC.","$3,848.53","$53,879.42"
16133,133,0002,CONSTRUCTION ENGINEERING,0008,155024M,,FIELD OFFICE TYPE B MAINTENANCE,14,MO,"RITACCO CONSTRUCTION, INC.","$1,500.00","$21,000.00"
16133,133,0001,ROADWAY,0009,157004M,,CONSTRUCTION LAYOUT,1,DOLL,"BERTO CONSTRUCTION, INC.","$25,000.00","$25,000.00"
16133,133,0001,ROADWAY,0009,157004M,,CONSTRUCTION LAYOUT,1,DOLL,"FERREIRA CONSTRUCTION CO., INC.","$45,496.14","$45,496.14"
16133,133,0001,ROADWAY,0009,157004M,,CONSTRUCTION LAYOUT,1,DOLL,KONKUS CORPORATION,"$10,000.00","$10,000.00"
16133,133,0001,ROADWAY,0009,157004M,,CONSTRUCTION LAYOUT,1,DOLL,CARBRO CONSTRUCTORS CORP.,"$100,000.00","$100,000.00"
16133,133,0001,ROADWAY,0009,157004M,,CONSTRUCTION LAYOUT,1,DOLL,"IEW CONSTRUCTION GROUP, INC.","$68,573.52","$68,573.52"
16133,133,0001,ROADWAY,0009,157004M,,CONSTRUCTION LAYOUT,1,DOLL,"RITACCO CONSTRUCTION, INC.","$64,000.00","$64,000.00"
16133,133,0001,ROADWAY,0010,157006M,,MONUMENT,1,U,"BERTO CONSTRUCTION, INC.","$1,500.00","$1,500.00"
16133,133,0001,ROADWAY,0010,157006M,,MONUMENT,1,U,"FERREIRA CONSTRUCTION CO., INC.",$652.13,$652.13
16133,133,0001,ROADWAY,0010,157006M,,MONUMENT,1,U,KONKUS CORPORATION,"$1,200.00","$1,200.00"
16133,133,0001,ROADWAY,0010,157006M,,MONUMENT,1,U,CARBRO CONSTRUCTORS CORP.,$500.00,$500.00
16133,133,0001,ROADWAY,0010,157006M,,MONUMENT,1,U,"IEW CONSTRUCTION GROUP, INC.","$2,720.85","$2,720.85"
16133,133,0001,ROADWAY,0010,157006M,,MONUMENT,1,U,"RITACCO CONSTRUCTION, INC.",$500.00,$500.00
16133,133,0004,EROSION CONTROL,0011,158012M,,"HEAVY DUTY SILT FENCE, BLACK",354,LF,"BERTO CONSTRUCTION, INC.",$7.00,"$2,478.00"
16133,133,0004,EROSION CONTROL,0011,158012M,,"HEAVY DUTY SILT FENCE, BLACK",354,LF,"FERREIRA CONSTRUCTION CO., INC.",$9.05,"$3,203.70"
16133,133,0004,EROSION CONTROL,0011,158012M,,"HEAVY DUTY SILT FENCE, BLACK",354,LF,KONKUS CORPORATION,$2.00,$708.00
16133,133,0004,EROSION CONTROL,0011,158012M,,"HEAVY DUTY SILT FENCE, BLACK",354,LF,CARBRO CONSTRUCTORS CORP.,$20.00,"$7,080.00"
16133,133,0004,EROSION CONTROL,0011,158012M,,"HEAVY DUTY SILT FENCE, BLACK",354,LF,"IEW CONSTRUCTION GROUP, INC.",$10.57,"$3,741.78"
16133,133,0004,EROSION CONTROL,0011,158012M,,"HEAVY DUTY SILT FENCE, BLACK",354,LF,"RITACCO CONSTRUCTION, INC.",$8.00,"$2,832.00"
16133,133,0004,EROSION CONTROL,0012,158060M,,CONSTRUCTION DRIVEWAY,12,T,"BERTO CONSTRUCTION, INC.",$1.00,$12.00
16133,133,0004,EROSION CONTROL,0012,158060M,,CONSTRUCTION DRIVEWAY,12,T,"FERREIRA CONSTRUCTION CO., INC.",$59.69,$716.28
16133,133,0004,EROSION CONTROL,0012,158060M,,CONSTRUCTION DRIVEWAY,12,T,KONKUS CORPORATION,$0.01,$0.12
16133,133,0004,EROSION CONTROL,0012,158060M,,CONSTRUCTION DRIVEWAY,12,T,CARBRO CONSTRUCTORS CORP.,$50.00,$600.00
16133,133,0004,EROSION CONTROL,0012,158060M,,CONSTRUCTION DRIVEWAY,12,T,"IEW CONSTRUCTION GROUP, INC.",$152.82,"$1,833.84"
16133,133,0004,EROSION CONTROL,0012,158060M,,CONSTRUCTION DRIVEWAY,12,T,"RITACCO CONSTRUCTION, INC.",$40.00,$480.00
16133,133,0004,EROSION CONTROL,0013,158063P,,CONCRETE WASHOUT SYSTEM,1,LS,"BERTO CONSTRUCTION, INC.","$2,500.00","$2,500.00"
16133,133,0004,EROSION CONTROL,0013,158063P,,CONCRETE WASHOUT SYSTEM,1,LS,"FERREIRA CONSTRUCTION CO., INC.","$8,124.31","$8,124.31"
16133,133,0004,EROSION CONTROL,0013,158063P,,CONCRETE WASHOUT SYSTEM,1,LS,KONKUS CORPORATION,"$5,000.00","$5,000.00"
16133,133,0004,EROSION CONTROL,0013,158063P,,CONCRETE WASHOUT SYSTEM,1,LS,CARBRO CONSTRUCTORS CORP.,"$5,000.00","$5,000.00"
16133,133,0004,EROSION CONTROL,0013,158063P,,CONCRETE WASHOUT SYSTEM,1,LS,"IEW CONSTRUCTION GROUP, INC.","$3,375.35","$3,375.35"
16133,133,0004,EROSION CONTROL,0013,158063P,,CONCRETE WASHOUT SYSTEM,1,LS,"RITACCO CONSTRUCTION, INC.","$5,000.00","$5,000.00"
16133,133,0004,EROSION CONTROL,0014,158072M,,"OIL ONLY EMERGENCY SPILL KIT, TYPE 1",2,U,"BERTO CONSTRUCTION, INC.","$1,100.00","$2,200.00"
16133,133,0004,EROSION CONTROL,0014,158072M,,"OIL ONLY EMERGENCY SPILL KIT, TYPE 1",2,U,"FERREIRA CONSTRUCTION CO., INC.",$810.37,"$1,620.74"
16133,133,0004,EROSION CONTROL,0014,158072M,,"OIL ONLY EMERGENCY SPILL KIT, TYPE 1",2,U,KONKUS CORPORATION,$0.01,$0.02
16133,133,0004,EROSION CONTROL,0014,158072M,,"OIL ONLY EMERGENCY SPILL KIT, TYPE 1",2,U,CARBRO CONSTRUCTORS CORP.,"$1,000.00","$2,000.00"
16133,133,0004,EROSION CONTROL,0014,158072M,,"OIL ONLY EMERGENCY SPILL KIT, TYPE 1",2,U,"IEW CONSTRUCTION GROUP, INC.","$1,249.20","$2,498.40"
16133,133,0004,EROSION CONTROL,0014,158072M,,"OIL ONLY EMERGENCY SPILL KIT, TYPE 1",2,U,"RITACCO CONSTRUCTION, INC.",$500.00,"$1,000.00"
16133,133,0004,EROSION CONTROL,0015,158084M,,EROSION CONTROL SEDIMENT REMOVAL,30,CY,"BERTO CONSTRUCTION, INC.",$0.10,$3.00
16133,133,0004,EROSION CONTROL,0015,158084M,,EROSION CONTROL SEDIMENT REMOVAL,30,CY,"FERREIRA CONSTRUCTION CO., INC.",$50.31,"$1,509.30"
16133,133,0004,EROSION CONTROL,0015,158084M,,EROSION CONTROL SEDIMENT REMOVAL,30,CY,KONKUS CORPORATION,$0.01,$0.30
16133,133,0004,EROSION CONTROL,0015,158084M,,EROSION CONTROL SEDIMENT REMOVAL,30,CY,CARBRO CONSTRUCTORS CORP.,$1.00,$30.00
16133,133,0004,EROSION CONTROL,0015,158084M,,EROSION CONTROL SEDIMENT REMOVAL,30,CY,"IEW CONSTRUCTION GROUP, INC.",$0.01,$0.30
16133,133,0004,EROSION CONTROL,0015,158084M,,EROSION CONTROL SEDIMENT REMOVAL,30,CY,"RITACCO CONSTRUCTION, INC.",$100.00,"$3,000.00"
16133,133,0001,ROADWAY,0016,159003M,,BREAKAWAY BARRICADE,50,U,"BERTO CONSTRUCTION, INC.",$500.00,"$25,000.00"
16133,133,0001,ROADWAY,0016,159003M,,BREAKAWAY BARRICADE,50,U,"FERREIRA CONSTRUCTION CO., INC.",$106.50,"$5,325.00"
16133,133,0001,ROADWAY,0016,159003M,,BREAKAWAY BARRICADE,50,U,KONKUS CORPORATION,$0.01,$0.50
16133,133,0001,ROADWAY,0016,159003M,,BREAKAWAY BARRICADE,50,U,CARBRO CONSTRUCTORS CORP.,$115.00,"$5,750.00"
16133,133,0001,ROADWAY,0016,159003M,,BREAKAWAY BARRICADE,50,U,"IEW CONSTRUCTION GROUP, INC.",$124.29,"$6,214.50"
16133,133,0001,ROADWAY,0016,159003M,,BREAKAWAY BARRICADE,50,U,"RITACCO CONSTRUCTION, INC.",$25.00,"$1,250.00"
16133,133,0001,ROADWAY,0017,159006M,,DRUM,75,U,"BERTO CONSTRUCTION, INC.",$56.00,"$4,200.00"
16133,133,0001,ROADWAY,0017,159006M,,DRUM,75,U,"FERREIRA CONSTRUCTION CO., INC.",$23.15,"$1,736.25"
16133,133,0001,ROADWAY,0017,159006M,,DRUM,75,U,KONKUS CORPORATION,$0.01,$0.75
16133,133,0001,ROADWAY,0017,159006M,,DRUM,75,U,CARBRO CONSTRUCTORS CORP.,$65.00,"$4,875.00"
16133,133,0001,ROADWAY,0017,159006M,,DRUM,75,U,"IEW CONSTRUCTION GROUP, INC.",$62.46,"$4,684.50"
16133,133,0001,ROADWAY,0017,159006M,,DRUM,75,U,"RITACCO CONSTRUCTION, INC.",$15.00,"$1,125.00"
16133,133,0001,ROADWAY,0018,159012M,,CONSTRUCTION SIGNS,"1,211",SF,"BERTO CONSTRUCTION, INC.",$50.00,"$60,550.00"
16133,133,0001,ROADWAY,0018,159012M,,CONSTRUCTION SIGNS,"1,211",SF,"FERREIRA CONSTRUCTION CO., INC.",$11.92,"$14,435.12"
16133,133,0001,ROADWAY,0018,159012M,,CONSTRUCTION SIGNS,"1,211",SF,KONKUS CORPORATION,$13.00,"$15,743.00"
16133,133,0001,ROADWAY,0018,159012M,,CONSTRUCTION SIGNS,"1,211",SF,CARBRO CONSTRUCTORS CORP.,$25.00,"$30,275.00"
16133,133,0001,ROADWAY,0018,159012M,,CONSTRUCTION SIGNS,"1,211",SF,"IEW CONSTRUCTION GROUP, INC.",$22.08,"$26,738.88"
16133,133,0001,ROADWAY,0018,159012M,,CONSTRUCTION SIGNS,"1,211",SF,"RITACCO CONSTRUCTION, INC.",$12.00,"$14,532.00"
16133,133,0001,ROADWAY,0019,159015M,,"CONSTRUCTION IDENTIFICATION SIGN, 4' X 8'",2,U,"BERTO CONSTRUCTION, INC.",$900.00,"$1,800.00"
16133,133,0001,ROADWAY,0019,159015M,,"CONSTRUCTION IDENTIFICATION SIGN, 4' X 8'",2,U,"FERREIRA CONSTRUCTION CO., INC.",$812.43,"$1,624.86"
16133,133,0001,ROADWAY,0019,159015M,,"CONSTRUCTION IDENTIFICATION SIGN, 4' X 8'",2,U,KONKUS CORPORATION,"$1,200.00","$2,400.00"
16133,133,0001,ROADWAY,0019,159015M,,"CONSTRUCTION IDENTIFICATION SIGN, 4' X 8'",2,U,CARBRO CONSTRUCTORS CORP.,"$1,500.00","$3,000.00"
16133,133,0001,ROADWAY,0019,159015M,,"CONSTRUCTION IDENTIFICATION SIGN, 4' X 8'",2,U,"IEW CONSTRUCTION GROUP, INC.","$1,886.41","$3,772.82"
16133,133,0001,ROADWAY,0019,159015M,,"CONSTRUCTION IDENTIFICATION SIGN, 4' X 8'",2,U,"RITACCO CONSTRUCTION, INC.",$500.00,"$1,000.00"
16133,133,0001,ROADWAY,0020,159021P,,CONSTRUCTION BARRIER CURB,400,LF,"BERTO CONSTRUCTION, INC.",$200.00,"$80,000.00"
16133,133,0001,ROADWAY,0020,159021P,,CONSTRUCTION BARRIER CURB,400,LF,"FERREIRA CONSTRUCTION CO., INC.",$43.66,"$17,464.00"
16133,133,0001,ROADWAY,0020,159021P,,CONSTRUCTION BARRIER CURB,400,LF,KONKUS CORPORATION,$50.00,"$20,000.00"
16133,133,0001,ROADWAY,0020,159021P,,CONSTRUCTION BARRIER CURB,400,LF,CARBRO CONSTRUCTORS CORP.,$186.00,"$74,400.00"
16133,133,0001,ROADWAY,0020,159021P,,CONSTRUCTION BARRIER CURB,400,LF,"IEW CONSTRUCTION GROUP, INC.",$120.41,"$48,164.00"
16133,133,0001,ROADWAY,0020,159021P,,CONSTRUCTION BARRIER CURB,400,LF,"RITACCO CONSTRUCTION, INC.",$225.00,"$90,000.00"
16133,133,0001,ROADWAY,0021,159027M,,"FLASHING ARROW BOARD, 4' X 8'",4,U,"BERTO CONSTRUCTION, INC.","$1,000.00","$4,000.00"
16133,133,0001,ROADWAY,0021,159027M,,"FLASHING ARROW BOARD, 4' X 8'",4,U,"FERREIRA CONSTRUCTION CO., INC.",$578.83,"$2,315.32"
16133,133,0001,ROADWAY,0021,159027M,,"FLASHING ARROW BOARD, 4' X 8'",4,U,KONKUS CORPORATION,$0.01,$0.04
16133,133,0001,ROADWAY,0021,159027M,,"FLASHING ARROW BOARD, 4' X 8'",4,U,CARBRO CONSTRUCTORS CORP.,"$2,500.00","$10,000.00"
16133,133,0001,ROADWAY,0021,159027M,,"FLASHING ARROW BOARD, 4' X 8'",4,U,"IEW CONSTRUCTION GROUP, INC.",$411.93,"$1,647.72"
16133,133,0001,ROADWAY,0021,159027M,,"FLASHING ARROW BOARD, 4' X 8'",4,U,"RITACCO CONSTRUCTION, INC.",$250.00,"$1,000.00"
16133,133,0001,ROADWAY,0022,159030M,,PORTABLE VARIABLE MESSAGE SIGN,6,U,"BERTO CONSTRUCTION, INC.","$1,000.00","$6,000.00"
16133,133,0001,ROADWAY,0022,159030M,,PORTABLE VARIABLE MESSAGE SIGN,6,U,"FERREIRA CONSTRUCTION CO., INC.","$18,059.50","$108,357.00"
16133,133,0001,ROADWAY,0022,159030M,,PORTABLE VARIABLE MESSAGE SIGN,6,U,KONKUS CORPORATION,"$1,000.00","$6,000.00"
16133,133,0001,ROADWAY,0022,159030M,,PORTABLE VARIABLE MESSAGE SIGN,6,U,CARBRO CONSTRUCTORS CORP.,"$5,000.00","$30,000.00"
16133,133,0001,ROADWAY,0022,159030M,,PORTABLE VARIABLE MESSAGE SIGN,6,U,"IEW CONSTRUCTION GROUP, INC.",$411.93,"$2,471.58"
16133,133,0001,ROADWAY,0022,159030M,,PORTABLE VARIABLE MESSAGE SIGN,6,U,"RITACCO CONSTRUCTION, INC.",$500.00,"$3,000.00"
16133,133,0001,ROADWAY,0023,159060M,,"TEMPORARY CRASH CUSHION, INERTIAL BARRIER SYSTEM, 16 MODULES",2,U,"BERTO CONSTRUCTION, INC.",$1.00,$2.00
16133,133,0001,ROADWAY,0023,159060M,,"TEMPORARY CRASH CUSHION, INERTIAL BARRIER SYSTEM, 16 MODULES",2,U,"FERREIRA CONSTRUCTION CO., INC.","$6,109.17","$12,218.34"
16133,133,0001,ROADWAY,0023,159060M,,"TEMPORARY CRASH CUSHION, INERTIAL BARRIER SYSTEM, 16 MODULES",2,U,KONKUS CORPORATION,"$3,000.00","$6,000.00"
16133,133,0001,ROADWAY,0023,159060M,,"TEMPORARY CRASH CUSHION, INERTIAL BARRIER SYSTEM, 16 MODULES",2,U,CARBRO CONSTRUCTORS CORP.,"$3,500.00","$7,000.00"
16133,133,0001,ROADWAY,0023,159060M,,"TEMPORARY CRASH CUSHION, INERTIAL BARRIER SYSTEM, 16 MODULES",2,U,"IEW CONSTRUCTION GROUP, INC.","$5,047.26","$10,094.52"
16133,133,0001,ROADWAY,0023,159060M,,"TEMPORARY CRASH CUSHION, INERTIAL BARRIER SYSTEM, 16 MODULES",2,U,"RITACCO CONSTRUCTION, INC.","$10,500.00","$21,000.00"
16133,133,0001,ROADWAY,0024,159108M,,TRAFFIC CONTROL TRUCK WITH MOUNTED CRASH CUSHION,2,U,"BERTO CONSTRUCTION, INC.","$75,000.00","$150,000.00"
16133,133,0001,ROADWAY,0024,159108M,,TRAFFIC CONTROL TRUCK WITH MOUNTED CRASH CUSHION,2,U,"FERREIRA CONSTRUCTION CO., INC.","$13,891.92","$27,783.84"
16133,133,0001,ROADWAY,0024,159108M,,TRAFFIC CONTROL TRUCK WITH MOUNTED CRASH CUSHION,2,U,KONKUS CORPORATION,"$5,000.00","$10,000.00"
16133,133,0001,ROADWAY,0024,159108M,,TRAFFIC CONTROL TRUCK WITH MOUNTED CRASH CUSHION,2,U,CARBRO CONSTRUCTORS CORP.,"$10,000.00","$20,000.00"
16133,133,0001,ROADWAY,0024,159108M,,TRAFFIC CONTROL TRUCK WITH MOUNTED CRASH CUSHION,2,U,"IEW CONSTRUCTION GROUP, INC.",$0.01,$0.02
16133,133,0001,ROADWAY,0024,159108M,,TRAFFIC CONTROL TRUCK WITH MOUNTED CRASH CUSHION,2,U,"RITACCO CONSTRUCTION, INC.","$1,000.00","$2,000.00"
16133,133,0001,ROADWAY,0025,159126M,,"TEMPORARY TRAFFIC STRIPES, 4""","1,000",LF,"BERTO CONSTRUCTION, INC.",$1.00,"$1,000.00"
16133,133,0001,ROADWAY,0025,159126M,,"TEMPORARY TRAFFIC STRIPES, 4""","1,000",LF,"FERREIRA CONSTRUCTION CO., INC.",$2.17,"$2,170.00"
16133,133,0001,ROADWAY,0025,159126M,,"TEMPORARY TRAFFIC STRIPES, 4""","1,000",LF,KONKUS CORPORATION,$0.85,$850.00
16133,133,0001,ROADWAY,0025,159126M,,"TEMPORARY TRAFFIC STRIPES, 4""","1,000",LF,CARBRO CONSTRUCTORS CORP.,$0.75,$750.00
16133,133,0001,ROADWAY,0025,159126M,,"TEMPORARY TRAFFIC STRIPES, 4""","1,000",LF,"IEW CONSTRUCTION GROUP, INC.",$0.88,$880.00
16133,133,0001,ROADWAY,0025,159126M,,"TEMPORARY TRAFFIC STRIPES, 4""","1,000",LF,"RITACCO CONSTRUCTION, INC.",$1.00,"$1,000.00"
16133,133,0001,ROADWAY,0026,159132M,,TEMPORARY PAVEMENT MARKINGS,128,SF,"BERTO CONSTRUCTION, INC.",$10.00,"$1,280.00"
16133,133,0001,ROADWAY,0026,159132M,,TEMPORARY PAVEMENT MARKINGS,128,SF,"FERREIRA CONSTRUCTION CO., INC.",$4.33,$554.24
16133,133,0001,ROADWAY,0026,159132M,,TEMPORARY PAVEMENT MARKINGS,128,SF,KONKUS CORPORATION,$2.50,$320.00
16133,133,0001,ROADWAY,0026,159132M,,TEMPORARY PAVEMENT MARKINGS,128,SF,CARBRO CONSTRUCTORS CORP.,$2.00,$256.00
16133,133,0001,ROADWAY,0026,159132M,,TEMPORARY PAVEMENT MARKINGS,128,SF,"IEW CONSTRUCTION GROUP, INC.",$2.52,$322.56
16133,133,0001,ROADWAY,0026,159132M,,TEMPORARY PAVEMENT MARKINGS,128,SF,"RITACCO CONSTRUCTION, INC.",$20.00,"$2,560.00"
16133,133,0001,ROADWAY,0027,159224M,,"TEMPORARY CRASH CUSHION, COMPRESSIVE BARRIER, TYPE 4, WIDTH NARROW",2,U,"BERTO CONSTRUCTION, INC.",$1.00,$2.00
16133,133,0001,ROADWAY,0027,159224M,,"TEMPORARY CRASH CUSHION, COMPRESSIVE BARRIER, TYPE 4, WIDTH NARROW",2,U,"FERREIRA CONSTRUCTION CO., INC.","$12,906.38","$25,812.76"
16133,133,0001,ROADWAY,0027,159224M,,"TEMPORARY CRASH CUSHION, COMPRESSIVE BARRIER, TYPE 4, WIDTH NARROW",2,U,KONKUS CORPORATION,"$12,000.00","$24,000.00"
16133,133,0001,ROADWAY,0027,159224M,,"TEMPORARY CRASH CUSHION, COMPRESSIVE BARRIER, TYPE 4, WIDTH NARROW",2,U,CARBRO CONSTRUCTORS CORP.,"$10,000.00","$20,000.00"
16133,133,0001,ROADWAY,0027,159224M,,"TEMPORARY CRASH CUSHION, COMPRESSIVE BARRIER, TYPE 4, WIDTH NARROW",2,U,"IEW CONSTRUCTION GROUP, INC.","$8,075.61","$16,151.22"
16133,133,0001,ROADWAY,0027,159224M,,"TEMPORARY CRASH CUSHION, COMPRESSIVE BARRIER, TYPE 4, WIDTH NARROW",2,U,"RITACCO CONSTRUCTION, INC.","$14,500.00","$29,000.00"
16133,133,0001,ROADWAY,0028,160004M,,FUEL PRICE ADJUSTMENT,1,DOLL,"BERTO CONSTRUCTION, INC.",$100.00,$100.00
16133,133,0001,ROADWAY,0028,160004M,,FUEL PRICE ADJUSTMENT,1,DOLL,"FERREIRA CONSTRUCTION CO., INC.",$100.00,$100.00
16133,133,0001,ROADWAY,0028,160004M,,FUEL PRICE ADJUSTMENT,1,DOLL,KONKUS CORPORATION,$100.00,$100.00
16133,133,0001,ROADWAY,0028,160004M,,FUEL PRICE ADJUSTMENT,1,DOLL,CARBRO CONSTRUCTORS CORP.,$100.00,$100.00
16133,133,0001,ROADWAY,0028,160004M,,FUEL PRICE ADJUSTMENT,1,DOLL,"IEW CONSTRUCTION GROUP, INC.",$100.00,$100.00
16133,133,0001,ROADWAY,0028,160004M,,FUEL PRICE ADJUSTMENT,1,DOLL,"RITACCO CONSTRUCTION, INC.",$100.00,$100.00
16133,133,0001,ROADWAY,0029,160007M,,ASPHALT PRICE ADJUSTMENT,1,DOLL,"BERTO CONSTRUCTION, INC.",$100.00,$100.00
16133,133,0001,ROADWAY,0029,160007M,,ASPHALT PRICE ADJUSTMENT,1,DOLL,"FERREIRA CONSTRUCTION CO., INC.",$100.00,$100.00
16133,133,0001,ROADWAY,0029,160007M,,ASPHALT PRICE ADJUSTMENT,1,DOLL,KONKUS CORPORATION,$100.00,$100.00
16133,133,0001,ROADWAY,0029,160007M,,ASPHALT PRICE ADJUSTMENT,1,DOLL,CARBRO CONSTRUCTORS CORP.,$100.00,$100.00
16133,133,0001,ROADWAY,0029,160007M,,ASPHALT PRICE ADJUSTMENT,1,DOLL,"IEW CONSTRUCTION GROUP, INC.",$100.00,$100.00
16133,133,0001,ROADWAY,0029,160007M,,ASPHALT PRICE ADJUSTMENT,1,DOLL,"RITACCO CONSTRUCTION, INC.",$100.00,$100.00
16133,133,0001,ROADWAY,0030,161003P,,FINAL CLEANUP,1,LS,"BERTO CONSTRUCTION, INC.","$2,500.00","$2,500.00"
16133,133,0001,ROADWAY,0030,161003P,,FINAL CLEANUP,1,LS,"FERREIRA CONSTRUCTION CO., INC.","$13,454.86","$13,454.86"
16133,133,0001,ROADWAY,0030,161003P,,FINAL CLEANUP,1,LS,KONKUS CORPORATION,"$5,000.00","$5,000.00"
16133,133,0001,ROADWAY,0030,161003P,,FINAL CLEANUP,1,LS,CARBRO CONSTRUCTORS CORP.,"$10,000.00","$10,000.00"
16133,133,0001,ROADWAY,0030,161003P,,FINAL CLEANUP,1,LS,"IEW CONSTRUCTION GROUP, INC.",$0.01,$0.01
16133,133,0001,ROADWAY,0030,161003P,,FINAL CLEANUP,1,LS,"RITACCO CONSTRUCTION, INC.","$20,000.00","$20,000.00"
16133,133,0001,ROADWAY,0031,201003P,,CLEARING SITE,1,LS,"BERTO CONSTRUCTION, INC.","$45,000.00","$45,000.00"
16133,133,0001,ROADWAY,0031,201003P,,CLEARING SITE,1,LS,"FERREIRA CONSTRUCTION CO., INC.","$12,660.41","$12,660.41"
16133,133,0001,ROADWAY,0031,201003P,,CLEARING SITE,1,LS,KONKUS CORPORATION,"$45,000.00","$45,000.00"
16133,133,0001,ROADWAY,0031,201003P,,CLEARING SITE,1,LS,CARBRO CONSTRUCTORS CORP.,"$45,000.00","$45,000.00"
16133,133,0001,ROADWAY,0031,201003P,,CLEARING SITE,1,LS,"IEW CONSTRUCTION GROUP, INC.","$45,000.00","$45,000.00"
16133,133,0001,ROADWAY,0031,201003P,,CLEARING SITE,1,LS,"RITACCO CONSTRUCTION, INC.","$45,000.00","$45,000.00"
16133,133,0001,ROADWAY,0032,202006M,,"EXCAVATION, TEST PIT",5,CY,"BERTO CONSTRUCTION, INC.",$0.20,$1.00
16133,133,0001,ROADWAY,0032,202006M,,"EXCAVATION, TEST PIT",5,CY,"FERREIRA CONSTRUCTION CO., INC.",$481.72,"$2,408.60"
16133,133,0001,ROADWAY,0032,202006M,,"EXCAVATION, TEST PIT",5,CY,KONKUS CORPORATION,$0.01,$0.05
16133,133,0001,ROADWAY,0032,202006M,,"EXCAVATION, TEST PIT",5,CY,CARBRO CONSTRUCTORS CORP.,$200.00,"$1,000.00"
16133,133,0001,ROADWAY,0032,202006M,,"EXCAVATION, TEST PIT",5,CY,"IEW CONSTRUCTION GROUP, INC.",$230.67,"$1,153.35"
16133,133,0001,ROADWAY,0032,202006M,,"EXCAVATION, TEST PIT",5,CY,"RITACCO CONSTRUCTION, INC.",$250.00,"$1,250.00"
16133,133,0001,ROADWAY,0033,202009P,,"EXCAVATION, UNCLASSIFIED",885,CY,"BERTO CONSTRUCTION, INC.",$40.00,"$35,400.00"
16133,133,0001,ROADWAY,0033,202009P,,"EXCAVATION, UNCLASSIFIED",885,CY,"FERREIRA CONSTRUCTION CO., INC.",$40.00,"$35,400.00"
16133,133,0001,ROADWAY,0033,202009P,,"EXCAVATION, UNCLASSIFIED",885,CY,KONKUS CORPORATION,$40.00,"$35,400.00"
16133,133,0001,ROADWAY,0033,202009P,,"EXCAVATION, UNCLASSIFIED",885,CY,CARBRO CONSTRUCTORS CORP.,$50.00,"$44,250.00"
16133,133,0001,ROADWAY,0033,202009P,,"EXCAVATION, UNCLASSIFIED",885,CY,"IEW CONSTRUCTION GROUP, INC.",$84.48,"$74,764.80"
16133,133,0001,ROADWAY,0033,202009P,,"EXCAVATION, UNCLASSIFIED",885,CY,"RITACCO CONSTRUCTION, INC.",$40.00,"$35,400.00"
16133,133,0001,ROADWAY,0034,202021P,,REMOVAL OF PAVEMENT,455,SY,"BERTO CONSTRUCTION, INC.",$25.00,"$11,375.00"
16133,133,0001,ROADWAY,0034,202021P,,REMOVAL OF PAVEMENT,455,SY,"FERREIRA CONSTRUCTION CO., INC.",$22.00,"$10,010.00"
16133,133,0001,ROADWAY,0034,202021P,,REMOVAL OF PAVEMENT,455,SY,KONKUS CORPORATION,$15.00,"$6,825.00"
16133,133,0001,ROADWAY,0034,202021P,,REMOVAL OF PAVEMENT,455,SY,CARBRO CONSTRUCTORS CORP.,$20.00,"$9,100.00"
16133,133,0001,ROADWAY,0034,202021P,,REMOVAL OF PAVEMENT,455,SY,"IEW CONSTRUCTION GROUP, INC.",$42.57,"$19,369.35"
16133,133,0001,ROADWAY,0034,202021P,,REMOVAL OF PAVEMENT,455,SY,"RITACCO CONSTRUCTION, INC.",$25.00,"$11,375.00"
16133,133,0001,ROADWAY,0035,302036P,,"DENSE-GRADED AGGREGATE BASE COURSE, 6"" THICK",455,SY,"BERTO CONSTRUCTION, INC.",$18.00,"$8,190.00"
16133,133,0001,ROADWAY,0035,302036P,,"DENSE-GRADED AGGREGATE BASE COURSE, 6"" THICK",455,SY,"FERREIRA CONSTRUCTION CO., INC.",$25.02,"$11,384.10"
16133,133,0001,ROADWAY,0035,302036P,,"DENSE-GRADED AGGREGATE BASE COURSE, 6"" THICK",455,SY,KONKUS CORPORATION,$8.46,"$3,849.30"
16133,133,0001,ROADWAY,0035,302036P,,"DENSE-GRADED AGGREGATE BASE COURSE, 6"" THICK",455,SY,CARBRO CONSTRUCTORS CORP.,$25.00,"$11,375.00"
16133,133,0001,ROADWAY,0035,302036P,,"DENSE-GRADED AGGREGATE BASE COURSE, 6"" THICK",455,SY,"IEW CONSTRUCTION GROUP, INC.",$16.45,"$7,484.75"
16133,133,0001,ROADWAY,0035,302036P,,"DENSE-GRADED AGGREGATE BASE COURSE, 6"" THICK",455,SY,"RITACCO CONSTRUCTION, INC.",$15.00,"$6,825.00"
16133,133,0001,ROADWAY,0036,302051P,,"DENSE-GRADED AGGREGATE BASE COURSE, VARIABLE THICKNESS",50,CY,"BERTO CONSTRUCTION, INC.",$50.00,"$2,500.00"
16133,133,0001,ROADWAY,0036,302051P,,"DENSE-GRADED AGGREGATE BASE COURSE, VARIABLE THICKNESS",50,CY,"FERREIRA CONSTRUCTION CO., INC.",$58.87,"$2,943.50"
16133,133,0001,ROADWAY,0036,302051P,,"DENSE-GRADED AGGREGATE BASE COURSE, VARIABLE THICKNESS",50,CY,KONKUS CORPORATION,$46.00,"$2,300.00"
16133,133,0001,ROADWAY,0036,302051P,,"DENSE-GRADED AGGREGATE BASE COURSE, VARIABLE THICKNESS",50,CY,CARBRO CONSTRUCTORS CORP.,$50.00,"$2,500.00"
16133,133,0001,ROADWAY,0036,302051P,,"DENSE-GRADED AGGREGATE BASE COURSE, VARIABLE THICKNESS",50,CY,"IEW CONSTRUCTION GROUP, INC.",$127.75,"$6,387.50"
16133,133,0001,ROADWAY,0036,302051P,,"DENSE-GRADED AGGREGATE BASE COURSE, VARIABLE THICKNESS",50,CY,"RITACCO CONSTRUCTION, INC.",$50.00,"$2,500.00"
16133,133,0001,ROADWAY,0037,401009P,,"HMA MILLING, 3"" OR LESS",455,SY,"BERTO CONSTRUCTION, INC.",$1.00,$455.00
16133,133,0001,ROADWAY,0037,401009P,,"HMA MILLING, 3"" OR LESS",455,SY,"FERREIRA CONSTRUCTION CO., INC.",$21.66,"$9,855.30"
16133,133,0001,ROADWAY,0037,401009P,,"HMA MILLING, 3"" OR LESS",455,SY,KONKUS CORPORATION,$1.00,$455.00
16133,133,0001,ROADWAY,0037,401009P,,"HMA MILLING, 3"" OR LESS",455,SY,CARBRO CONSTRUCTORS CORP.,$25.00,"$11,375.00"
16133,133,0001,ROADWAY,0037,401009P,,"HMA MILLING, 3"" OR LESS",455,SY,"IEW CONSTRUCTION GROUP, INC.",$25.24,"$11,484.20"
16133,133,0001,ROADWAY,0037,401009P,,"HMA MILLING, 3"" OR LESS",455,SY,"RITACCO CONSTRUCTION, INC.",$20.00,"$9,100.00"
16133,133,0001,ROADWAY,0038,401027M,,POLYMERIZED JOINT ADHESIVE,580,LF,"BERTO CONSTRUCTION, INC.",$3.00,"$1,740.00"
16133,133,0001,ROADWAY,0038,401027M,,POLYMERIZED JOINT ADHESIVE,580,LF,"FERREIRA CONSTRUCTION CO., INC.",$1.62,$939.60
16133,133,0001,ROADWAY,0038,401027M,,POLYMERIZED JOINT ADHESIVE,580,LF,KONKUS CORPORATION,$15.00,"$8,700.00"
16133,133,0001,ROADWAY,0038,401027M,,POLYMERIZED JOINT ADHESIVE,580,LF,CARBRO CONSTRUCTORS CORP.,$1.75,"$1,015.00"
16133,133,0001,ROADWAY,0038,401027M,,POLYMERIZED JOINT ADHESIVE,580,LF,"IEW CONSTRUCTION GROUP, INC.",$1.89,"$1,096.20"
16133,133,0001,ROADWAY,0038,401027M,,POLYMERIZED JOINT ADHESIVE,580,LF,"RITACCO CONSTRUCTION, INC.",$1.00,$580.00
16133,133,0001,ROADWAY,0039,401030M,,TACK COAT,92,GAL,"BERTO CONSTRUCTION, INC.",$0.25,$23.00
16133,133,0001,ROADWAY,0039,401030M,,TACK COAT,92,GAL,"FERREIRA CONSTRUCTION CO., INC.",$0.01,$0.92
16133,133,0001,ROADWAY,0039,401030M,,TACK COAT,92,GAL,KONKUS CORPORATION,$0.01,$0.92
16133,133,0001,ROADWAY,0039,401030M,,TACK COAT,92,GAL,CARBRO CONSTRUCTORS CORP.,$0.01,$0.92
16133,133,0001,ROADWAY,0039,401030M,,TACK COAT,92,GAL,"IEW CONSTRUCTION GROUP, INC.",$0.01,$0.92
16133,133,0001,ROADWAY,0039,401030M,,TACK COAT,92,GAL,"RITACCO CONSTRUCTION, INC.",$1.00,$92.00
16133,133,0001,ROADWAY,0040,401054M,,HOT MIX ASPHALT 12.5 M 64 SURFACE COURSE,53,T,"BERTO CONSTRUCTION, INC.",$150.00,"$7,950.00"
16133,133,0001,ROADWAY,0040,401054M,,HOT MIX ASPHALT 12.5 M 64 SURFACE COURSE,53,T,"FERREIRA CONSTRUCTION CO., INC.",$213.40,"$11,310.20"
16133,133,0001,ROADWAY,0040,401054M,,HOT MIX ASPHALT 12.5 M 64 SURFACE COURSE,53,T,KONKUS CORPORATION,$167.91,"$8,899.23"
16133,133,0001,ROADWAY,0040,401054M,,HOT MIX ASPHALT 12.5 M 64 SURFACE COURSE,53,T,CARBRO CONSTRUCTORS CORP.,$215.00,"$11,395.00"
16133,133,0001,ROADWAY,0040,401054M,,HOT MIX ASPHALT 12.5 M 64 SURFACE COURSE,53,T,"IEW CONSTRUCTION GROUP, INC.",$248.58,"$13,174.74"
16133,133,0001,ROADWAY,0040,401054M,,HOT MIX ASPHALT 12.5 M 64 SURFACE COURSE,53,T,"RITACCO CONSTRUCTION, INC.",$200.00,"$10,600.00"
16133,133,0001,ROADWAY,0041,401072M,,HOT MIX ASPHALT 12.5 M 64 INTERMEDIATE COURSE,53,T,"BERTO CONSTRUCTION, INC.",$149.00,"$7,897.00"
16133,133,0001,ROADWAY,0041,401072M,,HOT MIX ASPHALT 12.5 M 64 INTERMEDIATE COURSE,53,T,"FERREIRA CONSTRUCTION CO., INC.",$213.40,"$11,310.20"
16133,133,0001,ROADWAY,0041,401072M,,HOT MIX ASPHALT 12.5 M 64 INTERMEDIATE COURSE,53,T,KONKUS CORPORATION,$167.91,"$8,899.23"
16133,133,0001,ROADWAY,0041,401072M,,HOT MIX ASPHALT 12.5 M 64 INTERMEDIATE COURSE,53,T,CARBRO CONSTRUCTORS CORP.,$215.00,"$11,395.00"
16133,133,0001,ROADWAY,0041,401072M,,HOT MIX ASPHALT 12.5 M 64 INTERMEDIATE COURSE,53,T,"IEW CONSTRUCTION GROUP, INC.",$248.58,"$13,174.74"
16133,133,0001,ROADWAY,0041,401072M,,HOT MIX ASPHALT 12.5 M 64 INTERMEDIATE COURSE,53,T,"RITACCO CONSTRUCTION, INC.",$200.00,"$10,600.00"
16133,133,0001,ROADWAY,0042,401099M,,HOT MIX ASPHALT 25 M 64 BASE COURSE,104,T,"BERTO CONSTRUCTION, INC.",$148.00,"$15,392.00"
16133,133,0001,ROADWAY,0042,401099M,,HOT MIX ASPHALT 25 M 64 BASE COURSE,104,T,"FERREIRA CONSTRUCTION CO., INC.",$210.15,"$21,855.60"
16133,133,0001,ROADWAY,0042,401099M,,HOT MIX ASPHALT 25 M 64 BASE COURSE,104,T,KONKUS CORPORATION,$167.91,"$17,462.64"
16133,133,0001,ROADWAY,0042,401099M,,HOT MIX ASPHALT 25 M 64 BASE COURSE,104,T,CARBRO CONSTRUCTORS CORP.,$210.00,"$21,840.00"
16133,133,0001,ROADWAY,0042,401099M,,HOT MIX ASPHALT 25 M 64 BASE COURSE,104,T,"IEW CONSTRUCTION GROUP, INC.",$244.79,"$25,458.16"
16133,133,0001,ROADWAY,0042,401099M,,HOT MIX ASPHALT 25 M 64 BASE COURSE,104,T,"RITACCO CONSTRUCTION, INC.",$200.00,"$20,800.00"
16133,133,0001,ROADWAY,0043,605051P,,"CHAIN-LINK FENCE, 8' HIGH",158,LF,"BERTO CONSTRUCTION, INC.",$60.00,"$9,480.00"
16133,133,0001,ROADWAY,0043,605051P,,"CHAIN-LINK FENCE, 8' HIGH",158,LF,"FERREIRA CONSTRUCTION CO., INC.",$64.99,"$10,268.42"
16133,133,0001,ROADWAY,0043,605051P,,"CHAIN-LINK FENCE, 8' HIGH",158,LF,KONKUS CORPORATION,$5.00,$790.00
16133,133,0001,ROADWAY,0043,605051P,,"CHAIN-LINK FENCE, 8' HIGH",158,LF,CARBRO CONSTRUCTORS CORP.,$66.00,"$10,428.00"
16133,133,0001,ROADWAY,0043,605051P,,"CHAIN-LINK FENCE, 8' HIGH",158,LF,"IEW CONSTRUCTION GROUP, INC.",$63.09,"$9,968.22"
16133,133,0001,ROADWAY,0043,605051P,,"CHAIN-LINK FENCE, 8' HIGH",158,LF,"RITACCO CONSTRUCTION, INC.",$50.00,"$7,900.00"
16133,133,0001,ROADWAY,0044,606075P,,"CONCRETE ISLAND, 4"" THICK",5,SY,"BERTO CONSTRUCTION, INC.",$100.00,$500.00
16133,133,0001,ROADWAY,0044,606075P,,"CONCRETE ISLAND, 4"" THICK",5,SY,"FERREIRA CONSTRUCTION CO., INC.",$216.65,"$1,083.25"
16133,133,0001,ROADWAY,0044,606075P,,"CONCRETE ISLAND, 4"" THICK",5,SY,KONKUS CORPORATION,$170.00,$850.00
16133,133,0001,ROADWAY,0044,606075P,,"CONCRETE ISLAND, 4"" THICK",5,SY,CARBRO CONSTRUCTORS CORP.,$77.00,$385.00
16133,133,0001,ROADWAY,0044,606075P,,"CONCRETE ISLAND, 4"" THICK",5,SY,"IEW CONSTRUCTION GROUP, INC.",$441.63,"$2,208.15"
16133,133,0001,ROADWAY,0044,606075P,,"CONCRETE ISLAND, 4"" THICK",5,SY,"RITACCO CONSTRUCTION, INC.",$250.00,"$1,250.00"
16133,133,0001,ROADWAY,0045,607021P,,"9"" X 18"" CONCRETE VERTICAL CURB",438,LF,"BERTO CONSTRUCTION, INC.",$31.00,"$13,578.00"
16133,133,0001,ROADWAY,0045,607021P,,"9"" X 18"" CONCRETE VERTICAL CURB",438,LF,"FERREIRA CONSTRUCTION CO., INC.",$48.75,"$21,352.50"
16133,133,0001,ROADWAY,0045,607021P,,"9"" X 18"" CONCRETE VERTICAL CURB",438,LF,KONKUS CORPORATION,$40.00,"$17,520.00"
16133,133,0001,ROADWAY,0045,607021P,,"9"" X 18"" CONCRETE VERTICAL CURB",438,LF,CARBRO CONSTRUCTORS CORP.,$27.00,"$11,826.00"
16133,133,0001,ROADWAY,0045,607021P,,"9"" X 18"" CONCRETE VERTICAL CURB",438,LF,"IEW CONSTRUCTION GROUP, INC.",$58.04,"$25,421.52"
16133,133,0001,ROADWAY,0045,607021P,,"9"" X 18"" CONCRETE VERTICAL CURB",438,LF,"RITACCO CONSTRUCTION, INC.",$25.00,"$10,950.00"
16133,133,0001,ROADWAY,0046,608003P,,"NONVEGETATIVE SURFACE, HOT MIX ASPHALT",579,SY,"BERTO CONSTRUCTION, INC.",$32.00,"$18,528.00"
16133,133,0001,ROADWAY,0046,608003P,,"NONVEGETATIVE SURFACE, HOT MIX ASPHALT",579,SY,"FERREIRA CONSTRUCTION CO., INC.",$33.58,"$19,442.82"
16133,133,0001,ROADWAY,0046,608003P,,"NONVEGETATIVE SURFACE, HOT MIX ASPHALT",579,SY,KONKUS CORPORATION,$31.00,"$17,949.00"
16133,133,0001,ROADWAY,0046,608003P,,"NONVEGETATIVE SURFACE, HOT MIX ASPHALT",579,SY,CARBRO CONSTRUCTORS CORP.,$45.00,"$26,055.00"
16133,133,0001,ROADWAY,0046,608003P,,"NONVEGETATIVE SURFACE, HOT MIX ASPHALT",579,SY,"IEW CONSTRUCTION GROUP, INC.",$39.12,"$22,650.48"
16133,133,0001,ROADWAY,0046,608003P,,"NONVEGETATIVE SURFACE, HOT MIX ASPHALT",579,SY,"RITACCO CONSTRUCTION, INC.",$40.00,"$23,160.00"
16133,133,0001,ROADWAY,0047,609003M,,BEAM GUIDE RAIL,520,LF,"BERTO CONSTRUCTION, INC.",$45.00,"$23,400.00"
16133,133,0001,ROADWAY,0047,609003M,,BEAM GUIDE RAIL,520,LF,"FERREIRA CONSTRUCTION CO., INC.",$48.75,"$25,350.00"
16133,133,0001,ROADWAY,0047,609003M,,BEAM GUIDE RAIL,520,LF,KONKUS CORPORATION,$98.45,"$51,194.00"
16133,133,0001,ROADWAY,0047,609003M,,BEAM GUIDE RAIL,520,LF,CARBRO CONSTRUCTORS CORP.,$50.00,"$26,000.00"
16133,133,0001,ROADWAY,0047,609003M,,BEAM GUIDE RAIL,520,LF,"IEW CONSTRUCTION GROUP, INC.",$56.78,"$29,525.60"
16133,133,0001,ROADWAY,0047,609003M,,BEAM GUIDE RAIL,520,LF,"RITACCO CONSTRUCTION, INC.",$40.00,"$20,800.00"
16133,133,0001,ROADWAY,0048,609021M,,RUB RAIL,176,LF,"BERTO CONSTRUCTION, INC.",$6.00,"$1,056.00"
16133,133,0001,ROADWAY,0048,609021M,,RUB RAIL,176,LF,"FERREIRA CONSTRUCTION CO., INC.",$7.15,"$1,258.40"
16133,133,0001,ROADWAY,0048,609021M,,RUB RAIL,176,LF,KONKUS CORPORATION,$6.60,"$1,161.60"
16133,133,0001,ROADWAY,0048,609021M,,RUB RAIL,176,LF,CARBRO CONSTRUCTORS CORP.,$11.00,"$1,936.00"
16133,133,0001,ROADWAY,0048,609021M,,RUB RAIL,176,LF,"IEW CONSTRUCTION GROUP, INC.",$8.33,"$1,466.08"
16133,133,0001,ROADWAY,0048,609021M,,RUB RAIL,176,LF,"RITACCO CONSTRUCTION, INC.",$15.00,"$2,640.00"
16133,133,0001,ROADWAY,0049,609024M,,FLARED GUIDE RAIL TERMINAL,2,U,"BERTO CONSTRUCTION, INC.","$2,500.00","$5,000.00"
16133,133,0001,ROADWAY,0049,609024M,,FLARED GUIDE RAIL TERMINAL,2,U,"FERREIRA CONSTRUCTION CO., INC.","$2,762.27","$5,524.54"
16133,133,0001,ROADWAY,0049,609024M,,FLARED GUIDE RAIL TERMINAL,2,U,KONKUS CORPORATION,"$2,145.00","$4,290.00"
16133,133,0001,ROADWAY,0049,609024M,,FLARED GUIDE RAIL TERMINAL,2,U,CARBRO CONSTRUCTORS CORP.,"$2,750.00","$5,500.00"
16133,133,0001,ROADWAY,0049,609024M,,FLARED GUIDE RAIL TERMINAL,2,U,"IEW CONSTRUCTION GROUP, INC.","$3,217.63","$6,435.26"
16133,133,0001,ROADWAY,0049,609024M,,FLARED GUIDE RAIL TERMINAL,2,U,"RITACCO CONSTRUCTION, INC.","$2,500.00","$5,000.00"
16133,133,0001,ROADWAY,0050,609039M,,BEAM GUIDE RAIL ANCHORAGE,4,U,"BERTO CONSTRUCTION, INC.",$700.00,"$2,800.00"
16133,133,0001,ROADWAY,0050,609039M,,BEAM GUIDE RAIL ANCHORAGE,4,U,"FERREIRA CONSTRUCTION CO., INC.",$839.51,"$3,358.04"
16133,133,0001,ROADWAY,0050,609039M,,BEAM GUIDE RAIL ANCHORAGE,4,U,KONKUS CORPORATION,$550.00,"$2,200.00"
16133,133,0001,ROADWAY,0050,609039M,,BEAM GUIDE RAIL ANCHORAGE,4,U,CARBRO CONSTRUCTORS CORP.,"$1,750.00","$7,000.00"
16133,133,0001,ROADWAY,0050,609039M,,BEAM GUIDE RAIL ANCHORAGE,4,U,"IEW CONSTRUCTION GROUP, INC.",$977.91,"$3,911.64"
16133,133,0001,ROADWAY,0050,609039M,,BEAM GUIDE RAIL ANCHORAGE,4,U,"RITACCO CONSTRUCTION, INC.","$1,250.00","$5,000.00"
16133,133,0001,ROADWAY,0051,609075M,,REMOVAL OF BEAM GUIDE RAIL,520,LF,"BERTO CONSTRUCTION, INC.",$1.00,$520.00
16133,133,0001,ROADWAY,0051,609075M,,REMOVAL OF BEAM GUIDE RAIL,520,LF,"FERREIRA CONSTRUCTION CO., INC.",$1.08,$561.60
16133,133,0001,ROADWAY,0051,609075M,,REMOVAL OF BEAM GUIDE RAIL,520,LF,KONKUS CORPORATION,$1.00,$520.00
16133,133,0001,ROADWAY,0051,609075M,,REMOVAL OF BEAM GUIDE RAIL,520,LF,CARBRO CONSTRUCTORS CORP.,$1.00,$520.00
16133,133,0001,ROADWAY,0051,609075M,,REMOVAL OF BEAM GUIDE RAIL,520,LF,"IEW CONSTRUCTION GROUP, INC.",$1.26,$655.20
16133,133,0001,ROADWAY,0051,609075M,,REMOVAL OF BEAM GUIDE RAIL,520,LF,"RITACCO CONSTRUCTION, INC.",$5.00,"$2,600.00"
16133,133,0001,ROADWAY,0052,610003M,,"TRAFFIC STRIPES, 4""","1,265",LF,"BERTO CONSTRUCTION, INC.",$1.00,"$1,265.00"
16133,133,0001,ROADWAY,0052,610003M,,"TRAFFIC STRIPES, 4""","1,265",LF,"FERREIRA CONSTRUCTION CO., INC.",$3.25,"$4,111.25"
16133,133,0001,ROADWAY,0052,610003M,,"TRAFFIC STRIPES, 4""","1,265",LF,KONKUS CORPORATION,$2.00,"$2,530.00"
16133,133,0001,ROADWAY,0052,610003M,,"TRAFFIC STRIPES, 4""","1,265",LF,CARBRO CONSTRUCTORS CORP.,$1.75,"$2,213.75"
16133,133,0001,ROADWAY,0052,610003M,,"TRAFFIC STRIPES, 4""","1,265",LF,"IEW CONSTRUCTION GROUP, INC.",$1.89,"$2,390.85"
16133,133,0001,ROADWAY,0052,610003M,,"TRAFFIC STRIPES, 4""","1,265",LF,"RITACCO CONSTRUCTION, INC.",$1.00,"$1,265.00"
16133,133,0001,ROADWAY,0053,610007M,,"TRAFFIC STRIPES, 8""",120,LF,"BERTO CONSTRUCTION, INC.",$2.00,$240.00
16133,133,0001,ROADWAY,0053,610007M,,"TRAFFIC STRIPES, 8""",120,LF,"FERREIRA CONSTRUCTION CO., INC.",$5.42,$650.40
16133,133,0001,ROADWAY,0053,610007M,,"TRAFFIC STRIPES, 8""",120,LF,KONKUS CORPORATION,$3.60,$432.00
16133,133,0001,ROADWAY,0053,610007M,,"TRAFFIC STRIPES, 8""",120,LF,CARBRO CONSTRUCTORS CORP.,$3.00,$360.00
16133,133,0001,ROADWAY,0053,610007M,,"TRAFFIC STRIPES, 8""",120,LF,"IEW CONSTRUCTION GROUP, INC.",$3.79,$454.80
16133,133,0001,ROADWAY,0053,610007M,,"TRAFFIC STRIPES, 8""",120,LF,"RITACCO CONSTRUCTION, INC.",$2.00,$240.00
16133,133,0001,ROADWAY,0054,610009M,,TRAFFIC MARKINGS,101,SF,"BERTO CONSTRUCTION, INC.",$10.00,"$1,010.00"
16133,133,0001,ROADWAY,0054,610009M,,TRAFFIC MARKINGS,101,SF,"FERREIRA CONSTRUCTION CO., INC.",$27.08,"$2,735.08"
16133,133,0001,ROADWAY,0054,610009M,,TRAFFIC MARKINGS,101,SF,KONKUS CORPORATION,$10.20,"$1,030.20"
16133,133,0001,ROADWAY,0054,610009M,,TRAFFIC MARKINGS,101,SF,CARBRO CONSTRUCTORS CORP.,$9.00,$909.00
16133,133,0001,ROADWAY,0054,610009M,,TRAFFIC MARKINGS,101,SF,"IEW CONSTRUCTION GROUP, INC.",$10.73,"$1,083.73"
16133,133,0001,ROADWAY,0054,610009M,,TRAFFIC MARKINGS,101,SF,"RITACCO CONSTRUCTION, INC.",$12.00,"$1,212.00"
16133,133,0001,ROADWAY,0055,610036M,,REMOVAL OF TRAFFIC STRIPES,880,LF,"BERTO CONSTRUCTION, INC.",$1.00,$880.00
16133,133,0001,ROADWAY,0055,610036M,,REMOVAL OF TRAFFIC STRIPES,880,LF,"FERREIRA CONSTRUCTION CO., INC.",$4.33,"$3,810.40"
16133,133,0001,ROADWAY,0055,610036M,,REMOVAL OF TRAFFIC STRIPES,880,LF,KONKUS CORPORATION,$1.00,$880.00
16133,133,0001,ROADWAY,0055,610036M,,REMOVAL OF TRAFFIC STRIPES,880,LF,CARBRO CONSTRUCTORS CORP.,$1.00,$880.00
16133,133,0001,ROADWAY,0055,610036M,,REMOVAL OF TRAFFIC STRIPES,880,LF,"IEW CONSTRUCTION GROUP, INC.",$0.95,$836.00
16133,133,0001,ROADWAY,0055,610036M,,REMOVAL OF TRAFFIC STRIPES,880,LF,"RITACCO CONSTRUCTION, INC.",$2.00,"$1,760.00"
16133,133,0001,ROADWAY,0056,612003P,,REGULATORY AND WARNING SIGN,54,SF,"BERTO CONSTRUCTION, INC.",$30.00,"$1,620.00"
16133,133,0001,ROADWAY,0056,612003P,,REGULATORY AND WARNING SIGN,54,SF,"FERREIRA CONSTRUCTION CO., INC.",$30.76,"$1,661.04"
16133,133,0001,ROADWAY,0056,612003P,,REGULATORY AND WARNING SIGN,54,SF,KONKUS CORPORATION,$43.20,"$2,332.80"
16133,133,0001,ROADWAY,0056,612003P,,REGULATORY AND WARNING SIGN,54,SF,CARBRO CONSTRUCTORS CORP.,$40.00,"$2,160.00"
16133,133,0001,ROADWAY,0056,612003P,,REGULATORY AND WARNING SIGN,54,SF,"IEW CONSTRUCTION GROUP, INC.",$45.43,"$2,453.22"
16133,133,0001,ROADWAY,0056,612003P,,REGULATORY AND WARNING SIGN,54,SF,"RITACCO CONSTRUCTION, INC.",$50.00,"$2,700.00"
16133,133,0001,ROADWAY,0057,701021P,,"3"" RIGID METALLIC CONDUIT (ROADWAY: PS HL-2)",115,LF,"BERTO CONSTRUCTION, INC.",$55.00,"$6,325.00"
16133,133,0001,ROADWAY,0057,701021P,,"3"" RIGID METALLIC CONDUIT (ROADWAY: PS HL-2)",115,LF,"FERREIRA CONSTRUCTION CO., INC.",$64.99,"$7,473.85"
16133,133,0001,ROADWAY,0057,701021P,,"3"" RIGID METALLIC CONDUIT (ROADWAY: PS HL-2)",115,LF,KONKUS CORPORATION,$65.00,"$7,475.00"
16133,133,0001,ROADWAY,0057,701021P,,"3"" RIGID METALLIC CONDUIT (ROADWAY: PS HL-2)",115,LF,CARBRO CONSTRUCTORS CORP.,$58.00,"$6,670.00"
16133,133,0001,ROADWAY,0057,701021P,,"3"" RIGID METALLIC CONDUIT (ROADWAY: PS HL-2)",115,LF,"IEW CONSTRUCTION GROUP, INC.",$69.40,"$7,981.00"
16133,133,0001,ROADWAY,0057,701021P,,"3"" RIGID METALLIC CONDUIT (ROADWAY: PS HL-2)",115,LF,"RITACCO CONSTRUCTION, INC.",$50.00,"$5,750.00"
16133,133,0001,ROADWAY,0058,701030P,,"3"" RIGID NONMETALLIC CONDUIT",100,LF,"BERTO CONSTRUCTION, INC.",$20.00,"$2,000.00"
16133,133,0001,ROADWAY,0058,701030P,,"3"" RIGID NONMETALLIC CONDUIT",100,LF,"FERREIRA CONSTRUCTION CO., INC.",$21.66,"$2,166.00"
16133,133,0001,ROADWAY,0058,701030P,,"3"" RIGID NONMETALLIC CONDUIT",100,LF,KONKUS CORPORATION,$22.00,"$2,200.00"
16133,133,0001,ROADWAY,0058,701030P,,"3"" RIGID NONMETALLIC CONDUIT",100,LF,CARBRO CONSTRUCTORS CORP.,$17.00,"$1,700.00"
16133,133,0001,ROADWAY,0058,701030P,,"3"" RIGID NONMETALLIC CONDUIT",100,LF,"IEW CONSTRUCTION GROUP, INC.",$25.24,"$2,524.00"
16133,133,0001,ROADWAY,0058,701030P,,"3"" RIGID NONMETALLIC CONDUIT",100,LF,"RITACCO CONSTRUCTION, INC.",$20.00,"$2,000.00"
16133,133,0001,ROADWAY,0059,701102M,,"18"" X 36"" JUNCTION BOX",2,U,"BERTO CONSTRUCTION, INC.","$1,800.00","$3,600.00"
16133,133,0001,ROADWAY,0059,701102M,,"18"" X 36"" JUNCTION BOX",2,U,"FERREIRA CONSTRUCTION CO., INC.","$1,949.84","$3,899.68"
16133,133,0001,ROADWAY,0059,701102M,,"18"" X 36"" JUNCTION BOX",2,U,KONKUS CORPORATION,"$1,980.00","$3,960.00"
16133,133,0001,ROADWAY,0059,701102M,,"18"" X 36"" JUNCTION BOX",2,U,CARBRO CONSTRUCTORS CORP.,"$2,000.00","$4,000.00"
16133,133,0001,ROADWAY,0059,701102M,,"18"" X 36"" JUNCTION BOX",2,U,"IEW CONSTRUCTION GROUP, INC.","$2,271.27","$4,542.54"
16133,133,0001,ROADWAY,0059,701102M,,"18"" X 36"" JUNCTION BOX",2,U,"RITACCO CONSTRUCTION, INC.","$1,750.00","$3,500.00"
16133,133,0001,ROADWAY,0060,701117M,,JUNCTION BOX FOUNDATION,2,U,"BERTO CONSTRUCTION, INC.","$2,000.00","$4,000.00"
16133,133,0001,ROADWAY,0060,701117M,,JUNCTION BOX FOUNDATION,2,U,"FERREIRA CONSTRUCTION CO., INC.","$2,166.48","$4,332.96"
16133,133,0001,ROADWAY,0060,701117M,,JUNCTION BOX FOUNDATION,2,U,KONKUS CORPORATION,"$2,400.00","$4,800.00"
16133,133,0001,ROADWAY,0060,701117M,,JUNCTION BOX FOUNDATION,2,U,CARBRO CONSTRUCTORS CORP.,"$2,750.00","$5,500.00"
16133,133,0001,ROADWAY,0060,701117M,,JUNCTION BOX FOUNDATION,2,U,"IEW CONSTRUCTION GROUP, INC.","$2,523.63","$5,047.26"
16133,133,0001,ROADWAY,0060,701117M,,JUNCTION BOX FOUNDATION,2,U,"RITACCO CONSTRUCTION, INC.","$2,000.00","$4,000.00"
16133,133,0001,ROADWAY,0061,701159M,,"FOUNDATION, TYPE 1M-MC",1,U,"BERTO CONSTRUCTION, INC.","$2,650.00","$2,650.00"
16133,133,0001,ROADWAY,0061,701159M,,"FOUNDATION, TYPE 1M-MC",1,U,"FERREIRA CONSTRUCTION CO., INC.","$2,708.11","$2,708.11"
16133,133,0001,ROADWAY,0061,701159M,,"FOUNDATION, TYPE 1M-MC",1,U,KONKUS CORPORATION,"$2,915.00","$2,915.00"
16133,133,0001,ROADWAY,0061,701159M,,"FOUNDATION, TYPE 1M-MC",1,U,CARBRO CONSTRUCTORS CORP.,"$3,000.00","$3,000.00"
16133,133,0001,ROADWAY,0061,701159M,,"FOUNDATION, TYPE 1M-MC",1,U,"IEW CONSTRUCTION GROUP, INC.","$3,343.81","$3,343.81"
16133,133,0001,ROADWAY,0061,701159M,,"FOUNDATION, TYPE 1M-MC",1,U,"RITACCO CONSTRUCTION, INC.","$2,500.00","$2,500.00"
16133,133,0001,ROADWAY,0062,701180M,,"METER CABINET, TYPE 2M-MC",1,U,"BERTO CONSTRUCTION, INC.","$12,780.00","$12,780.00"
16133,133,0001,ROADWAY,0062,701180M,,"METER CABINET, TYPE 2M-MC",1,U,"FERREIRA CONSTRUCTION CO., INC.","$14,623.76","$14,623.76"
16133,133,0001,ROADWAY,0062,701180M,,"METER CABINET, TYPE 2M-MC",1,U,KONKUS CORPORATION,"$14,050.00","$14,050.00"
16133,133,0001,ROADWAY,0062,701180M,,"METER CABINET, TYPE 2M-MC",1,U,CARBRO CONSTRUCTORS CORP.,"$13,000.00","$13,000.00"
16133,133,0001,ROADWAY,0062,701180M,,"METER CABINET, TYPE 2M-MC",1,U,"IEW CONSTRUCTION GROUP, INC.","$16,125.98","$16,125.98"
16133,133,0001,ROADWAY,0062,701180M,,"METER CABINET, TYPE 2M-MC",1,U,"RITACCO CONSTRUCTION, INC.","$12,500.00","$12,500.00"
16133,133,0001,ROADWAY,0063,701195P,,"MULTIPLE LIGHTING WIRE, NO. 2 AWG","2,810",LF,"BERTO CONSTRUCTION, INC.",$5.00,"$14,050.00"
16133,133,0001,ROADWAY,0063,701195P,,"MULTIPLE LIGHTING WIRE, NO. 2 AWG","2,810",LF,"FERREIRA CONSTRUCTION CO., INC.",$4.33,"$12,167.30"
16133,133,0001,ROADWAY,0063,701195P,,"MULTIPLE LIGHTING WIRE, NO. 2 AWG","2,810",LF,KONKUS CORPORATION,$5.50,"$15,455.00"
16133,133,0001,ROADWAY,0063,701195P,,"MULTIPLE LIGHTING WIRE, NO. 2 AWG","2,810",LF,CARBRO CONSTRUCTORS CORP.,$3.50,"$9,835.00"
16133,133,0001,ROADWAY,0063,701195P,,"MULTIPLE LIGHTING WIRE, NO. 2 AWG","2,810",LF,"IEW CONSTRUCTION GROUP, INC.",$6.31,"$17,731.10"
16133,133,0001,ROADWAY,0063,701195P,,"MULTIPLE LIGHTING WIRE, NO. 2 AWG","2,810",LF,"RITACCO CONSTRUCTION, INC.",$5.00,"$14,050.00"
16133,133,0001,ROADWAY,0064,701210P,,"SERVICE WIRE, NO. 2 AWG",65,LF,"BERTO CONSTRUCTION, INC.",$5.00,$325.00
16133,133,0001,ROADWAY,0064,701210P,,"SERVICE WIRE, NO. 2 AWG",65,LF,"FERREIRA CONSTRUCTION CO., INC.",$5.42,$352.30
16133,133,0001,ROADWAY,0064,701210P,,"SERVICE WIRE, NO. 2 AWG",65,LF,KONKUS CORPORATION,$5.50,$357.50
16133,133,0001,ROADWAY,0064,701210P,,"SERVICE WIRE, NO. 2 AWG",65,LF,CARBRO CONSTRUCTORS CORP.,$4.00,$260.00
16133,133,0001,ROADWAY,0064,701210P,,"SERVICE WIRE, NO. 2 AWG",65,LF,"IEW CONSTRUCTION GROUP, INC.",$6.31,$410.15
16133,133,0001,ROADWAY,0064,701210P,,"SERVICE WIRE, NO. 2 AWG",65,LF,"RITACCO CONSTRUCTION, INC.",$5.00,$325.00
16133,133,0001,ROADWAY,0065,701342P,,"GROUND WIRE, NO. 2 AWG",450,LF,"BERTO CONSTRUCTION, INC.",$5.00,"$2,250.00"
16133,133,0001,ROADWAY,0065,701342P,,"GROUND WIRE, NO. 2 AWG",450,LF,"FERREIRA CONSTRUCTION CO., INC.",$4.33,"$1,948.50"
16133,133,0001,ROADWAY,0065,701342P,,"GROUND WIRE, NO. 2 AWG",450,LF,KONKUS CORPORATION,$5.50,"$2,475.00"
16133,133,0001,ROADWAY,0065,701342P,,"GROUND WIRE, NO. 2 AWG",450,LF,CARBRO CONSTRUCTORS CORP.,$2.50,"$1,125.00"
16133,133,0001,ROADWAY,0065,701342P,,"GROUND WIRE, NO. 2 AWG",450,LF,"IEW CONSTRUCTION GROUP, INC.",$6.31,"$2,839.50"
16133,133,0001,ROADWAY,0065,701342P,,"GROUND WIRE, NO. 2 AWG",450,LF,"RITACCO CONSTRUCTION, INC.",$5.00,"$2,250.00"
16133,133,0001,ROADWAY,0066,702045M,,IMAGE DETECTOR,5,U,"BERTO CONSTRUCTION, INC.","$7,560.00","$37,800.00"
16133,133,0001,ROADWAY,0066,702045M,,IMAGE DETECTOR,5,U,"FERREIRA CONSTRUCTION CO., INC.","$6,510.28","$32,551.40"
16133,133,0001,ROADWAY,0066,702045M,,IMAGE DETECTOR,5,U,KONKUS CORPORATION,"$8,316.00","$41,580.00"
16133,133,0001,ROADWAY,0066,702045M,,IMAGE DETECTOR,5,U,CARBRO CONSTRUCTORS CORP.,"$6,500.00","$32,500.00"
16133,133,0001,ROADWAY,0066,702045M,,IMAGE DETECTOR,5,U,"IEW CONSTRUCTION GROUP, INC.","$9,539.31","$47,696.55"
16133,133,0001,ROADWAY,0066,702045M,,IMAGE DETECTOR,5,U,"RITACCO CONSTRUCTION, INC.","$9,500.00","$47,500.00"
16133,133,0001,ROADWAY,0067,703033P,,TEMPORARY HIGHWAY LIGHTING SYSTEM,1,LS,"BERTO CONSTRUCTION, INC.","$19,500.00","$19,500.00"
16133,133,0001,ROADWAY,0067,703033P,,TEMPORARY HIGHWAY LIGHTING SYSTEM,1,LS,"FERREIRA CONSTRUCTION CO., INC.","$16,248.62","$16,248.62"
16133,133,0001,ROADWAY,0067,703033P,,TEMPORARY HIGHWAY LIGHTING SYSTEM,1,LS,KONKUS CORPORATION,"$21,500.00","$21,500.00"
16133,133,0001,ROADWAY,0067,703033P,,TEMPORARY HIGHWAY LIGHTING SYSTEM,1,LS,CARBRO CONSTRUCTORS CORP.,"$25,000.00","$25,000.00"
16133,133,0001,ROADWAY,0067,703033P,,TEMPORARY HIGHWAY LIGHTING SYSTEM,1,LS,"IEW CONSTRUCTION GROUP, INC.","$45,425.30","$45,425.30"
16133,133,0001,ROADWAY,0067,703033P,,TEMPORARY HIGHWAY LIGHTING SYSTEM,1,LS,"RITACCO CONSTRUCTION, INC.","$25,000.00","$25,000.00"
16133,133,0005,GENERAL LANDSCAPE,0068,804006P,,"TOPSOILING, 4"" THICK",162,SY,"BERTO CONSTRUCTION, INC.",$10.00,"$1,620.00"
16133,133,0005,GENERAL LANDSCAPE,0068,804006P,,"TOPSOILING, 4"" THICK",162,SY,"FERREIRA CONSTRUCTION CO., INC.",$8.67,"$1,404.54"
16133,133,0005,GENERAL LANDSCAPE,0068,804006P,,"TOPSOILING, 4"" THICK",162,SY,KONKUS CORPORATION,$10.00,"$1,620.00"
16133,133,0005,GENERAL LANDSCAPE,0068,804006P,,"TOPSOILING, 4"" THICK",162,SY,CARBRO CONSTRUCTORS CORP.,$20.00,"$3,240.00"
16133,133,0005,GENERAL LANDSCAPE,0068,804006P,,"TOPSOILING, 4"" THICK",162,SY,"IEW CONSTRUCTION GROUP, INC.",$31.55,"$5,111.10"
16133,133,0005,GENERAL LANDSCAPE,0068,804006P,,"TOPSOILING, 4"" THICK",162,SY,"RITACCO CONSTRUCTION, INC.",$4.00,$648.00
16133,133,0005,GENERAL LANDSCAPE,0069,806006P,,"FERTILIZING AND SEEDING, TYPE A-3",162,SY,"BERTO CONSTRUCTION, INC.",$1.00,$162.00
16133,133,0005,GENERAL LANDSCAPE,0069,806006P,,"FERTILIZING AND SEEDING, TYPE A-3",162,SY,"FERREIRA CONSTRUCTION CO., INC.",$1.62,$262.44
16133,133,0005,GENERAL LANDSCAPE,0069,806006P,,"FERTILIZING AND SEEDING, TYPE A-3",162,SY,KONKUS CORPORATION,$1.00,$162.00
16133,133,0005,GENERAL LANDSCAPE,0069,806006P,,"FERTILIZING AND SEEDING, TYPE A-3",162,SY,CARBRO CONSTRUCTORS CORP.,$1.00,$162.00
16133,133,0005,GENERAL LANDSCAPE,0069,806006P,,"FERTILIZING AND SEEDING, TYPE A-3",162,SY,"IEW CONSTRUCTION GROUP, INC.",$31.55,"$5,111.10"
16133,133,0005,GENERAL LANDSCAPE,0069,806006P,,"FERTILIZING AND SEEDING, TYPE A-3",162,SY,"RITACCO CONSTRUCTION, INC.",$1.00,$162.00
16133,133,0005,GENERAL LANDSCAPE,0070,809003M,,STRAW MULCHING,162,SY,"BERTO CONSTRUCTION, INC.",$1.00,$162.00
16133,133,0005,GENERAL LANDSCAPE,0070,809003M,,STRAW MULCHING,162,SY,"FERREIRA CONSTRUCTION CO., INC.",$0.54,$87.48
16133,133,0005,GENERAL LANDSCAPE,0070,809003M,,STRAW MULCHING,162,SY,KONKUS CORPORATION,$1.00,$162.00
16133,133,0005,GENERAL LANDSCAPE,0070,809003M,,STRAW MULCHING,162,SY,CARBRO CONSTRUCTORS CORP.,$1.00,$162.00
16133,133,0005,GENERAL LANDSCAPE,0070,809003M,,STRAW MULCHING,162,SY,"IEW CONSTRUCTION GROUP, INC.",$31.55,"$5,111.10"
16133,133,0005,GENERAL LANDSCAPE,0070,809003M,,STRAW MULCHING,162,SY,"RITACCO CONSTRUCTION, INC.",$1.00,$162.00
16133,133,0006,STRUCTURE NO 1014-162,0071,201006P,,"CLEARING SITE, BRIDGE (___) STRUCTURE NO. 1014-162",1,LS,"BERTO CONSTRUCTION, INC.","$253,000.00","$253,000.00"
16133,133,0006,STRUCTURE NO 1014-162,0071,201006P,,"CLEARING SITE, BRIDGE (___) STRUCTURE NO. 1014-162",1,LS,"FERREIRA CONSTRUCTION CO., INC.","$253,000.00","$253,000.00"
16133,133,0006,STRUCTURE NO 1014-162,0071,201006P,,"CLEARING SITE, BRIDGE (___) STRUCTURE NO. 1014-162",1,LS,KONKUS CORPORATION,"$250,000.00","$250,000.00"
16133,133,0006,STRUCTURE NO 1014-162,0071,201006P,,"CLEARING SITE, BRIDGE (___) STRUCTURE NO. 1014-162",1,LS,CARBRO CONSTRUCTORS CORP.,"$253,000.00","$253,000.00"
16133,133,0006,STRUCTURE NO 1014-162,0071,201006P,,"CLEARING SITE, BRIDGE (___) STRUCTURE NO. 1014-162",1,LS,"IEW CONSTRUCTION GROUP, INC.","$840,000.00","$840,000.00"
16133,133,0006,STRUCTURE NO 1014-162,0071,201006P,,"CLEARING SITE, BRIDGE (___) STRUCTURE NO. 1014-162",1,LS,"RITACCO CONSTRUCTION, INC.","$253,000.00","$253,000.00"
16133,133,0006,STRUCTURE NO 1014-162,0072,201039P,,TEMPORARY SHIELDING,1,LS,"BERTO CONSTRUCTION, INC.","$700,000.00","$700,000.00"
16133,133,0006,STRUCTURE NO 1014-162,0072,201039P,,TEMPORARY SHIELDING,1,LS,"FERREIRA CONSTRUCTION CO., INC.","$160,000.00","$160,000.00"
16133,133,0006,STRUCTURE NO 1014-162,0072,201039P,,TEMPORARY SHIELDING,1,LS,KONKUS CORPORATION,"$500,000.00","$500,000.00"
16133,133,0006,STRUCTURE NO 1014-162,0072,201039P,,TEMPORARY SHIELDING,1,LS,CARBRO CONSTRUCTORS CORP.,"$475,000.00","$475,000.00"
16133,133,0006,STRUCTURE NO 1014-162,0072,201039P,,TEMPORARY SHIELDING,1,LS,"IEW CONSTRUCTION GROUP, INC.","$322,842.35","$322,842.35"
16133,133,0006,STRUCTURE NO 1014-162,0072,201039P,,TEMPORARY SHIELDING,1,LS,"RITACCO CONSTRUCTION, INC.","$1,262,532.00","$1,262,532.00"
16133,133,0006,STRUCTURE NO 1014-162,0073,203009P,,I-9 SOIL AGGREGATE,360,CY,"BERTO CONSTRUCTION, INC.",$60.00,"$21,600.00"
16133,133,0006,STRUCTURE NO 1014-162,0073,203009P,,I-9 SOIL AGGREGATE,360,CY,"FERREIRA CONSTRUCTION CO., INC.",$90.77,"$32,677.20"
16133,133,0006,STRUCTURE NO 1014-162,0073,203009P,,I-9 SOIL AGGREGATE,360,CY,KONKUS CORPORATION,$50.00,"$18,000.00"
16133,133,0006,STRUCTURE NO 1014-162,0073,203009P,,I-9 SOIL AGGREGATE,360,CY,CARBRO CONSTRUCTORS CORP.,$89.00,"$32,040.00"
16133,133,0006,STRUCTURE NO 1014-162,0073,203009P,,I-9 SOIL AGGREGATE,360,CY,"IEW CONSTRUCTION GROUP, INC.",$73.33,"$26,398.80"
16133,133,0006,STRUCTURE NO 1014-162,0073,203009P,,I-9 SOIL AGGREGATE,360,CY,"RITACCO CONSTRUCTION, INC.",$65.00,"$23,400.00"
16133,133,0006,STRUCTURE NO 1014-162,0074,302060P,,"COARSE AGGREGATE, SIZE NO. 57",31,CY,"BERTO CONSTRUCTION, INC.",$60.00,"$1,860.00"
16133,133,0006,STRUCTURE NO 1014-162,0074,302060P,,"COARSE AGGREGATE, SIZE NO. 57",31,CY,"FERREIRA CONSTRUCTION CO., INC.",$123.64,"$3,832.84"
16133,133,0006,STRUCTURE NO 1014-162,0074,302060P,,"COARSE AGGREGATE, SIZE NO. 57",31,CY,KONKUS CORPORATION,$54.00,"$1,674.00"
16133,133,0006,STRUCTURE NO 1014-162,0074,302060P,,"COARSE AGGREGATE, SIZE NO. 57",31,CY,CARBRO CONSTRUCTORS CORP.,$50.00,"$1,550.00"
16133,133,0006,STRUCTURE NO 1014-162,0074,302060P,,"COARSE AGGREGATE, SIZE NO. 57",31,CY,"IEW CONSTRUCTION GROUP, INC.",$102.72,"$3,184.32"
16133,133,0006,STRUCTURE NO 1014-162,0074,302060P,,"COARSE AGGREGATE, SIZE NO. 57",31,CY,"RITACCO CONSTRUCTION, INC.",$65.00,"$2,015.00"
16133,133,0006,STRUCTURE NO 1014-162,0075,501003P,,TEMPORARY SHEETING,900,SF,"BERTO CONSTRUCTION, INC.",$20.00,"$18,000.00"
16133,133,0006,STRUCTURE NO 1014-162,0075,501003P,,TEMPORARY SHEETING,900,SF,"FERREIRA CONSTRUCTION CO., INC.",$27.08,"$24,372.00"
16133,133,0006,STRUCTURE NO 1014-162,0075,501003P,,TEMPORARY SHEETING,900,SF,KONKUS CORPORATION,$0.01,$9.00
16133,133,0006,STRUCTURE NO 1014-162,0075,501003P,,TEMPORARY SHEETING,900,SF,CARBRO CONSTRUCTORS CORP.,$0.01,$9.00
16133,133,0006,STRUCTURE NO 1014-162,0075,501003P,,TEMPORARY SHEETING,900,SF,"IEW CONSTRUCTION GROUP, INC.",$162.42,"$146,178.00"
16133,133,0006,STRUCTURE NO 1014-162,0075,501003P,,TEMPORARY SHEETING,900,SF,"RITACCO CONSTRUCTION, INC.",$30.00,"$27,000.00"
16133,133,0006,STRUCTURE NO 1014-162,0076,504009P,,"REINFORCEMENT STEEL, GALVANIZED","121,400",LB,"BERTO CONSTRUCTION, INC.",$2.00,"$242,800.00"
16133,133,0006,STRUCTURE NO 1014-162,0076,504009P,,"REINFORCEMENT STEEL, GALVANIZED","121,400",LB,"FERREIRA CONSTRUCTION CO., INC.",$2.12,"$257,368.00"
16133,133,0006,STRUCTURE NO 1014-162,0076,504009P,,"REINFORCEMENT STEEL, GALVANIZED","121,400",LB,KONKUS CORPORATION,$2.00,"$242,800.00"
16133,133,0006,STRUCTURE NO 1014-162,0076,504009P,,"REINFORCEMENT STEEL, GALVANIZED","121,400",LB,CARBRO CONSTRUCTORS CORP.,$3.00,"$364,200.00"
16133,133,0006,STRUCTURE NO 1014-162,0076,504009P,,"REINFORCEMENT STEEL, GALVANIZED","121,400",LB,"IEW CONSTRUCTION GROUP, INC.",$2.03,"$246,442.00"
16133,133,0006,STRUCTURE NO 1014-162,0076,504009P,,"REINFORCEMENT STEEL, GALVANIZED","121,400",LB,"RITACCO CONSTRUCTION, INC.",$2.00,"$242,800.00"
16133,133,0006,STRUCTURE NO 1014-162,0077,504024P,,CONCRETE ABUTMENT WALL,144,CY,"BERTO CONSTRUCTION, INC.","$1,700.00","$244,800.00"
16133,133,0006,STRUCTURE NO 1014-162,0077,504024P,,CONCRETE ABUTMENT WALL,144,CY,"FERREIRA CONSTRUCTION CO., INC.","$1,370.04","$197,285.76"
16133,133,0006,STRUCTURE NO 1014-162,0077,504024P,,CONCRETE ABUTMENT WALL,144,CY,KONKUS CORPORATION,$725.00,"$104,400.00"
16133,133,0006,STRUCTURE NO 1014-162,0077,504024P,,CONCRETE ABUTMENT WALL,144,CY,CARBRO CONSTRUCTORS CORP.,"$2,575.00","$370,800.00"
16133,133,0006,STRUCTURE NO 1014-162,0077,504024P,,CONCRETE ABUTMENT WALL,144,CY,"IEW CONSTRUCTION GROUP, INC.","$1,306.64","$188,156.16"
16133,133,0006,STRUCTURE NO 1014-162,0077,504024P,,CONCRETE ABUTMENT WALL,144,CY,"RITACCO CONSTRUCTION, INC.","$1,900.00","$273,600.00"
16133,133,0006,STRUCTURE NO 1014-162,0078,504027P,,CONCRETE PIER COLUMN AND CAP,47,CY,"BERTO CONSTRUCTION, INC.","$1,500.00","$70,500.00"
16133,133,0006,STRUCTURE NO 1014-162,0078,504027P,,CONCRETE PIER COLUMN AND CAP,47,CY,"FERREIRA CONSTRUCTION CO., INC.","$2,005.39","$94,253.33"
16133,133,0006,STRUCTURE NO 1014-162,0078,504027P,,CONCRETE PIER COLUMN AND CAP,47,CY,KONKUS CORPORATION,"$1,500.00","$70,500.00"
16133,133,0006,STRUCTURE NO 1014-162,0078,504027P,,CONCRETE PIER COLUMN AND CAP,47,CY,CARBRO CONSTRUCTORS CORP.,"$3,100.00","$145,700.00"
16133,133,0006,STRUCTURE NO 1014-162,0078,504027P,,CONCRETE PIER COLUMN AND CAP,47,CY,"IEW CONSTRUCTION GROUP, INC.","$1,169.53","$54,967.91"
16133,133,0006,STRUCTURE NO 1014-162,0078,504027P,,CONCRETE PIER COLUMN AND CAP,47,CY,"RITACCO CONSTRUCTION, INC.","$1,700.00","$79,900.00"
16133,133,0006,STRUCTURE NO 1014-162,0079,504036P,,EPOXY WATERPROOFING,55,SY,"BERTO CONSTRUCTION, INC.",$200.00,"$11,000.00"
16133,133,0006,STRUCTURE NO 1014-162,0079,504036P,,EPOXY WATERPROOFING,55,SY,"FERREIRA CONSTRUCTION CO., INC.",$79.32,"$4,362.60"
16133,133,0006,STRUCTURE NO 1014-162,0079,504036P,,EPOXY WATERPROOFING,55,SY,KONKUS CORPORATION,$35.00,"$1,925.00"
16133,133,0006,STRUCTURE NO 1014-162,0079,504036P,,EPOXY WATERPROOFING,55,SY,CARBRO CONSTRUCTORS CORP.,$150.00,"$8,250.00"
16133,133,0006,STRUCTURE NO 1014-162,0079,504036P,,EPOXY WATERPROOFING,55,SY,"IEW CONSTRUCTION GROUP, INC.",$63.09,"$3,469.95"
16133,133,0006,STRUCTURE NO 1014-162,0079,504036P,,EPOXY WATERPROOFING,55,SY,"RITACCO CONSTRUCTION, INC.",$40.00,"$2,200.00"
16133,133,0006,STRUCTURE NO 1014-162,0080,504040P,,CONCRETE SURFACE TREATMENT,231,SY,"BERTO CONSTRUCTION, INC.",$23.00,"$5,313.00"
16133,133,0006,STRUCTURE NO 1014-162,0080,504040P,,CONCRETE SURFACE TREATMENT,231,SY,"FERREIRA CONSTRUCTION CO., INC.",$22.05,"$5,093.55"
16133,133,0006,STRUCTURE NO 1014-162,0080,504040P,,CONCRETE SURFACE TREATMENT,231,SY,KONKUS CORPORATION,$35.00,"$8,085.00"
16133,133,0006,STRUCTURE NO 1014-162,0080,504040P,,CONCRETE SURFACE TREATMENT,231,SY,CARBRO CONSTRUCTORS CORP.,$83.00,"$19,173.00"
16133,133,0006,STRUCTURE NO 1014-162,0080,504040P,,CONCRETE SURFACE TREATMENT,231,SY,"IEW CONSTRUCTION GROUP, INC.",$21.45,"$4,954.95"
16133,133,0006,STRUCTURE NO 1014-162,0080,504040P,,CONCRETE SURFACE TREATMENT,231,SY,"RITACCO CONSTRUCTION, INC.",$40.00,"$9,240.00"
16133,133,0006,STRUCTURE NO 1014-162,0081,504053P,,CONCRETE PYLON,14,LF,"BERTO CONSTRUCTION, INC.","$2,000.00","$28,000.00"
16133,133,0006,STRUCTURE NO 1014-162,0081,504053P,,CONCRETE PYLON,14,LF,"FERREIRA CONSTRUCTION CO., INC.",$758.27,"$10,615.78"
16133,133,0006,STRUCTURE NO 1014-162,0081,504053P,,CONCRETE PYLON,14,LF,KONKUS CORPORATION,"$1,571.00","$21,994.00"
16133,133,0006,STRUCTURE NO 1014-162,0081,504053P,,CONCRETE PYLON,14,LF,CARBRO CONSTRUCTORS CORP.,"$1,285.00","$17,990.00"
16133,133,0006,STRUCTURE NO 1014-162,0081,504053P,,CONCRETE PYLON,14,LF,"IEW CONSTRUCTION GROUP, INC.","$1,839.16","$25,748.24"
16133,133,0006,STRUCTURE NO 1014-162,0081,504053P,,CONCRETE PYLON,14,LF,"RITACCO CONSTRUCTION, INC.",$700.00,"$9,800.00"
16133,133,0006,STRUCTURE NO 1014-162,0082,506003P,,"STRUCTURAL STEEL 257,000 LB",1,LS,"BERTO CONSTRUCTION, INC.","$690,000.00","$690,000.00"
16133,133,0006,STRUCTURE NO 1014-162,0082,506003P,,"STRUCTURAL STEEL 257,000 LB",1,LS,"FERREIRA CONSTRUCTION CO., INC.","$816,479.26","$816,479.26"
16133,133,0006,STRUCTURE NO 1014-162,0082,506003P,,"STRUCTURAL STEEL 257,000 LB",1,LS,KONKUS CORPORATION,"$735,000.00","$735,000.00"
16133,133,0006,STRUCTURE NO 1014-162,0082,506003P,,"STRUCTURAL STEEL 257,000 LB",1,LS,CARBRO CONSTRUCTORS CORP.,"$688,000.00","$688,000.00"
16133,133,0006,STRUCTURE NO 1014-162,0082,506003P,,"STRUCTURAL STEEL 257,000 LB",1,LS,"IEW CONSTRUCTION GROUP, INC.","$1,140,820.00","$1,140,820.00"
16133,133,0006,STRUCTURE NO 1014-162,0082,506003P,,"STRUCTURAL STEEL 257,000 LB",1,LS,"RITACCO CONSTRUCTION, INC.","$1,881,000.00","$1,881,000.00"
16133,133,0006,STRUCTURE NO 1014-162,0083,506006P,,REINFORCED ELASTOMERIC BEARING ASSEMBLY,21,U,"BERTO CONSTRUCTION, INC.","$1,600.00","$33,600.00"
16133,133,0006,STRUCTURE NO 1014-162,0083,506006P,,REINFORCED ELASTOMERIC BEARING ASSEMBLY,21,U,"FERREIRA CONSTRUCTION CO., INC.","$2,375.58","$49,887.18"
16133,133,0006,STRUCTURE NO 1014-162,0083,506006P,,REINFORCED ELASTOMERIC BEARING ASSEMBLY,21,U,KONKUS CORPORATION,"$1,732.00","$36,372.00"
16133,133,0006,STRUCTURE NO 1014-162,0083,506006P,,REINFORCED ELASTOMERIC BEARING ASSEMBLY,21,U,CARBRO CONSTRUCTORS CORP.,"$2,000.00","$42,000.00"
16133,133,0006,STRUCTURE NO 1014-162,0083,506006P,,REINFORCED ELASTOMERIC BEARING ASSEMBLY,21,U,"IEW CONSTRUCTION GROUP, INC.","$2,571.21","$53,995.41"
16133,133,0006,STRUCTURE NO 1014-162,0083,506006P,,REINFORCED ELASTOMERIC BEARING ASSEMBLY,21,U,"RITACCO CONSTRUCTION, INC.","$3,000.00","$63,000.00"
16133,133,0006,STRUCTURE NO 1014-162,0084,506012P,,SHEAR CONNECTOR,"4,677",U,"BERTO CONSTRUCTION, INC.",$5.00,"$23,385.00"
16133,133,0006,STRUCTURE NO 1014-162,0084,506012P,,SHEAR CONNECTOR,"4,677",U,"FERREIRA CONSTRUCTION CO., INC.",$3.79,"$17,725.83"
16133,133,0006,STRUCTURE NO 1014-162,0084,506012P,,SHEAR CONNECTOR,"4,677",U,KONKUS CORPORATION,$4.50,"$21,046.50"
16133,133,0006,STRUCTURE NO 1014-162,0084,506012P,,SHEAR CONNECTOR,"4,677",U,CARBRO CONSTRUCTORS CORP.,$6.00,"$28,062.00"
16133,133,0006,STRUCTURE NO 1014-162,0084,506012P,,SHEAR CONNECTOR,"4,677",U,"IEW CONSTRUCTION GROUP, INC.",$5.43,"$25,396.11"
16133,133,0006,STRUCTURE NO 1014-162,0084,506012P,,SHEAR CONNECTOR,"4,677",U,"RITACCO CONSTRUCTION, INC.",$4.00,"$18,708.00"
16133,133,0006,STRUCTURE NO 1014-162,0085,507015P,,STRIP SEAL EXPANSION JOINT ASSEMBLY,93,LF,"BERTO CONSTRUCTION, INC.",$190.00,"$17,670.00"
16133,133,0006,STRUCTURE NO 1014-162,0085,507015P,,STRIP SEAL EXPANSION JOINT ASSEMBLY,93,LF,"FERREIRA CONSTRUCTION CO., INC.",$304.17,"$28,287.81"
16133,133,0006,STRUCTURE NO 1014-162,0085,507015P,,STRIP SEAL EXPANSION JOINT ASSEMBLY,93,LF,KONKUS CORPORATION,$300.00,"$27,900.00"
16133,133,0006,STRUCTURE NO 1014-162,0085,507015P,,STRIP SEAL EXPANSION JOINT ASSEMBLY,93,LF,CARBRO CONSTRUCTORS CORP.,$375.00,"$34,875.00"
16133,133,0006,STRUCTURE NO 1014-162,0085,507015P,,STRIP SEAL EXPANSION JOINT ASSEMBLY,93,LF,"IEW CONSTRUCTION GROUP, INC.",$423.77,"$39,410.61"
16133,133,0006,STRUCTURE NO 1014-162,0085,507015P,,STRIP SEAL EXPANSION JOINT ASSEMBLY,93,LF,"RITACCO CONSTRUCTION, INC.",$200.00,"$18,600.00"
16133,133,0006,STRUCTURE NO 1014-162,0086,507024P,,"CONCRETE BRIDGE DECK, HPC",400,CY,"BERTO CONSTRUCTION, INC.",$100.00,"$40,000.00"
16133,133,0006,STRUCTURE NO 1014-162,0086,507024P,,"CONCRETE BRIDGE DECK, HPC",400,CY,"FERREIRA CONSTRUCTION CO., INC.","$1,100.00","$440,000.00"
16133,133,0006,STRUCTURE NO 1014-162,0086,507024P,,"CONCRETE BRIDGE DECK, HPC",400,CY,KONKUS CORPORATION,$850.00,"$340,000.00"
16133,133,0006,STRUCTURE NO 1014-162,0086,507024P,,"CONCRETE BRIDGE DECK, HPC",400,CY,CARBRO CONSTRUCTORS CORP.,"$1,375.00","$550,000.00"
16133,133,0006,STRUCTURE NO 1014-162,0086,507024P,,"CONCRETE BRIDGE DECK, HPC",400,CY,"IEW CONSTRUCTION GROUP, INC.",$953.81,"$381,524.00"
16133,133,0006,STRUCTURE NO 1014-162,0086,507024P,,"CONCRETE BRIDGE DECK, HPC",400,CY,"RITACCO CONSTRUCTION, INC.",$600.00,"$240,000.00"
16133,133,0006,STRUCTURE NO 1014-162,0087,507033P,,"CONCRETE BRIDGE SIDEWALK, HPC",69,CY,"BERTO CONSTRUCTION, INC.",$500.00,"$34,500.00"
16133,133,0006,STRUCTURE NO 1014-162,0087,507033P,,"CONCRETE BRIDGE SIDEWALK, HPC",69,CY,"FERREIRA CONSTRUCTION CO., INC.",$666.19,"$45,967.11"
16133,133,0006,STRUCTURE NO 1014-162,0087,507033P,,"CONCRETE BRIDGE SIDEWALK, HPC",69,CY,KONKUS CORPORATION,$600.00,"$41,400.00"
16133,133,0006,STRUCTURE NO 1014-162,0087,507033P,,"CONCRETE BRIDGE SIDEWALK, HPC",69,CY,CARBRO CONSTRUCTORS CORP.,$700.00,"$48,300.00"
16133,133,0006,STRUCTURE NO 1014-162,0087,507033P,,"CONCRETE BRIDGE SIDEWALK, HPC",69,CY,"IEW CONSTRUCTION GROUP, INC.",$894.93,"$61,750.17"
16133,133,0006,STRUCTURE NO 1014-162,0087,507033P,,"CONCRETE BRIDGE SIDEWALK, HPC",69,CY,"RITACCO CONSTRUCTION, INC.",$550.00,"$37,950.00"
16133,133,0006,STRUCTURE NO 1014-162,0088,507050M,,CONCRETE SLEEPER SLAB,47,CY,"BERTO CONSTRUCTION, INC.",$100.00,"$4,700.00"
16133,133,0006,STRUCTURE NO 1014-162,0088,507050M,,CONCRETE SLEEPER SLAB,47,CY,"FERREIRA CONSTRUCTION CO., INC.",$731.19,"$34,365.93"
16133,133,0006,STRUCTURE NO 1014-162,0088,507050M,,CONCRETE SLEEPER SLAB,47,CY,KONKUS CORPORATION,$425.00,"$19,975.00"
16133,133,0006,STRUCTURE NO 1014-162,0088,507050M,,CONCRETE SLEEPER SLAB,47,CY,CARBRO CONSTRUCTORS CORP.,"$1,665.00","$78,255.00"
16133,133,0006,STRUCTURE NO 1014-162,0088,507050M,,CONCRETE SLEEPER SLAB,47,CY,"IEW CONSTRUCTION GROUP, INC.","$1,208.29","$56,789.63"
16133,133,0006,STRUCTURE NO 1014-162,0088,507050M,,CONCRETE SLEEPER SLAB,47,CY,"RITACCO CONSTRUCTION, INC.",$850.00,"$39,950.00"
16133,133,0006,STRUCTURE NO 1014-162,0089,507054P,,"CONCRETE BRIDGE RELIEF SLAB, HPC",103,SY,"BERTO CONSTRUCTION, INC.",$100.00,"$10,300.00"
16133,133,0006,STRUCTURE NO 1014-162,0089,507054P,,"CONCRETE BRIDGE RELIEF SLAB, HPC",103,SY,"FERREIRA CONSTRUCTION CO., INC.",$461.04,"$47,487.12"
16133,133,0006,STRUCTURE NO 1014-162,0089,507054P,,"CONCRETE BRIDGE RELIEF SLAB, HPC",103,SY,KONKUS CORPORATION,$206.00,"$21,218.00"
16133,133,0006,STRUCTURE NO 1014-162,0089,507054P,,"CONCRETE BRIDGE RELIEF SLAB, HPC",103,SY,CARBRO CONSTRUCTORS CORP.,$528.00,"$54,384.00"
16133,133,0006,STRUCTURE NO 1014-162,0089,507054P,,"CONCRETE BRIDGE RELIEF SLAB, HPC",103,SY,"IEW CONSTRUCTION GROUP, INC.",$334.17,"$34,419.51"
16133,133,0006,STRUCTURE NO 1014-162,0089,507054P,,"CONCRETE BRIDGE RELIEF SLAB, HPC",103,SY,"RITACCO CONSTRUCTION, INC.",$250.00,"$25,750.00"
16133,133,0006,STRUCTURE NO 1014-162,0090,509097P,,"CHAIN-LINK FENCE,TYPE I,ZINC-COATED STEEL,BRIDGE,6' 3"" HIGH,CURVED TOP",340,LF,"BERTO CONSTRUCTION, INC.",$150.00,"$51,000.00"
16133,133,0006,STRUCTURE NO 1014-162,0090,509097P,,"CHAIN-LINK FENCE,TYPE I,ZINC-COATED STEEL,BRIDGE,6' 3"" HIGH,CURVED TOP",340,LF,"FERREIRA CONSTRUCTION CO., INC.",$189.57,"$64,453.80"
16133,133,0006,STRUCTURE NO 1014-162,0090,509097P,,"CHAIN-LINK FENCE,TYPE I,ZINC-COATED STEEL,BRIDGE,6' 3"" HIGH,CURVED TOP",340,LF,KONKUS CORPORATION,$163.90,"$55,726.00"
16133,133,0006,STRUCTURE NO 1014-162,0090,509097P,,"CHAIN-LINK FENCE,TYPE I,ZINC-COATED STEEL,BRIDGE,6' 3"" HIGH,CURVED TOP",340,LF,CARBRO CONSTRUCTORS CORP.,$245.00,"$83,300.00"
16133,133,0006,STRUCTURE NO 1014-162,0090,509097P,,"CHAIN-LINK FENCE,TYPE I,ZINC-COATED STEEL,BRIDGE,6' 3"" HIGH,CURVED TOP",340,LF,"IEW CONSTRUCTION GROUP, INC.",$208.20,"$70,788.00"
16133,133,0006,STRUCTURE NO 1014-162,0090,509097P,,"CHAIN-LINK FENCE,TYPE I,ZINC-COATED STEEL,BRIDGE,6' 3"" HIGH,CURVED TOP",340,LF,"RITACCO CONSTRUCTION, INC.",$150.00,"$51,000.00"
16133,133,0006,STRUCTURE NO 1014-162,0091,509150P,,"BRIDGE COMBINATION RAILING (1 RAIL, STEEL)",340,LF,"BERTO CONSTRUCTION, INC.",$220.00,"$74,800.00"
16133,133,0006,STRUCTURE NO 1014-162,0091,509150P,,"BRIDGE COMBINATION RAILING (1 RAIL, STEEL)",340,LF,"FERREIRA CONSTRUCTION CO., INC.",$303.31,"$103,125.40"
16133,133,0006,STRUCTURE NO 1014-162,0091,509150P,,"BRIDGE COMBINATION RAILING (1 RAIL, STEEL)",340,LF,KONKUS CORPORATION,$400.00,"$136,000.00"
16133,133,0006,STRUCTURE NO 1014-162,0091,509150P,,"BRIDGE COMBINATION RAILING (1 RAIL, STEEL)",340,LF,CARBRO CONSTRUCTORS CORP.,$300.00,"$102,000.00"
16133,133,0006,STRUCTURE NO 1014-162,0091,509150P,,"BRIDGE COMBINATION RAILING (1 RAIL, STEEL)",340,LF,"IEW CONSTRUCTION GROUP, INC.",$362.57,"$123,273.80"
16133,133,0006,STRUCTURE NO 1014-162,0091,509150P,,"BRIDGE COMBINATION RAILING (1 RAIL, STEEL)",340,LF,"RITACCO CONSTRUCTION, INC.",$300.00,"$102,000.00"
16133,133,0006,STRUCTURE NO 1014-162,0092,555003M,,SUBSTRUCTURE CONCRETE REPAIR,30,SF,"BERTO CONSTRUCTION, INC.","$1,000.00","$30,000.00"
16133,133,0006,STRUCTURE NO 1014-162,0092,555003M,,SUBSTRUCTURE CONCRETE REPAIR,30,SF,"FERREIRA CONSTRUCTION CO., INC.",$400.00,"$12,000.00"
16133,133,0006,STRUCTURE NO 1014-162,0092,555003M,,SUBSTRUCTURE CONCRETE REPAIR,30,SF,KONKUS CORPORATION,$150.00,"$4,500.00"
16133,133,0006,STRUCTURE NO 1014-162,0092,555003M,,SUBSTRUCTURE CONCRETE REPAIR,30,SF,CARBRO CONSTRUCTORS CORP.,$500.00,"$15,000.00"
16133,133,0006,STRUCTURE NO 1014-162,0092,555003M,,SUBSTRUCTURE CONCRETE REPAIR,30,SF,"IEW CONSTRUCTION GROUP, INC.",$260.23,"$7,806.90"
16133,133,0006,STRUCTURE NO 1014-162,0092,555003M,,SUBSTRUCTURE CONCRETE REPAIR,30,SF,"RITACCO CONSTRUCTION, INC.",$275.00,"$8,250.00"
16133,133,0006,STRUCTURE NO 1014-162,0093,601047P,,"8"" CORRUGATED STEEL PIPE",190,LF,"BERTO CONSTRUCTION, INC.",$32.00,"$6,080.00"
16133,133,0006,STRUCTURE NO 1014-162,0093,601047P,,"8"" CORRUGATED STEEL PIPE",190,LF,"FERREIRA CONSTRUCTION CO., INC.",$55.18,"$10,484.20"
16133,133,0006,STRUCTURE NO 1014-162,0093,601047P,,"8"" CORRUGATED STEEL PIPE",190,LF,KONKUS CORPORATION,$30.00,"$5,700.00"
16133,133,0006,STRUCTURE NO 1014-162,0093,601047P,,"8"" CORRUGATED STEEL PIPE",190,LF,CARBRO CONSTRUCTORS CORP.,$25.00,"$4,750.00"
16133,133,0006,STRUCTURE NO 1014-162,0093,601047P,,"8"" CORRUGATED STEEL PIPE",190,LF,"IEW CONSTRUCTION GROUP, INC.",$84.11,"$15,980.90"
16133,133,0006,STRUCTURE NO 1014-162,0093,601047P,,"8"" CORRUGATED STEEL PIPE",190,LF,"RITACCO CONSTRUCTION, INC.",$40.00,"$7,600.00"
16133,133,0006,STRUCTURE NO 1014-162,0094,701091P,,FIBERGLASS CONDUIT,"1,058",LF,"BERTO CONSTRUCTION, INC.",$46.00,"$48,668.00"
16133,133,0006,STRUCTURE NO 1014-162,0094,701091P,,FIBERGLASS CONDUIT,"1,058",LF,"FERREIRA CONSTRUCTION CO., INC.",$48.75,"$51,577.50"
16133,133,0006,STRUCTURE NO 1014-162,0094,701091P,,FIBERGLASS CONDUIT,"1,058",LF,KONKUS CORPORATION,$51.15,"$54,116.70"
16133,133,0006,STRUCTURE NO 1014-162,0094,701091P,,FIBERGLASS CONDUIT,"1,058",LF,CARBRO CONSTRUCTORS CORP.,$17.00,"$17,986.00"
16133,133,0006,STRUCTURE NO 1014-162,0094,701091P,,FIBERGLASS CONDUIT,"1,058",LF,"IEW CONSTRUCTION GROUP, INC.",$58.67,"$62,072.86"
16133,133,0006,STRUCTURE NO 1014-162,0094,701091P,,FIBERGLASS CONDUIT,"1,058",LF,"RITACCO CONSTRUCTION, INC.",$40.00,"$42,320.00"
16133,133,0001,ROADWAY,0095,701021P,,"3"" RIGID METALLIC CONDUIT (CONDUIT ON STRUCTURE: PS B-3)",706,LF,"BERTO CONSTRUCTION, INC.",$38.00,"$26,828.00"
16133,133,0001,ROADWAY,0095,701021P,,"3"" RIGID METALLIC CONDUIT (CONDUIT ON STRUCTURE: PS B-3)",706,LF,"FERREIRA CONSTRUCTION CO., INC.",$37.91,"$26,764.46"
16133,133,0001,ROADWAY,0095,701021P,,"3"" RIGID METALLIC CONDUIT (CONDUIT ON STRUCTURE: PS B-3)",706,LF,KONKUS CORPORATION,$41.65,"$29,404.90"
16133,133,0001,ROADWAY,0095,701021P,,"3"" RIGID METALLIC CONDUIT (CONDUIT ON STRUCTURE: PS B-3)",706,LF,CARBRO CONSTRUCTORS CORP.,$30.00,"$21,180.00"
16133,133,0001,ROADWAY,0095,701021P,,"3"" RIGID METALLIC CONDUIT (CONDUIT ON STRUCTURE: PS B-3)",706,LF,"IEW CONSTRUCTION GROUP, INC.",$47.32,"$33,407.92"
16133,133,0001,ROADWAY,0095,701021P,,"3"" RIGID METALLIC CONDUIT (CONDUIT ON STRUCTURE: PS B-3)",706,LF,"RITACCO CONSTRUCTION, INC.",$35.00,"$24,710.00"