Proposal,Call Order,Section Number,Section Description,Line,Item,Alternate Code,Item Description,Quantity,Unit,Vendor Name,Unit Price,Extension
17110,434,0001,ROADWAY,0001,151006M,,PERFORMANCE BOND AND PAYMENT BOND,1,DOLL,"FERREIRA/TUTOR PERINI, JOINT VENTURE","$405,000.00","$405,000.00"
17110,434,0001,ROADWAY,0001,151006M,,PERFORMANCE BOND AND PAYMENT BOND,1,DOLL,"ANSELMI & DECICCO, INC.","$345,000.00","$345,000.00"
17110,434,0001,ROADWAY,0001,151006M,,PERFORMANCE BOND AND PAYMENT BOND,1,DOLL,"UNION PAVING & CONSTRUCTION CO., INC.","$260,000.00","$260,000.00"
17110,434,0001,ROADWAY,0001,151006M,,PERFORMANCE BOND AND PAYMENT BOND,1,DOLL,"IEW CONSTRUCTION GROUP, INC.","$379,877.56","$379,877.56"
17110,434,0003,NON-PARTICIPATING (ROADWAY),0002,152004P,,OWNER'S AND CONTRACTOR'S PROTECTIVE LIABILITY INSURANCE,1,DOLL,"FERREIRA/TUTOR PERINI, JOINT VENTURE","$55,000.00","$55,000.00"
17110,434,0003,NON-PARTICIPATING (ROADWAY),0002,152004P,,OWNER'S AND CONTRACTOR'S PROTECTIVE LIABILITY INSURANCE,1,DOLL,"ANSELMI & DECICCO, INC.","$75,000.00","$75,000.00"
17110,434,0003,NON-PARTICIPATING (ROADWAY),0002,152004P,,OWNER'S AND CONTRACTOR'S PROTECTIVE LIABILITY INSURANCE,1,DOLL,"UNION PAVING & CONSTRUCTION CO., INC.","$60,000.00","$60,000.00"
17110,434,0003,NON-PARTICIPATING (ROADWAY),0002,152004P,,OWNER'S AND CONTRACTOR'S PROTECTIVE LIABILITY INSURANCE,1,DOLL,"IEW CONSTRUCTION GROUP, INC.","$80,590.33","$80,590.33"
17110,434,0003,NON-PARTICIPATING (ROADWAY),0003,152012P,,RAILROAD PROTECTIVE LIABILITY INSURANCE,1,DOLL,"FERREIRA/TUTOR PERINI, JOINT VENTURE","$78,000.00","$78,000.00"
17110,434,0003,NON-PARTICIPATING (ROADWAY),0003,152012P,,RAILROAD PROTECTIVE LIABILITY INSURANCE,1,DOLL,"ANSELMI & DECICCO, INC.","$10,000.00","$10,000.00"
17110,434,0003,NON-PARTICIPATING (ROADWAY),0003,152012P,,RAILROAD PROTECTIVE LIABILITY INSURANCE,1,DOLL,"UNION PAVING & CONSTRUCTION CO., INC.","$60,000.00","$60,000.00"
17110,434,0003,NON-PARTICIPATING (ROADWAY),0003,152012P,,RAILROAD PROTECTIVE LIABILITY INSURANCE,1,DOLL,"IEW CONSTRUCTION GROUP, INC.","$40,915.09","$40,915.09"
17110,434,0003,NON-PARTICIPATING (ROADWAY),0004,152015P,,POLLUTION LIABILITY INSURANCE,1,DOLL,"FERREIRA/TUTOR PERINI, JOINT VENTURE","$40,000.00","$40,000.00"
17110,434,0003,NON-PARTICIPATING (ROADWAY),0004,152015P,,POLLUTION LIABILITY INSURANCE,1,DOLL,"ANSELMI & DECICCO, INC.","$20,000.00","$20,000.00"
17110,434,0003,NON-PARTICIPATING (ROADWAY),0004,152015P,,POLLUTION LIABILITY INSURANCE,1,DOLL,"UNION PAVING & CONSTRUCTION CO., INC.","$60,000.00","$60,000.00"
17110,434,0003,NON-PARTICIPATING (ROADWAY),0004,152015P,,POLLUTION LIABILITY INSURANCE,1,DOLL,"IEW CONSTRUCTION GROUP, INC.","$68,191.82","$68,191.82"
17110,434,0001,ROADWAY,0005,153003P,,PROGRESS SCHEDULE,1,LS,"FERREIRA/TUTOR PERINI, JOINT VENTURE","$50,000.00","$50,000.00"
17110,434,0001,ROADWAY,0005,153003P,,PROGRESS SCHEDULE,1,LS,"ANSELMI & DECICCO, INC.","$10,000.00","$10,000.00"
17110,434,0001,ROADWAY,0005,153003P,,PROGRESS SCHEDULE,1,LS,"UNION PAVING & CONSTRUCTION CO., INC.","$15,000.00","$15,000.00"
17110,434,0001,ROADWAY,0005,153003P,,PROGRESS SCHEDULE,1,LS,"IEW CONSTRUCTION GROUP, INC.","$39,594.27","$39,594.27"
17110,434,0001,ROADWAY,0006,153005M,,PROGRESS SCHEDULE UPDATE,30,U,"FERREIRA/TUTOR PERINI, JOINT VENTURE",$800.00,"$24,000.00"
17110,434,0001,ROADWAY,0006,153005M,,PROGRESS SCHEDULE UPDATE,30,U,"ANSELMI & DECICCO, INC.",$500.00,"$15,000.00"
17110,434,0001,ROADWAY,0006,153005M,,PROGRESS SCHEDULE UPDATE,30,U,"UNION PAVING & CONSTRUCTION CO., INC.",$600.00,"$18,000.00"
17110,434,0001,ROADWAY,0006,153005M,,PROGRESS SCHEDULE UPDATE,30,U,"IEW CONSTRUCTION GROUP, INC.","$1,128.11","$33,843.30"
17110,434,0001,ROADWAY,0007,154003P,,MOBILIZATION,1,LS,"FERREIRA/TUTOR PERINI, JOINT VENTURE","$5,623,400.00","$5,623,400.00"
17110,434,0001,ROADWAY,0007,154003P,,MOBILIZATION,1,LS,"ANSELMI & DECICCO, INC.","$5,650,000.00","$5,650,000.00"
17110,434,0001,ROADWAY,0007,154003P,,MOBILIZATION,1,LS,"UNION PAVING & CONSTRUCTION CO., INC.","$5,800,000.00","$5,800,000.00"
17110,434,0001,ROADWAY,0007,154003P,,MOBILIZATION,1,LS,"IEW CONSTRUCTION GROUP, INC.","$8,500,000.00","$8,500,000.00"
17110,434,0002,CONSTRUCTION ENGINEERING,0008,155006M,,FIELD OFFICE TYPE B SET UP,1,U,"FERREIRA/TUTOR PERINI, JOINT VENTURE","$30,497.77","$30,497.77"
17110,434,0002,CONSTRUCTION ENGINEERING,0008,155006M,,FIELD OFFICE TYPE B SET UP,1,U,"ANSELMI & DECICCO, INC.","$100,000.00","$100,000.00"
17110,434,0002,CONSTRUCTION ENGINEERING,0008,155006M,,FIELD OFFICE TYPE B SET UP,1,U,"UNION PAVING & CONSTRUCTION CO., INC.","$30,000.00","$30,000.00"
17110,434,0002,CONSTRUCTION ENGINEERING,0008,155006M,,FIELD OFFICE TYPE B SET UP,1,U,"IEW CONSTRUCTION GROUP, INC.","$93,766.30","$93,766.30"
17110,434,0002,CONSTRUCTION ENGINEERING,0009,155024M,,FIELD OFFICE TYPE B MAINTENANCE,33,MO,"FERREIRA/TUTOR PERINI, JOINT VENTURE","$2,663.97","$87,911.01"
17110,434,0002,CONSTRUCTION ENGINEERING,0009,155024M,,FIELD OFFICE TYPE B MAINTENANCE,33,MO,"ANSELMI & DECICCO, INC.","$5,000.00","$165,000.00"
17110,434,0002,CONSTRUCTION ENGINEERING,0009,155024M,,FIELD OFFICE TYPE B MAINTENANCE,33,MO,"UNION PAVING & CONSTRUCTION CO., INC.","$5,000.00","$165,000.00"
17110,434,0002,CONSTRUCTION ENGINEERING,0009,155024M,,FIELD OFFICE TYPE B MAINTENANCE,33,MO,"IEW CONSTRUCTION GROUP, INC.","$2,958.38","$97,626.54"
17110,434,0001,ROADWAY,0010,157004M,,CONSTRUCTION LAYOUT,1,DOLL,"FERREIRA/TUTOR PERINI, JOINT VENTURE","$291,000.00","$291,000.00"
17110,434,0001,ROADWAY,0010,157004M,,CONSTRUCTION LAYOUT,1,DOLL,"ANSELMI & DECICCO, INC.","$385,000.00","$385,000.00"
17110,434,0001,ROADWAY,0010,157004M,,CONSTRUCTION LAYOUT,1,DOLL,"UNION PAVING & CONSTRUCTION CO., INC.","$325,000.00","$325,000.00"
17110,434,0001,ROADWAY,0010,157004M,,CONSTRUCTION LAYOUT,1,DOLL,"IEW CONSTRUCTION GROUP, INC.","$570,772.12","$570,772.12"
17110,434,0004,EROSION CONTROL,0011,158003M,,CAUTION FENCE,170,LF,"FERREIRA/TUTOR PERINI, JOINT VENTURE",$6.10,"$1,037.00"
17110,434,0004,EROSION CONTROL,0011,158003M,,CAUTION FENCE,170,LF,"ANSELMI & DECICCO, INC.",$3.00,$510.00
17110,434,0004,EROSION CONTROL,0011,158003M,,CAUTION FENCE,170,LF,"UNION PAVING & CONSTRUCTION CO., INC.",$10.00,"$1,700.00"
17110,434,0004,EROSION CONTROL,0011,158003M,,CAUTION FENCE,170,LF,"IEW CONSTRUCTION GROUP, INC.",$13.33,"$2,266.10"
17110,434,0004,EROSION CONTROL,0012,158012M,,"HEAVY DUTY SILT FENCE, BLACK","1,110",LF,"FERREIRA/TUTOR PERINI, JOINT VENTURE",$9.39,"$10,422.90"
17110,434,0004,EROSION CONTROL,0012,158012M,,"HEAVY DUTY SILT FENCE, BLACK","1,110",LF,"ANSELMI & DECICCO, INC.",$10.00,"$11,100.00"
17110,434,0004,EROSION CONTROL,0012,158012M,,"HEAVY DUTY SILT FENCE, BLACK","1,110",LF,"UNION PAVING & CONSTRUCTION CO., INC.",$10.00,"$11,100.00"
17110,434,0004,EROSION CONTROL,0012,158012M,,"HEAVY DUTY SILT FENCE, BLACK","1,110",LF,"IEW CONSTRUCTION GROUP, INC.",$10.19,"$11,310.90"
17110,434,0004,EROSION CONTROL,0013,158030M,,"INLET FILTER TYPE 2, 2' X 4'",22,U,"FERREIRA/TUTOR PERINI, JOINT VENTURE",$165.50,"$3,641.00"
17110,434,0004,EROSION CONTROL,0013,158030M,,"INLET FILTER TYPE 2, 2' X 4'",22,U,"ANSELMI & DECICCO, INC.",$250.00,"$5,500.00"
17110,434,0004,EROSION CONTROL,0013,158030M,,"INLET FILTER TYPE 2, 2' X 4'",22,U,"UNION PAVING & CONSTRUCTION CO., INC.",$160.00,"$3,520.00"
17110,434,0004,EROSION CONTROL,0013,158030M,,"INLET FILTER TYPE 2, 2' X 4'",22,U,"IEW CONSTRUCTION GROUP, INC.",$345.75,"$7,606.50"
17110,434,0004,EROSION CONTROL,0014,158033M,,"INLET FILTER TYPE 2, 4' X 4'",4,U,"FERREIRA/TUTOR PERINI, JOINT VENTURE",$240.80,$963.20
17110,434,0004,EROSION CONTROL,0014,158033M,,"INLET FILTER TYPE 2, 4' X 4'",4,U,"ANSELMI & DECICCO, INC.",$300.00,"$1,200.00"
17110,434,0004,EROSION CONTROL,0014,158033M,,"INLET FILTER TYPE 2, 4' X 4'",4,U,"UNION PAVING & CONSTRUCTION CO., INC.",$160.00,$640.00
17110,434,0004,EROSION CONTROL,0014,158033M,,"INLET FILTER TYPE 2, 4' X 4'",4,U,"IEW CONSTRUCTION GROUP, INC.",$682.93,"$2,731.72"
17110,434,0004,EROSION CONTROL,0015,158063P,,CONCRETE WASHOUT SYSTEM,1,LS,"FERREIRA/TUTOR PERINI, JOINT VENTURE","$45,000.00","$45,000.00"
17110,434,0004,EROSION CONTROL,0015,158063P,,CONCRETE WASHOUT SYSTEM,1,LS,"ANSELMI & DECICCO, INC.","$20,000.00","$20,000.00"
17110,434,0004,EROSION CONTROL,0015,158063P,,CONCRETE WASHOUT SYSTEM,1,LS,"UNION PAVING & CONSTRUCTION CO., INC.","$35,000.00","$35,000.00"
17110,434,0004,EROSION CONTROL,0015,158063P,,CONCRETE WASHOUT SYSTEM,1,LS,"IEW CONSTRUCTION GROUP, INC.","$9,994.93","$9,994.93"
17110,434,0004,EROSION CONTROL,0016,158069M,,OIL-WATER SEPARATOR,1,U,"FERREIRA/TUTOR PERINI, JOINT VENTURE","$16,208.08","$16,208.08"
17110,434,0004,EROSION CONTROL,0016,158069M,,OIL-WATER SEPARATOR,1,U,"ANSELMI & DECICCO, INC.","$5,000.00","$5,000.00"
17110,434,0004,EROSION CONTROL,0016,158069M,,OIL-WATER SEPARATOR,1,U,"UNION PAVING & CONSTRUCTION CO., INC.","$9,000.00","$9,000.00"
17110,434,0004,EROSION CONTROL,0016,158069M,,OIL-WATER SEPARATOR,1,U,"IEW CONSTRUCTION GROUP, INC.","$5,220.67","$5,220.67"
17110,434,0004,EROSION CONTROL,0017,158072M,,"OIL ONLY EMERGENCY SPILL KIT, TYPE 1",2,U,"FERREIRA/TUTOR PERINI, JOINT VENTURE",$867.34,"$1,734.68"
17110,434,0004,EROSION CONTROL,0017,158072M,,"OIL ONLY EMERGENCY SPILL KIT, TYPE 1",2,U,"ANSELMI & DECICCO, INC.","$1,000.00","$2,000.00"
17110,434,0004,EROSION CONTROL,0017,158072M,,"OIL ONLY EMERGENCY SPILL KIT, TYPE 1",2,U,"UNION PAVING & CONSTRUCTION CO., INC.","$1,000.00","$2,000.00"
17110,434,0004,EROSION CONTROL,0017,158072M,,"OIL ONLY EMERGENCY SPILL KIT, TYPE 1",2,U,"IEW CONSTRUCTION GROUP, INC.","$2,320.30","$4,640.60"
17110,434,0004,EROSION CONTROL,0018,158084M,,EROSION CONTROL SEDIMENT REMOVAL,20,CY,"FERREIRA/TUTOR PERINI, JOINT VENTURE",$76.26,"$1,525.20"
17110,434,0004,EROSION CONTROL,0018,158084M,,EROSION CONTROL SEDIMENT REMOVAL,20,CY,"ANSELMI & DECICCO, INC.",$40.00,$800.00
17110,434,0004,EROSION CONTROL,0018,158084M,,EROSION CONTROL SEDIMENT REMOVAL,20,CY,"UNION PAVING & CONSTRUCTION CO., INC.",$1.00,$20.00
17110,434,0004,EROSION CONTROL,0018,158084M,,EROSION CONTROL SEDIMENT REMOVAL,20,CY,"IEW CONSTRUCTION GROUP, INC.",$443.52,"$8,870.40"
17110,434,0001,ROADWAY,0019,159003M,,BREAKAWAY BARRICADE,50,U,"FERREIRA/TUTOR PERINI, JOINT VENTURE",$110.28,"$5,514.00"
17110,434,0001,ROADWAY,0019,159003M,,BREAKAWAY BARRICADE,50,U,"ANSELMI & DECICCO, INC.",$100.00,"$5,000.00"
17110,434,0001,ROADWAY,0019,159003M,,BREAKAWAY BARRICADE,50,U,"UNION PAVING & CONSTRUCTION CO., INC.",$125.00,"$6,250.00"
17110,434,0001,ROADWAY,0019,159003M,,BREAKAWAY BARRICADE,50,U,"IEW CONSTRUCTION GROUP, INC.",$123.99,"$6,199.50"
17110,434,0001,ROADWAY,0020,159006M,,DRUM,200,U,"FERREIRA/TUTOR PERINI, JOINT VENTURE",$59.47,"$11,894.00"
17110,434,0001,ROADWAY,0020,159006M,,DRUM,200,U,"ANSELMI & DECICCO, INC.",$60.00,"$12,000.00"
17110,434,0001,ROADWAY,0020,159006M,,DRUM,200,U,"UNION PAVING & CONSTRUCTION CO., INC.",$110.00,"$22,000.00"
17110,434,0001,ROADWAY,0020,159006M,,DRUM,200,U,"IEW CONSTRUCTION GROUP, INC.",$68.19,"$13,638.00"
17110,434,0001,ROADWAY,0021,159009M,,TRAFFIC CONE,200,U,"FERREIRA/TUTOR PERINI, JOINT VENTURE",$16.11,"$3,222.00"
17110,434,0001,ROADWAY,0021,159009M,,TRAFFIC CONE,200,U,"ANSELMI & DECICCO, INC.",$20.00,"$4,000.00"
17110,434,0001,ROADWAY,0021,159009M,,TRAFFIC CONE,200,U,"UNION PAVING & CONSTRUCTION CO., INC.",$25.00,"$5,000.00"
17110,434,0001,ROADWAY,0021,159009M,,TRAFFIC CONE,200,U,"IEW CONSTRUCTION GROUP, INC.",$18.60,"$3,720.00"
17110,434,0001,ROADWAY,0022,159012M,,CONSTRUCTION SIGNS,"1,300",SF,"FERREIRA/TUTOR PERINI, JOINT VENTURE",$15.00,"$19,500.00"
17110,434,0001,ROADWAY,0022,159012M,,CONSTRUCTION SIGNS,"1,300",SF,"ANSELMI & DECICCO, INC.",$25.00,"$32,500.00"
17110,434,0001,ROADWAY,0022,159012M,,CONSTRUCTION SIGNS,"1,300",SF,"UNION PAVING & CONSTRUCTION CO., INC.",$15.00,"$19,500.00"
17110,434,0001,ROADWAY,0022,159012M,,CONSTRUCTION SIGNS,"1,300",SF,"IEW CONSTRUCTION GROUP, INC.",$13.34,"$17,342.00"
17110,434,0001,ROADWAY,0023,159015M,,"CONSTRUCTION IDENTIFICATION SIGN, 4' X 8'",1,U,"FERREIRA/TUTOR PERINI, JOINT VENTURE",$600.00,$600.00
17110,434,0001,ROADWAY,0023,159015M,,"CONSTRUCTION IDENTIFICATION SIGN, 4' X 8'",1,U,"ANSELMI & DECICCO, INC.","$3,500.00","$3,500.00"
17110,434,0001,ROADWAY,0023,159015M,,"CONSTRUCTION IDENTIFICATION SIGN, 4' X 8'",1,U,"UNION PAVING & CONSTRUCTION CO., INC.","$1,000.00","$1,000.00"
17110,434,0001,ROADWAY,0023,159015M,,"CONSTRUCTION IDENTIFICATION SIGN, 4' X 8'",1,U,"IEW CONSTRUCTION GROUP, INC.","$1,241.36","$1,241.36"
17110,434,0001,ROADWAY,0024,159021P,,CONSTRUCTION BARRIER CURB,140,LF,"FERREIRA/TUTOR PERINI, JOINT VENTURE",$83.17,"$11,643.80"
17110,434,0001,ROADWAY,0024,159021P,,CONSTRUCTION BARRIER CURB,140,LF,"ANSELMI & DECICCO, INC.",$50.00,"$7,000.00"
17110,434,0001,ROADWAY,0024,159021P,,CONSTRUCTION BARRIER CURB,140,LF,"UNION PAVING & CONSTRUCTION CO., INC.",$100.00,"$14,000.00"
17110,434,0001,ROADWAY,0024,159021P,,CONSTRUCTION BARRIER CURB,140,LF,"IEW CONSTRUCTION GROUP, INC.",$35.33,"$4,946.20"
17110,434,0001,ROADWAY,0025,159027M,,"FLASHING ARROW BOARD, 4' X 8'",4,U,"FERREIRA/TUTOR PERINI, JOINT VENTURE","$6,195.28","$24,781.12"
17110,434,0001,ROADWAY,0025,159027M,,"FLASHING ARROW BOARD, 4' X 8'",4,U,"ANSELMI & DECICCO, INC.","$4,500.00","$18,000.00"
17110,434,0001,ROADWAY,0025,159027M,,"FLASHING ARROW BOARD, 4' X 8'",4,U,"UNION PAVING & CONSTRUCTION CO., INC.","$2,500.00","$10,000.00"
17110,434,0001,ROADWAY,0025,159027M,,"FLASHING ARROW BOARD, 4' X 8'",4,U,"IEW CONSTRUCTION GROUP, INC.","$2,479.70","$9,918.80"
17110,434,0001,ROADWAY,0026,159036M,,"TEMPORARY CRASH CUSHION, INERTIAL BARRIER SYSTEM, 8 MODULES",1,U,"FERREIRA/TUTOR PERINI, JOINT VENTURE","$4,551.68","$4,551.68"
17110,434,0001,ROADWAY,0026,159036M,,"TEMPORARY CRASH CUSHION, INERTIAL BARRIER SYSTEM, 8 MODULES",1,U,"ANSELMI & DECICCO, INC.","$4,000.00","$4,000.00"
17110,434,0001,ROADWAY,0026,159036M,,"TEMPORARY CRASH CUSHION, INERTIAL BARRIER SYSTEM, 8 MODULES",1,U,"UNION PAVING & CONSTRUCTION CO., INC.","$5,500.00","$5,500.00"
17110,434,0001,ROADWAY,0026,159036M,,"TEMPORARY CRASH CUSHION, INERTIAL BARRIER SYSTEM, 8 MODULES",1,U,"IEW CONSTRUCTION GROUP, INC.","$6,050.12","$6,050.12"
17110,434,0001,ROADWAY,0027,159114M,,"REMOVABLE BLACK LINE MASKING TAPE, 6""",100,LF,"FERREIRA/TUTOR PERINI, JOINT VENTURE",$5.55,$555.00
17110,434,0001,ROADWAY,0027,159114M,,"REMOVABLE BLACK LINE MASKING TAPE, 6""",100,LF,"ANSELMI & DECICCO, INC.",$5.00,$500.00
17110,434,0001,ROADWAY,0027,159114M,,"REMOVABLE BLACK LINE MASKING TAPE, 6""",100,LF,"UNION PAVING & CONSTRUCTION CO., INC.",$3.00,$300.00
17110,434,0001,ROADWAY,0027,159114M,,"REMOVABLE BLACK LINE MASKING TAPE, 6""",100,LF,"IEW CONSTRUCTION GROUP, INC.",$11.60,"$1,160.00"
17110,434,0001,ROADWAY,0028,159120M,,"TEMPORARY PAVEMENT MARKING TAPE, 4""",400,LF,"FERREIRA/TUTOR PERINI, JOINT VENTURE",$4.00,"$1,600.00"
17110,434,0001,ROADWAY,0028,159120M,,"TEMPORARY PAVEMENT MARKING TAPE, 4""",400,LF,"ANSELMI & DECICCO, INC.",$5.00,"$2,000.00"
17110,434,0001,ROADWAY,0028,159120M,,"TEMPORARY PAVEMENT MARKING TAPE, 4""",400,LF,"UNION PAVING & CONSTRUCTION CO., INC.",$2.00,$800.00
17110,434,0001,ROADWAY,0028,159120M,,"TEMPORARY PAVEMENT MARKING TAPE, 4""",400,LF,"IEW CONSTRUCTION GROUP, INC.",$6.96,"$2,784.00"
17110,434,0001,ROADWAY,0029,161003P,,FINAL CLEANUP,1,LS,"FERREIRA/TUTOR PERINI, JOINT VENTURE","$29,393.72","$29,393.72"
17110,434,0001,ROADWAY,0029,161003P,,FINAL CLEANUP,1,LS,"ANSELMI & DECICCO, INC.","$5,000.00","$5,000.00"
17110,434,0001,ROADWAY,0029,161003P,,FINAL CLEANUP,1,LS,"UNION PAVING & CONSTRUCTION CO., INC.","$10,000.00","$10,000.00"
17110,434,0001,ROADWAY,0029,161003P,,FINAL CLEANUP,1,LS,"IEW CONSTRUCTION GROUP, INC.","$29,976.41","$29,976.41"
17110,434,0001,ROADWAY,0030,201003P,,CLEARING SITE,1,LS,"FERREIRA/TUTOR PERINI, JOINT VENTURE","$90,161.79","$90,161.79"
17110,434,0001,ROADWAY,0030,201003P,,CLEARING SITE,1,LS,"ANSELMI & DECICCO, INC.","$490,000.00","$490,000.00"
17110,434,0001,ROADWAY,0030,201003P,,CLEARING SITE,1,LS,"UNION PAVING & CONSTRUCTION CO., INC.","$490,000.00","$490,000.00"
17110,434,0001,ROADWAY,0030,201003P,,CLEARING SITE,1,LS,"IEW CONSTRUCTION GROUP, INC.","$490,000.00","$490,000.00"
17110,434,0001,ROADWAY,0031,202015P,,"EXCAVATION, REGULATED MATERIAL","2,103",CY,"FERREIRA/TUTOR PERINI, JOINT VENTURE",$45.89,"$96,506.67"
17110,434,0001,ROADWAY,0031,202015P,,"EXCAVATION, REGULATED MATERIAL","2,103",CY,"ANSELMI & DECICCO, INC.",$1.00,"$2,103.00"
17110,434,0001,ROADWAY,0031,202015P,,"EXCAVATION, REGULATED MATERIAL","2,103",CY,"UNION PAVING & CONSTRUCTION CO., INC.",$20.00,"$42,060.00"
17110,434,0001,ROADWAY,0031,202015P,,"EXCAVATION, REGULATED MATERIAL","2,103",CY,"IEW CONSTRUCTION GROUP, INC.",$32.47,"$68,284.41"
17110,434,0001,ROADWAY,0032,202021P,,REMOVAL OF PAVEMENT,385,SY,"FERREIRA/TUTOR PERINI, JOINT VENTURE",$30.68,"$11,811.80"
17110,434,0001,ROADWAY,0032,202021P,,REMOVAL OF PAVEMENT,385,SY,"ANSELMI & DECICCO, INC.",$75.00,"$28,875.00"
17110,434,0001,ROADWAY,0032,202021P,,REMOVAL OF PAVEMENT,385,SY,"UNION PAVING & CONSTRUCTION CO., INC.",$40.00,"$15,400.00"
17110,434,0001,ROADWAY,0032,202021P,,REMOVAL OF PAVEMENT,385,SY,"IEW CONSTRUCTION GROUP, INC.",$29.51,"$11,361.35"
17110,434,0001,ROADWAY,0033,202024M,,DISPOSAL OF REGULATED MATERIAL,"3,290",T,"FERREIRA/TUTOR PERINI, JOINT VENTURE",$66.72,"$219,508.80"
17110,434,0001,ROADWAY,0033,202024M,,DISPOSAL OF REGULATED MATERIAL,"3,290",T,"ANSELMI & DECICCO, INC.",$60.00,"$197,400.00"
17110,434,0001,ROADWAY,0033,202024M,,DISPOSAL OF REGULATED MATERIAL,"3,290",T,"UNION PAVING & CONSTRUCTION CO., INC.",$50.00,"$164,500.00"
17110,434,0001,ROADWAY,0033,202024M,,DISPOSAL OF REGULATED MATERIAL,"3,290",T,"IEW CONSTRUCTION GROUP, INC.",$84.79,"$278,959.10"
17110,434,0001,ROADWAY,0034,202030M,,"SOIL SAMPLING AND ANALYSES, REGULATED",15,U,"FERREIRA/TUTOR PERINI, JOINT VENTURE","$1,200.00","$18,000.00"
17110,434,0001,ROADWAY,0034,202030M,,"SOIL SAMPLING AND ANALYSES, REGULATED",15,U,"ANSELMI & DECICCO, INC.","$1,450.00","$21,750.00"
17110,434,0001,ROADWAY,0034,202030M,,"SOIL SAMPLING AND ANALYSES, REGULATED",15,U,"UNION PAVING & CONSTRUCTION CO., INC.","$1,400.00","$21,000.00"
17110,434,0001,ROADWAY,0034,202030M,,"SOIL SAMPLING AND ANALYSES, REGULATED",15,U,"IEW CONSTRUCTION GROUP, INC.","$1,985.14","$29,777.10"
17110,434,0001,ROADWAY,0035,202060M,,FRAC TANK,2,U,"FERREIRA/TUTOR PERINI, JOINT VENTURE","$34,816.12","$69,632.24"
17110,434,0001,ROADWAY,0035,202060M,,FRAC TANK,2,U,"ANSELMI & DECICCO, INC.","$20,000.00","$40,000.00"
17110,434,0001,ROADWAY,0035,202060M,,FRAC TANK,2,U,"UNION PAVING & CONSTRUCTION CO., INC.","$10,000.00","$20,000.00"
17110,434,0001,ROADWAY,0035,202060M,,FRAC TANK,2,U,"IEW CONSTRUCTION GROUP, INC.","$4,176.54","$8,353.08"
17110,434,0001,ROADWAY,0036,999999P,,NO ITEM,1,U,"FERREIRA/TUTOR PERINI, JOINT VENTURE",$0.00,$0.00
17110,434,0001,ROADWAY,0036,999999P,,NO ITEM,1,U,"ANSELMI & DECICCO, INC.",$0.00,$0.00
17110,434,0001,ROADWAY,0036,999999P,,NO ITEM,1,U,"UNION PAVING & CONSTRUCTION CO., INC.",$0.00,$0.00
17110,434,0001,ROADWAY,0036,999999P,,NO ITEM,1,U,"IEW CONSTRUCTION GROUP, INC.",$0.00,$0.00
17110,434,0001,ROADWAY,0037,999999P,,NO ITEM,1,U,"FERREIRA/TUTOR PERINI, JOINT VENTURE",$0.00,$0.00
17110,434,0001,ROADWAY,0037,999999P,,NO ITEM,1,U,"ANSELMI & DECICCO, INC.",$0.00,$0.00
17110,434,0001,ROADWAY,0037,999999P,,NO ITEM,1,U,"UNION PAVING & CONSTRUCTION CO., INC.",$0.00,$0.00
17110,434,0001,ROADWAY,0037,999999P,,NO ITEM,1,U,"IEW CONSTRUCTION GROUP, INC.",$0.00,$0.00
17110,434,0001,ROADWAY,0038,202063M,,"TREATMENT, OPERATIONS, AND REPORTING OF GROUNDWATER MANAGEMENT",1,LS,"FERREIRA/TUTOR PERINI, JOINT VENTURE","$228,525.00","$228,525.00"
17110,434,0001,ROADWAY,0038,202063M,,"TREATMENT, OPERATIONS, AND REPORTING OF GROUNDWATER MANAGEMENT",1,LS,"ANSELMI & DECICCO, INC.","$100,000.00","$100,000.00"
17110,434,0001,ROADWAY,0038,202063M,,"TREATMENT, OPERATIONS, AND REPORTING OF GROUNDWATER MANAGEMENT",1,LS,"UNION PAVING & CONSTRUCTION CO., INC.","$350,000.00","$350,000.00"
17110,434,0001,ROADWAY,0038,202063M,,"TREATMENT, OPERATIONS, AND REPORTING OF GROUNDWATER MANAGEMENT",1,LS,"IEW CONSTRUCTION GROUP, INC.","$55,455.12","$55,455.12"
17110,434,0001,ROADWAY,0039,301006P,,SUBBASE,53,CY,"FERREIRA/TUTOR PERINI, JOINT VENTURE",$69.33,"$3,674.49"
17110,434,0001,ROADWAY,0039,301006P,,SUBBASE,53,CY,"ANSELMI & DECICCO, INC.",$45.00,"$2,385.00"
17110,434,0001,ROADWAY,0039,301006P,,SUBBASE,53,CY,"UNION PAVING & CONSTRUCTION CO., INC.",$125.00,"$6,625.00"
17110,434,0001,ROADWAY,0039,301006P,,SUBBASE,53,CY,"IEW CONSTRUCTION GROUP, INC.",$78.36,"$4,153.08"
17110,434,0001,ROADWAY,0040,302036P,,"DENSE-GRADED AGGREGATE BASE COURSE, 6"" THICK",15,SY,"FERREIRA/TUTOR PERINI, JOINT VENTURE",$12.34,$185.10
17110,434,0001,ROADWAY,0040,302036P,,"DENSE-GRADED AGGREGATE BASE COURSE, 6"" THICK",15,SY,"ANSELMI & DECICCO, INC.",$30.00,$450.00
17110,434,0001,ROADWAY,0040,302036P,,"DENSE-GRADED AGGREGATE BASE COURSE, 6"" THICK",15,SY,"UNION PAVING & CONSTRUCTION CO., INC.",$40.00,$600.00
17110,434,0001,ROADWAY,0040,302036P,,"DENSE-GRADED AGGREGATE BASE COURSE, 6"" THICK",15,SY,"IEW CONSTRUCTION GROUP, INC.",$109.99,"$1,649.85"
17110,434,0001,ROADWAY,0041,302042P,,"DENSE-GRADED AGGREGATE BASE COURSE, 8"" THICK",130,SY,"FERREIRA/TUTOR PERINI, JOINT VENTURE",$14.42,"$1,874.60"
17110,434,0001,ROADWAY,0041,302042P,,"DENSE-GRADED AGGREGATE BASE COURSE, 8"" THICK",130,SY,"ANSELMI & DECICCO, INC.",$32.00,"$4,160.00"
17110,434,0001,ROADWAY,0041,302042P,,"DENSE-GRADED AGGREGATE BASE COURSE, 8"" THICK",130,SY,"UNION PAVING & CONSTRUCTION CO., INC.",$40.00,"$5,200.00"
17110,434,0001,ROADWAY,0041,302042P,,"DENSE-GRADED AGGREGATE BASE COURSE, 8"" THICK",130,SY,"IEW CONSTRUCTION GROUP, INC.",$35.04,"$4,555.20"
17110,434,0001,ROADWAY,0042,302051P,,"DENSE-GRADED AGGREGATE BASE COURSE, VARIABLE THICKNESS",4,CY,"FERREIRA/TUTOR PERINI, JOINT VENTURE",$86.59,$346.36
17110,434,0001,ROADWAY,0042,302051P,,"DENSE-GRADED AGGREGATE BASE COURSE, VARIABLE THICKNESS",4,CY,"ANSELMI & DECICCO, INC.",$100.00,$400.00
17110,434,0001,ROADWAY,0042,302051P,,"DENSE-GRADED AGGREGATE BASE COURSE, VARIABLE THICKNESS",4,CY,"UNION PAVING & CONSTRUCTION CO., INC.",$100.00,$400.00
17110,434,0001,ROADWAY,0042,302051P,,"DENSE-GRADED AGGREGATE BASE COURSE, VARIABLE THICKNESS",4,CY,"IEW CONSTRUCTION GROUP, INC.",$436.21,"$1,744.84"
17110,434,0001,ROADWAY,0043,302060P,,"COARSE AGGREGATE, SIZE NO. 57",9,CY,"FERREIRA/TUTOR PERINI, JOINT VENTURE",$81.27,$731.43
17110,434,0001,ROADWAY,0043,302060P,,"COARSE AGGREGATE, SIZE NO. 57",9,CY,"ANSELMI & DECICCO, INC.",$100.00,$900.00
17110,434,0001,ROADWAY,0043,302060P,,"COARSE AGGREGATE, SIZE NO. 57",9,CY,"UNION PAVING & CONSTRUCTION CO., INC.",$100.00,$900.00
17110,434,0001,ROADWAY,0043,302060P,,"COARSE AGGREGATE, SIZE NO. 57",9,CY,"IEW CONSTRUCTION GROUP, INC.",$216.83,"$1,951.47"
17110,434,0001,ROADWAY,0044,304003P,,"CONCRETE BASE COURSE, 8"" THICK",240,SY,"FERREIRA/TUTOR PERINI, JOINT VENTURE",$85.00,"$20,400.00"
17110,434,0001,ROADWAY,0044,304003P,,"CONCRETE BASE COURSE, 8"" THICK",240,SY,"ANSELMI & DECICCO, INC.",$75.00,"$18,000.00"
17110,434,0001,ROADWAY,0044,304003P,,"CONCRETE BASE COURSE, 8"" THICK",240,SY,"UNION PAVING & CONSTRUCTION CO., INC.",$70.00,"$16,800.00"
17110,434,0001,ROADWAY,0044,304003P,,"CONCRETE BASE COURSE, 8"" THICK",240,SY,"IEW CONSTRUCTION GROUP, INC.",$99.77,"$23,944.80"
17110,434,0001,ROADWAY,0045,401009P,,"HMA MILLING, 3"" OR LESS","1,260",SY,"FERREIRA/TUTOR PERINI, JOINT VENTURE",$15.00,"$18,900.00"
17110,434,0001,ROADWAY,0045,401009P,,"HMA MILLING, 3"" OR LESS","1,260",SY,"ANSELMI & DECICCO, INC.",$12.00,"$15,120.00"
17110,434,0001,ROADWAY,0045,401009P,,"HMA MILLING, 3"" OR LESS","1,260",SY,"UNION PAVING & CONSTRUCTION CO., INC.",$10.00,"$12,600.00"
17110,434,0001,ROADWAY,0045,401009P,,"HMA MILLING, 3"" OR LESS","1,260",SY,"IEW CONSTRUCTION GROUP, INC.",$17.40,"$21,924.00"
17110,434,0001,ROADWAY,0046,401015P,,CONCRETE MILLING,180,SY,"FERREIRA/TUTOR PERINI, JOINT VENTURE",$30.00,"$5,400.00"
17110,434,0001,ROADWAY,0046,401015P,,CONCRETE MILLING,180,SY,"ANSELMI & DECICCO, INC.",$25.00,"$4,500.00"
17110,434,0001,ROADWAY,0046,401015P,,CONCRETE MILLING,180,SY,"UNION PAVING & CONSTRUCTION CO., INC.",$20.00,"$3,600.00"
17110,434,0001,ROADWAY,0046,401015P,,CONCRETE MILLING,180,SY,"IEW CONSTRUCTION GROUP, INC.",$51.69,"$9,304.20"
17110,434,0001,ROADWAY,0047,401021M,,HOT MIX ASPHALT PAVEMENT REPAIR,180,SY,"FERREIRA/TUTOR PERINI, JOINT VENTURE",$60.00,"$10,800.00"
17110,434,0001,ROADWAY,0047,401021M,,HOT MIX ASPHALT PAVEMENT REPAIR,180,SY,"ANSELMI & DECICCO, INC.",$80.00,"$14,400.00"
17110,434,0001,ROADWAY,0047,401021M,,HOT MIX ASPHALT PAVEMENT REPAIR,180,SY,"UNION PAVING & CONSTRUCTION CO., INC.",$50.00,"$9,000.00"
17110,434,0001,ROADWAY,0047,401021M,,HOT MIX ASPHALT PAVEMENT REPAIR,180,SY,"IEW CONSTRUCTION GROUP, INC.",$290.04,"$52,207.20"
17110,434,0001,ROADWAY,0048,401030M,,TACK COAT,240,GAL,"FERREIRA/TUTOR PERINI, JOINT VENTURE",$5.00,"$1,200.00"
17110,434,0001,ROADWAY,0048,401030M,,TACK COAT,240,GAL,"ANSELMI & DECICCO, INC.",$5.00,"$1,200.00"
17110,434,0001,ROADWAY,0048,401030M,,TACK COAT,240,GAL,"UNION PAVING & CONSTRUCTION CO., INC.",$8.00,"$1,920.00"
17110,434,0001,ROADWAY,0048,401030M,,TACK COAT,240,GAL,"IEW CONSTRUCTION GROUP, INC.",$0.01,$2.40
17110,434,0001,ROADWAY,0049,401036M,,PRIME COAT,140,GAL,"FERREIRA/TUTOR PERINI, JOINT VENTURE",$0.10,$14.00
17110,434,0001,ROADWAY,0049,401036M,,PRIME COAT,140,GAL,"ANSELMI & DECICCO, INC.",$1.00,$140.00
17110,434,0001,ROADWAY,0049,401036M,,PRIME COAT,140,GAL,"UNION PAVING & CONSTRUCTION CO., INC.",$0.01,$1.40
17110,434,0001,ROADWAY,0049,401036M,,PRIME COAT,140,GAL,"IEW CONSTRUCTION GROUP, INC.",$2.32,$324.80
17110,434,0001,ROADWAY,0050,401054M,,HOT MIX ASPHALT 12.5 M 64 SURFACE COURSE,230,T,"FERREIRA/TUTOR PERINI, JOINT VENTURE",$160.00,"$36,800.00"
17110,434,0001,ROADWAY,0050,401054M,,HOT MIX ASPHALT 12.5 M 64 SURFACE COURSE,230,T,"ANSELMI & DECICCO, INC.",$150.00,"$34,500.00"
17110,434,0001,ROADWAY,0050,401054M,,HOT MIX ASPHALT 12.5 M 64 SURFACE COURSE,230,T,"UNION PAVING & CONSTRUCTION CO., INC.",$135.00,"$31,050.00"
17110,434,0001,ROADWAY,0050,401054M,,HOT MIX ASPHALT 12.5 M 64 SURFACE COURSE,230,T,"IEW CONSTRUCTION GROUP, INC.",$203.03,"$46,696.90"
17110,434,0001,ROADWAY,0051,401072M,,HOT MIX ASPHALT 12.5 M 64 INTERMEDIATE COURSE,278,T,"FERREIRA/TUTOR PERINI, JOINT VENTURE",$160.00,"$44,480.00"
17110,434,0001,ROADWAY,0051,401072M,,HOT MIX ASPHALT 12.5 M 64 INTERMEDIATE COURSE,278,T,"ANSELMI & DECICCO, INC.",$150.00,"$41,700.00"
17110,434,0001,ROADWAY,0051,401072M,,HOT MIX ASPHALT 12.5 M 64 INTERMEDIATE COURSE,278,T,"UNION PAVING & CONSTRUCTION CO., INC.",$120.00,"$33,360.00"
17110,434,0001,ROADWAY,0051,401072M,,HOT MIX ASPHALT 12.5 M 64 INTERMEDIATE COURSE,278,T,"IEW CONSTRUCTION GROUP, INC.",$214.63,"$59,667.14"
17110,434,0001,ROADWAY,0052,401099M,,HOT MIX ASPHALT 25 M 64 BASE COURSE,54,T,"FERREIRA/TUTOR PERINI, JOINT VENTURE",$155.00,"$8,370.00"
17110,434,0001,ROADWAY,0052,401099M,,HOT MIX ASPHALT 25 M 64 BASE COURSE,54,T,"ANSELMI & DECICCO, INC.",$150.00,"$8,100.00"
17110,434,0001,ROADWAY,0052,401099M,,HOT MIX ASPHALT 25 M 64 BASE COURSE,54,T,"UNION PAVING & CONSTRUCTION CO., INC.",$175.00,"$9,450.00"
17110,434,0001,ROADWAY,0052,401099M,,HOT MIX ASPHALT 25 M 64 BASE COURSE,54,T,"IEW CONSTRUCTION GROUP, INC.",$319.04,"$17,228.16"
17110,434,0001,ROADWAY,0053,401108M,,"CORE SAMPLES, HOT MIX ASPHALT",1,U,"FERREIRA/TUTOR PERINI, JOINT VENTURE",$320.00,$320.00
17110,434,0001,ROADWAY,0053,401108M,,"CORE SAMPLES, HOT MIX ASPHALT",1,U,"ANSELMI & DECICCO, INC.",$150.00,$150.00
17110,434,0001,ROADWAY,0053,401108M,,"CORE SAMPLES, HOT MIX ASPHALT",1,U,"UNION PAVING & CONSTRUCTION CO., INC.",$500.00,$500.00
17110,434,0001,ROADWAY,0053,401108M,,"CORE SAMPLES, HOT MIX ASPHALT",1,U,"IEW CONSTRUCTION GROUP, INC.",$290.04,$290.04
17110,434,0001,ROADWAY,0054,453006M,,"FULL DEPTH CONCRETE PAVEMENT REPAIR, HMA",50,SY,"FERREIRA/TUTOR PERINI, JOINT VENTURE",$60.00,"$3,000.00"
17110,434,0001,ROADWAY,0054,453006M,,"FULL DEPTH CONCRETE PAVEMENT REPAIR, HMA",50,SY,"ANSELMI & DECICCO, INC.",$200.00,"$10,000.00"
17110,434,0001,ROADWAY,0054,453006M,,"FULL DEPTH CONCRETE PAVEMENT REPAIR, HMA",50,SY,"UNION PAVING & CONSTRUCTION CO., INC.",$70.00,"$3,500.00"
17110,434,0001,ROADWAY,0054,453006M,,"FULL DEPTH CONCRETE PAVEMENT REPAIR, HMA",50,SY,"IEW CONSTRUCTION GROUP, INC.",$580.07,"$29,003.50"
17110,434,0001,ROADWAY,0055,602105M,,"SET INLET TYPE B, CASTING",4,U,"FERREIRA/TUTOR PERINI, JOINT VENTURE","$1,144.36","$4,577.44"
17110,434,0001,ROADWAY,0055,602105M,,"SET INLET TYPE B, CASTING",4,U,"ANSELMI & DECICCO, INC.","$1,800.00","$7,200.00"
17110,434,0001,ROADWAY,0055,602105M,,"SET INLET TYPE B, CASTING",4,U,"UNION PAVING & CONSTRUCTION CO., INC.","$1,500.00","$6,000.00"
17110,434,0001,ROADWAY,0055,602105M,,"SET INLET TYPE B, CASTING",4,U,"IEW CONSTRUCTION GROUP, INC.","$1,706.53","$6,826.12"
17110,434,0001,ROADWAY,0056,605212P,,RESET FENCE,130,LF,"FERREIRA/TUTOR PERINI, JOINT VENTURE",$49.68,"$6,458.40"
17110,434,0001,ROADWAY,0056,605212P,,RESET FENCE,130,LF,"ANSELMI & DECICCO, INC.",$40.00,"$5,200.00"
17110,434,0001,ROADWAY,0056,605212P,,RESET FENCE,130,LF,"UNION PAVING & CONSTRUCTION CO., INC.",$50.00,"$6,500.00"
17110,434,0001,ROADWAY,0056,605212P,,RESET FENCE,130,LF,"IEW CONSTRUCTION GROUP, INC.",$58.01,"$7,541.30"
17110,434,0001,ROADWAY,0057,606012P,,"CONCRETE SIDEWALK, 4"" THICK",4,SY,"FERREIRA/TUTOR PERINI, JOINT VENTURE",$400.00,"$1,600.00"
17110,434,0001,ROADWAY,0057,606012P,,"CONCRETE SIDEWALK, 4"" THICK",4,SY,"ANSELMI & DECICCO, INC.",$100.00,$400.00
17110,434,0001,ROADWAY,0057,606012P,,"CONCRETE SIDEWALK, 4"" THICK",4,SY,"UNION PAVING & CONSTRUCTION CO., INC.",$100.00,$400.00
17110,434,0001,ROADWAY,0057,606012P,,"CONCRETE SIDEWALK, 4"" THICK",4,SY,"IEW CONSTRUCTION GROUP, INC.",$91.65,$366.60
17110,434,0001,ROADWAY,0058,607018P,,"9"" X 16"" CONCRETE VERTICAL CURB","1,061",LF,"FERREIRA/TUTOR PERINI, JOINT VENTURE",$29.50,"$31,299.50"
17110,434,0001,ROADWAY,0058,607018P,,"9"" X 16"" CONCRETE VERTICAL CURB","1,061",LF,"ANSELMI & DECICCO, INC.",$30.00,"$31,830.00"
17110,434,0001,ROADWAY,0058,607018P,,"9"" X 16"" CONCRETE VERTICAL CURB","1,061",LF,"UNION PAVING & CONSTRUCTION CO., INC.",$35.00,"$37,135.00"
17110,434,0001,ROADWAY,0058,607018P,,"9"" X 16"" CONCRETE VERTICAL CURB","1,061",LF,"IEW CONSTRUCTION GROUP, INC.",$31.90,"$33,845.90"
17110,434,0001,ROADWAY,0059,607040P,,CONCRETE BARRIER CURB WITH MOMENT SLAB,57,LF,"FERREIRA/TUTOR PERINI, JOINT VENTURE",$890.00,"$50,730.00"
17110,434,0001,ROADWAY,0059,607040P,,CONCRETE BARRIER CURB WITH MOMENT SLAB,57,LF,"ANSELMI & DECICCO, INC.",$800.00,"$45,600.00"
17110,434,0001,ROADWAY,0059,607040P,,CONCRETE BARRIER CURB WITH MOMENT SLAB,57,LF,"UNION PAVING & CONSTRUCTION CO., INC.",$700.00,"$39,900.00"
17110,434,0001,ROADWAY,0059,607040P,,CONCRETE BARRIER CURB WITH MOMENT SLAB,57,LF,"IEW CONSTRUCTION GROUP, INC.","$1,193.79","$68,046.03"
17110,434,0001,ROADWAY,0060,608004P,,"NONVEGETATIVE SURFACE, POROUS HOT MIX ASPHALT, 4"" THICK",115,SY,"FERREIRA/TUTOR PERINI, JOINT VENTURE",$80.00,"$9,200.00"
17110,434,0001,ROADWAY,0060,608004P,,"NONVEGETATIVE SURFACE, POROUS HOT MIX ASPHALT, 4"" THICK",115,SY,"ANSELMI & DECICCO, INC.",$50.00,"$5,750.00"
17110,434,0001,ROADWAY,0060,608004P,,"NONVEGETATIVE SURFACE, POROUS HOT MIX ASPHALT, 4"" THICK",115,SY,"UNION PAVING & CONSTRUCTION CO., INC.",$50.00,"$5,750.00"
17110,434,0001,ROADWAY,0060,608004P,,"NONVEGETATIVE SURFACE, POROUS HOT MIX ASPHALT, 4"" THICK",115,SY,"IEW CONSTRUCTION GROUP, INC.",$75.41,"$8,672.15"
17110,434,0001,ROADWAY,0061,608012P,,"NONVEGETATIVE SURFACE, POLYESTER MATTING",400,SY,"FERREIRA/TUTOR PERINI, JOINT VENTURE",$85.00,"$34,000.00"
17110,434,0001,ROADWAY,0061,608012P,,"NONVEGETATIVE SURFACE, POLYESTER MATTING",400,SY,"ANSELMI & DECICCO, INC.",$45.00,"$18,000.00"
17110,434,0001,ROADWAY,0061,608012P,,"NONVEGETATIVE SURFACE, POLYESTER MATTING",400,SY,"UNION PAVING & CONSTRUCTION CO., INC.",$25.00,"$10,000.00"
17110,434,0001,ROADWAY,0061,608012P,,"NONVEGETATIVE SURFACE, POLYESTER MATTING",400,SY,"IEW CONSTRUCTION GROUP, INC.",$52.21,"$20,884.00"
17110,434,0001,ROADWAY,0062,609003M,,BEAM GUIDE RAIL,750,LF,"FERREIRA/TUTOR PERINI, JOINT VENTURE",$37.00,"$27,750.00"
17110,434,0001,ROADWAY,0062,609003M,,BEAM GUIDE RAIL,750,LF,"ANSELMI & DECICCO, INC.",$23.00,"$17,250.00"
17110,434,0001,ROADWAY,0062,609003M,,BEAM GUIDE RAIL,750,LF,"UNION PAVING & CONSTRUCTION CO., INC.",$24.00,"$18,000.00"
17110,434,0001,ROADWAY,0062,609003M,,BEAM GUIDE RAIL,750,LF,"IEW CONSTRUCTION GROUP, INC.",$27.84,"$20,880.00"
17110,434,0001,ROADWAY,0063,609021M,,RUB RAIL,650,LF,"FERREIRA/TUTOR PERINI, JOINT VENTURE",$15.00,"$9,750.00"
17110,434,0001,ROADWAY,0063,609021M,,RUB RAIL,650,LF,"ANSELMI & DECICCO, INC.",$9.00,"$5,850.00"
17110,434,0001,ROADWAY,0063,609021M,,RUB RAIL,650,LF,"UNION PAVING & CONSTRUCTION CO., INC.",$8.00,"$5,200.00"
17110,434,0001,ROADWAY,0063,609021M,,RUB RAIL,650,LF,"IEW CONSTRUCTION GROUP, INC.",$11.60,"$7,540.00"
17110,434,0001,ROADWAY,0064,609027M,,TANGENT GUIDE RAIL TERMINAL,2,U,"FERREIRA/TUTOR PERINI, JOINT VENTURE","$3,250.00","$6,500.00"
17110,434,0001,ROADWAY,0064,609027M,,TANGENT GUIDE RAIL TERMINAL,2,U,"ANSELMI & DECICCO, INC.","$2,400.00","$4,800.00"
17110,434,0001,ROADWAY,0064,609027M,,TANGENT GUIDE RAIL TERMINAL,2,U,"UNION PAVING & CONSTRUCTION CO., INC.","$2,700.00","$5,400.00"
17110,434,0001,ROADWAY,0064,609027M,,TANGENT GUIDE RAIL TERMINAL,2,U,"IEW CONSTRUCTION GROUP, INC.","$3,190.41","$6,380.82"
17110,434,0001,ROADWAY,0065,609075M,,REMOVAL OF BEAM GUIDE RAIL,930,LF,"FERREIRA/TUTOR PERINI, JOINT VENTURE",$1.00,$930.00
17110,434,0001,ROADWAY,0065,609075M,,REMOVAL OF BEAM GUIDE RAIL,930,LF,"ANSELMI & DECICCO, INC.",$3.00,"$2,790.00"
17110,434,0001,ROADWAY,0065,609075M,,REMOVAL OF BEAM GUIDE RAIL,930,LF,"UNION PAVING & CONSTRUCTION CO., INC.",$2.00,"$1,860.00"
17110,434,0001,ROADWAY,0065,609075M,,REMOVAL OF BEAM GUIDE RAIL,930,LF,"IEW CONSTRUCTION GROUP, INC.",$5.80,"$5,394.00"
17110,434,0001,ROADWAY,0066,610003M,,"TRAFFIC STRIPES, 4""","4,000",LF,"FERREIRA/TUTOR PERINI, JOINT VENTURE",$0.65,"$2,600.00"
17110,434,0001,ROADWAY,0066,610003M,,"TRAFFIC STRIPES, 4""","4,000",LF,"ANSELMI & DECICCO, INC.",$0.90,"$3,600.00"
17110,434,0001,ROADWAY,0066,610003M,,"TRAFFIC STRIPES, 4""","4,000",LF,"UNION PAVING & CONSTRUCTION CO., INC.",$1.10,"$4,400.00"
17110,434,0001,ROADWAY,0066,610003M,,"TRAFFIC STRIPES, 4""","4,000",LF,"IEW CONSTRUCTION GROUP, INC.",$1.16,"$4,640.00"
17110,434,0001,ROADWAY,0067,610017M,,"TRAFFIC MARKING LINES, 24""",15,LF,"FERREIRA/TUTOR PERINI, JOINT VENTURE",$75.00,"$1,125.00"
17110,434,0001,ROADWAY,0067,610017M,,"TRAFFIC MARKING LINES, 24""",15,LF,"ANSELMI & DECICCO, INC.",$5.00,$75.00
17110,434,0001,ROADWAY,0067,610017M,,"TRAFFIC MARKING LINES, 24""",15,LF,"UNION PAVING & CONSTRUCTION CO., INC.",$65.00,$975.00
17110,434,0001,ROADWAY,0067,610017M,,"TRAFFIC MARKING LINES, 24""",15,LF,"IEW CONSTRUCTION GROUP, INC.",$23.20,$348.00
17110,434,0001,ROADWAY,0068,610021M,,"RPM, BI-DIRECTIONAL, AMBER LENS",6,U,"FERREIRA/TUTOR PERINI, JOINT VENTURE",$225.00,"$1,350.00"
17110,434,0001,ROADWAY,0068,610021M,,"RPM, BI-DIRECTIONAL, AMBER LENS",6,U,"ANSELMI & DECICCO, INC.",$70.00,$420.00
17110,434,0001,ROADWAY,0068,610021M,,"RPM, BI-DIRECTIONAL, AMBER LENS",6,U,"UNION PAVING & CONSTRUCTION CO., INC.",$160.00,$960.00
17110,434,0001,ROADWAY,0068,610021M,,"RPM, BI-DIRECTIONAL, AMBER LENS",6,U,"IEW CONSTRUCTION GROUP, INC.",$475.66,"$2,853.96"
17110,434,0001,ROADWAY,0069,612003P,,REGULATORY AND WARNING SIGN,36,SF,"FERREIRA/TUTOR PERINI, JOINT VENTURE",$65.00,"$2,340.00"
17110,434,0001,ROADWAY,0069,612003P,,REGULATORY AND WARNING SIGN,36,SF,"ANSELMI & DECICCO, INC.",$60.00,"$2,160.00"
17110,434,0001,ROADWAY,0069,612003P,,REGULATORY AND WARNING SIGN,36,SF,"UNION PAVING & CONSTRUCTION CO., INC.",$40.00,"$1,440.00"
17110,434,0001,ROADWAY,0069,612003P,,REGULATORY AND WARNING SIGN,36,SF,"IEW CONSTRUCTION GROUP, INC.",$58.01,"$2,088.36"
17110,434,0001,ROADWAY,0070,612006P,,"GUIDE SIGN, TYPE GA, STEEL ""U"" POST SUPPORTS",49,SF,"FERREIRA/TUTOR PERINI, JOINT VENTURE",$35.00,"$1,715.00"
17110,434,0001,ROADWAY,0070,612006P,,"GUIDE SIGN, TYPE GA, STEEL ""U"" POST SUPPORTS",49,SF,"ANSELMI & DECICCO, INC.",$20.00,$980.00
17110,434,0001,ROADWAY,0070,612006P,,"GUIDE SIGN, TYPE GA, STEEL ""U"" POST SUPPORTS",49,SF,"UNION PAVING & CONSTRUCTION CO., INC.",$50.00,"$2,450.00"
17110,434,0001,ROADWAY,0070,612006P,,"GUIDE SIGN, TYPE GA, STEEL ""U"" POST SUPPORTS",49,SF,"IEW CONSTRUCTION GROUP, INC.",$58.01,"$2,842.49"
17110,434,0001,ROADWAY,0071,653018P,,"12"" GAS MAIN",200,LF,"FERREIRA/TUTOR PERINI, JOINT VENTURE",$923.88,"$184,776.00"
17110,434,0001,ROADWAY,0071,653018P,,"12"" GAS MAIN",200,LF,"ANSELMI & DECICCO, INC.",$290.00,"$58,000.00"
17110,434,0001,ROADWAY,0071,653018P,,"12"" GAS MAIN",200,LF,"UNION PAVING & CONSTRUCTION CO., INC.",$650.00,"$130,000.00"
17110,434,0001,ROADWAY,0071,653018P,,"12"" GAS MAIN",200,LF,"IEW CONSTRUCTION GROUP, INC.",$783.10,"$156,620.00"
17110,434,0001,ROADWAY,0072,653087P,,GAS AS-BUILT PLAN,1,LS,"FERREIRA/TUTOR PERINI, JOINT VENTURE","$4,104.28","$4,104.28"
17110,434,0001,ROADWAY,0072,653087P,,GAS AS-BUILT PLAN,1,LS,"ANSELMI & DECICCO, INC.","$4,000.00","$4,000.00"
17110,434,0001,ROADWAY,0072,653087P,,GAS AS-BUILT PLAN,1,LS,"UNION PAVING & CONSTRUCTION CO., INC.","$5,000.00","$5,000.00"
17110,434,0001,ROADWAY,0072,653087P,,GAS AS-BUILT PLAN,1,LS,"IEW CONSTRUCTION GROUP, INC.","$1,740.22","$1,740.22"
17110,434,0001,ROADWAY,0073,655002P,,CONCRETE ENCASED TELECOMMUNICATION CONDUIT,300,LF,"FERREIRA/TUTOR PERINI, JOINT VENTURE",$337.65,"$101,295.00"
17110,434,0001,ROADWAY,0073,655002P,,CONCRETE ENCASED TELECOMMUNICATION CONDUIT,300,LF,"ANSELMI & DECICCO, INC.",$290.00,"$87,000.00"
17110,434,0001,ROADWAY,0073,655002P,,CONCRETE ENCASED TELECOMMUNICATION CONDUIT,300,LF,"UNION PAVING & CONSTRUCTION CO., INC.",$100.00,"$30,000.00"
17110,434,0001,ROADWAY,0073,655002P,,CONCRETE ENCASED TELECOMMUNICATION CONDUIT,300,LF,"IEW CONSTRUCTION GROUP, INC.",$58.01,"$17,403.00"
17110,434,0001,ROADWAY,0074,999999P,,NO ITEM,1,U,"FERREIRA/TUTOR PERINI, JOINT VENTURE",$0.00,$0.00
17110,434,0001,ROADWAY,0074,999999P,,NO ITEM,1,U,"ANSELMI & DECICCO, INC.",$0.00,$0.00
17110,434,0001,ROADWAY,0074,999999P,,NO ITEM,1,U,"UNION PAVING & CONSTRUCTION CO., INC.",$0.00,$0.00
17110,434,0001,ROADWAY,0074,999999P,,NO ITEM,1,U,"IEW CONSTRUCTION GROUP, INC.",$0.00,$0.00
17110,434,0001,ROADWAY,0075,701015P,,"2"" RIGID METALLIC CONDUIT",36,LF,"FERREIRA/TUTOR PERINI, JOINT VENTURE",$38.00,"$1,368.00"
17110,434,0001,ROADWAY,0075,701015P,,"2"" RIGID METALLIC CONDUIT",36,LF,"ANSELMI & DECICCO, INC.",$50.00,"$1,800.00"
17110,434,0001,ROADWAY,0075,701015P,,"2"" RIGID METALLIC CONDUIT",36,LF,"UNION PAVING & CONSTRUCTION CO., INC.",$40.00,"$1,440.00"
17110,434,0001,ROADWAY,0075,701015P,,"2"" RIGID METALLIC CONDUIT",36,LF,"IEW CONSTRUCTION GROUP, INC.",$41.45,"$1,492.20"
17110,434,0001,ROADWAY,0076,701016P,,"2"" RIGID METALLIC CONDUIT, PVC COATED","1,309",LF,"FERREIRA/TUTOR PERINI, JOINT VENTURE",$85.00,"$111,265.00"
17110,434,0001,ROADWAY,0076,701016P,,"2"" RIGID METALLIC CONDUIT, PVC COATED","1,309",LF,"ANSELMI & DECICCO, INC.",$100.00,"$130,900.00"
17110,434,0001,ROADWAY,0076,701016P,,"2"" RIGID METALLIC CONDUIT, PVC COATED","1,309",LF,"UNION PAVING & CONSTRUCTION CO., INC.",$115.00,"$150,535.00"
17110,434,0001,ROADWAY,0076,701016P,,"2"" RIGID METALLIC CONDUIT, PVC COATED","1,309",LF,"IEW CONSTRUCTION GROUP, INC.",$52.35,"$68,526.15"
17110,434,0001,ROADWAY,0077,701020P,,"3"" RIGID METALLIC CONDUIT, PVC COATED",150,LF,"FERREIRA/TUTOR PERINI, JOINT VENTURE",$125.00,"$18,750.00"
17110,434,0001,ROADWAY,0077,701020P,,"3"" RIGID METALLIC CONDUIT, PVC COATED",150,LF,"ANSELMI & DECICCO, INC.",$180.00,"$27,000.00"
17110,434,0001,ROADWAY,0077,701020P,,"3"" RIGID METALLIC CONDUIT, PVC COATED",150,LF,"UNION PAVING & CONSTRUCTION CO., INC.",$185.00,"$27,750.00"
17110,434,0001,ROADWAY,0077,701020P,,"3"" RIGID METALLIC CONDUIT, PVC COATED",150,LF,"IEW CONSTRUCTION GROUP, INC.",$66.91,"$10,036.50"
17110,434,0001,ROADWAY,0078,701021P,,"3"" RIGID METALLIC CONDUIT",289,LF,"FERREIRA/TUTOR PERINI, JOINT VENTURE",$45.00,"$13,005.00"
17110,434,0001,ROADWAY,0078,701021P,,"3"" RIGID METALLIC CONDUIT",289,LF,"ANSELMI & DECICCO, INC.",$55.00,"$15,895.00"
17110,434,0001,ROADWAY,0078,701021P,,"3"" RIGID METALLIC CONDUIT",289,LF,"UNION PAVING & CONSTRUCTION CO., INC.",$35.00,"$10,115.00"
17110,434,0001,ROADWAY,0078,701021P,,"3"" RIGID METALLIC CONDUIT",289,LF,"IEW CONSTRUCTION GROUP, INC.",$49.74,"$14,374.86"
17110,434,0001,ROADWAY,0079,701030P,,"3"" RIGID NONMETALLIC CONDUIT",465,LF,"FERREIRA/TUTOR PERINI, JOINT VENTURE",$20.00,"$9,300.00"
17110,434,0001,ROADWAY,0079,701030P,,"3"" RIGID NONMETALLIC CONDUIT",465,LF,"ANSELMI & DECICCO, INC.",$30.00,"$13,950.00"
17110,434,0001,ROADWAY,0079,701030P,,"3"" RIGID NONMETALLIC CONDUIT",465,LF,"UNION PAVING & CONSTRUCTION CO., INC.",$19.00,"$8,835.00"
17110,434,0001,ROADWAY,0079,701030P,,"3"" RIGID NONMETALLIC CONDUIT",465,LF,"IEW CONSTRUCTION GROUP, INC.",$28.66,"$13,326.90"
17110,434,0001,ROADWAY,0080,701116M,,STAINLESS STEEL JUNCTION BOX,1,U,"FERREIRA/TUTOR PERINI, JOINT VENTURE","$3,000.00","$3,000.00"
17110,434,0001,ROADWAY,0080,701116M,,STAINLESS STEEL JUNCTION BOX,1,U,"ANSELMI & DECICCO, INC.","$4,500.00","$4,500.00"
17110,434,0001,ROADWAY,0080,701116M,,STAINLESS STEEL JUNCTION BOX,1,U,"UNION PAVING & CONSTRUCTION CO., INC.","$5,300.00","$5,300.00"
17110,434,0001,ROADWAY,0080,701116M,,STAINLESS STEEL JUNCTION BOX,1,U,"IEW CONSTRUCTION GROUP, INC.","$1,954.11","$1,954.11"
17110,434,0001,ROADWAY,0081,701117M,,JUNCTION BOX FOUNDATION,5,U,"FERREIRA/TUTOR PERINI, JOINT VENTURE","$1,950.00","$9,750.00"
17110,434,0001,ROADWAY,0081,701117M,,JUNCTION BOX FOUNDATION,5,U,"ANSELMI & DECICCO, INC.","$2,400.00","$12,000.00"
17110,434,0001,ROADWAY,0081,701117M,,JUNCTION BOX FOUNDATION,5,U,"UNION PAVING & CONSTRUCTION CO., INC.","$2,200.00","$11,000.00"
17110,434,0001,ROADWAY,0081,701117M,,JUNCTION BOX FOUNDATION,5,U,"IEW CONSTRUCTION GROUP, INC.","$2,226.50","$11,132.50"
17110,434,0001,ROADWAY,0082,701189P,,"GROUND WIRE, NO. 6 AWG","1,737",LF,"FERREIRA/TUTOR PERINI, JOINT VENTURE",$2.75,"$4,776.75"
17110,434,0001,ROADWAY,0082,701189P,,"GROUND WIRE, NO. 6 AWG","1,737",LF,"ANSELMI & DECICCO, INC.",$3.00,"$5,211.00"
17110,434,0001,ROADWAY,0082,701189P,,"GROUND WIRE, NO. 6 AWG","1,737",LF,"UNION PAVING & CONSTRUCTION CO., INC.",$3.00,"$5,211.00"
17110,434,0001,ROADWAY,0082,701189P,,"GROUND WIRE, NO. 6 AWG","1,737",LF,"IEW CONSTRUCTION GROUP, INC.",$2.37,"$4,116.69"
17110,434,0001,ROADWAY,0083,701192P,,"GROUND WIRE, NO. 8 AWG",20,LF,"FERREIRA/TUTOR PERINI, JOINT VENTURE",$2.50,$50.00
17110,434,0001,ROADWAY,0083,701192P,,"GROUND WIRE, NO. 8 AWG",20,LF,"ANSELMI & DECICCO, INC.",$2.00,$40.00
17110,434,0001,ROADWAY,0083,701192P,,"GROUND WIRE, NO. 8 AWG",20,LF,"UNION PAVING & CONSTRUCTION CO., INC.",$3.00,$60.00
17110,434,0001,ROADWAY,0083,701192P,,"GROUND WIRE, NO. 8 AWG",20,LF,"IEW CONSTRUCTION GROUP, INC.",$2.19,$43.80
17110,434,0001,ROADWAY,0084,701198P,,"MULTIPLE LIGHTING WIRE, NO. 6 AWG","2,428",LF,"FERREIRA/TUTOR PERINI, JOINT VENTURE",$2.75,"$6,677.00"
17110,434,0001,ROADWAY,0084,701198P,,"MULTIPLE LIGHTING WIRE, NO. 6 AWG","2,428",LF,"ANSELMI & DECICCO, INC.",$4.00,"$9,712.00"
17110,434,0001,ROADWAY,0084,701198P,,"MULTIPLE LIGHTING WIRE, NO. 6 AWG","2,428",LF,"UNION PAVING & CONSTRUCTION CO., INC.",$4.00,"$9,712.00"
17110,434,0001,ROADWAY,0084,701198P,,"MULTIPLE LIGHTING WIRE, NO. 6 AWG","2,428",LF,"IEW CONSTRUCTION GROUP, INC.",$3.32,"$8,060.96"
17110,434,0001,ROADWAY,0085,701204P,,"MULTIPLE LIGHTING WIRE, NO. 10 AWG","2,300",LF,"FERREIRA/TUTOR PERINI, JOINT VENTURE",$1.80,"$4,140.00"
17110,434,0001,ROADWAY,0085,701204P,,"MULTIPLE LIGHTING WIRE, NO. 10 AWG","2,300",LF,"ANSELMI & DECICCO, INC.",$3.00,"$6,900.00"
17110,434,0001,ROADWAY,0085,701204P,,"MULTIPLE LIGHTING WIRE, NO. 10 AWG","2,300",LF,"UNION PAVING & CONSTRUCTION CO., INC.",$3.00,"$6,900.00"
17110,434,0001,ROADWAY,0085,701204P,,"MULTIPLE LIGHTING WIRE, NO. 10 AWG","2,300",LF,"IEW CONSTRUCTION GROUP, INC.",$2.49,"$5,727.00"
17110,434,0001,ROADWAY,0086,701210P,,"SERVICE WIRE, NO. 2 AWG",345,LF,"FERREIRA/TUTOR PERINI, JOINT VENTURE",$5.00,"$1,725.00"
17110,434,0001,ROADWAY,0086,701210P,,"SERVICE WIRE, NO. 2 AWG",345,LF,"ANSELMI & DECICCO, INC.",$6.00,"$2,070.00"
17110,434,0001,ROADWAY,0086,701210P,,"SERVICE WIRE, NO. 2 AWG",345,LF,"UNION PAVING & CONSTRUCTION CO., INC.",$8.00,"$2,760.00"
17110,434,0001,ROADWAY,0086,701210P,,"SERVICE WIRE, NO. 2 AWG",345,LF,"IEW CONSTRUCTION GROUP, INC.",$4.74,"$1,635.30"
17110,434,0001,ROADWAY,0087,703010M,,LIGHTING STANDARD DECORATIVE,5,U,"FERREIRA/TUTOR PERINI, JOINT VENTURE","$6,545.00","$32,725.00"
17110,434,0001,ROADWAY,0087,703010M,,LIGHTING STANDARD DECORATIVE,5,U,"ANSELMI & DECICCO, INC.","$8,000.00","$40,000.00"
17110,434,0001,ROADWAY,0087,703010M,,LIGHTING STANDARD DECORATIVE,5,U,"UNION PAVING & CONSTRUCTION CO., INC.","$8,500.00","$42,500.00"
17110,434,0001,ROADWAY,0087,703010M,,LIGHTING STANDARD DECORATIVE,5,U,"IEW CONSTRUCTION GROUP, INC.","$10,149.52","$50,747.60"
17110,434,0001,ROADWAY,0088,703016M,,LIGHTING MAST ARM DECORATIVE,12,U,"FERREIRA/TUTOR PERINI, JOINT VENTURE","$2,200.00","$26,400.00"
17110,434,0001,ROADWAY,0088,703016M,,LIGHTING MAST ARM DECORATIVE,12,U,"ANSELMI & DECICCO, INC.","$1,000.00","$12,000.00"
17110,434,0001,ROADWAY,0088,703016M,,LIGHTING MAST ARM DECORATIVE,12,U,"UNION PAVING & CONSTRUCTION CO., INC.","$1,200.00","$14,400.00"
17110,434,0001,ROADWAY,0088,703016M,,LIGHTING MAST ARM DECORATIVE,12,U,"IEW CONSTRUCTION GROUP, INC.","$1,498.15","$17,977.80"
17110,434,0001,ROADWAY,0089,703019M,,LUMINAIRE DECORATIVE,18,U,"FERREIRA/TUTOR PERINI, JOINT VENTURE","$2,875.00","$51,750.00"
17110,434,0001,ROADWAY,0089,703019M,,LUMINAIRE DECORATIVE,18,U,"ANSELMI & DECICCO, INC.","$3,500.00","$63,000.00"
17110,434,0001,ROADWAY,0089,703019M,,LUMINAIRE DECORATIVE,18,U,"UNION PAVING & CONSTRUCTION CO., INC.","$4,000.00","$72,000.00"
17110,434,0001,ROADWAY,0089,703019M,,LUMINAIRE DECORATIVE,18,U,"IEW CONSTRUCTION GROUP, INC.","$4,062.18","$73,119.24"
17110,434,0001,ROADWAY,0090,704003M,,JUNCTION BOX ITS TYPE A,1,U,"FERREIRA/TUTOR PERINI, JOINT VENTURE","$4,200.00","$4,200.00"
17110,434,0001,ROADWAY,0090,704003M,,JUNCTION BOX ITS TYPE A,1,U,"ANSELMI & DECICCO, INC.","$5,500.00","$5,500.00"
17110,434,0001,ROADWAY,0090,704003M,,JUNCTION BOX ITS TYPE A,1,U,"UNION PAVING & CONSTRUCTION CO., INC.","$3,000.00","$3,000.00"
17110,434,0001,ROADWAY,0090,704003M,,JUNCTION BOX ITS TYPE A,1,U,"IEW CONSTRUCTION GROUP, INC.","$5,471.51","$5,471.51"
17110,434,0001,ROADWAY,0091,704009M,,JUNCTION BOX ITS TYPE C,1,U,"FERREIRA/TUTOR PERINI, JOINT VENTURE","$2,500.00","$2,500.00"
17110,434,0001,ROADWAY,0091,704009M,,JUNCTION BOX ITS TYPE C,1,U,"ANSELMI & DECICCO, INC.","$1,600.00","$1,600.00"
17110,434,0001,ROADWAY,0091,704009M,,JUNCTION BOX ITS TYPE C,1,U,"UNION PAVING & CONSTRUCTION CO., INC.","$2,400.00","$2,400.00"
17110,434,0001,ROADWAY,0091,704009M,,JUNCTION BOX ITS TYPE C,1,U,"IEW CONSTRUCTION GROUP, INC.","$2,925.24","$2,925.24"
17110,434,0001,ROADWAY,0092,704011M,,METER CABINET ITS,1,U,"FERREIRA/TUTOR PERINI, JOINT VENTURE","$3,500.00","$3,500.00"
17110,434,0001,ROADWAY,0092,704011M,,METER CABINET ITS,1,U,"ANSELMI & DECICCO, INC.","$4,000.00","$4,000.00"
17110,434,0001,ROADWAY,0092,704011M,,METER CABINET ITS,1,U,"UNION PAVING & CONSTRUCTION CO., INC.","$4,400.00","$4,400.00"
17110,434,0001,ROADWAY,0092,704011M,,METER CABINET ITS,1,U,"IEW CONSTRUCTION GROUP, INC.","$8,112.50","$8,112.50"
17110,434,0001,ROADWAY,0093,704014M,,"FOUNDATION, ITS",1,U,"FERREIRA/TUTOR PERINI, JOINT VENTURE","$1,800.00","$1,800.00"
17110,434,0001,ROADWAY,0093,704014M,,"FOUNDATION, ITS",1,U,"ANSELMI & DECICCO, INC.","$1,000.00","$1,000.00"
17110,434,0001,ROADWAY,0093,704014M,,"FOUNDATION, ITS",1,U,"UNION PAVING & CONSTRUCTION CO., INC.","$2,800.00","$2,800.00"
17110,434,0001,ROADWAY,0093,704014M,,"FOUNDATION, ITS",1,U,"IEW CONSTRUCTION GROUP, INC.","$2,190.97","$2,190.97"
17110,434,0001,ROADWAY,0094,704024M,,FOUNDATION ITS TYPE D,1,U,"FERREIRA/TUTOR PERINI, JOINT VENTURE","$2,800.00","$2,800.00"
17110,434,0001,ROADWAY,0094,704024M,,FOUNDATION ITS TYPE D,1,U,"ANSELMI & DECICCO, INC.","$2,200.00","$2,200.00"
17110,434,0001,ROADWAY,0094,704024M,,FOUNDATION ITS TYPE D,1,U,"UNION PAVING & CONSTRUCTION CO., INC.","$2,800.00","$2,800.00"
17110,434,0001,ROADWAY,0094,704024M,,FOUNDATION ITS TYPE D,1,U,"IEW CONSTRUCTION GROUP, INC.","$2,487.05","$2,487.05"
17110,434,0001,ROADWAY,0095,704033P,,"CONTROL CENTER SYSTEM, LOCATION NO. ___ STMC",1,LS,"FERREIRA/TUTOR PERINI, JOINT VENTURE","$6,400.00","$6,400.00"
17110,434,0001,ROADWAY,0095,704033P,,"CONTROL CENTER SYSTEM, LOCATION NO. ___ STMC",1,LS,"ANSELMI & DECICCO, INC.","$5,000.00","$5,000.00"
17110,434,0001,ROADWAY,0095,704033P,,"CONTROL CENTER SYSTEM, LOCATION NO. ___ STMC",1,LS,"UNION PAVING & CONSTRUCTION CO., INC.","$5,800.00","$5,800.00"
17110,434,0001,ROADWAY,0095,704033P,,"CONTROL CENTER SYSTEM, LOCATION NO. ___ STMC",1,LS,"IEW CONSTRUCTION GROUP, INC.","$14,803.85","$14,803.85"
17110,434,0001,ROADWAY,0096,704035M,,FOUNDATION CSS,1,U,"FERREIRA/TUTOR PERINI, JOINT VENTURE","$6,000.00","$6,000.00"
17110,434,0001,ROADWAY,0096,704035M,,FOUNDATION CSS,1,U,"ANSELMI & DECICCO, INC.","$5,000.00","$5,000.00"
17110,434,0001,ROADWAY,0096,704035M,,FOUNDATION CSS,1,U,"UNION PAVING & CONSTRUCTION CO., INC.","$16,000.00","$16,000.00"
17110,434,0001,ROADWAY,0096,704035M,,FOUNDATION CSS,1,U,"IEW CONSTRUCTION GROUP, INC.","$8,053.29","$8,053.29"
17110,434,0001,ROADWAY,0097,704054M,,CAMERA STANDARD TYPE C,1,U,"FERREIRA/TUTOR PERINI, JOINT VENTURE","$8,400.00","$8,400.00"
17110,434,0001,ROADWAY,0097,704054M,,CAMERA STANDARD TYPE C,1,U,"ANSELMI & DECICCO, INC.","$10,000.00","$10,000.00"
17110,434,0001,ROADWAY,0097,704054M,,CAMERA STANDARD TYPE C,1,U,"UNION PAVING & CONSTRUCTION CO., INC.","$12,000.00","$12,000.00"
17110,434,0001,ROADWAY,0097,704054M,,CAMERA STANDARD TYPE C,1,U,"IEW CONSTRUCTION GROUP, INC.","$14,780.16","$14,780.16"
17110,434,0001,ROADWAY,0098,704060M,,CAMERA,1,U,"FERREIRA/TUTOR PERINI, JOINT VENTURE","$5,000.00","$5,000.00"
17110,434,0001,ROADWAY,0098,704060M,,CAMERA,1,U,"ANSELMI & DECICCO, INC.","$5,000.00","$5,000.00"
17110,434,0001,ROADWAY,0098,704060M,,CAMERA,1,U,"UNION PAVING & CONSTRUCTION CO., INC.","$5,500.00","$5,500.00"
17110,434,0001,ROADWAY,0098,704060M,,CAMERA,1,U,"IEW CONSTRUCTION GROUP, INC.","$9,296.82","$9,296.82"
17110,434,0001,ROADWAY,0099,704063M,,"CONTROLLER, CAMERA",1,U,"FERREIRA/TUTOR PERINI, JOINT VENTURE","$19,000.00","$19,000.00"
17110,434,0001,ROADWAY,0099,704063M,,"CONTROLLER, CAMERA",1,U,"ANSELMI & DECICCO, INC.","$18,000.00","$18,000.00"
17110,434,0001,ROADWAY,0099,704063M,,"CONTROLLER, CAMERA",1,U,"UNION PAVING & CONSTRUCTION CO., INC.","$21,000.00","$21,000.00"
17110,434,0001,ROADWAY,0099,704063M,,"CONTROLLER, CAMERA",1,U,"IEW CONSTRUCTION GROUP, INC.","$27,535.15","$27,535.15"
17110,434,0001,ROADWAY,0100,704081P,,FIBER OPTIC CABLE TYPE F,688,LF,"FERREIRA/TUTOR PERINI, JOINT VENTURE",$18.00,"$12,384.00"
17110,434,0001,ROADWAY,0100,704081P,,FIBER OPTIC CABLE TYPE F,688,LF,"ANSELMI & DECICCO, INC.",$40.00,"$27,520.00"
17110,434,0001,ROADWAY,0100,704081P,,FIBER OPTIC CABLE TYPE F,688,LF,"UNION PAVING & CONSTRUCTION CO., INC.",$40.00,"$27,520.00"
17110,434,0001,ROADWAY,0100,704081P,,FIBER OPTIC CABLE TYPE F,688,LF,"IEW CONSTRUCTION GROUP, INC.",$21.55,"$14,826.40"
17110,434,0001,ROADWAY,0101,704106M,,"CONTROLLER MODIFICATIONS, CAMERA",1,U,"FERREIRA/TUTOR PERINI, JOINT VENTURE","$4,400.00","$4,400.00"
17110,434,0001,ROADWAY,0101,704106M,,"CONTROLLER MODIFICATIONS, CAMERA",1,U,"ANSELMI & DECICCO, INC.","$3,000.00","$3,000.00"
17110,434,0001,ROADWAY,0101,704106M,,"CONTROLLER MODIFICATIONS, CAMERA",1,U,"UNION PAVING & CONSTRUCTION CO., INC.","$3,300.00","$3,300.00"
17110,434,0001,ROADWAY,0101,704106M,,"CONTROLLER MODIFICATIONS, CAMERA",1,U,"IEW CONSTRUCTION GROUP, INC.","$5,743.90","$5,743.90"
17110,434,0001,ROADWAY,0102,704117M,,TTS DETECTOR TYPE C,1,U,"FERREIRA/TUTOR PERINI, JOINT VENTURE","$14,750.00","$14,750.00"
17110,434,0001,ROADWAY,0102,704117M,,TTS DETECTOR TYPE C,1,U,"ANSELMI & DECICCO, INC.","$12,000.00","$12,000.00"
17110,434,0001,ROADWAY,0102,704117M,,TTS DETECTOR TYPE C,1,U,"UNION PAVING & CONSTRUCTION CO., INC.","$13,000.00","$13,000.00"
17110,434,0001,ROADWAY,0102,704117M,,TTS DETECTOR TYPE C,1,U,"IEW CONSTRUCTION GROUP, INC.","$20,962.24","$20,962.24"
17110,434,0001,ROADWAY,0103,804006P,,"TOPSOILING, 4"" THICK","1,030",SY,"FERREIRA/TUTOR PERINI, JOINT VENTURE",$7.00,"$7,210.00"
17110,434,0001,ROADWAY,0103,804006P,,"TOPSOILING, 4"" THICK","1,030",SY,"ANSELMI & DECICCO, INC.",$4.00,"$4,120.00"
17110,434,0001,ROADWAY,0103,804006P,,"TOPSOILING, 4"" THICK","1,030",SY,"UNION PAVING & CONSTRUCTION CO., INC.",$6.00,"$6,180.00"
17110,434,0001,ROADWAY,0103,804006P,,"TOPSOILING, 4"" THICK","1,030",SY,"IEW CONSTRUCTION GROUP, INC.",$5.80,"$5,974.00"
17110,434,0001,ROADWAY,0104,806006P,,"FERTILIZING AND SEEDING, TYPE A-3","1,030",SY,"FERREIRA/TUTOR PERINI, JOINT VENTURE",$1.20,"$1,236.00"
17110,434,0001,ROADWAY,0104,806006P,,"FERTILIZING AND SEEDING, TYPE A-3","1,030",SY,"ANSELMI & DECICCO, INC.",$2.00,"$2,060.00"
17110,434,0001,ROADWAY,0104,806006P,,"FERTILIZING AND SEEDING, TYPE A-3","1,030",SY,"UNION PAVING & CONSTRUCTION CO., INC.",$1.00,"$1,030.00"
17110,434,0001,ROADWAY,0104,806006P,,"FERTILIZING AND SEEDING, TYPE A-3","1,030",SY,"IEW CONSTRUCTION GROUP, INC.",$1.16,"$1,194.80"
17110,434,0001,ROADWAY,0105,807009M,,"TOPSOIL STABILIZATION, TYPE 3 MAT",935,SY,"FERREIRA/TUTOR PERINI, JOINT VENTURE",$4.65,"$4,347.75"
17110,434,0001,ROADWAY,0105,807009M,,"TOPSOIL STABILIZATION, TYPE 3 MAT",935,SY,"ANSELMI & DECICCO, INC.",$4.00,"$3,740.00"
17110,434,0001,ROADWAY,0105,807009M,,"TOPSOIL STABILIZATION, TYPE 3 MAT",935,SY,"UNION PAVING & CONSTRUCTION CO., INC.",$6.00,"$5,610.00"
17110,434,0001,ROADWAY,0105,807009M,,"TOPSOIL STABILIZATION, TYPE 3 MAT",935,SY,"IEW CONSTRUCTION GROUP, INC.",$1.16,"$1,084.60"
17110,434,0001,ROADWAY,0106,809003M,,STRAW MULCHING,100,SY,"FERREIRA/TUTOR PERINI, JOINT VENTURE",$1.50,$150.00
17110,434,0001,ROADWAY,0106,809003M,,STRAW MULCHING,100,SY,"ANSELMI & DECICCO, INC.",$2.00,$200.00
17110,434,0001,ROADWAY,0106,809003M,,STRAW MULCHING,100,SY,"UNION PAVING & CONSTRUCTION CO., INC.",$1.00,$100.00
17110,434,0001,ROADWAY,0106,809003M,,STRAW MULCHING,100,SY,"IEW CONSTRUCTION GROUP, INC.",$5.80,$580.00
17110,434,0005,KEARNY RAMP,0107,158091M,,PREFORMED SCOUR HOLE,14,U,"FERREIRA/TUTOR PERINI, JOINT VENTURE",$724.70,"$10,145.80"
17110,434,0005,KEARNY RAMP,0107,158091M,,PREFORMED SCOUR HOLE,14,U,"ANSELMI & DECICCO, INC.","$1,200.00","$16,800.00"
17110,434,0005,KEARNY RAMP,0107,158091M,,PREFORMED SCOUR HOLE,14,U,"UNION PAVING & CONSTRUCTION CO., INC.",$900.00,"$12,600.00"
17110,434,0005,KEARNY RAMP,0107,158091M,,PREFORMED SCOUR HOLE,14,U,"IEW CONSTRUCTION GROUP, INC.","$2,072.86","$29,020.04"
17110,434,0005,KEARNY RAMP,0108,201006P,,"CLEARING SITE, BRIDGE (___) STRUCTURE NO.0901-150",1,LS,"FERREIRA/TUTOR PERINI, JOINT VENTURE","$2,938,769.43","$2,938,769.43"
17110,434,0005,KEARNY RAMP,0108,201006P,,"CLEARING SITE, BRIDGE (___) STRUCTURE NO.0901-150",1,LS,"ANSELMI & DECICCO, INC.","$3,500,000.00","$3,500,000.00"
17110,434,0005,KEARNY RAMP,0108,201006P,,"CLEARING SITE, BRIDGE (___) STRUCTURE NO.0901-150",1,LS,"UNION PAVING & CONSTRUCTION CO., INC.","$3,500,000.00","$3,500,000.00"
17110,434,0005,KEARNY RAMP,0108,201006P,,"CLEARING SITE, BRIDGE (___) STRUCTURE NO.0901-150",1,LS,"IEW CONSTRUCTION GROUP, INC.","$3,500,000.00","$3,500,000.00"
17110,434,0005,KEARNY RAMP,0109,201039P,,TEMPORARY SHIELDING,1,LS,"FERREIRA/TUTOR PERINI, JOINT VENTURE","$907,748.88","$907,748.88"
17110,434,0005,KEARNY RAMP,0109,201039P,,TEMPORARY SHIELDING,1,LS,"ANSELMI & DECICCO, INC.","$3,500,000.00","$3,500,000.00"
17110,434,0005,KEARNY RAMP,0109,201039P,,TEMPORARY SHIELDING,1,LS,"UNION PAVING & CONSTRUCTION CO., INC.","$2,500,000.00","$2,500,000.00"
17110,434,0005,KEARNY RAMP,0109,201039P,,TEMPORARY SHIELDING,1,LS,"IEW CONSTRUCTION GROUP, INC.","$1,958,377.91","$1,958,377.91"
17110,434,0005,KEARNY RAMP,0110,202006M,,"EXCAVATION, TEST PIT",1,CY,"FERREIRA/TUTOR PERINI, JOINT VENTURE",$532.46,$532.46
17110,434,0005,KEARNY RAMP,0110,202006M,,"EXCAVATION, TEST PIT",1,CY,"ANSELMI & DECICCO, INC.","$2,500.00","$2,500.00"
17110,434,0005,KEARNY RAMP,0110,202006M,,"EXCAVATION, TEST PIT",1,CY,"UNION PAVING & CONSTRUCTION CO., INC.",$600.00,$600.00
17110,434,0005,KEARNY RAMP,0110,202006M,,"EXCAVATION, TEST PIT",1,CY,"IEW CONSTRUCTION GROUP, INC.","$3,649.56","$3,649.56"
17110,434,0005,KEARNY RAMP,0111,202015P,,"EXCAVATION, REGULATED MATERIAL","3,400",CY,"FERREIRA/TUTOR PERINI, JOINT VENTURE",$45.11,"$153,374.00"
17110,434,0005,KEARNY RAMP,0111,202015P,,"EXCAVATION, REGULATED MATERIAL","3,400",CY,"ANSELMI & DECICCO, INC.",$75.00,"$255,000.00"
17110,434,0005,KEARNY RAMP,0111,202015P,,"EXCAVATION, REGULATED MATERIAL","3,400",CY,"UNION PAVING & CONSTRUCTION CO., INC.",$35.00,"$119,000.00"
17110,434,0005,KEARNY RAMP,0111,202015P,,"EXCAVATION, REGULATED MATERIAL","3,400",CY,"IEW CONSTRUCTION GROUP, INC.",$23.47,"$79,798.00"
17110,434,0005,KEARNY RAMP,0112,501003P,,TEMPORARY SHEETING,"8,750",SF,"FERREIRA/TUTOR PERINI, JOINT VENTURE",$102.00,"$892,500.00"
17110,434,0005,KEARNY RAMP,0112,501003P,,TEMPORARY SHEETING,"8,750",SF,"ANSELMI & DECICCO, INC.",$150.00,"$1,312,500.00"
17110,434,0005,KEARNY RAMP,0112,501003P,,TEMPORARY SHEETING,"8,750",SF,"UNION PAVING & CONSTRUCTION CO., INC.",$75.00,"$656,250.00"
17110,434,0005,KEARNY RAMP,0112,501003P,,TEMPORARY SHEETING,"8,750",SF,"IEW CONSTRUCTION GROUP, INC.",$103.91,"$909,212.50"
17110,434,0005,KEARNY RAMP,0113,502002P,,FURNISHING EQUIPMENT FOR DRILLING PILES,1,LS,"FERREIRA/TUTOR PERINI, JOINT VENTURE","$200,000.00","$200,000.00"
17110,434,0005,KEARNY RAMP,0113,502002P,,FURNISHING EQUIPMENT FOR DRILLING PILES,1,LS,"ANSELMI & DECICCO, INC.","$20,000.00","$20,000.00"
17110,434,0005,KEARNY RAMP,0113,502002P,,FURNISHING EQUIPMENT FOR DRILLING PILES,1,LS,"UNION PAVING & CONSTRUCTION CO., INC.","$35,000.00","$35,000.00"
17110,434,0005,KEARNY RAMP,0113,502002P,,FURNISHING EQUIPMENT FOR DRILLING PILES,1,LS,"IEW CONSTRUCTION GROUP, INC.","$40,605.21","$40,605.21"
17110,434,0005,KEARNY RAMP,0114,502003P,,FURNISHING EQUIPMENT FOR DRIVING PILES,1,LS,"FERREIRA/TUTOR PERINI, JOINT VENTURE","$300,000.00","$300,000.00"
17110,434,0005,KEARNY RAMP,0114,502003P,,FURNISHING EQUIPMENT FOR DRIVING PILES,1,LS,"ANSELMI & DECICCO, INC.","$250,000.00","$250,000.00"
17110,434,0005,KEARNY RAMP,0114,502003P,,FURNISHING EQUIPMENT FOR DRIVING PILES,1,LS,"UNION PAVING & CONSTRUCTION CO., INC.","$35,000.00","$35,000.00"
17110,434,0005,KEARNY RAMP,0114,502003P,,FURNISHING EQUIPMENT FOR DRIVING PILES,1,LS,"IEW CONSTRUCTION GROUP, INC.","$40,605.21","$40,605.21"
17110,434,0005,KEARNY RAMP,0115,502009M,,"TEST PILE, FURNISHED",259,LF,"FERREIRA/TUTOR PERINI, JOINT VENTURE",$84.61,"$21,913.99"
17110,434,0005,KEARNY RAMP,0115,502009M,,"TEST PILE, FURNISHED",259,LF,"ANSELMI & DECICCO, INC.",$75.00,"$19,425.00"
17110,434,0005,KEARNY RAMP,0115,502009M,,"TEST PILE, FURNISHED",259,LF,"UNION PAVING & CONSTRUCTION CO., INC.",$45.00,"$11,655.00"
17110,434,0005,KEARNY RAMP,0115,502009M,,"TEST PILE, FURNISHED",259,LF,"IEW CONSTRUCTION GROUP, INC.",$51.05,"$13,221.95"
17110,434,0005,KEARNY RAMP,0116,502012M,,"TEST PILE, DRIVEN",239,LF,"FERREIRA/TUTOR PERINI, JOINT VENTURE",$152.31,"$36,402.09"
17110,434,0005,KEARNY RAMP,0116,502012M,,"TEST PILE, DRIVEN",239,LF,"ANSELMI & DECICCO, INC.",$100.00,"$23,900.00"
17110,434,0005,KEARNY RAMP,0116,502012M,,"TEST PILE, DRIVEN",239,LF,"UNION PAVING & CONSTRUCTION CO., INC.",$55.00,"$13,145.00"
17110,434,0005,KEARNY RAMP,0116,502012M,,"TEST PILE, DRIVEN",239,LF,"IEW CONSTRUCTION GROUP, INC.",$63.81,"$15,250.59"
17110,434,0005,KEARNY RAMP,0117,502013M,,"TEST PILE, INSTALLED",130,LF,"FERREIRA/TUTOR PERINI, JOINT VENTURE",$896.70,"$116,571.00"
17110,434,0005,KEARNY RAMP,0117,502013M,,"TEST PILE, INSTALLED",130,LF,"ANSELMI & DECICCO, INC.",$500.00,"$65,000.00"
17110,434,0005,KEARNY RAMP,0117,502013M,,"TEST PILE, INSTALLED",130,LF,"UNION PAVING & CONSTRUCTION CO., INC.",$250.00,"$32,500.00"
17110,434,0005,KEARNY RAMP,0117,502013M,,"TEST PILE, INSTALLED",130,LF,"IEW CONSTRUCTION GROUP, INC.",$290.04,"$37,705.20"
17110,434,0005,KEARNY RAMP,0118,502015M,,STATIC PILE LOAD TEST,1,U,"FERREIRA/TUTOR PERINI, JOINT VENTURE","$17,640.00","$17,640.00"
17110,434,0005,KEARNY RAMP,0118,502015M,,STATIC PILE LOAD TEST,1,U,"ANSELMI & DECICCO, INC.","$50,000.00","$50,000.00"
17110,434,0005,KEARNY RAMP,0118,502015M,,STATIC PILE LOAD TEST,1,U,"UNION PAVING & CONSTRUCTION CO., INC.","$45,000.00","$45,000.00"
17110,434,0005,KEARNY RAMP,0118,502015M,,STATIC PILE LOAD TEST,1,U,"IEW CONSTRUCTION GROUP, INC.","$52,206.70","$52,206.70"
17110,434,0005,KEARNY RAMP,0119,502016M,,MICROPILE,6,U,"FERREIRA/TUTOR PERINI, JOINT VENTURE","$48,412.00","$290,472.00"
17110,434,0005,KEARNY RAMP,0119,502016M,,MICROPILE,6,U,"ANSELMI & DECICCO, INC.","$50,000.00","$300,000.00"
17110,434,0005,KEARNY RAMP,0119,502016M,,MICROPILE,6,U,"UNION PAVING & CONSTRUCTION CO., INC.","$27,000.00","$162,000.00"
17110,434,0005,KEARNY RAMP,0119,502016M,,MICROPILE,6,U,"IEW CONSTRUCTION GROUP, INC.","$31,904.10","$191,424.60"
17110,434,0005,KEARNY RAMP,0120,502018M,,DYNAMIC PILE LOAD TEST,2,U,"FERREIRA/TUTOR PERINI, JOINT VENTURE","$3,250.00","$6,500.00"
17110,434,0005,KEARNY RAMP,0120,502018M,,DYNAMIC PILE LOAD TEST,2,U,"ANSELMI & DECICCO, INC.","$3,000.00","$6,000.00"
17110,434,0005,KEARNY RAMP,0120,502018M,,DYNAMIC PILE LOAD TEST,2,U,"UNION PAVING & CONSTRUCTION CO., INC.","$3,000.00","$6,000.00"
17110,434,0005,KEARNY RAMP,0120,502018M,,DYNAMIC PILE LOAD TEST,2,U,"IEW CONSTRUCTION GROUP, INC.","$3,190.41","$6,380.82"
17110,434,0005,KEARNY RAMP,0121,502172M,,"STEEL H-PILE, FURNISHED, HP 14 X 89","1,245",LF,"FERREIRA/TUTOR PERINI, JOINT VENTURE",$43.17,"$53,746.65"
17110,434,0005,KEARNY RAMP,0121,502172M,,"STEEL H-PILE, FURNISHED, HP 14 X 89","1,245",LF,"ANSELMI & DECICCO, INC.",$60.00,"$74,700.00"
17110,434,0005,KEARNY RAMP,0121,502172M,,"STEEL H-PILE, FURNISHED, HP 14 X 89","1,245",LF,"UNION PAVING & CONSTRUCTION CO., INC.",$45.00,"$56,025.00"
17110,434,0005,KEARNY RAMP,0121,502172M,,"STEEL H-PILE, FURNISHED, HP 14 X 89","1,245",LF,"IEW CONSTRUCTION GROUP, INC.",$51.05,"$63,557.25"
17110,434,0005,KEARNY RAMP,0122,502190M,,"STEEL H-PILE, DRIVEN, HP 14 X 89","1,195",LF,"FERREIRA/TUTOR PERINI, JOINT VENTURE",$73.63,"$87,987.85"
17110,434,0005,KEARNY RAMP,0122,502190M,,"STEEL H-PILE, DRIVEN, HP 14 X 89","1,195",LF,"ANSELMI & DECICCO, INC.",$80.00,"$95,600.00"
17110,434,0005,KEARNY RAMP,0122,502190M,,"STEEL H-PILE, DRIVEN, HP 14 X 89","1,195",LF,"UNION PAVING & CONSTRUCTION CO., INC.",$45.00,"$53,775.00"
17110,434,0005,KEARNY RAMP,0122,502190M,,"STEEL H-PILE, DRIVEN, HP 14 X 89","1,195",LF,"IEW CONSTRUCTION GROUP, INC.",$52.21,"$62,390.95"
17110,434,0005,KEARNY RAMP,0123,502204M,,SPLICE STEEL H-PILE,36,U,"FERREIRA/TUTOR PERINI, JOINT VENTURE","$2,416.27","$86,985.72"
17110,434,0005,KEARNY RAMP,0123,502204M,,SPLICE STEEL H-PILE,36,U,"ANSELMI & DECICCO, INC.",$500.00,"$18,000.00"
17110,434,0005,KEARNY RAMP,0123,502204M,,SPLICE STEEL H-PILE,36,U,"UNION PAVING & CONSTRUCTION CO., INC.","$1,200.00","$43,200.00"
17110,434,0005,KEARNY RAMP,0123,502204M,,SPLICE STEEL H-PILE,36,U,"IEW CONSTRUCTION GROUP, INC.","$1,392.18","$50,118.48"
17110,434,0005,KEARNY RAMP,0124,503003P,,FURNISHING DRILLED SHAFT EQUIPMENT,1,LS,"FERREIRA/TUTOR PERINI, JOINT VENTURE","$2,150,656.45","$2,150,656.45"
17110,434,0005,KEARNY RAMP,0124,503003P,,FURNISHING DRILLED SHAFT EQUIPMENT,1,LS,"ANSELMI & DECICCO, INC.","$750,000.00","$750,000.00"
17110,434,0005,KEARNY RAMP,0124,503003P,,FURNISHING DRILLED SHAFT EQUIPMENT,1,LS,"UNION PAVING & CONSTRUCTION CO., INC.","$200,000.00","$200,000.00"
17110,434,0005,KEARNY RAMP,0124,503003P,,FURNISHING DRILLED SHAFT EQUIPMENT,1,LS,"IEW CONSTRUCTION GROUP, INC.","$449,290.90","$449,290.90"
17110,434,0005,KEARNY RAMP,0125,503006M,,DEMONSTRATION DRILLED SHAFT,150,LF,"FERREIRA/TUTOR PERINI, JOINT VENTURE","$3,567.20","$535,080.00"
17110,434,0005,KEARNY RAMP,0125,503006M,,DEMONSTRATION DRILLED SHAFT,150,LF,"ANSELMI & DECICCO, INC.","$2,000.00","$300,000.00"
17110,434,0005,KEARNY RAMP,0125,503006M,,DEMONSTRATION DRILLED SHAFT,150,LF,"UNION PAVING & CONSTRUCTION CO., INC.","$4,000.00","$600,000.00"
17110,434,0005,KEARNY RAMP,0125,503006M,,DEMONSTRATION DRILLED SHAFT,150,LF,"IEW CONSTRUCTION GROUP, INC.","$2,127.71","$319,156.50"
17110,434,0005,KEARNY RAMP,0126,503009M,,LOAD TEST,1,U,"FERREIRA/TUTOR PERINI, JOINT VENTURE","$147,000.00","$147,000.00"
17110,434,0005,KEARNY RAMP,0126,503009M,,LOAD TEST,1,U,"ANSELMI & DECICCO, INC.","$250,000.00","$250,000.00"
17110,434,0005,KEARNY RAMP,0126,503009M,,LOAD TEST,1,U,"UNION PAVING & CONSTRUCTION CO., INC.","$140,000.00","$140,000.00"
17110,434,0005,KEARNY RAMP,0126,503009M,,LOAD TEST,1,U,"IEW CONSTRUCTION GROUP, INC.","$145,018.62","$145,018.62"
17110,434,0005,KEARNY RAMP,0127,503012M,,CROSSHOLE SONIC LOGGING,23,U,"FERREIRA/TUTOR PERINI, JOINT VENTURE","$5,978.00","$137,494.00"
17110,434,0005,KEARNY RAMP,0127,503012M,,CROSSHOLE SONIC LOGGING,23,U,"ANSELMI & DECICCO, INC.","$1,400.00","$32,200.00"
17110,434,0005,KEARNY RAMP,0127,503012M,,CROSSHOLE SONIC LOGGING,23,U,"UNION PAVING & CONSTRUCTION CO., INC.","$2,100.00","$48,300.00"
17110,434,0005,KEARNY RAMP,0127,503012M,,CROSSHOLE SONIC LOGGING,23,U,"IEW CONSTRUCTION GROUP, INC.","$1,740.22","$40,025.06"
17110,434,0005,KEARNY RAMP,0128,503015M,,SHAFT CORING,300,LF,"FERREIRA/TUTOR PERINI, JOINT VENTURE",$64.68,"$19,404.00"
17110,434,0005,KEARNY RAMP,0128,503015M,,SHAFT CORING,300,LF,"ANSELMI & DECICCO, INC.",$100.00,"$30,000.00"
17110,434,0005,KEARNY RAMP,0128,503015M,,SHAFT CORING,300,LF,"UNION PAVING & CONSTRUCTION CO., INC.",$465.00,"$139,500.00"
17110,434,0005,KEARNY RAMP,0128,503015M,,SHAFT CORING,300,LF,"IEW CONSTRUCTION GROUP, INC.",$122.98,"$36,894.00"
17110,434,0005,KEARNY RAMP,0129,503027M,,"DRILLED SHAFT IN SOIL 60"" DIAMETER","2,520",LF,"FERREIRA/TUTOR PERINI, JOINT VENTURE","$2,665.60","$6,717,312.00"
17110,434,0005,KEARNY RAMP,0129,503027M,,"DRILLED SHAFT IN SOIL 60"" DIAMETER","2,520",LF,"ANSELMI & DECICCO, INC.","$2,000.00","$5,040,000.00"
17110,434,0005,KEARNY RAMP,0129,503027M,,"DRILLED SHAFT IN SOIL 60"" DIAMETER","2,520",LF,"UNION PAVING & CONSTRUCTION CO., INC.","$1,900.00","$4,788,000.00"
17110,434,0005,KEARNY RAMP,0129,503027M,,"DRILLED SHAFT IN SOIL 60"" DIAMETER","2,520",LF,"IEW CONSTRUCTION GROUP, INC.","$2,101.03","$5,294,595.60"
17110,434,0005,KEARNY RAMP,0130,503039M,,"DRILLED SHAFT IN ROCK 54"" DIAMETER",345,LF,"FERREIRA/TUTOR PERINI, JOINT VENTURE","$4,694.20","$1,619,499.00"
17110,434,0005,KEARNY RAMP,0130,503039M,,"DRILLED SHAFT IN ROCK 54"" DIAMETER",345,LF,"ANSELMI & DECICCO, INC.","$3,500.00","$1,207,500.00"
17110,434,0005,KEARNY RAMP,0130,503039M,,"DRILLED SHAFT IN ROCK 54"" DIAMETER",345,LF,"UNION PAVING & CONSTRUCTION CO., INC.","$4,000.00","$1,380,000.00"
17110,434,0005,KEARNY RAMP,0130,503039M,,"DRILLED SHAFT IN ROCK 54"" DIAMETER",345,LF,"IEW CONSTRUCTION GROUP, INC.","$4,202.06","$1,449,710.70"
17110,434,0005,KEARNY RAMP,0131,503048M,,OBSTRUCTION REMOVAL,150,LF,"FERREIRA/TUTOR PERINI, JOINT VENTURE","$1,097.60","$164,640.00"
17110,434,0005,KEARNY RAMP,0131,503048M,,OBSTRUCTION REMOVAL,150,LF,"ANSELMI & DECICCO, INC.","$1,900.00","$285,000.00"
17110,434,0005,KEARNY RAMP,0131,503048M,,OBSTRUCTION REMOVAL,150,LF,"UNION PAVING & CONSTRUCTION CO., INC.","$1,150.00","$172,500.00"
17110,434,0005,KEARNY RAMP,0131,503048M,,OBSTRUCTION REMOVAL,150,LF,"IEW CONSTRUCTION GROUP, INC.","$2,224.01","$333,601.50"
17110,434,0005,KEARNY RAMP,0132,503051M,,TOMOGRAPHY,3,U,"FERREIRA/TUTOR PERINI, JOINT VENTURE","$7,252.00","$21,756.00"
17110,434,0005,KEARNY RAMP,0132,503051M,,TOMOGRAPHY,3,U,"ANSELMI & DECICCO, INC.","$2,500.00","$7,500.00"
17110,434,0005,KEARNY RAMP,0132,503051M,,TOMOGRAPHY,3,U,"UNION PAVING & CONSTRUCTION CO., INC.","$2,400.00","$7,200.00"
17110,434,0005,KEARNY RAMP,0132,503051M,,TOMOGRAPHY,3,U,"IEW CONSTRUCTION GROUP, INC.","$3,045.39","$9,136.17"
17110,434,0005,KEARNY RAMP,0133,504003P,,REINFORCEMENT STEEL,"278,100",LB,"FERREIRA/TUTOR PERINI, JOINT VENTURE",$1.75,"$486,675.00"
17110,434,0005,KEARNY RAMP,0133,504003P,,REINFORCEMENT STEEL,"278,100",LB,"ANSELMI & DECICCO, INC.",$3.00,"$834,300.00"
17110,434,0005,KEARNY RAMP,0133,504003P,,REINFORCEMENT STEEL,"278,100",LB,"UNION PAVING & CONSTRUCTION CO., INC.",$2.00,"$556,200.00"
17110,434,0005,KEARNY RAMP,0133,504003P,,REINFORCEMENT STEEL,"278,100",LB,"IEW CONSTRUCTION GROUP, INC.",$1.44,"$400,464.00"
17110,434,0005,KEARNY RAMP,0134,504006P,,"REINFORCEMENT STEEL, EPOXY-COATED","8,570",LB,"FERREIRA/TUTOR PERINI, JOINT VENTURE",$1.88,"$16,111.60"
17110,434,0005,KEARNY RAMP,0134,504006P,,"REINFORCEMENT STEEL, EPOXY-COATED","8,570",LB,"ANSELMI & DECICCO, INC.",$3.10,"$26,567.00"
17110,434,0005,KEARNY RAMP,0134,504006P,,"REINFORCEMENT STEEL, EPOXY-COATED","8,570",LB,"UNION PAVING & CONSTRUCTION CO., INC.",$2.00,"$17,140.00"
17110,434,0005,KEARNY RAMP,0134,504006P,,"REINFORCEMENT STEEL, EPOXY-COATED","8,570",LB,"IEW CONSTRUCTION GROUP, INC.",$1.45,"$12,426.50"
17110,434,0005,KEARNY RAMP,0135,504008P,,"REINFORCEMENT STEEL, STAINLESS STEEL","458,500",LB,"FERREIRA/TUTOR PERINI, JOINT VENTURE",$3.99,"$1,829,415.00"
17110,434,0005,KEARNY RAMP,0135,504008P,,"REINFORCEMENT STEEL, STAINLESS STEEL","458,500",LB,"ANSELMI & DECICCO, INC.",$3.25,"$1,490,125.00"
17110,434,0005,KEARNY RAMP,0135,504008P,,"REINFORCEMENT STEEL, STAINLESS STEEL","458,500",LB,"UNION PAVING & CONSTRUCTION CO., INC.",$3.50,"$1,604,750.00"
17110,434,0005,KEARNY RAMP,0135,504008P,,"REINFORCEMENT STEEL, STAINLESS STEEL","458,500",LB,"IEW CONSTRUCTION GROUP, INC.",$3.84,"$1,760,640.00"
17110,434,0005,KEARNY RAMP,0136,504015P,,CONCRETE FOOTING,"2,522",CY,"FERREIRA/TUTOR PERINI, JOINT VENTURE",$550.00,"$1,387,100.00"
17110,434,0005,KEARNY RAMP,0136,504015P,,CONCRETE FOOTING,"2,522",CY,"ANSELMI & DECICCO, INC.","$1,000.00","$2,522,000.00"
17110,434,0005,KEARNY RAMP,0136,504015P,,CONCRETE FOOTING,"2,522",CY,"UNION PAVING & CONSTRUCTION CO., INC.",$450.00,"$1,134,900.00"
17110,434,0005,KEARNY RAMP,0136,504015P,,CONCRETE FOOTING,"2,522",CY,"IEW CONSTRUCTION GROUP, INC.",$367.43,"$926,658.46"
17110,434,0005,KEARNY RAMP,0137,504027P,,CONCRETE PIER COLUMN AND CAP,"1,089",CY,"FERREIRA/TUTOR PERINI, JOINT VENTURE","$1,005.42","$1,094,902.38"
17110,434,0005,KEARNY RAMP,0137,504027P,,CONCRETE PIER COLUMN AND CAP,"1,089",CY,"ANSELMI & DECICCO, INC.",$800.00,"$871,200.00"
17110,434,0005,KEARNY RAMP,0137,504027P,,CONCRETE PIER COLUMN AND CAP,"1,089",CY,"UNION PAVING & CONSTRUCTION CO., INC.",$950.00,"$1,034,550.00"
17110,434,0005,KEARNY RAMP,0137,504027P,,CONCRETE PIER COLUMN AND CAP,"1,089",CY,"IEW CONSTRUCTION GROUP, INC.",$675.78,"$735,924.42"
17110,434,0005,KEARNY RAMP,0138,504036P,,EPOXY WATERPROOFING,166,SY,"FERREIRA/TUTOR PERINI, JOINT VENTURE",$50.00,"$8,300.00"
17110,434,0005,KEARNY RAMP,0138,504036P,,EPOXY WATERPROOFING,166,SY,"ANSELMI & DECICCO, INC.",$100.00,"$16,600.00"
17110,434,0005,KEARNY RAMP,0138,504036P,,EPOXY WATERPROOFING,166,SY,"UNION PAVING & CONSTRUCTION CO., INC.",$50.00,"$8,300.00"
17110,434,0005,KEARNY RAMP,0138,504036P,,EPOXY WATERPROOFING,166,SY,"IEW CONSTRUCTION GROUP, INC.",$87.01,"$14,443.66"
17110,434,0005,KEARNY RAMP,0139,506003P,,"STRUCTURAL STEEL (APPROX. 3,265,000 LBS)",1,LS,"FERREIRA/TUTOR PERINI, JOINT VENTURE","$14,681,102.96","$14,681,102.96"
17110,434,0005,KEARNY RAMP,0139,506003P,,"STRUCTURAL STEEL (APPROX. 3,265,000 LBS)",1,LS,"ANSELMI & DECICCO, INC.","$14,400,000.00","$14,400,000.00"
17110,434,0005,KEARNY RAMP,0139,506003P,,"STRUCTURAL STEEL (APPROX. 3,265,000 LBS)",1,LS,"UNION PAVING & CONSTRUCTION CO., INC.","$19,525,000.00","$19,525,000.00"
17110,434,0005,KEARNY RAMP,0139,506003P,,"STRUCTURAL STEEL (APPROX. 3,265,000 LBS)",1,LS,"IEW CONSTRUCTION GROUP, INC.","$43,240,000.00","$43,240,000.00"
17110,434,0005,KEARNY RAMP,0140,506009M,,STRUCTURAL BEARING ASSEMBLY,4,U,"FERREIRA/TUTOR PERINI, JOINT VENTURE","$50,216.51","$200,866.04"
17110,434,0005,KEARNY RAMP,0140,506009M,,STRUCTURAL BEARING ASSEMBLY,4,U,"ANSELMI & DECICCO, INC.","$25,000.00","$100,000.00"
17110,434,0005,KEARNY RAMP,0140,506009M,,STRUCTURAL BEARING ASSEMBLY,4,U,"UNION PAVING & CONSTRUCTION CO., INC.","$55,000.00","$220,000.00"
17110,434,0005,KEARNY RAMP,0140,506009M,,STRUCTURAL BEARING ASSEMBLY,4,U,"IEW CONSTRUCTION GROUP, INC.","$313,579.67","$1,254,318.68"
17110,434,0005,KEARNY RAMP,0141,506010M,,HIGH LOAD MULTIROTATIONAL BEARING ASSEMBLY,10,U,"FERREIRA/TUTOR PERINI, JOINT VENTURE","$7,899.83","$78,998.30"
17110,434,0005,KEARNY RAMP,0141,506010M,,HIGH LOAD MULTIROTATIONAL BEARING ASSEMBLY,10,U,"ANSELMI & DECICCO, INC.","$4,000.00","$40,000.00"
17110,434,0005,KEARNY RAMP,0141,506010M,,HIGH LOAD MULTIROTATIONAL BEARING ASSEMBLY,10,U,"UNION PAVING & CONSTRUCTION CO., INC.","$5,500.00","$55,000.00"
17110,434,0005,KEARNY RAMP,0141,506010M,,HIGH LOAD MULTIROTATIONAL BEARING ASSEMBLY,10,U,"IEW CONSTRUCTION GROUP, INC.","$11,206.02","$112,060.20"
17110,434,0005,KEARNY RAMP,0142,506012P,,SHEAR CONNECTOR,"58,350",U,"FERREIRA/TUTOR PERINI, JOINT VENTURE",$7.20,"$420,120.00"
17110,434,0005,KEARNY RAMP,0142,506012P,,SHEAR CONNECTOR,"58,350",U,"ANSELMI & DECICCO, INC.",$5.00,"$291,750.00"
17110,434,0005,KEARNY RAMP,0142,506012P,,SHEAR CONNECTOR,"58,350",U,"UNION PAVING & CONSTRUCTION CO., INC.",$8.00,"$466,800.00"
17110,434,0005,KEARNY RAMP,0142,506012P,,SHEAR CONNECTOR,"58,350",U,"IEW CONSTRUCTION GROUP, INC.",$8.35,"$487,222.50"
17110,434,0005,KEARNY RAMP,0143,506041P,,"STRUCTURAL STEEL REPAIR, TYPE 1",310,LB,"FERREIRA/TUTOR PERINI, JOINT VENTURE",$237.11,"$73,504.10"
17110,434,0005,KEARNY RAMP,0143,506041P,,"STRUCTURAL STEEL REPAIR, TYPE 1",310,LB,"ANSELMI & DECICCO, INC.",$100.00,"$31,000.00"
17110,434,0005,KEARNY RAMP,0143,506041P,,"STRUCTURAL STEEL REPAIR, TYPE 1",310,LB,"UNION PAVING & CONSTRUCTION CO., INC.",$80.00,"$24,800.00"
17110,434,0005,KEARNY RAMP,0143,506041P,,"STRUCTURAL STEEL REPAIR, TYPE 1",310,LB,"IEW CONSTRUCTION GROUP, INC.",$35.07,"$10,871.70"
17110,434,0005,KEARNY RAMP,0144,507015P,,STRIP SEAL EXPANSION JOINT ASSEMBLY,26,LF,"FERREIRA/TUTOR PERINI, JOINT VENTURE","$1,014.61","$26,379.86"
17110,434,0005,KEARNY RAMP,0144,507015P,,STRIP SEAL EXPANSION JOINT ASSEMBLY,26,LF,"ANSELMI & DECICCO, INC.",$450.00,"$11,700.00"
17110,434,0005,KEARNY RAMP,0144,507015P,,STRIP SEAL EXPANSION JOINT ASSEMBLY,26,LF,"UNION PAVING & CONSTRUCTION CO., INC.",$500.00,"$13,000.00"
17110,434,0005,KEARNY RAMP,0144,507015P,,STRIP SEAL EXPANSION JOINT ASSEMBLY,26,LF,"IEW CONSTRUCTION GROUP, INC.",$662.65,"$17,228.90"
17110,434,0005,KEARNY RAMP,0145,507018P,,MODULAR EXPANSION JOINT ASSEMBLY,72,LF,"FERREIRA/TUTOR PERINI, JOINT VENTURE","$2,957.36","$212,929.92"
17110,434,0005,KEARNY RAMP,0145,507018P,,MODULAR EXPANSION JOINT ASSEMBLY,72,LF,"ANSELMI & DECICCO, INC.","$2,500.00","$180,000.00"
17110,434,0005,KEARNY RAMP,0145,507018P,,MODULAR EXPANSION JOINT ASSEMBLY,72,LF,"UNION PAVING & CONSTRUCTION CO., INC.","$3,000.00","$216,000.00"
17110,434,0005,KEARNY RAMP,0145,507018P,,MODULAR EXPANSION JOINT ASSEMBLY,72,LF,"IEW CONSTRUCTION GROUP, INC.","$2,689.35","$193,633.20"
17110,434,0005,KEARNY RAMP,0146,507024P,,"CONCRETE BRIDGE DECK, HPC",635,CY,"FERREIRA/TUTOR PERINI, JOINT VENTURE","$1,145.34","$727,290.90"
17110,434,0005,KEARNY RAMP,0146,507024P,,"CONCRETE BRIDGE DECK, HPC",635,CY,"ANSELMI & DECICCO, INC.",$800.00,"$508,000.00"
17110,434,0005,KEARNY RAMP,0146,507024P,,"CONCRETE BRIDGE DECK, HPC",635,CY,"UNION PAVING & CONSTRUCTION CO., INC.","$2,000.00","$1,270,000.00"
17110,434,0005,KEARNY RAMP,0146,507024P,,"CONCRETE BRIDGE DECK, HPC",635,CY,"IEW CONSTRUCTION GROUP, INC.","$1,650.51","$1,048,073.85"
17110,434,0005,KEARNY RAMP,0147,507051P,,CONCRETE BRIDGE APPROACH,42,CY,"FERREIRA/TUTOR PERINI, JOINT VENTURE","$1,350.00","$56,700.00"
17110,434,0005,KEARNY RAMP,0147,507051P,,CONCRETE BRIDGE APPROACH,42,CY,"ANSELMI & DECICCO, INC.",$800.00,"$33,600.00"
17110,434,0005,KEARNY RAMP,0147,507051P,,CONCRETE BRIDGE APPROACH,42,CY,"UNION PAVING & CONSTRUCTION CO., INC.","$1,000.00","$42,000.00"
17110,434,0005,KEARNY RAMP,0147,507051P,,CONCRETE BRIDGE APPROACH,42,CY,"IEW CONSTRUCTION GROUP, INC.","$1,372.46","$57,643.32"
17110,434,0005,KEARNY RAMP,0148,507127P,,"CONCRETE BRIDGE DECK, HPC, LIGHTWEIGHT CONCRETE",709,CY,"FERREIRA/TUTOR PERINI, JOINT VENTURE","$1,133.95","$803,970.55"
17110,434,0005,KEARNY RAMP,0148,507127P,,"CONCRETE BRIDGE DECK, HPC, LIGHTWEIGHT CONCRETE",709,CY,"ANSELMI & DECICCO, INC.",$900.00,"$638,100.00"
17110,434,0005,KEARNY RAMP,0148,507127P,,"CONCRETE BRIDGE DECK, HPC, LIGHTWEIGHT CONCRETE",709,CY,"UNION PAVING & CONSTRUCTION CO., INC.","$2,000.00","$1,418,000.00"
17110,434,0005,KEARNY RAMP,0148,507127P,,"CONCRETE BRIDGE DECK, HPC, LIGHTWEIGHT CONCRETE",709,CY,"IEW CONSTRUCTION GROUP, INC.","$1,419.56","$1,006,468.04"
17110,434,0005,KEARNY RAMP,0149,508006M,,SCUPPER,22,U,"FERREIRA/TUTOR PERINI, JOINT VENTURE","$1,294.76","$28,484.72"
17110,434,0005,KEARNY RAMP,0149,508006M,,SCUPPER,22,U,"ANSELMI & DECICCO, INC.","$3,000.00","$66,000.00"
17110,434,0005,KEARNY RAMP,0149,508006M,,SCUPPER,22,U,"UNION PAVING & CONSTRUCTION CO., INC.","$4,000.00","$88,000.00"
17110,434,0005,KEARNY RAMP,0149,508006M,,SCUPPER,22,U,"IEW CONSTRUCTION GROUP, INC.","$2,413.60","$53,099.20"
17110,434,0005,KEARNY RAMP,0150,508902P,,"_____"" FIBERGLASS PIPE 8""","1,075",LF,"FERREIRA/TUTOR PERINI, JOINT VENTURE",$312.65,"$336,098.75"
17110,434,0005,KEARNY RAMP,0150,508902P,,"_____"" FIBERGLASS PIPE 8""","1,075",LF,"ANSELMI & DECICCO, INC.",$250.00,"$268,750.00"
17110,434,0005,KEARNY RAMP,0150,508902P,,"_____"" FIBERGLASS PIPE 8""","1,075",LF,"UNION PAVING & CONSTRUCTION CO., INC.",$180.00,"$193,500.00"
17110,434,0005,KEARNY RAMP,0150,508902P,,"_____"" FIBERGLASS PIPE 8""","1,075",LF,"IEW CONSTRUCTION GROUP, INC.",$631.09,"$678,421.75"
17110,434,0005,KEARNY RAMP,0151,508902P,,"_____"" FIBERGLASS PIPE 12""",190,LF,"FERREIRA/TUTOR PERINI, JOINT VENTURE",$349.00,"$66,310.00"
17110,434,0005,KEARNY RAMP,0151,508902P,,"_____"" FIBERGLASS PIPE 12""",190,LF,"ANSELMI & DECICCO, INC.",$300.00,"$57,000.00"
17110,434,0005,KEARNY RAMP,0151,508902P,,"_____"" FIBERGLASS PIPE 12""",190,LF,"UNION PAVING & CONSTRUCTION CO., INC.",$150.00,"$28,500.00"
17110,434,0005,KEARNY RAMP,0151,508902P,,"_____"" FIBERGLASS PIPE 12""",190,LF,"IEW CONSTRUCTION GROUP, INC.",$658.29,"$125,075.10"
17110,434,0005,KEARNY RAMP,0152,509010P,,"STEEL BRIDGE RAILIN, TWO-RAIL","3,080",LF,"FERREIRA/TUTOR PERINI, JOINT VENTURE",$210.00,"$646,800.00"
17110,434,0005,KEARNY RAMP,0152,509010P,,"STEEL BRIDGE RAILIN, TWO-RAIL","3,080",LF,"ANSELMI & DECICCO, INC.",$200.00,"$616,000.00"
17110,434,0005,KEARNY RAMP,0152,509010P,,"STEEL BRIDGE RAILIN, TWO-RAIL","3,080",LF,"UNION PAVING & CONSTRUCTION CO., INC.",$225.00,"$693,000.00"
17110,434,0005,KEARNY RAMP,0152,509010P,,"STEEL BRIDGE RAILIN, TWO-RAIL","3,080",LF,"IEW CONSTRUCTION GROUP, INC.",$272.70,"$839,916.00"
17110,434,0005,KEARNY RAMP,0153,509100P,,ORNAMENTAL RAILING,"1,960",LF,"FERREIRA/TUTOR PERINI, JOINT VENTURE",$302.88,"$593,644.80"
17110,434,0005,KEARNY RAMP,0153,509100P,,ORNAMENTAL RAILING,"1,960",LF,"ANSELMI & DECICCO, INC.",$150.00,"$294,000.00"
17110,434,0005,KEARNY RAMP,0153,509100P,,ORNAMENTAL RAILING,"1,960",LF,"UNION PAVING & CONSTRUCTION CO., INC.",$285.00,"$558,600.00"
17110,434,0005,KEARNY RAMP,0153,509100P,,ORNAMENTAL RAILING,"1,960",LF,"IEW CONSTRUCTION GROUP, INC.",$226.23,"$443,410.80"
17110,434,0005,KEARNY RAMP,0154,514015P,,TEMPORARY SUPPORT (PIER 76),1,LS,"FERREIRA/TUTOR PERINI, JOINT VENTURE","$3,763,936.79","$3,763,936.79"
17110,434,0005,KEARNY RAMP,0154,514015P,,TEMPORARY SUPPORT (PIER 76),1,LS,"ANSELMI & DECICCO, INC.","$2,800,000.00","$2,800,000.00"
17110,434,0005,KEARNY RAMP,0154,514015P,,TEMPORARY SUPPORT (PIER 76),1,LS,"UNION PAVING & CONSTRUCTION CO., INC.","$2,500,000.00","$2,500,000.00"
17110,434,0005,KEARNY RAMP,0154,514015P,,TEMPORARY SUPPORT (PIER 76),1,LS,"IEW CONSTRUCTION GROUP, INC.","$1,458,912.25","$1,458,912.25"
17110,434,0005,KEARNY RAMP,0155,514015P,,TEMPORARY SUPPORT (PIRE 77),1,LS,"FERREIRA/TUTOR PERINI, JOINT VENTURE","$614,741.21","$614,741.21"
17110,434,0005,KEARNY RAMP,0155,514015P,,TEMPORARY SUPPORT (PIRE 77),1,LS,"ANSELMI & DECICCO, INC.","$2,800,000.00","$2,800,000.00"
17110,434,0005,KEARNY RAMP,0155,514015P,,TEMPORARY SUPPORT (PIRE 77),1,LS,"UNION PAVING & CONSTRUCTION CO., INC.","$2,500,000.00","$2,500,000.00"
17110,434,0005,KEARNY RAMP,0155,514015P,,TEMPORARY SUPPORT (PIRE 77),1,LS,"IEW CONSTRUCTION GROUP, INC.","$1,458,912.25","$1,458,912.25"
17110,434,0005,KEARNY RAMP,0156,554003P,,POLLUTION CONTROL SYSTEM,1,LS,"FERREIRA/TUTOR PERINI, JOINT VENTURE","$35,000.00","$35,000.00"
17110,434,0005,KEARNY RAMP,0156,554003P,,POLLUTION CONTROL SYSTEM,1,LS,"ANSELMI & DECICCO, INC.","$12,000.00","$12,000.00"
17110,434,0005,KEARNY RAMP,0156,554003P,,POLLUTION CONTROL SYSTEM,1,LS,"UNION PAVING & CONSTRUCTION CO., INC.","$35,000.00","$35,000.00"
17110,434,0005,KEARNY RAMP,0156,554003P,,POLLUTION CONTROL SYSTEM,1,LS,"IEW CONSTRUCTION GROUP, INC.","$40,605.21","$40,605.21"
17110,434,0005,KEARNY RAMP,0157,554009P,,NEAR-WHITE BLAST CLEANING AND PAINTING,1,LS,"FERREIRA/TUTOR PERINI, JOINT VENTURE","$1,681,000.00","$1,681,000.00"
17110,434,0005,KEARNY RAMP,0157,554009P,,NEAR-WHITE BLAST CLEANING AND PAINTING,1,LS,"ANSELMI & DECICCO, INC.","$1,500,000.00","$1,500,000.00"
17110,434,0005,KEARNY RAMP,0157,554009P,,NEAR-WHITE BLAST CLEANING AND PAINTING,1,LS,"UNION PAVING & CONSTRUCTION CO., INC.","$575,000.00","$575,000.00"
17110,434,0005,KEARNY RAMP,0157,554009P,,NEAR-WHITE BLAST CLEANING AND PAINTING,1,LS,"IEW CONSTRUCTION GROUP, INC.","$2,059,264.47","$2,059,264.47"
17110,434,0005,KEARNY RAMP,0158,558005P,,RIVET REPLACEMENT,100,U,"FERREIRA/TUTOR PERINI, JOINT VENTURE",$264.69,"$26,469.00"
17110,434,0005,KEARNY RAMP,0158,558005P,,RIVET REPLACEMENT,100,U,"ANSELMI & DECICCO, INC.",$500.00,"$50,000.00"
17110,434,0005,KEARNY RAMP,0158,558005P,,RIVET REPLACEMENT,100,U,"UNION PAVING & CONSTRUCTION CO., INC.",$275.00,"$27,500.00"
17110,434,0005,KEARNY RAMP,0158,558005P,,RIVET REPLACEMENT,100,U,"IEW CONSTRUCTION GROUP, INC.",$147.60,"$14,760.00"
17110,434,0005,KEARNY RAMP,0159,603017P,,"RIP RAP STONE SLOPE PROTECTION, 12"" THICK (D50=6"") (D50=6"")",26,SY,"FERREIRA/TUTOR PERINI, JOINT VENTURE",$112.24,"$2,918.24"
17110,434,0005,KEARNY RAMP,0159,603017P,,"RIP RAP STONE SLOPE PROTECTION, 12"" THICK (D50=6"") (D50=6"")",26,SY,"ANSELMI & DECICCO, INC.",$85.00,"$2,210.00"
17110,434,0005,KEARNY RAMP,0159,603017P,,"RIP RAP STONE SLOPE PROTECTION, 12"" THICK (D50=6"") (D50=6"")",26,SY,"UNION PAVING & CONSTRUCTION CO., INC.",$80.00,"$2,080.00"
17110,434,0005,KEARNY RAMP,0159,603017P,,"RIP RAP STONE SLOPE PROTECTION, 12"" THICK (D50=6"") (D50=6"")",26,SY,"IEW CONSTRUCTION GROUP, INC.",$275.17,"$7,154.42"
17110,434,0001,ROADWAY,0160,162005P,,VIBRATION MONITORING,1,LS,"FERREIRA/TUTOR PERINI, JOINT VENTURE","$50,000.00","$50,000.00"
17110,434,0001,ROADWAY,0160,162005P,,VIBRATION MONITORING,1,LS,"ANSELMI & DECICCO, INC.","$200,000.00","$200,000.00"
17110,434,0001,ROADWAY,0160,162005P,,VIBRATION MONITORING,1,LS,"UNION PAVING & CONSTRUCTION CO., INC.","$400,000.00","$400,000.00"
17110,434,0001,ROADWAY,0160,162005P,,VIBRATION MONITORING,1,LS,"IEW CONSTRUCTION GROUP, INC.","$145,697.32","$145,697.32"