Proposal,Call Order,Section Number,Section Description,Line,Item,Alternate Code,Item Description,Quantity,Unit,Vendor Name,Unit Price,Extension
17131,131,0001,ROADWAY,0001,151006M,,PERFORMANCE BOND AND PAYMENT BOND,1,DOLL,"SOUTH STATE, INC.","$12,000.00","$12,000.00"
17131,131,0001,ROADWAY,0001,151006M,,PERFORMANCE BOND AND PAYMENT BOND,1,DOLL,"IEW CONSTRUCTION GROUP, INC.","$21,503.09","$21,503.09"
17131,131,0001,ROADWAY,0001,151006M,,PERFORMANCE BOND AND PAYMENT BOND,1,DOLL,EARLE ASPHALT COMPANY,"$20,700.00","$20,700.00"
17131,131,0001,ROADWAY,0001,151006M,,PERFORMANCE BOND AND PAYMENT BOND,1,DOLL,"RENCOR, INC.","$40,000.00","$40,000.00"
17131,131,0001,ROADWAY,0001,151006M,,PERFORMANCE BOND AND PAYMENT BOND,1,DOLL,"ANSELMI & DECICCO, INC.","$26,000.00","$26,000.00"
17131,131,0001,ROADWAY,0001,151006M,,PERFORMANCE BOND AND PAYMENT BOND,1,DOLL,"GREEN CONSTRUCTION, INC.","$26,053.40","$26,053.40"
17131,131,0001,ROADWAY,0001,151006M,,PERFORMANCE BOND AND PAYMENT BOND,1,DOLL,"MIDLANTIC CONSTRUCTION, LLC","$20,000.00","$20,000.00"
17131,131,0003,NON-PARTICIPATING (ROADWAY),0002,152004P,,OWNER'S AND CONTRACTOR'S PROTECTIVE LIABILITY INSURANCE,1,DOLL,"SOUTH STATE, INC.","$3,500.00","$3,500.00"
17131,131,0003,NON-PARTICIPATING (ROADWAY),0002,152004P,,OWNER'S AND CONTRACTOR'S PROTECTIVE LIABILITY INSURANCE,1,DOLL,"IEW CONSTRUCTION GROUP, INC.","$5,194.11","$5,194.11"
17131,131,0003,NON-PARTICIPATING (ROADWAY),0002,152004P,,OWNER'S AND CONTRACTOR'S PROTECTIVE LIABILITY INSURANCE,1,DOLL,EARLE ASPHALT COMPANY,"$6,136.13","$6,136.13"
17131,131,0003,NON-PARTICIPATING (ROADWAY),0002,152004P,,OWNER'S AND CONTRACTOR'S PROTECTIVE LIABILITY INSURANCE,1,DOLL,"RENCOR, INC.","$5,000.00","$5,000.00"
17131,131,0003,NON-PARTICIPATING (ROADWAY),0002,152004P,,OWNER'S AND CONTRACTOR'S PROTECTIVE LIABILITY INSURANCE,1,DOLL,"ANSELMI & DECICCO, INC.","$9,000.00","$9,000.00"
17131,131,0003,NON-PARTICIPATING (ROADWAY),0002,152004P,,OWNER'S AND CONTRACTOR'S PROTECTIVE LIABILITY INSURANCE,1,DOLL,"GREEN CONSTRUCTION, INC.",$0.01,$0.01
17131,131,0003,NON-PARTICIPATING (ROADWAY),0002,152004P,,OWNER'S AND CONTRACTOR'S PROTECTIVE LIABILITY INSURANCE,1,DOLL,"MIDLANTIC CONSTRUCTION, LLC","$8,000.00","$8,000.00"
17131,131,0003,NON-PARTICIPATING (ROADWAY),0003,152015P,,POLLUTION LIABILITY INSURANCE,1,DOLL,"SOUTH STATE, INC.",$1.00,$1.00
17131,131,0003,NON-PARTICIPATING (ROADWAY),0003,152015P,,POLLUTION LIABILITY INSURANCE,1,DOLL,"IEW CONSTRUCTION GROUP, INC.","$17,934.62","$17,934.62"
17131,131,0003,NON-PARTICIPATING (ROADWAY),0003,152015P,,POLLUTION LIABILITY INSURANCE,1,DOLL,EARLE ASPHALT COMPANY,$1.00,$1.00
17131,131,0003,NON-PARTICIPATING (ROADWAY),0003,152015P,,POLLUTION LIABILITY INSURANCE,1,DOLL,"RENCOR, INC.","$14,500.00","$14,500.00"
17131,131,0003,NON-PARTICIPATING (ROADWAY),0003,152015P,,POLLUTION LIABILITY INSURANCE,1,DOLL,"ANSELMI & DECICCO, INC.","$9,000.00","$9,000.00"
17131,131,0003,NON-PARTICIPATING (ROADWAY),0003,152015P,,POLLUTION LIABILITY INSURANCE,1,DOLL,"GREEN CONSTRUCTION, INC.",$0.01,$0.01
17131,131,0003,NON-PARTICIPATING (ROADWAY),0003,152015P,,POLLUTION LIABILITY INSURANCE,1,DOLL,"MIDLANTIC CONSTRUCTION, LLC","$7,000.00","$7,000.00"
17131,131,0001,ROADWAY,0004,153003P,,PROGRESS SCHEDULE,1,LS,"SOUTH STATE, INC.","$2,500.00","$2,500.00"
17131,131,0001,ROADWAY,0004,153003P,,PROGRESS SCHEDULE,1,LS,"IEW CONSTRUCTION GROUP, INC.",$1.02,$1.02
17131,131,0001,ROADWAY,0004,153003P,,PROGRESS SCHEDULE,1,LS,EARLE ASPHALT COMPANY,"$7,500.00","$7,500.00"
17131,131,0001,ROADWAY,0004,153003P,,PROGRESS SCHEDULE,1,LS,"RENCOR, INC.","$9,670.00","$9,670.00"
17131,131,0001,ROADWAY,0004,153003P,,PROGRESS SCHEDULE,1,LS,"ANSELMI & DECICCO, INC.","$2,500.00","$2,500.00"
17131,131,0001,ROADWAY,0004,153003P,,PROGRESS SCHEDULE,1,LS,"GREEN CONSTRUCTION, INC.","$7,500.00","$7,500.00"
17131,131,0001,ROADWAY,0004,153003P,,PROGRESS SCHEDULE,1,LS,"MIDLANTIC CONSTRUCTION, LLC","$10,000.00","$10,000.00"
17131,131,0001,ROADWAY,0005,153005M,,PROGRESS SCHEDULE UPDATE,10,U,"SOUTH STATE, INC.",$600.00,"$6,000.00"
17131,131,0001,ROADWAY,0005,153005M,,PROGRESS SCHEDULE UPDATE,10,U,"IEW CONSTRUCTION GROUP, INC.",$1.02,$10.20
17131,131,0001,ROADWAY,0005,153005M,,PROGRESS SCHEDULE UPDATE,10,U,EARLE ASPHALT COMPANY,$250.00,"$2,500.00"
17131,131,0001,ROADWAY,0005,153005M,,PROGRESS SCHEDULE UPDATE,10,U,"RENCOR, INC.",$600.00,"$6,000.00"
17131,131,0001,ROADWAY,0005,153005M,,PROGRESS SCHEDULE UPDATE,10,U,"ANSELMI & DECICCO, INC.",$450.00,"$4,500.00"
17131,131,0001,ROADWAY,0005,153005M,,PROGRESS SCHEDULE UPDATE,10,U,"GREEN CONSTRUCTION, INC.",$750.00,"$7,500.00"
17131,131,0001,ROADWAY,0005,153005M,,PROGRESS SCHEDULE UPDATE,10,U,"MIDLANTIC CONSTRUCTION, LLC",$1.00,$10.00
17131,131,0001,ROADWAY,0006,154003P,,MOBILIZATION,1,LS,"SOUTH STATE, INC.","$288,000.00","$288,000.00"
17131,131,0001,ROADWAY,0006,154003P,,MOBILIZATION,1,LS,"IEW CONSTRUCTION GROUP, INC.","$342,000.00","$342,000.00"
17131,131,0001,ROADWAY,0006,154003P,,MOBILIZATION,1,LS,EARLE ASPHALT COMPANY,"$350,000.00","$350,000.00"
17131,131,0001,ROADWAY,0006,154003P,,MOBILIZATION,1,LS,"RENCOR, INC.","$400,000.00","$400,000.00"
17131,131,0001,ROADWAY,0006,154003P,,MOBILIZATION,1,LS,"ANSELMI & DECICCO, INC.","$444,000.00","$444,000.00"
17131,131,0001,ROADWAY,0006,154003P,,MOBILIZATION,1,LS,"GREEN CONSTRUCTION, INC.","$748,439.42","$748,439.42"
17131,131,0001,ROADWAY,0006,154003P,,MOBILIZATION,1,LS,"MIDLANTIC CONSTRUCTION, LLC","$470,000.00","$470,000.00"
17131,131,0002,CONSTRUCTION ENGINEERING,0007,155006M,,FIELD OFFICE TYPE B SET UP,1,U,"SOUTH STATE, INC.","$25,000.00","$25,000.00"
17131,131,0002,CONSTRUCTION ENGINEERING,0007,155006M,,FIELD OFFICE TYPE B SET UP,1,U,"IEW CONSTRUCTION GROUP, INC.","$16,833.46","$16,833.46"
17131,131,0002,CONSTRUCTION ENGINEERING,0007,155006M,,FIELD OFFICE TYPE B SET UP,1,U,EARLE ASPHALT COMPANY,"$15,000.00","$15,000.00"
17131,131,0002,CONSTRUCTION ENGINEERING,0007,155006M,,FIELD OFFICE TYPE B SET UP,1,U,"RENCOR, INC.","$30,000.00","$30,000.00"
17131,131,0002,CONSTRUCTION ENGINEERING,0007,155006M,,FIELD OFFICE TYPE B SET UP,1,U,"ANSELMI & DECICCO, INC.","$75,000.00","$75,000.00"
17131,131,0002,CONSTRUCTION ENGINEERING,0007,155006M,,FIELD OFFICE TYPE B SET UP,1,U,"GREEN CONSTRUCTION, INC.","$4,000.00","$4,000.00"
17131,131,0002,CONSTRUCTION ENGINEERING,0007,155006M,,FIELD OFFICE TYPE B SET UP,1,U,"MIDLANTIC CONSTRUCTION, LLC","$45,500.00","$45,500.00"
17131,131,0002,CONSTRUCTION ENGINEERING,0008,155024M,,FIELD OFFICE TYPE B MAINTENANCE,15,MO,"SOUTH STATE, INC.",$500.00,"$7,500.00"
17131,131,0002,CONSTRUCTION ENGINEERING,0008,155024M,,FIELD OFFICE TYPE B MAINTENANCE,15,MO,"IEW CONSTRUCTION GROUP, INC.","$3,527.44","$52,911.60"
17131,131,0002,CONSTRUCTION ENGINEERING,0008,155024M,,FIELD OFFICE TYPE B MAINTENANCE,15,MO,EARLE ASPHALT COMPANY,"$3,200.00","$48,000.00"
17131,131,0002,CONSTRUCTION ENGINEERING,0008,155024M,,FIELD OFFICE TYPE B MAINTENANCE,15,MO,"RENCOR, INC.",$920.00,"$13,800.00"
17131,131,0002,CONSTRUCTION ENGINEERING,0008,155024M,,FIELD OFFICE TYPE B MAINTENANCE,15,MO,"ANSELMI & DECICCO, INC.","$4,000.00","$60,000.00"
17131,131,0002,CONSTRUCTION ENGINEERING,0008,155024M,,FIELD OFFICE TYPE B MAINTENANCE,15,MO,"GREEN CONSTRUCTION, INC.","$3,100.00","$46,500.00"
17131,131,0002,CONSTRUCTION ENGINEERING,0008,155024M,,FIELD OFFICE TYPE B MAINTENANCE,15,MO,"MIDLANTIC CONSTRUCTION, LLC","$5,200.00","$78,000.00"
17131,131,0001,ROADWAY,0009,157004M,,CONSTRUCTION LAYOUT,1,DOLL,"SOUTH STATE, INC.","$20,000.00","$20,000.00"
17131,131,0001,ROADWAY,0009,157004M,,CONSTRUCTION LAYOUT,1,DOLL,"IEW CONSTRUCTION GROUP, INC.","$82,000.00","$82,000.00"
17131,131,0001,ROADWAY,0009,157004M,,CONSTRUCTION LAYOUT,1,DOLL,EARLE ASPHALT COMPANY,"$50,000.00","$50,000.00"
17131,131,0001,ROADWAY,0009,157004M,,CONSTRUCTION LAYOUT,1,DOLL,"RENCOR, INC.","$21,500.00","$21,500.00"
17131,131,0001,ROADWAY,0009,157004M,,CONSTRUCTION LAYOUT,1,DOLL,"ANSELMI & DECICCO, INC.","$737,362.30","$737,362.30"
17131,131,0001,ROADWAY,0009,157004M,,CONSTRUCTION LAYOUT,1,DOLL,"GREEN CONSTRUCTION, INC.","$75,000.00","$75,000.00"
17131,131,0001,ROADWAY,0009,157004M,,CONSTRUCTION LAYOUT,1,DOLL,"MIDLANTIC CONSTRUCTION, LLC","$65,000.00","$65,000.00"
17131,131,0004,EROSION CONTROL,0010,158006M,,SILT FENCE,591,LF,"SOUTH STATE, INC.",$4.00,"$2,364.00"
17131,131,0004,EROSION CONTROL,0010,158006M,,SILT FENCE,591,LF,"IEW CONSTRUCTION GROUP, INC.",$4.57,"$2,700.87"
17131,131,0004,EROSION CONTROL,0010,158006M,,SILT FENCE,591,LF,EARLE ASPHALT COMPANY,$3.00,"$1,773.00"
17131,131,0004,EROSION CONTROL,0010,158006M,,SILT FENCE,591,LF,"RENCOR, INC.",$5.00,"$2,955.00"
17131,131,0004,EROSION CONTROL,0010,158006M,,SILT FENCE,591,LF,"ANSELMI & DECICCO, INC.",$5.00,"$2,955.00"
17131,131,0004,EROSION CONTROL,0010,158006M,,SILT FENCE,591,LF,"GREEN CONSTRUCTION, INC.",$7.00,"$4,137.00"
17131,131,0004,EROSION CONTROL,0010,158006M,,SILT FENCE,591,LF,"MIDLANTIC CONSTRUCTION, LLC",$10.00,"$5,910.00"
17131,131,0004,EROSION CONTROL,0011,158030M,,"INLET FILTER TYPE 2, 2' X 4'",1,U,"SOUTH STATE, INC.",$50.00,$50.00
17131,131,0004,EROSION CONTROL,0011,158030M,,"INLET FILTER TYPE 2, 2' X 4'",1,U,"IEW CONSTRUCTION GROUP, INC.",$203.44,$203.44
17131,131,0004,EROSION CONTROL,0011,158030M,,"INLET FILTER TYPE 2, 2' X 4'",1,U,EARLE ASPHALT COMPANY,$100.00,$100.00
17131,131,0004,EROSION CONTROL,0011,158030M,,"INLET FILTER TYPE 2, 2' X 4'",1,U,"RENCOR, INC.",$500.00,$500.00
17131,131,0004,EROSION CONTROL,0011,158030M,,"INLET FILTER TYPE 2, 2' X 4'",1,U,"ANSELMI & DECICCO, INC.",$300.00,$300.00
17131,131,0004,EROSION CONTROL,0011,158030M,,"INLET FILTER TYPE 2, 2' X 4'",1,U,"GREEN CONSTRUCTION, INC.",$125.00,$125.00
17131,131,0004,EROSION CONTROL,0011,158030M,,"INLET FILTER TYPE 2, 2' X 4'",1,U,"MIDLANTIC CONSTRUCTION, LLC",$130.00,$130.00
17131,131,0004,EROSION CONTROL,0012,158042M,,"FLOATING TURBIDITY BARRIER, TYPE 1",100,LF,"SOUTH STATE, INC.",$40.00,"$4,000.00"
17131,131,0004,EROSION CONTROL,0012,158042M,,"FLOATING TURBIDITY BARRIER, TYPE 1",100,LF,"IEW CONSTRUCTION GROUP, INC.",$57.85,"$5,785.00"
17131,131,0004,EROSION CONTROL,0012,158042M,,"FLOATING TURBIDITY BARRIER, TYPE 1",100,LF,EARLE ASPHALT COMPANY,$50.00,"$5,000.00"
17131,131,0004,EROSION CONTROL,0012,158042M,,"FLOATING TURBIDITY BARRIER, TYPE 1",100,LF,"RENCOR, INC.",$20.00,"$2,000.00"
17131,131,0004,EROSION CONTROL,0012,158042M,,"FLOATING TURBIDITY BARRIER, TYPE 1",100,LF,"ANSELMI & DECICCO, INC.",$100.00,"$10,000.00"
17131,131,0004,EROSION CONTROL,0012,158042M,,"FLOATING TURBIDITY BARRIER, TYPE 1",100,LF,"GREEN CONSTRUCTION, INC.",$45.00,"$4,500.00"
17131,131,0004,EROSION CONTROL,0012,158042M,,"FLOATING TURBIDITY BARRIER, TYPE 1",100,LF,"MIDLANTIC CONSTRUCTION, LLC",$80.00,"$8,000.00"
17131,131,0004,EROSION CONTROL,0013,158063P,,CONCRETE WASHOUT SYSTEM,1,LS,"SOUTH STATE, INC.","$3,000.00","$3,000.00"
17131,131,0004,EROSION CONTROL,0013,158063P,,CONCRETE WASHOUT SYSTEM,1,LS,"IEW CONSTRUCTION GROUP, INC.","$7,500.00","$7,500.00"
17131,131,0004,EROSION CONTROL,0013,158063P,,CONCRETE WASHOUT SYSTEM,1,LS,EARLE ASPHALT COMPANY,$750.00,$750.00
17131,131,0004,EROSION CONTROL,0013,158063P,,CONCRETE WASHOUT SYSTEM,1,LS,"RENCOR, INC.","$8,200.00","$8,200.00"
17131,131,0004,EROSION CONTROL,0013,158063P,,CONCRETE WASHOUT SYSTEM,1,LS,"ANSELMI & DECICCO, INC.","$2,500.00","$2,500.00"
17131,131,0004,EROSION CONTROL,0013,158063P,,CONCRETE WASHOUT SYSTEM,1,LS,"GREEN CONSTRUCTION, INC.","$1,500.00","$1,500.00"
17131,131,0004,EROSION CONTROL,0013,158063P,,CONCRETE WASHOUT SYSTEM,1,LS,"MIDLANTIC CONSTRUCTION, LLC","$2,600.00","$2,600.00"
17131,131,0004,EROSION CONTROL,0014,158072M,,"OIL ONLY EMERGENCY SPILL KIT, TYPE 1",2,U,"SOUTH STATE, INC.",$100.00,$200.00
17131,131,0004,EROSION CONTROL,0014,158072M,,"OIL ONLY EMERGENCY SPILL KIT, TYPE 1",2,U,"IEW CONSTRUCTION GROUP, INC.","$1,919.01","$3,838.02"
17131,131,0004,EROSION CONTROL,0014,158072M,,"OIL ONLY EMERGENCY SPILL KIT, TYPE 1",2,U,EARLE ASPHALT COMPANY,$750.00,"$1,500.00"
17131,131,0004,EROSION CONTROL,0014,158072M,,"OIL ONLY EMERGENCY SPILL KIT, TYPE 1",2,U,"RENCOR, INC.",$750.00,"$1,500.00"
17131,131,0004,EROSION CONTROL,0014,158072M,,"OIL ONLY EMERGENCY SPILL KIT, TYPE 1",2,U,"ANSELMI & DECICCO, INC.","$1,200.00","$2,400.00"
17131,131,0004,EROSION CONTROL,0014,158072M,,"OIL ONLY EMERGENCY SPILL KIT, TYPE 1",2,U,"GREEN CONSTRUCTION, INC.",$1.00,$2.00
17131,131,0004,EROSION CONTROL,0014,158072M,,"OIL ONLY EMERGENCY SPILL KIT, TYPE 1",2,U,"MIDLANTIC CONSTRUCTION, LLC","$1,560.00","$3,120.00"
17131,131,0004,EROSION CONTROL,0015,158084M,,EROSION CONTROL SEDIMENT REMOVAL,4,CY,"SOUTH STATE, INC.",$50.00,$200.00
17131,131,0004,EROSION CONTROL,0015,158084M,,EROSION CONTROL SEDIMENT REMOVAL,4,CY,"IEW CONSTRUCTION GROUP, INC.",$195.68,$782.72
17131,131,0004,EROSION CONTROL,0015,158084M,,EROSION CONTROL SEDIMENT REMOVAL,4,CY,EARLE ASPHALT COMPANY,$2.00,$8.00
17131,131,0004,EROSION CONTROL,0015,158084M,,EROSION CONTROL SEDIMENT REMOVAL,4,CY,"RENCOR, INC.",$200.00,$800.00
17131,131,0004,EROSION CONTROL,0015,158084M,,EROSION CONTROL SEDIMENT REMOVAL,4,CY,"ANSELMI & DECICCO, INC.",$200.00,$800.00
17131,131,0004,EROSION CONTROL,0015,158084M,,EROSION CONTROL SEDIMENT REMOVAL,4,CY,"GREEN CONSTRUCTION, INC.",$1.00,$4.00
17131,131,0004,EROSION CONTROL,0015,158084M,,EROSION CONTROL SEDIMENT REMOVAL,4,CY,"MIDLANTIC CONSTRUCTION, LLC",$0.01,$0.04
17131,131,0001,ROADWAY,0016,159003M,,BREAKAWAY BARRICADE,20,U,"SOUTH STATE, INC.",$1.00,$20.00
17131,131,0001,ROADWAY,0016,159003M,,BREAKAWAY BARRICADE,20,U,"IEW CONSTRUCTION GROUP, INC.",$127.93,"$2,558.60"
17131,131,0001,ROADWAY,0016,159003M,,BREAKAWAY BARRICADE,20,U,EARLE ASPHALT COMPANY,$100.00,"$2,000.00"
17131,131,0001,ROADWAY,0016,159003M,,BREAKAWAY BARRICADE,20,U,"RENCOR, INC.",$90.00,"$1,800.00"
17131,131,0001,ROADWAY,0016,159003M,,BREAKAWAY BARRICADE,20,U,"ANSELMI & DECICCO, INC.",$150.00,"$3,000.00"
17131,131,0001,ROADWAY,0016,159003M,,BREAKAWAY BARRICADE,20,U,"GREEN CONSTRUCTION, INC.",$80.00,"$1,600.00"
17131,131,0001,ROADWAY,0016,159003M,,BREAKAWAY BARRICADE,20,U,"MIDLANTIC CONSTRUCTION, LLC",$130.00,"$2,600.00"
17131,131,0001,ROADWAY,0017,159006M,,DRUM,130,U,"SOUTH STATE, INC.",$1.00,$130.00
17131,131,0001,ROADWAY,0017,159006M,,DRUM,130,U,"IEW CONSTRUCTION GROUP, INC.",$76.76,"$9,978.80"
17131,131,0001,ROADWAY,0017,159006M,,DRUM,130,U,EARLE ASPHALT COMPANY,$75.00,"$9,750.00"
17131,131,0001,ROADWAY,0017,159006M,,DRUM,130,U,"RENCOR, INC.",$50.00,"$6,500.00"
17131,131,0001,ROADWAY,0017,159006M,,DRUM,130,U,"ANSELMI & DECICCO, INC.",$30.00,"$3,900.00"
17131,131,0001,ROADWAY,0017,159006M,,DRUM,130,U,"GREEN CONSTRUCTION, INC.",$65.00,"$8,450.00"
17131,131,0001,ROADWAY,0017,159006M,,DRUM,130,U,"MIDLANTIC CONSTRUCTION, LLC",$130.00,"$16,900.00"
17131,131,0001,ROADWAY,0018,159009M,,TRAFFIC CONE,30,U,"SOUTH STATE, INC.",$1.00,$30.00
17131,131,0001,ROADWAY,0018,159009M,,TRAFFIC CONE,30,U,"IEW CONSTRUCTION GROUP, INC.",$19.19,$575.70
17131,131,0001,ROADWAY,0018,159009M,,TRAFFIC CONE,30,U,EARLE ASPHALT COMPANY,$15.00,$450.00
17131,131,0001,ROADWAY,0018,159009M,,TRAFFIC CONE,30,U,"RENCOR, INC.",$15.00,$450.00
17131,131,0001,ROADWAY,0018,159009M,,TRAFFIC CONE,30,U,"ANSELMI & DECICCO, INC.",$25.00,$750.00
17131,131,0001,ROADWAY,0018,159009M,,TRAFFIC CONE,30,U,"GREEN CONSTRUCTION, INC.",$15.00,$450.00
17131,131,0001,ROADWAY,0018,159009M,,TRAFFIC CONE,30,U,"MIDLANTIC CONSTRUCTION, LLC",$26.00,$780.00
17131,131,0001,ROADWAY,0019,159012M,,CONSTRUCTION SIGNS,"1,068",SF,"SOUTH STATE, INC.",$12.00,"$12,816.00"
17131,131,0001,ROADWAY,0019,159012M,,CONSTRUCTION SIGNS,"1,068",SF,"IEW CONSTRUCTION GROUP, INC.",$12.14,"$12,965.52"
17131,131,0001,ROADWAY,0019,159012M,,CONSTRUCTION SIGNS,"1,068",SF,EARLE ASPHALT COMPANY,$10.50,"$11,214.00"
17131,131,0001,ROADWAY,0019,159012M,,CONSTRUCTION SIGNS,"1,068",SF,"RENCOR, INC.",$22.50,"$24,030.00"
17131,131,0001,ROADWAY,0019,159012M,,CONSTRUCTION SIGNS,"1,068",SF,"ANSELMI & DECICCO, INC.",$30.00,"$32,040.00"
17131,131,0001,ROADWAY,0019,159012M,,CONSTRUCTION SIGNS,"1,068",SF,"GREEN CONSTRUCTION, INC.",$12.00,"$12,816.00"
17131,131,0001,ROADWAY,0019,159012M,,CONSTRUCTION SIGNS,"1,068",SF,"MIDLANTIC CONSTRUCTION, LLC",$36.00,"$38,448.00"
17131,131,0001,ROADWAY,0020,159021P,,CONSTRUCTION BARRIER CURB,400,LF,"SOUTH STATE, INC.",$250.00,"$100,000.00"
17131,131,0001,ROADWAY,0020,159021P,,CONSTRUCTION BARRIER CURB,400,LF,"IEW CONSTRUCTION GROUP, INC.",$333.03,"$133,212.00"
17131,131,0001,ROADWAY,0020,159021P,,CONSTRUCTION BARRIER CURB,400,LF,EARLE ASPHALT COMPANY,$75.00,"$30,000.00"
17131,131,0001,ROADWAY,0020,159021P,,CONSTRUCTION BARRIER CURB,400,LF,"RENCOR, INC.",$140.00,"$56,000.00"
17131,131,0001,ROADWAY,0020,159021P,,CONSTRUCTION BARRIER CURB,400,LF,"ANSELMI & DECICCO, INC.",$500.00,"$200,000.00"
17131,131,0001,ROADWAY,0020,159021P,,CONSTRUCTION BARRIER CURB,400,LF,"GREEN CONSTRUCTION, INC.",$50.00,"$20,000.00"
17131,131,0001,ROADWAY,0020,159021P,,CONSTRUCTION BARRIER CURB,400,LF,"MIDLANTIC CONSTRUCTION, LLC",$142.00,"$56,800.00"
17131,131,0001,ROADWAY,0021,159027M,,"FLASHING ARROW BOARD, 4' X 8'",2,U,"SOUTH STATE, INC.",$100.00,$200.00
17131,131,0001,ROADWAY,0021,159027M,,"FLASHING ARROW BOARD, 4' X 8'",2,U,"IEW CONSTRUCTION GROUP, INC.",$910.04,"$1,820.08"
17131,131,0001,ROADWAY,0021,159027M,,"FLASHING ARROW BOARD, 4' X 8'",2,U,EARLE ASPHALT COMPANY,"$2,000.00","$4,000.00"
17131,131,0001,ROADWAY,0021,159027M,,"FLASHING ARROW BOARD, 4' X 8'",2,U,"RENCOR, INC.","$1,000.00","$2,000.00"
17131,131,0001,ROADWAY,0021,159027M,,"FLASHING ARROW BOARD, 4' X 8'",2,U,"ANSELMI & DECICCO, INC.","$2,000.00","$4,000.00"
17131,131,0001,ROADWAY,0021,159027M,,"FLASHING ARROW BOARD, 4' X 8'",2,U,"GREEN CONSTRUCTION, INC.","$2,000.00","$4,000.00"
17131,131,0001,ROADWAY,0021,159027M,,"FLASHING ARROW BOARD, 4' X 8'",2,U,"MIDLANTIC CONSTRUCTION, LLC","$7,800.00","$15,600.00"
17131,131,0001,ROADWAY,0022,159030M,,PORTABLE VARIABLE MESSAGE SIGN,4,U,"SOUTH STATE, INC.",$100.00,$400.00
17131,131,0001,ROADWAY,0022,159030M,,PORTABLE VARIABLE MESSAGE SIGN,4,U,"IEW CONSTRUCTION GROUP, INC.","$9,276.90","$37,107.60"
17131,131,0001,ROADWAY,0022,159030M,,PORTABLE VARIABLE MESSAGE SIGN,4,U,EARLE ASPHALT COMPANY,"$5,000.00","$20,000.00"
17131,131,0001,ROADWAY,0022,159030M,,PORTABLE VARIABLE MESSAGE SIGN,4,U,"RENCOR, INC.","$3,300.00","$13,200.00"
17131,131,0001,ROADWAY,0022,159030M,,PORTABLE VARIABLE MESSAGE SIGN,4,U,"ANSELMI & DECICCO, INC.","$2,500.00","$10,000.00"
17131,131,0001,ROADWAY,0022,159030M,,PORTABLE VARIABLE MESSAGE SIGN,4,U,"GREEN CONSTRUCTION, INC.","$3,500.00","$14,000.00"
17131,131,0001,ROADWAY,0022,159030M,,PORTABLE VARIABLE MESSAGE SIGN,4,U,"MIDLANTIC CONSTRUCTION, LLC","$22,100.00","$88,400.00"
17131,131,0001,ROADWAY,0023,159051M,,"TEMPORARY CRASH CUSHION, INERTIAL BARRIER SYSTEM, 13 MODULES",2,U,"SOUTH STATE, INC.",$100.00,$200.00
17131,131,0001,ROADWAY,0023,159051M,,"TEMPORARY CRASH CUSHION, INERTIAL BARRIER SYSTEM, 13 MODULES",2,U,"IEW CONSTRUCTION GROUP, INC.","$12,423.91","$24,847.82"
17131,131,0001,ROADWAY,0023,159051M,,"TEMPORARY CRASH CUSHION, INERTIAL BARRIER SYSTEM, 13 MODULES",2,U,EARLE ASPHALT COMPANY,"$2,500.00","$5,000.00"
17131,131,0001,ROADWAY,0023,159051M,,"TEMPORARY CRASH CUSHION, INERTIAL BARRIER SYSTEM, 13 MODULES",2,U,"RENCOR, INC.","$3,200.00","$6,400.00"
17131,131,0001,ROADWAY,0023,159051M,,"TEMPORARY CRASH CUSHION, INERTIAL BARRIER SYSTEM, 13 MODULES",2,U,"ANSELMI & DECICCO, INC.","$4,000.00","$8,000.00"
17131,131,0001,ROADWAY,0023,159051M,,"TEMPORARY CRASH CUSHION, INERTIAL BARRIER SYSTEM, 13 MODULES",2,U,"GREEN CONSTRUCTION, INC.","$4,000.00","$8,000.00"
17131,131,0001,ROADWAY,0023,159051M,,"TEMPORARY CRASH CUSHION, INERTIAL BARRIER SYSTEM, 13 MODULES",2,U,"MIDLANTIC CONSTRUCTION, LLC","$19,000.00","$38,000.00"
17131,131,0001,ROADWAY,0024,159108M,,TRAFFIC CONTROL TRUCK WITH MOUNTED CRASH CUSHION,2,U,"SOUTH STATE, INC.",$100.00,$200.00
17131,131,0001,ROADWAY,0024,159108M,,TRAFFIC CONTROL TRUCK WITH MOUNTED CRASH CUSHION,2,U,"IEW CONSTRUCTION GROUP, INC.","$12,793.37","$25,586.74"
17131,131,0001,ROADWAY,0024,159108M,,TRAFFIC CONTROL TRUCK WITH MOUNTED CRASH CUSHION,2,U,EARLE ASPHALT COMPANY,"$10,000.00","$20,000.00"
17131,131,0001,ROADWAY,0024,159108M,,TRAFFIC CONTROL TRUCK WITH MOUNTED CRASH CUSHION,2,U,"RENCOR, INC.","$8,750.00","$17,500.00"
17131,131,0001,ROADWAY,0024,159108M,,TRAFFIC CONTROL TRUCK WITH MOUNTED CRASH CUSHION,2,U,"ANSELMI & DECICCO, INC.","$7,500.00","$15,000.00"
17131,131,0001,ROADWAY,0024,159108M,,TRAFFIC CONTROL TRUCK WITH MOUNTED CRASH CUSHION,2,U,"GREEN CONSTRUCTION, INC.","$20,000.00","$40,000.00"
17131,131,0001,ROADWAY,0024,159108M,,TRAFFIC CONTROL TRUCK WITH MOUNTED CRASH CUSHION,2,U,"MIDLANTIC CONSTRUCTION, LLC",$1.00,$2.00
17131,131,0001,ROADWAY,0025,159114M,,"REMOVABLE BLACK LINE MASKING TAPE, 6""","15,150",LF,"SOUTH STATE, INC.",$1.70,"$25,755.00"
17131,131,0001,ROADWAY,0025,159114M,,"REMOVABLE BLACK LINE MASKING TAPE, 6""","15,150",LF,"IEW CONSTRUCTION GROUP, INC.",$2.03,"$30,754.50"
17131,131,0001,ROADWAY,0025,159114M,,"REMOVABLE BLACK LINE MASKING TAPE, 6""","15,150",LF,EARLE ASPHALT COMPANY,$2.50,"$37,875.00"
17131,131,0001,ROADWAY,0025,159114M,,"REMOVABLE BLACK LINE MASKING TAPE, 6""","15,150",LF,"RENCOR, INC.",$2.25,"$34,087.50"
17131,131,0001,ROADWAY,0025,159114M,,"REMOVABLE BLACK LINE MASKING TAPE, 6""","15,150",LF,"ANSELMI & DECICCO, INC.",$0.01,$151.50
17131,131,0001,ROADWAY,0025,159114M,,"REMOVABLE BLACK LINE MASKING TAPE, 6""","15,150",LF,"GREEN CONSTRUCTION, INC.",$1.90,"$28,785.00"
17131,131,0001,ROADWAY,0025,159114M,,"REMOVABLE BLACK LINE MASKING TAPE, 6""","15,150",LF,"MIDLANTIC CONSTRUCTION, LLC",$4.00,"$60,600.00"
17131,131,0001,ROADWAY,0026,159120M,,"TEMPORARY PAVEMENT MARKING TAPE, 4""","16,420",LF,"SOUTH STATE, INC.",$1.05,"$17,241.00"
17131,131,0001,ROADWAY,0026,159120M,,"TEMPORARY PAVEMENT MARKING TAPE, 4""","16,420",LF,"IEW CONSTRUCTION GROUP, INC.",$1.26,"$20,689.20"
17131,131,0001,ROADWAY,0026,159120M,,"TEMPORARY PAVEMENT MARKING TAPE, 4""","16,420",LF,EARLE ASPHALT COMPANY,$1.75,"$28,735.00"
17131,131,0001,ROADWAY,0026,159120M,,"TEMPORARY PAVEMENT MARKING TAPE, 4""","16,420",LF,"RENCOR, INC.",$1.50,"$24,630.00"
17131,131,0001,ROADWAY,0026,159120M,,"TEMPORARY PAVEMENT MARKING TAPE, 4""","16,420",LF,"ANSELMI & DECICCO, INC.",$0.01,$164.20
17131,131,0001,ROADWAY,0026,159120M,,"TEMPORARY PAVEMENT MARKING TAPE, 4""","16,420",LF,"GREEN CONSTRUCTION, INC.",$1.20,"$19,704.00"
17131,131,0001,ROADWAY,0026,159120M,,"TEMPORARY PAVEMENT MARKING TAPE, 4""","16,420",LF,"MIDLANTIC CONSTRUCTION, LLC",$4.00,"$65,680.00"
17131,131,0001,ROADWAY,0027,159138M,,HMA PATCH,10,T,"SOUTH STATE, INC.",$200.00,"$2,000.00"
17131,131,0001,ROADWAY,0027,159138M,,HMA PATCH,10,T,"IEW CONSTRUCTION GROUP, INC.",$264.84,"$2,648.40"
17131,131,0001,ROADWAY,0027,159138M,,HMA PATCH,10,T,EARLE ASPHALT COMPANY,$150.00,"$1,500.00"
17131,131,0001,ROADWAY,0027,159138M,,HMA PATCH,10,T,"RENCOR, INC.",$150.00,"$1,500.00"
17131,131,0001,ROADWAY,0027,159138M,,HMA PATCH,10,T,"ANSELMI & DECICCO, INC.",$400.00,"$4,000.00"
17131,131,0001,ROADWAY,0027,159138M,,HMA PATCH,10,T,"GREEN CONSTRUCTION, INC.",$1.00,$10.00
17131,131,0001,ROADWAY,0027,159138M,,HMA PATCH,10,T,"MIDLANTIC CONSTRUCTION, LLC",$100.00,"$1,000.00"
17131,131,0001,ROADWAY,0028,159141M,,"TRAFFIC DIRECTOR, FLAGGER",300,HOUR,"SOUTH STATE, INC.",$10.00,"$3,000.00"
17131,131,0001,ROADWAY,0028,159141M,,"TRAFFIC DIRECTOR, FLAGGER",300,HOUR,"IEW CONSTRUCTION GROUP, INC.",$85.00,"$25,500.00"
17131,131,0001,ROADWAY,0028,159141M,,"TRAFFIC DIRECTOR, FLAGGER",300,HOUR,EARLE ASPHALT COMPANY,$0.10,$30.00
17131,131,0001,ROADWAY,0028,159141M,,"TRAFFIC DIRECTOR, FLAGGER",300,HOUR,"RENCOR, INC.",$90.00,"$27,000.00"
17131,131,0001,ROADWAY,0028,159141M,,"TRAFFIC DIRECTOR, FLAGGER",300,HOUR,"ANSELMI & DECICCO, INC.",$75.00,"$22,500.00"
17131,131,0001,ROADWAY,0028,159141M,,"TRAFFIC DIRECTOR, FLAGGER",300,HOUR,"GREEN CONSTRUCTION, INC.",$1.00,$300.00
17131,131,0001,ROADWAY,0028,159141M,,"TRAFFIC DIRECTOR, FLAGGER",300,HOUR,"MIDLANTIC CONSTRUCTION, LLC",$0.01,$3.00
17131,131,0001,ROADWAY,0029,161003P,,FINAL CLEANUP,1,LS,"SOUTH STATE, INC.",$100.00,$100.00
17131,131,0001,ROADWAY,0029,161003P,,FINAL CLEANUP,1,LS,"IEW CONSTRUCTION GROUP, INC.","$30,000.00","$30,000.00"
17131,131,0001,ROADWAY,0029,161003P,,FINAL CLEANUP,1,LS,EARLE ASPHALT COMPANY,"$15,000.00","$15,000.00"
17131,131,0001,ROADWAY,0029,161003P,,FINAL CLEANUP,1,LS,"RENCOR, INC.","$20,000.00","$20,000.00"
17131,131,0001,ROADWAY,0029,161003P,,FINAL CLEANUP,1,LS,"ANSELMI & DECICCO, INC.","$2,500.00","$2,500.00"
17131,131,0001,ROADWAY,0029,161003P,,FINAL CLEANUP,1,LS,"GREEN CONSTRUCTION, INC.","$25,000.00","$25,000.00"
17131,131,0001,ROADWAY,0029,161003P,,FINAL CLEANUP,1,LS,"MIDLANTIC CONSTRUCTION, LLC",$100.00,$100.00
17131,131,0001,ROADWAY,0030,201003P,,CLEARING SITE,1,LS,"SOUTH STATE, INC.","$45,000.00","$45,000.00"
17131,131,0001,ROADWAY,0030,201003P,,CLEARING SITE,1,LS,"IEW CONSTRUCTION GROUP, INC.","$45,000.00","$45,000.00"
17131,131,0001,ROADWAY,0030,201003P,,CLEARING SITE,1,LS,EARLE ASPHALT COMPANY,"$44,000.00","$44,000.00"
17131,131,0001,ROADWAY,0030,201003P,,CLEARING SITE,1,LS,"RENCOR, INC.","$50,000.00","$50,000.00"
17131,131,0001,ROADWAY,0030,201003P,,CLEARING SITE,1,LS,"ANSELMI & DECICCO, INC.","$45,000.00","$45,000.00"
17131,131,0001,ROADWAY,0030,201003P,,CLEARING SITE,1,LS,"GREEN CONSTRUCTION, INC.","$125,000.00","$125,000.00"
17131,131,0001,ROADWAY,0030,201003P,,CLEARING SITE,1,LS,"MIDLANTIC CONSTRUCTION, LLC","$45,000.00","$45,000.00"
17131,131,0001,ROADWAY,0031,202009P,,"EXCAVATION, UNCLASSIFIED",175,CY,"SOUTH STATE, INC.",$35.00,"$6,125.00"
17131,131,0001,ROADWAY,0031,202009P,,"EXCAVATION, UNCLASSIFIED",175,CY,"IEW CONSTRUCTION GROUP, INC.",$85.95,"$15,041.25"
17131,131,0001,ROADWAY,0031,202009P,,"EXCAVATION, UNCLASSIFIED",175,CY,EARLE ASPHALT COMPANY,$15.00,"$2,625.00"
17131,131,0001,ROADWAY,0031,202009P,,"EXCAVATION, UNCLASSIFIED",175,CY,"RENCOR, INC.",$77.00,"$13,475.00"
17131,131,0001,ROADWAY,0031,202009P,,"EXCAVATION, UNCLASSIFIED",175,CY,"ANSELMI & DECICCO, INC.",$250.00,"$43,750.00"
17131,131,0001,ROADWAY,0031,202009P,,"EXCAVATION, UNCLASSIFIED",175,CY,"GREEN CONSTRUCTION, INC.",$50.00,"$8,750.00"
17131,131,0001,ROADWAY,0031,202009P,,"EXCAVATION, UNCLASSIFIED",175,CY,"MIDLANTIC CONSTRUCTION, LLC",$161.00,"$28,175.00"
17131,131,0001,ROADWAY,0032,202021P,,REMOVAL OF PAVEMENT,376,SY,"SOUTH STATE, INC.",$30.00,"$11,280.00"
17131,131,0001,ROADWAY,0032,202021P,,REMOVAL OF PAVEMENT,376,SY,"IEW CONSTRUCTION GROUP, INC.",$59.16,"$22,244.16"
17131,131,0001,ROADWAY,0032,202021P,,REMOVAL OF PAVEMENT,376,SY,EARLE ASPHALT COMPANY,$15.00,"$5,640.00"
17131,131,0001,ROADWAY,0032,202021P,,REMOVAL OF PAVEMENT,376,SY,"RENCOR, INC.",$106.00,"$39,856.00"
17131,131,0001,ROADWAY,0032,202021P,,REMOVAL OF PAVEMENT,376,SY,"ANSELMI & DECICCO, INC.",$250.00,"$94,000.00"
17131,131,0001,ROADWAY,0032,202021P,,REMOVAL OF PAVEMENT,376,SY,"GREEN CONSTRUCTION, INC.",$25.00,"$9,400.00"
17131,131,0001,ROADWAY,0032,202021P,,REMOVAL OF PAVEMENT,376,SY,"MIDLANTIC CONSTRUCTION, LLC",$56.00,"$21,056.00"
17131,131,0001,ROADWAY,0033,203021P,,I-14 SOIL AGGREGATE,147,CY,"SOUTH STATE, INC.",$70.00,"$10,290.00"
17131,131,0001,ROADWAY,0033,203021P,,I-14 SOIL AGGREGATE,147,CY,"IEW CONSTRUCTION GROUP, INC.",$116.61,"$17,141.67"
17131,131,0001,ROADWAY,0033,203021P,,I-14 SOIL AGGREGATE,147,CY,EARLE ASPHALT COMPANY,$15.00,"$2,205.00"
17131,131,0001,ROADWAY,0033,203021P,,I-14 SOIL AGGREGATE,147,CY,"RENCOR, INC.",$120.00,"$17,640.00"
17131,131,0001,ROADWAY,0033,203021P,,I-14 SOIL AGGREGATE,147,CY,"ANSELMI & DECICCO, INC.",$1.00,$147.00
17131,131,0001,ROADWAY,0033,203021P,,I-14 SOIL AGGREGATE,147,CY,"GREEN CONSTRUCTION, INC.",$1.00,$147.00
17131,131,0001,ROADWAY,0033,203021P,,I-14 SOIL AGGREGATE,147,CY,"MIDLANTIC CONSTRUCTION, LLC",$194.00,"$28,518.00"
17131,131,0001,ROADWAY,0034,301006P,,SUBBASE,71,CY,"SOUTH STATE, INC.",$50.00,"$3,550.00"
17131,131,0001,ROADWAY,0034,301006P,,SUBBASE,71,CY,"IEW CONSTRUCTION GROUP, INC.",$114.84,"$8,153.64"
17131,131,0001,ROADWAY,0034,301006P,,SUBBASE,71,CY,EARLE ASPHALT COMPANY,$35.00,"$2,485.00"
17131,131,0001,ROADWAY,0034,301006P,,SUBBASE,71,CY,"RENCOR, INC.",$122.00,"$8,662.00"
17131,131,0001,ROADWAY,0034,301006P,,SUBBASE,71,CY,"ANSELMI & DECICCO, INC.",$250.00,"$17,750.00"
17131,131,0001,ROADWAY,0034,301006P,,SUBBASE,71,CY,"GREEN CONSTRUCTION, INC.",$100.00,"$7,100.00"
17131,131,0001,ROADWAY,0034,301006P,,SUBBASE,71,CY,"MIDLANTIC CONSTRUCTION, LLC",$389.00,"$27,619.00"
17131,131,0001,ROADWAY,0035,401009P,,"HMA MILLING, 3"" OR LESS",528,SY,"SOUTH STATE, INC.",$20.00,"$10,560.00"
17131,131,0001,ROADWAY,0035,401009P,,"HMA MILLING, 3"" OR LESS",528,SY,"IEW CONSTRUCTION GROUP, INC.",$25.11,"$13,258.08"
17131,131,0001,ROADWAY,0035,401009P,,"HMA MILLING, 3"" OR LESS",528,SY,EARLE ASPHALT COMPANY,$13.00,"$6,864.00"
17131,131,0001,ROADWAY,0035,401009P,,"HMA MILLING, 3"" OR LESS",528,SY,"RENCOR, INC.",$28.00,"$14,784.00"
17131,131,0001,ROADWAY,0035,401009P,,"HMA MILLING, 3"" OR LESS",528,SY,"ANSELMI & DECICCO, INC.",$50.00,"$26,400.00"
17131,131,0001,ROADWAY,0035,401009P,,"HMA MILLING, 3"" OR LESS",528,SY,"GREEN CONSTRUCTION, INC.",$10.00,"$5,280.00"
17131,131,0001,ROADWAY,0035,401009P,,"HMA MILLING, 3"" OR LESS",528,SY,"MIDLANTIC CONSTRUCTION, LLC",$23.00,"$12,144.00"
17131,131,0001,ROADWAY,0036,401027M,,POLYMERIZED JOINT ADHESIVE,400,LF,"SOUTH STATE, INC.",$3.00,"$1,200.00"
17131,131,0001,ROADWAY,0036,401027M,,POLYMERIZED JOINT ADHESIVE,400,LF,"IEW CONSTRUCTION GROUP, INC.",$2.09,$836.00
17131,131,0001,ROADWAY,0036,401027M,,POLYMERIZED JOINT ADHESIVE,400,LF,EARLE ASPHALT COMPANY,$0.10,$40.00
17131,131,0001,ROADWAY,0036,401027M,,POLYMERIZED JOINT ADHESIVE,400,LF,"RENCOR, INC.",$1.75,$700.00
17131,131,0001,ROADWAY,0036,401027M,,POLYMERIZED JOINT ADHESIVE,400,LF,"ANSELMI & DECICCO, INC.",$4.00,"$1,600.00"
17131,131,0001,ROADWAY,0036,401027M,,POLYMERIZED JOINT ADHESIVE,400,LF,"GREEN CONSTRUCTION, INC.",$1.00,$400.00
17131,131,0001,ROADWAY,0036,401027M,,POLYMERIZED JOINT ADHESIVE,400,LF,"MIDLANTIC CONSTRUCTION, LLC",$4.00,"$1,600.00"
17131,131,0001,ROADWAY,0037,401030M,,TACK COAT,60,GAL,"SOUTH STATE, INC.",$1.00,$60.00
17131,131,0001,ROADWAY,0037,401030M,,TACK COAT,60,GAL,"IEW CONSTRUCTION GROUP, INC.",$23.91,"$1,434.60"
17131,131,0001,ROADWAY,0037,401030M,,TACK COAT,60,GAL,EARLE ASPHALT COMPANY,$3.00,$180.00
17131,131,0001,ROADWAY,0037,401030M,,TACK COAT,60,GAL,"RENCOR, INC.",$20.00,"$1,200.00"
17131,131,0001,ROADWAY,0037,401030M,,TACK COAT,60,GAL,"ANSELMI & DECICCO, INC.",$5.00,$300.00
17131,131,0001,ROADWAY,0037,401030M,,TACK COAT,60,GAL,"GREEN CONSTRUCTION, INC.",$0.01,$0.60
17131,131,0001,ROADWAY,0037,401030M,,TACK COAT,60,GAL,"MIDLANTIC CONSTRUCTION, LLC",$8.00,$480.00
17131,131,0001,ROADWAY,0038,401061M,,HOT MIX ASPHALT 12.5 M E SURFACE COURSE,64,T,"SOUTH STATE, INC.",$300.00,"$19,200.00"
17131,131,0001,ROADWAY,0038,401061M,,HOT MIX ASPHALT 12.5 M E SURFACE COURSE,64,T,"IEW CONSTRUCTION GROUP, INC.",$472.28,"$30,225.92"
17131,131,0001,ROADWAY,0038,401061M,,HOT MIX ASPHALT 12.5 M E SURFACE COURSE,64,T,EARLE ASPHALT COMPANY,$200.00,"$12,800.00"
17131,131,0001,ROADWAY,0038,401061M,,HOT MIX ASPHALT 12.5 M E SURFACE COURSE,64,T,"RENCOR, INC.",$395.00,"$25,280.00"
17131,131,0001,ROADWAY,0038,401061M,,HOT MIX ASPHALT 12.5 M E SURFACE COURSE,64,T,"ANSELMI & DECICCO, INC.",$150.00,"$9,600.00"
17131,131,0001,ROADWAY,0038,401061M,,HOT MIX ASPHALT 12.5 M E SURFACE COURSE,64,T,"GREEN CONSTRUCTION, INC.",$140.00,"$8,960.00"
17131,131,0001,ROADWAY,0038,401061M,,HOT MIX ASPHALT 12.5 M E SURFACE COURSE,64,T,"MIDLANTIC CONSTRUCTION, LLC",$260.00,"$16,640.00"
17131,131,0001,ROADWAY,0039,603057P,,ROCK BACKFILL,34,T,"SOUTH STATE, INC.",$100.00,"$3,400.00"
17131,131,0001,ROADWAY,0039,603057P,,ROCK BACKFILL,34,T,"IEW CONSTRUCTION GROUP, INC.",$100.85,"$3,428.90"
17131,131,0001,ROADWAY,0039,603057P,,ROCK BACKFILL,34,T,EARLE ASPHALT COMPANY,$150.00,"$5,100.00"
17131,131,0001,ROADWAY,0039,603057P,,ROCK BACKFILL,34,T,"RENCOR, INC.",$146.00,"$4,964.00"
17131,131,0001,ROADWAY,0039,603057P,,ROCK BACKFILL,34,T,"ANSELMI & DECICCO, INC.",$150.00,"$5,100.00"
17131,131,0001,ROADWAY,0039,603057P,,ROCK BACKFILL,34,T,"GREEN CONSTRUCTION, INC.",$130.00,"$4,420.00"
17131,131,0001,ROADWAY,0039,603057P,,ROCK BACKFILL,34,T,"MIDLANTIC CONSTRUCTION, LLC",$736.00,"$25,024.00"
17131,131,0001,ROADWAY,0040,607018P,,"9"" X 16"" CONCRETE VERTICAL CURB",56,LF,"SOUTH STATE, INC.",$100.00,"$5,600.00"
17131,131,0001,ROADWAY,0040,607018P,,"9"" X 16"" CONCRETE VERTICAL CURB",56,LF,"IEW CONSTRUCTION GROUP, INC.",$32.93,"$1,844.08"
17131,131,0001,ROADWAY,0040,607018P,,"9"" X 16"" CONCRETE VERTICAL CURB",56,LF,EARLE ASPHALT COMPANY,$76.00,"$4,256.00"
17131,131,0001,ROADWAY,0040,607018P,,"9"" X 16"" CONCRETE VERTICAL CURB",56,LF,"RENCOR, INC.",$65.00,"$3,640.00"
17131,131,0001,ROADWAY,0040,607018P,,"9"" X 16"" CONCRETE VERTICAL CURB",56,LF,"ANSELMI & DECICCO, INC.",$150.00,"$8,400.00"
17131,131,0001,ROADWAY,0040,607018P,,"9"" X 16"" CONCRETE VERTICAL CURB",56,LF,"GREEN CONSTRUCTION, INC.",$65.00,"$3,640.00"
17131,131,0001,ROADWAY,0040,607018P,,"9"" X 16"" CONCRETE VERTICAL CURB",56,LF,"MIDLANTIC CONSTRUCTION, LLC",$104.00,"$5,824.00"
17131,131,0001,ROADWAY,0041,608004P,,"NONVEGETATIVE SURFACE, POROUS HOT MIX ASPHALT, 4"" THICK",216,SY,"SOUTH STATE, INC.",$35.00,"$7,560.00"
17131,131,0001,ROADWAY,0041,608004P,,"NONVEGETATIVE SURFACE, POROUS HOT MIX ASPHALT, 4"" THICK",216,SY,"IEW CONSTRUCTION GROUP, INC.",$47.12,"$10,177.92"
17131,131,0001,ROADWAY,0041,608004P,,"NONVEGETATIVE SURFACE, POROUS HOT MIX ASPHALT, 4"" THICK",216,SY,EARLE ASPHALT COMPANY,$53.00,"$11,448.00"
17131,131,0001,ROADWAY,0041,608004P,,"NONVEGETATIVE SURFACE, POROUS HOT MIX ASPHALT, 4"" THICK",216,SY,"RENCOR, INC.",$73.00,"$15,768.00"
17131,131,0001,ROADWAY,0041,608004P,,"NONVEGETATIVE SURFACE, POROUS HOT MIX ASPHALT, 4"" THICK",216,SY,"ANSELMI & DECICCO, INC.",$100.00,"$21,600.00"
17131,131,0001,ROADWAY,0041,608004P,,"NONVEGETATIVE SURFACE, POROUS HOT MIX ASPHALT, 4"" THICK",216,SY,"GREEN CONSTRUCTION, INC.",$50.00,"$10,800.00"
17131,131,0001,ROADWAY,0041,608004P,,"NONVEGETATIVE SURFACE, POROUS HOT MIX ASPHALT, 4"" THICK",216,SY,"MIDLANTIC CONSTRUCTION, LLC",$58.00,"$12,528.00"
17131,131,0001,ROADWAY,0042,609003M,,BEAM GUIDE RAIL,311,LF,"SOUTH STATE, INC.",$39.00,"$12,129.00"
17131,131,0001,ROADWAY,0042,609003M,,BEAM GUIDE RAIL,311,LF,"IEW CONSTRUCTION GROUP, INC.",$57.39,"$17,848.29"
17131,131,0001,ROADWAY,0042,609003M,,BEAM GUIDE RAIL,311,LF,EARLE ASPHALT COMPANY,$53.00,"$16,483.00"
17131,131,0001,ROADWAY,0042,609003M,,BEAM GUIDE RAIL,311,LF,"RENCOR, INC.",$58.00,"$18,038.00"
17131,131,0001,ROADWAY,0042,609003M,,BEAM GUIDE RAIL,311,LF,"ANSELMI & DECICCO, INC.",$50.00,"$15,550.00"
17131,131,0001,ROADWAY,0042,609003M,,BEAM GUIDE RAIL,311,LF,"GREEN CONSTRUCTION, INC.",$50.00,"$15,550.00"
17131,131,0001,ROADWAY,0042,609003M,,BEAM GUIDE RAIL,311,LF,"MIDLANTIC CONSTRUCTION, LLC",$58.00,"$18,038.00"
17131,131,0001,ROADWAY,0043,609027M,,TANGENT GUIDE RAIL TERMINAL,3,U,"SOUTH STATE, INC.","$2,400.00","$7,200.00"
17131,131,0001,ROADWAY,0043,609027M,,TANGENT GUIDE RAIL TERMINAL,3,U,"IEW CONSTRUCTION GROUP, INC.","$2,869.54","$8,608.62"
17131,131,0001,ROADWAY,0043,609027M,,TANGENT GUIDE RAIL TERMINAL,3,U,EARLE ASPHALT COMPANY,"$4,250.00","$12,750.00"
17131,131,0001,ROADWAY,0043,609027M,,TANGENT GUIDE RAIL TERMINAL,3,U,"RENCOR, INC.","$2,850.00","$8,550.00"
17131,131,0001,ROADWAY,0043,609027M,,TANGENT GUIDE RAIL TERMINAL,3,U,"ANSELMI & DECICCO, INC.","$2,500.00","$7,500.00"
17131,131,0001,ROADWAY,0043,609027M,,TANGENT GUIDE RAIL TERMINAL,3,U,"GREEN CONSTRUCTION, INC.","$4,000.00","$12,000.00"
17131,131,0001,ROADWAY,0043,609027M,,TANGENT GUIDE RAIL TERMINAL,3,U,"MIDLANTIC CONSTRUCTION, LLC","$4,600.00","$13,800.00"
17131,131,0001,ROADWAY,0044,609063M,,RESET BEAM GUIDE RAIL WITH EXISTING POSTS,13,LF,"SOUTH STATE, INC.",$20.00,$260.00
17131,131,0001,ROADWAY,0044,609063M,,RESET BEAM GUIDE RAIL WITH EXISTING POSTS,13,LF,"IEW CONSTRUCTION GROUP, INC.",$17.93,$233.09
17131,131,0001,ROADWAY,0044,609063M,,RESET BEAM GUIDE RAIL WITH EXISTING POSTS,13,LF,EARLE ASPHALT COMPANY,$33.00,$429.00
17131,131,0001,ROADWAY,0044,609063M,,RESET BEAM GUIDE RAIL WITH EXISTING POSTS,13,LF,"RENCOR, INC.",$10.00,$130.00
17131,131,0001,ROADWAY,0044,609063M,,RESET BEAM GUIDE RAIL WITH EXISTING POSTS,13,LF,"ANSELMI & DECICCO, INC.",$20.00,$260.00
17131,131,0001,ROADWAY,0044,609063M,,RESET BEAM GUIDE RAIL WITH EXISTING POSTS,13,LF,"GREEN CONSTRUCTION, INC.",$32.00,$416.00
17131,131,0001,ROADWAY,0044,609063M,,RESET BEAM GUIDE RAIL WITH EXISTING POSTS,13,LF,"MIDLANTIC CONSTRUCTION, LLC",$36.00,$468.00
17131,131,0001,ROADWAY,0045,609075M,,REMOVAL OF BEAM GUIDE RAIL,368,LF,"SOUTH STATE, INC.",$1.00,$368.00
17131,131,0001,ROADWAY,0045,609075M,,REMOVAL OF BEAM GUIDE RAIL,368,LF,"IEW CONSTRUCTION GROUP, INC.",$1.20,$441.60
17131,131,0001,ROADWAY,0045,609075M,,REMOVAL OF BEAM GUIDE RAIL,368,LF,EARLE ASPHALT COMPANY,$1.00,$368.00
17131,131,0001,ROADWAY,0045,609075M,,REMOVAL OF BEAM GUIDE RAIL,368,LF,"RENCOR, INC.",$15.50,"$5,704.00"
17131,131,0001,ROADWAY,0045,609075M,,REMOVAL OF BEAM GUIDE RAIL,368,LF,"ANSELMI & DECICCO, INC.",$10.00,"$3,680.00"
17131,131,0001,ROADWAY,0045,609075M,,REMOVAL OF BEAM GUIDE RAIL,368,LF,"GREEN CONSTRUCTION, INC.",$0.01,$3.68
17131,131,0001,ROADWAY,0045,609075M,,REMOVAL OF BEAM GUIDE RAIL,368,LF,"MIDLANTIC CONSTRUCTION, LLC",$26.00,"$9,568.00"
17131,131,0001,ROADWAY,0046,610003M,,"TRAFFIC STRIPES, 4""","1,100",LF,"SOUTH STATE, INC.",$2.00,"$2,200.00"
17131,131,0001,ROADWAY,0046,610003M,,"TRAFFIC STRIPES, 4""","1,100",LF,"IEW CONSTRUCTION GROUP, INC.",$2.39,"$2,629.00"
17131,131,0001,ROADWAY,0046,610003M,,"TRAFFIC STRIPES, 4""","1,100",LF,EARLE ASPHALT COMPANY,$2.00,"$2,200.00"
17131,131,0001,ROADWAY,0046,610003M,,"TRAFFIC STRIPES, 4""","1,100",LF,"RENCOR, INC.",$1.80,"$1,980.00"
17131,131,0001,ROADWAY,0046,610003M,,"TRAFFIC STRIPES, 4""","1,100",LF,"ANSELMI & DECICCO, INC.",$2.00,"$2,200.00"
17131,131,0001,ROADWAY,0046,610003M,,"TRAFFIC STRIPES, 4""","1,100",LF,"GREEN CONSTRUCTION, INC.",$2.25,"$2,475.00"
17131,131,0001,ROADWAY,0046,610003M,,"TRAFFIC STRIPES, 4""","1,100",LF,"MIDLANTIC CONSTRUCTION, LLC",$3.00,"$3,300.00"
17131,131,0001,ROADWAY,0047,610009M,,TRAFFIC MARKINGS,100,SF,"SOUTH STATE, INC.",$15.00,"$1,500.00"
17131,131,0001,ROADWAY,0047,610009M,,TRAFFIC MARKINGS,100,SF,"IEW CONSTRUCTION GROUP, INC.",$17.93,"$1,793.00"
17131,131,0001,ROADWAY,0047,610009M,,TRAFFIC MARKINGS,100,SF,EARLE ASPHALT COMPANY,$11.00,"$1,100.00"
17131,131,0001,ROADWAY,0047,610009M,,TRAFFIC MARKINGS,100,SF,"RENCOR, INC.",$9.00,$900.00
17131,131,0001,ROADWAY,0047,610009M,,TRAFFIC MARKINGS,100,SF,"ANSELMI & DECICCO, INC.",$10.00,"$1,000.00"
17131,131,0001,ROADWAY,0047,610009M,,TRAFFIC MARKINGS,100,SF,"GREEN CONSTRUCTION, INC.",$17.00,"$1,700.00"
17131,131,0001,ROADWAY,0047,610009M,,TRAFFIC MARKINGS,100,SF,"MIDLANTIC CONSTRUCTION, LLC",$8.00,$800.00
17131,131,0001,ROADWAY,0048,610021M,,"RPM, BI-DIRECTIONAL, AMBER LENS",8,U,"SOUTH STATE, INC.",$125.00,"$1,000.00"
17131,131,0001,ROADWAY,0048,610021M,,"RPM, BI-DIRECTIONAL, AMBER LENS",8,U,"IEW CONSTRUCTION GROUP, INC.",$149.46,"$1,195.68"
17131,131,0001,ROADWAY,0048,610021M,,"RPM, BI-DIRECTIONAL, AMBER LENS",8,U,EARLE ASPHALT COMPANY,$115.00,$920.00
17131,131,0001,ROADWAY,0048,610021M,,"RPM, BI-DIRECTIONAL, AMBER LENS",8,U,"RENCOR, INC.",$100.00,$800.00
17131,131,0001,ROADWAY,0048,610021M,,"RPM, BI-DIRECTIONAL, AMBER LENS",8,U,"ANSELMI & DECICCO, INC.",$150.00,"$1,200.00"
17131,131,0001,ROADWAY,0048,610021M,,"RPM, BI-DIRECTIONAL, AMBER LENS",8,U,"GREEN CONSTRUCTION, INC.",$125.00,"$1,000.00"
17131,131,0001,ROADWAY,0048,610021M,,"RPM, BI-DIRECTIONAL, AMBER LENS",8,U,"MIDLANTIC CONSTRUCTION, LLC",$78.00,$624.00
17131,131,0001,ROADWAY,0049,610024M,,REMOVAL OF RPM,8,U,"SOUTH STATE, INC.",$10.00,$80.00
17131,131,0001,ROADWAY,0049,610024M,,REMOVAL OF RPM,8,U,"IEW CONSTRUCTION GROUP, INC.",$80.54,$644.32
17131,131,0001,ROADWAY,0049,610024M,,REMOVAL OF RPM,8,U,EARLE ASPHALT COMPANY,$5.00,$40.00
17131,131,0001,ROADWAY,0049,610024M,,REMOVAL OF RPM,8,U,"RENCOR, INC.",$100.00,$800.00
17131,131,0001,ROADWAY,0049,610024M,,REMOVAL OF RPM,8,U,"ANSELMI & DECICCO, INC.",$100.00,$800.00
17131,131,0001,ROADWAY,0049,610024M,,REMOVAL OF RPM,8,U,"GREEN CONSTRUCTION, INC.",$1.00,$8.00
17131,131,0001,ROADWAY,0049,610024M,,REMOVAL OF RPM,8,U,"MIDLANTIC CONSTRUCTION, LLC",$115.00,$920.00
17131,131,0001,ROADWAY,0050,612003P,,REGULATORY AND WARNING SIGN,9,SF,"SOUTH STATE, INC.",$36.00,$324.00
17131,131,0001,ROADWAY,0050,612003P,,REGULATORY AND WARNING SIGN,9,SF,"IEW CONSTRUCTION GROUP, INC.",$54.70,$492.30
17131,131,0001,ROADWAY,0050,612003P,,REGULATORY AND WARNING SIGN,9,SF,EARLE ASPHALT COMPANY,$42.00,$378.00
17131,131,0001,ROADWAY,0050,612003P,,REGULATORY AND WARNING SIGN,9,SF,"RENCOR, INC.",$50.00,$450.00
17131,131,0001,ROADWAY,0050,612003P,,REGULATORY AND WARNING SIGN,9,SF,"ANSELMI & DECICCO, INC.",$40.00,$360.00
17131,131,0001,ROADWAY,0050,612003P,,REGULATORY AND WARNING SIGN,9,SF,"GREEN CONSTRUCTION, INC.",$40.00,$360.00
17131,131,0001,ROADWAY,0050,612003P,,REGULATORY AND WARNING SIGN,9,SF,"MIDLANTIC CONSTRUCTION, LLC",$44.00,$396.00
17131,131,0003,NON-PARTICIPATING (ROADWAY),0051,801012M,,SELECTIVE CLEARING,42,SY,"SOUTH STATE, INC.",$65.00,"$2,730.00"
17131,131,0003,NON-PARTICIPATING (ROADWAY),0051,801012M,,SELECTIVE CLEARING,42,SY,"IEW CONSTRUCTION GROUP, INC.",$84.28,"$3,539.76"
17131,131,0003,NON-PARTICIPATING (ROADWAY),0051,801012M,,SELECTIVE CLEARING,42,SY,EARLE ASPHALT COMPANY,$8.00,$336.00
17131,131,0003,NON-PARTICIPATING (ROADWAY),0051,801012M,,SELECTIVE CLEARING,42,SY,"RENCOR, INC.",$120.00,"$5,040.00"
17131,131,0003,NON-PARTICIPATING (ROADWAY),0051,801012M,,SELECTIVE CLEARING,42,SY,"ANSELMI & DECICCO, INC.",$50.00,"$2,100.00"
17131,131,0003,NON-PARTICIPATING (ROADWAY),0051,801012M,,SELECTIVE CLEARING,42,SY,"GREEN CONSTRUCTION, INC.",$350.00,"$14,700.00"
17131,131,0003,NON-PARTICIPATING (ROADWAY),0051,801012M,,SELECTIVE CLEARING,42,SY,"MIDLANTIC CONSTRUCTION, LLC",$304.00,"$12,768.00"
17131,131,0005,GENERAL LANDSCAPE,0052,804006P,,"TOPSOILING, 4"" THICK",126,SY,"SOUTH STATE, INC.",$5.00,$630.00
17131,131,0005,GENERAL LANDSCAPE,0052,804006P,,"TOPSOILING, 4"" THICK",126,SY,"IEW CONSTRUCTION GROUP, INC.",$6.79,$855.54
17131,131,0005,GENERAL LANDSCAPE,0052,804006P,,"TOPSOILING, 4"" THICK",126,SY,EARLE ASPHALT COMPANY,$7.00,$882.00
17131,131,0005,GENERAL LANDSCAPE,0052,804006P,,"TOPSOILING, 4"" THICK",126,SY,"RENCOR, INC.",$19.00,"$2,394.00"
17131,131,0005,GENERAL LANDSCAPE,0052,804006P,,"TOPSOILING, 4"" THICK",126,SY,"ANSELMI & DECICCO, INC.",$10.00,"$1,260.00"
17131,131,0005,GENERAL LANDSCAPE,0052,804006P,,"TOPSOILING, 4"" THICK",126,SY,"GREEN CONSTRUCTION, INC.",$10.00,"$1,260.00"
17131,131,0005,GENERAL LANDSCAPE,0052,804006P,,"TOPSOILING, 4"" THICK",126,SY,"MIDLANTIC CONSTRUCTION, LLC",$89.00,"$11,214.00"
17131,131,0005,GENERAL LANDSCAPE,0053,804015P,,BORROW TOPSOIL,14,CY,"SOUTH STATE, INC.",$40.00,$560.00
17131,131,0005,GENERAL LANDSCAPE,0053,804015P,,BORROW TOPSOIL,14,CY,"IEW CONSTRUCTION GROUP, INC.",$29.89,$418.46
17131,131,0005,GENERAL LANDSCAPE,0053,804015P,,BORROW TOPSOIL,14,CY,EARLE ASPHALT COMPANY,$25.00,$350.00
17131,131,0005,GENERAL LANDSCAPE,0053,804015P,,BORROW TOPSOIL,14,CY,"RENCOR, INC.",$46.50,$651.00
17131,131,0005,GENERAL LANDSCAPE,0053,804015P,,BORROW TOPSOIL,14,CY,"ANSELMI & DECICCO, INC.",$60.00,$840.00
17131,131,0005,GENERAL LANDSCAPE,0053,804015P,,BORROW TOPSOIL,14,CY,"GREEN CONSTRUCTION, INC.",$75.00,"$1,050.00"
17131,131,0005,GENERAL LANDSCAPE,0053,804015P,,BORROW TOPSOIL,14,CY,"MIDLANTIC CONSTRUCTION, LLC",$56.00,$784.00
17131,131,0005,GENERAL LANDSCAPE,0054,806009P,,"FERTILIZING AND SEEDING, TYPE A-4",126,SY,"SOUTH STATE, INC.",$1.00,$126.00
17131,131,0005,GENERAL LANDSCAPE,0054,806009P,,"FERTILIZING AND SEEDING, TYPE A-4",126,SY,"IEW CONSTRUCTION GROUP, INC.",$11.14,"$1,403.64"
17131,131,0005,GENERAL LANDSCAPE,0054,806009P,,"FERTILIZING AND SEEDING, TYPE A-4",126,SY,EARLE ASPHALT COMPANY,$2.00,$252.00
17131,131,0005,GENERAL LANDSCAPE,0054,806009P,,"FERTILIZING AND SEEDING, TYPE A-4",126,SY,"RENCOR, INC.",$7.00,$882.00
17131,131,0005,GENERAL LANDSCAPE,0054,806009P,,"FERTILIZING AND SEEDING, TYPE A-4",126,SY,"ANSELMI & DECICCO, INC.",$10.00,"$1,260.00"
17131,131,0005,GENERAL LANDSCAPE,0054,806009P,,"FERTILIZING AND SEEDING, TYPE A-4",126,SY,"GREEN CONSTRUCTION, INC.",$5.00,$630.00
17131,131,0005,GENERAL LANDSCAPE,0054,806009P,,"FERTILIZING AND SEEDING, TYPE A-4",126,SY,"MIDLANTIC CONSTRUCTION, LLC",$1.00,$126.00
17131,131,0004,EROSION CONTROL,0055,806018P,,"FERTILIZING AND SEEDING, TYPE F",13,SY,"SOUTH STATE, INC.",$1.00,$13.00
17131,131,0004,EROSION CONTROL,0055,806018P,,"FERTILIZING AND SEEDING, TYPE F",13,SY,"IEW CONSTRUCTION GROUP, INC.",$11.14,$144.82
17131,131,0004,EROSION CONTROL,0055,806018P,,"FERTILIZING AND SEEDING, TYPE F",13,SY,EARLE ASPHALT COMPANY,$2.00,$26.00
17131,131,0004,EROSION CONTROL,0055,806018P,,"FERTILIZING AND SEEDING, TYPE F",13,SY,"RENCOR, INC.",$7.00,$91.00
17131,131,0004,EROSION CONTROL,0055,806018P,,"FERTILIZING AND SEEDING, TYPE F",13,SY,"ANSELMI & DECICCO, INC.",$10.00,$130.00
17131,131,0004,EROSION CONTROL,0055,806018P,,"FERTILIZING AND SEEDING, TYPE F",13,SY,"GREEN CONSTRUCTION, INC.",$0.01,$0.13
17131,131,0004,EROSION CONTROL,0055,806018P,,"FERTILIZING AND SEEDING, TYPE F",13,SY,"MIDLANTIC CONSTRUCTION, LLC",$1.00,$13.00
17131,131,0005,GENERAL LANDSCAPE,0056,809003M,,STRAW MULCHING,139,SY,"SOUTH STATE, INC.",$1.00,$139.00
17131,131,0005,GENERAL LANDSCAPE,0056,809003M,,STRAW MULCHING,139,SY,"IEW CONSTRUCTION GROUP, INC.",$6.98,$970.22
17131,131,0005,GENERAL LANDSCAPE,0056,809003M,,STRAW MULCHING,139,SY,EARLE ASPHALT COMPANY,$1.00,$139.00
17131,131,0005,GENERAL LANDSCAPE,0056,809003M,,STRAW MULCHING,139,SY,"RENCOR, INC.",$4.00,$556.00
17131,131,0005,GENERAL LANDSCAPE,0056,809003M,,STRAW MULCHING,139,SY,"ANSELMI & DECICCO, INC.",$10.00,"$1,390.00"
17131,131,0005,GENERAL LANDSCAPE,0056,809003M,,STRAW MULCHING,139,SY,"GREEN CONSTRUCTION, INC.",$5.00,$695.00
17131,131,0005,GENERAL LANDSCAPE,0056,809003M,,STRAW MULCHING,139,SY,"MIDLANTIC CONSTRUCTION, LLC",$1.00,$139.00
17131,131,0006,BRIDGE (1010-151),0057,201006P,,"CLEARING SITE, BRIDGE (___) 1010-151",1,LS,"SOUTH STATE, INC.","$75,000.00","$75,000.00"
17131,131,0006,BRIDGE (1010-151),0057,201006P,,"CLEARING SITE, BRIDGE (___) 1010-151",1,LS,"IEW CONSTRUCTION GROUP, INC.","$75,000.00","$75,000.00"
17131,131,0006,BRIDGE (1010-151),0057,201006P,,"CLEARING SITE, BRIDGE (___) 1010-151",1,LS,EARLE ASPHALT COMPANY,"$75,000.00","$75,000.00"
17131,131,0006,BRIDGE (1010-151),0057,201006P,,"CLEARING SITE, BRIDGE (___) 1010-151",1,LS,"RENCOR, INC.","$150,000.00","$150,000.00"
17131,131,0006,BRIDGE (1010-151),0057,201006P,,"CLEARING SITE, BRIDGE (___) 1010-151",1,LS,"ANSELMI & DECICCO, INC.","$376,000.00","$376,000.00"
17131,131,0006,BRIDGE (1010-151),0057,201006P,,"CLEARING SITE, BRIDGE (___) 1010-151",1,LS,"GREEN CONSTRUCTION, INC.","$325,000.00","$325,000.00"
17131,131,0006,BRIDGE (1010-151),0057,201006P,,"CLEARING SITE, BRIDGE (___) 1010-151",1,LS,"MIDLANTIC CONSTRUCTION, LLC","$75,000.00","$75,000.00"
17131,131,0006,BRIDGE (1010-151),0058,501003P,,TEMPORARY SHEETING,400,SF,"SOUTH STATE, INC.",$1.00,$400.00
17131,131,0006,BRIDGE (1010-151),0058,501003P,,TEMPORARY SHEETING,400,SF,"IEW CONSTRUCTION GROUP, INC.",$128.54,"$51,416.00"
17131,131,0006,BRIDGE (1010-151),0058,501003P,,TEMPORARY SHEETING,400,SF,EARLE ASPHALT COMPANY,$1.00,$400.00
17131,131,0006,BRIDGE (1010-151),0058,501003P,,TEMPORARY SHEETING,400,SF,"RENCOR, INC.",$90.00,"$36,000.00"
17131,131,0006,BRIDGE (1010-151),0058,501003P,,TEMPORARY SHEETING,400,SF,"ANSELMI & DECICCO, INC.",$1.00,$400.00
17131,131,0006,BRIDGE (1010-151),0058,501003P,,TEMPORARY SHEETING,400,SF,"GREEN CONSTRUCTION, INC.",$75.00,"$30,000.00"
17131,131,0006,BRIDGE (1010-151),0058,501003P,,TEMPORARY SHEETING,400,SF,"MIDLANTIC CONSTRUCTION, LLC",$168.00,"$67,200.00"
17131,131,0006,BRIDGE (1010-151),0059,501010P,,TEMPORARY FILLABLE BAG COFFERDAM,1,LS,"SOUTH STATE, INC.","$50,000.00","$50,000.00"
17131,131,0006,BRIDGE (1010-151),0059,501010P,,TEMPORARY FILLABLE BAG COFFERDAM,1,LS,"IEW CONSTRUCTION GROUP, INC.","$40,000.00","$40,000.00"
17131,131,0006,BRIDGE (1010-151),0059,501010P,,TEMPORARY FILLABLE BAG COFFERDAM,1,LS,EARLE ASPHALT COMPANY,"$25,000.00","$25,000.00"
17131,131,0006,BRIDGE (1010-151),0059,501010P,,TEMPORARY FILLABLE BAG COFFERDAM,1,LS,"RENCOR, INC.","$50,000.00","$50,000.00"
17131,131,0006,BRIDGE (1010-151),0059,501010P,,TEMPORARY FILLABLE BAG COFFERDAM,1,LS,"ANSELMI & DECICCO, INC.","$10,000.00","$10,000.00"
17131,131,0006,BRIDGE (1010-151),0059,501010P,,TEMPORARY FILLABLE BAG COFFERDAM,1,LS,"GREEN CONSTRUCTION, INC.","$60,000.00","$60,000.00"
17131,131,0006,BRIDGE (1010-151),0059,501010P,,TEMPORARY FILLABLE BAG COFFERDAM,1,LS,"MIDLANTIC CONSTRUCTION, LLC","$252,000.00","$252,000.00"
17131,131,0006,BRIDGE (1010-151),0060,504006P,,"REINFORCEMENT STEEL, EPOXY-COATED","7,435",LB,"SOUTH STATE, INC.",$2.20,"$16,357.00"
17131,131,0006,BRIDGE (1010-151),0060,504006P,,"REINFORCEMENT STEEL, EPOXY-COATED","7,435",LB,"IEW CONSTRUCTION GROUP, INC.",$2.51,"$18,661.85"
17131,131,0006,BRIDGE (1010-151),0060,504006P,,"REINFORCEMENT STEEL, EPOXY-COATED","7,435",LB,EARLE ASPHALT COMPANY,$3.00,"$22,305.00"
17131,131,0006,BRIDGE (1010-151),0060,504006P,,"REINFORCEMENT STEEL, EPOXY-COATED","7,435",LB,"RENCOR, INC.",$3.50,"$26,022.50"
17131,131,0006,BRIDGE (1010-151),0060,504006P,,"REINFORCEMENT STEEL, EPOXY-COATED","7,435",LB,"ANSELMI & DECICCO, INC.",$10.00,"$74,350.00"
17131,131,0006,BRIDGE (1010-151),0060,504006P,,"REINFORCEMENT STEEL, EPOXY-COATED","7,435",LB,"GREEN CONSTRUCTION, INC.",$2.25,"$16,728.75"
17131,131,0006,BRIDGE (1010-151),0060,504006P,,"REINFORCEMENT STEEL, EPOXY-COATED","7,435",LB,"MIDLANTIC CONSTRUCTION, LLC",$4.00,"$29,740.00"
17131,131,0006,BRIDGE (1010-151),0061,504018P,,CONCRETE WING WALL,9,CY,"SOUTH STATE, INC.","$2,475.00","$22,275.00"
17131,131,0006,BRIDGE (1010-151),0061,504018P,,CONCRETE WING WALL,9,CY,"IEW CONSTRUCTION GROUP, INC.","$1,333.19","$11,998.71"
17131,131,0006,BRIDGE (1010-151),0061,504018P,,CONCRETE WING WALL,9,CY,EARLE ASPHALT COMPANY,"$3,000.00","$27,000.00"
17131,131,0006,BRIDGE (1010-151),0061,504018P,,CONCRETE WING WALL,9,CY,"RENCOR, INC.","$2,565.00","$23,085.00"
17131,131,0006,BRIDGE (1010-151),0061,504018P,,CONCRETE WING WALL,9,CY,"ANSELMI & DECICCO, INC.","$5,000.00","$45,000.00"
17131,131,0006,BRIDGE (1010-151),0061,504018P,,CONCRETE WING WALL,9,CY,"GREEN CONSTRUCTION, INC.","$1,900.00","$17,100.00"
17131,131,0006,BRIDGE (1010-151),0061,504018P,,CONCRETE WING WALL,9,CY,"MIDLANTIC CONSTRUCTION, LLC","$6,891.00","$62,019.00"
17131,131,0006,BRIDGE (1010-151),0062,504024P,,CONCRETE ABUTMENT WALL,15,CY,"SOUTH STATE, INC.","$2,275.00","$34,125.00"
17131,131,0006,BRIDGE (1010-151),0062,504024P,,CONCRETE ABUTMENT WALL,15,CY,"IEW CONSTRUCTION GROUP, INC.","$1,257.56","$18,863.40"
17131,131,0006,BRIDGE (1010-151),0062,504024P,,CONCRETE ABUTMENT WALL,15,CY,EARLE ASPHALT COMPANY,"$4,000.00","$60,000.00"
17131,131,0006,BRIDGE (1010-151),0062,504024P,,CONCRETE ABUTMENT WALL,15,CY,"RENCOR, INC.","$1,700.00","$25,500.00"
17131,131,0006,BRIDGE (1010-151),0062,504024P,,CONCRETE ABUTMENT WALL,15,CY,"ANSELMI & DECICCO, INC.","$5,000.00","$75,000.00"
17131,131,0006,BRIDGE (1010-151),0062,504024P,,CONCRETE ABUTMENT WALL,15,CY,"GREEN CONSTRUCTION, INC.","$1,800.00","$27,000.00"
17131,131,0006,BRIDGE (1010-151),0062,504024P,,CONCRETE ABUTMENT WALL,15,CY,"MIDLANTIC CONSTRUCTION, LLC","$3,341.00","$50,115.00"
17131,131,0006,BRIDGE (1010-151),0063,504036P,,EPOXY WATERPROOFING,195,SY,"SOUTH STATE, INC.",$70.00,"$13,650.00"
17131,131,0006,BRIDGE (1010-151),0063,504036P,,EPOXY WATERPROOFING,195,SY,"IEW CONSTRUCTION GROUP, INC.",$37.14,"$7,242.30"
17131,131,0006,BRIDGE (1010-151),0063,504036P,,EPOXY WATERPROOFING,195,SY,EARLE ASPHALT COMPANY,$25.00,"$4,875.00"
17131,131,0006,BRIDGE (1010-151),0063,504036P,,EPOXY WATERPROOFING,195,SY,"RENCOR, INC.",$126.00,"$24,570.00"
17131,131,0006,BRIDGE (1010-151),0063,504036P,,EPOXY WATERPROOFING,195,SY,"ANSELMI & DECICCO, INC.",$100.00,"$19,500.00"
17131,131,0006,BRIDGE (1010-151),0063,504036P,,EPOXY WATERPROOFING,195,SY,"GREEN CONSTRUCTION, INC.",$50.00,"$9,750.00"
17131,131,0006,BRIDGE (1010-151),0063,504036P,,EPOXY WATERPROOFING,195,SY,"MIDLANTIC CONSTRUCTION, LLC",$86.00,"$16,770.00"
17131,131,0006,BRIDGE (1010-151),0064,504037P,,SPRAY APPLIED WATERPROOFING MEMBRANE,700,SF,"SOUTH STATE, INC.",$20.00,"$14,000.00"
17131,131,0006,BRIDGE (1010-151),0064,504037P,,SPRAY APPLIED WATERPROOFING MEMBRANE,700,SF,"IEW CONSTRUCTION GROUP, INC.",$14.95,"$10,465.00"
17131,131,0006,BRIDGE (1010-151),0064,504037P,,SPRAY APPLIED WATERPROOFING MEMBRANE,700,SF,EARLE ASPHALT COMPANY,$30.00,"$21,000.00"
17131,131,0006,BRIDGE (1010-151),0064,504037P,,SPRAY APPLIED WATERPROOFING MEMBRANE,700,SF,"RENCOR, INC.",$55.00,"$38,500.00"
17131,131,0006,BRIDGE (1010-151),0064,504037P,,SPRAY APPLIED WATERPROOFING MEMBRANE,700,SF,"ANSELMI & DECICCO, INC.",$50.00,"$35,000.00"
17131,131,0006,BRIDGE (1010-151),0064,504037P,,SPRAY APPLIED WATERPROOFING MEMBRANE,700,SF,"GREEN CONSTRUCTION, INC.",$20.00,"$14,000.00"
17131,131,0006,BRIDGE (1010-151),0064,504037P,,SPRAY APPLIED WATERPROOFING MEMBRANE,700,SF,"MIDLANTIC CONSTRUCTION, LLC",$73.00,"$51,100.00"
17131,131,0006,BRIDGE (1010-151),0065,505061P,,PREFABRICATED SUBSTRUCTURE UNITS,72,CY,"SOUTH STATE, INC.","$2,950.00","$212,400.00"
17131,131,0006,BRIDGE (1010-151),0065,505061P,,PREFABRICATED SUBSTRUCTURE UNITS,72,CY,"IEW CONSTRUCTION GROUP, INC.","$3,037.80","$218,721.60"
17131,131,0006,BRIDGE (1010-151),0065,505061P,,PREFABRICATED SUBSTRUCTURE UNITS,72,CY,EARLE ASPHALT COMPANY,"$4,000.00","$288,000.00"
17131,131,0006,BRIDGE (1010-151),0065,505061P,,PREFABRICATED SUBSTRUCTURE UNITS,72,CY,"RENCOR, INC.","$5,500.00","$396,000.00"
17131,131,0006,BRIDGE (1010-151),0065,505061P,,PREFABRICATED SUBSTRUCTURE UNITS,72,CY,"ANSELMI & DECICCO, INC.","$5,000.00","$360,000.00"
17131,131,0006,BRIDGE (1010-151),0065,505061P,,PREFABRICATED SUBSTRUCTURE UNITS,72,CY,"GREEN CONSTRUCTION, INC.","$3,200.00","$230,400.00"
17131,131,0006,BRIDGE (1010-151),0065,505061P,,PREFABRICATED SUBSTRUCTURE UNITS,72,CY,"MIDLANTIC CONSTRUCTION, LLC","$4,000.00","$288,000.00"
17131,131,0006,BRIDGE (1010-151),0066,505063P,,PREFABRICATED SUPERSTRUCTURE UNITS,"1,950",SF,"SOUTH STATE, INC.",$150.00,"$292,500.00"
17131,131,0006,BRIDGE (1010-151),0066,505063P,,PREFABRICATED SUPERSTRUCTURE UNITS,"1,950",SF,"IEW CONSTRUCTION GROUP, INC.",$306.96,"$598,572.00"
17131,131,0006,BRIDGE (1010-151),0066,505063P,,PREFABRICATED SUPERSTRUCTURE UNITS,"1,950",SF,EARLE ASPHALT COMPANY,$350.00,"$682,500.00"
17131,131,0006,BRIDGE (1010-151),0066,505063P,,PREFABRICATED SUPERSTRUCTURE UNITS,"1,950",SF,"RENCOR, INC.",$690.00,"$1,345,500.00"
17131,131,0006,BRIDGE (1010-151),0066,505063P,,PREFABRICATED SUPERSTRUCTURE UNITS,"1,950",SF,"ANSELMI & DECICCO, INC.",$250.00,"$487,500.00"
17131,131,0006,BRIDGE (1010-151),0066,505063P,,PREFABRICATED SUPERSTRUCTURE UNITS,"1,950",SF,"GREEN CONSTRUCTION, INC.",$275.00,"$536,250.00"
17131,131,0006,BRIDGE (1010-151),0066,505063P,,PREFABRICATED SUPERSTRUCTURE UNITS,"1,950",SF,"MIDLANTIC CONSTRUCTION, LLC",$322.00,"$627,900.00"
17131,131,0006,BRIDGE (1010-151),0067,506003P,,STRUCTURAL STEEL,1,LS,"SOUTH STATE, INC.","$205,000.00","$205,000.00"
17131,131,0006,BRIDGE (1010-151),0067,506003P,,STRUCTURAL STEEL,1,LS,"IEW CONSTRUCTION GROUP, INC.","$250,000.00","$250,000.00"
17131,131,0006,BRIDGE (1010-151),0067,506003P,,STRUCTURAL STEEL,1,LS,EARLE ASPHALT COMPANY,"$80,000.00","$80,000.00"
17131,131,0006,BRIDGE (1010-151),0067,506003P,,STRUCTURAL STEEL,1,LS,"RENCOR, INC.","$5,000.00","$5,000.00"
17131,131,0006,BRIDGE (1010-151),0067,506003P,,STRUCTURAL STEEL,1,LS,"ANSELMI & DECICCO, INC.","$5,000.00","$5,000.00"
17131,131,0006,BRIDGE (1010-151),0067,506003P,,STRUCTURAL STEEL,1,LS,"GREEN CONSTRUCTION, INC.","$250,000.00","$250,000.00"
17131,131,0006,BRIDGE (1010-151),0067,506003P,,STRUCTURAL STEEL,1,LS,"MIDLANTIC CONSTRUCTION, LLC","$30,000.00","$30,000.00"
17131,131,0006,BRIDGE (1010-151),0068,506006P,,REINFORCED ELASTOMERIC BEARING ASSEMBLY,16,U,"SOUTH STATE, INC.","$2,200.00","$35,200.00"
17131,131,0006,BRIDGE (1010-151),0068,506006P,,REINFORCED ELASTOMERIC BEARING ASSEMBLY,16,U,"IEW CONSTRUCTION GROUP, INC.","$2,837.43","$45,398.88"
17131,131,0006,BRIDGE (1010-151),0068,506006P,,REINFORCED ELASTOMERIC BEARING ASSEMBLY,16,U,EARLE ASPHALT COMPANY,"$2,500.00","$40,000.00"
17131,131,0006,BRIDGE (1010-151),0068,506006P,,REINFORCED ELASTOMERIC BEARING ASSEMBLY,16,U,"RENCOR, INC.","$3,000.00","$48,000.00"
17131,131,0006,BRIDGE (1010-151),0068,506006P,,REINFORCED ELASTOMERIC BEARING ASSEMBLY,16,U,"ANSELMI & DECICCO, INC.","$2,000.00","$32,000.00"
17131,131,0006,BRIDGE (1010-151),0068,506006P,,REINFORCED ELASTOMERIC BEARING ASSEMBLY,16,U,"GREEN CONSTRUCTION, INC.","$3,000.00","$48,000.00"
17131,131,0006,BRIDGE (1010-151),0068,506006P,,REINFORCED ELASTOMERIC BEARING ASSEMBLY,16,U,"MIDLANTIC CONSTRUCTION, LLC","$7,900.00","$126,400.00"
17131,131,0006,BRIDGE (1010-151),0069,506060M,,CLOSURE POUR PLATES,"2,450",SF,"SOUTH STATE, INC.",$95.00,"$232,750.00"
17131,131,0006,BRIDGE (1010-151),0069,506060M,,CLOSURE POUR PLATES,"2,450",SF,"IEW CONSTRUCTION GROUP, INC.",$55.19,"$135,215.50"
17131,131,0006,BRIDGE (1010-151),0069,506060M,,CLOSURE POUR PLATES,"2,450",SF,EARLE ASPHALT COMPANY,$98.00,"$240,100.00"
17131,131,0006,BRIDGE (1010-151),0069,506060M,,CLOSURE POUR PLATES,"2,450",SF,"RENCOR, INC.",$54.00,"$132,300.00"
17131,131,0006,BRIDGE (1010-151),0069,506060M,,CLOSURE POUR PLATES,"2,450",SF,"ANSELMI & DECICCO, INC.",$50.00,"$122,500.00"
17131,131,0006,BRIDGE (1010-151),0069,506060M,,CLOSURE POUR PLATES,"2,450",SF,"GREEN CONSTRUCTION, INC.",$150.00,"$367,500.00"
17131,131,0006,BRIDGE (1010-151),0069,506060M,,CLOSURE POUR PLATES,"2,450",SF,"MIDLANTIC CONSTRUCTION, LLC",$80.00,"$196,000.00"
17131,131,0006,BRIDGE (1010-151),0070,507015P,,STRIP SEAL EXPANSION JOINT ASSEMBLY,108,LF,"SOUTH STATE, INC.",$400.00,"$43,200.00"
17131,131,0006,BRIDGE (1010-151),0070,507015P,,STRIP SEAL EXPANSION JOINT ASSEMBLY,108,LF,"IEW CONSTRUCTION GROUP, INC.",$453.41,"$48,968.28"
17131,131,0006,BRIDGE (1010-151),0070,507015P,,STRIP SEAL EXPANSION JOINT ASSEMBLY,108,LF,EARLE ASPHALT COMPANY,$450.00,"$48,600.00"
17131,131,0006,BRIDGE (1010-151),0070,507015P,,STRIP SEAL EXPANSION JOINT ASSEMBLY,108,LF,"RENCOR, INC.",$375.00,"$40,500.00"
17131,131,0006,BRIDGE (1010-151),0070,507015P,,STRIP SEAL EXPANSION JOINT ASSEMBLY,108,LF,"ANSELMI & DECICCO, INC.","$1,000.00","$108,000.00"
17131,131,0006,BRIDGE (1010-151),0070,507015P,,STRIP SEAL EXPANSION JOINT ASSEMBLY,108,LF,"GREEN CONSTRUCTION, INC.",$550.00,"$59,400.00"
17131,131,0006,BRIDGE (1010-151),0070,507015P,,STRIP SEAL EXPANSION JOINT ASSEMBLY,108,LF,"MIDLANTIC CONSTRUCTION, LLC",$600.00,"$64,800.00"
17131,131,0006,BRIDGE (1010-151),0071,507039P,,"CONCRETE BRIDGE PARAPET, HPC",92,LF,"SOUTH STATE, INC.",$500.00,"$46,000.00"
17131,131,0006,BRIDGE (1010-151),0071,507039P,,"CONCRETE BRIDGE PARAPET, HPC",92,LF,"IEW CONSTRUCTION GROUP, INC.",$825.22,"$75,920.24"
17131,131,0006,BRIDGE (1010-151),0071,507039P,,"CONCRETE BRIDGE PARAPET, HPC",92,LF,EARLE ASPHALT COMPANY,$595.00,"$54,740.00"
17131,131,0006,BRIDGE (1010-151),0071,507039P,,"CONCRETE BRIDGE PARAPET, HPC",92,LF,"RENCOR, INC.",$910.00,"$83,720.00"
17131,131,0006,BRIDGE (1010-151),0071,507039P,,"CONCRETE BRIDGE PARAPET, HPC",92,LF,"ANSELMI & DECICCO, INC.","$1,000.00","$92,000.00"
17131,131,0006,BRIDGE (1010-151),0071,507039P,,"CONCRETE BRIDGE PARAPET, HPC",92,LF,"GREEN CONSTRUCTION, INC.",$850.00,"$78,200.00"
17131,131,0006,BRIDGE (1010-151),0071,507039P,,"CONCRETE BRIDGE PARAPET, HPC",92,LF,"MIDLANTIC CONSTRUCTION, LLC",$939.00,"$86,388.00"
17131,131,0006,BRIDGE (1010-151),0072,507066P,,PRECAST CONCRETE BRIDGE APPROACH,366,SY,"SOUTH STATE, INC.",$605.00,"$221,430.00"
17131,131,0006,BRIDGE (1010-151),0072,507066P,,PRECAST CONCRETE BRIDGE APPROACH,366,SY,"IEW CONSTRUCTION GROUP, INC.",$902.78,"$330,417.48"
17131,131,0006,BRIDGE (1010-151),0072,507066P,,PRECAST CONCRETE BRIDGE APPROACH,366,SY,EARLE ASPHALT COMPANY,$650.00,"$237,900.00"
17131,131,0006,BRIDGE (1010-151),0072,507066P,,PRECAST CONCRETE BRIDGE APPROACH,366,SY,"RENCOR, INC.",$700.00,"$256,200.00"
17131,131,0006,BRIDGE (1010-151),0072,507066P,,PRECAST CONCRETE BRIDGE APPROACH,366,SY,"ANSELMI & DECICCO, INC.","$1,000.00","$366,000.00"
17131,131,0006,BRIDGE (1010-151),0072,507066P,,PRECAST CONCRETE BRIDGE APPROACH,366,SY,"GREEN CONSTRUCTION, INC.","$1,100.00","$402,600.00"
17131,131,0006,BRIDGE (1010-151),0072,507066P,,PRECAST CONCRETE BRIDGE APPROACH,366,SY,"MIDLANTIC CONSTRUCTION, LLC","$1,100.00","$402,600.00"
17131,131,0006,BRIDGE (1010-151),0073,507123P,,"CONCRETE BRIDGE DECK, UHPC",45,CY,"SOUTH STATE, INC.","$9,900.00","$445,500.00"
17131,131,0006,BRIDGE (1010-151),0073,507123P,,"CONCRETE BRIDGE DECK, UHPC",45,CY,"IEW CONSTRUCTION GROUP, INC.","$2,214.27","$99,642.15"
17131,131,0006,BRIDGE (1010-151),0073,507123P,,"CONCRETE BRIDGE DECK, UHPC",45,CY,EARLE ASPHALT COMPANY,"$11,500.00","$517,500.00"
17131,131,0006,BRIDGE (1010-151),0073,507123P,,"CONCRETE BRIDGE DECK, UHPC",45,CY,"RENCOR, INC.","$3,175.00","$142,875.00"
17131,131,0006,BRIDGE (1010-151),0073,507123P,,"CONCRETE BRIDGE DECK, UHPC",45,CY,"ANSELMI & DECICCO, INC.","$2,000.00","$90,000.00"
17131,131,0006,BRIDGE (1010-151),0073,507123P,,"CONCRETE BRIDGE DECK, UHPC",45,CY,"GREEN CONSTRUCTION, INC.","$11,000.00","$495,000.00"
17131,131,0006,BRIDGE (1010-151),0073,507123P,,"CONCRETE BRIDGE DECK, UHPC",45,CY,"MIDLANTIC CONSTRUCTION, LLC","$8,773.00","$394,785.00"
17131,131,0006,BRIDGE (1010-151),0074,551019M,,POLYESTER POLYMER CONCRETE OVERLAY,480,CF,"SOUTH STATE, INC.",$430.00,"$206,400.00"
17131,131,0006,BRIDGE (1010-151),0074,551019M,,POLYESTER POLYMER CONCRETE OVERLAY,480,CF,"IEW CONSTRUCTION GROUP, INC.",$471.28,"$226,214.40"
17131,131,0006,BRIDGE (1010-151),0074,551019M,,POLYESTER POLYMER CONCRETE OVERLAY,480,CF,EARLE ASPHALT COMPANY,$505.00,"$242,400.00"
17131,131,0006,BRIDGE (1010-151),0074,551019M,,POLYESTER POLYMER CONCRETE OVERLAY,480,CF,"RENCOR, INC.",$540.00,"$259,200.00"
17131,131,0006,BRIDGE (1010-151),0074,551019M,,POLYESTER POLYMER CONCRETE OVERLAY,480,CF,"ANSELMI & DECICCO, INC.",$200.00,"$96,000.00"
17131,131,0006,BRIDGE (1010-151),0074,551019M,,POLYESTER POLYMER CONCRETE OVERLAY,480,CF,"GREEN CONSTRUCTION, INC.",$225.00,"$108,000.00"
17131,131,0006,BRIDGE (1010-151),0074,551019M,,POLYESTER POLYMER CONCRETE OVERLAY,480,CF,"MIDLANTIC CONSTRUCTION, LLC",$693.00,"$332,640.00"
17131,131,0006,BRIDGE (1010-151),0075,552003M,,"PRESSURE INJECTION, CONCRETE CRACKS",10,LF,"SOUTH STATE, INC.",$200.00,"$2,000.00"
17131,131,0006,BRIDGE (1010-151),0075,552003M,,"PRESSURE INJECTION, CONCRETE CRACKS",10,LF,"IEW CONSTRUCTION GROUP, INC.",$191.92,"$1,919.20"
17131,131,0006,BRIDGE (1010-151),0075,552003M,,"PRESSURE INJECTION, CONCRETE CRACKS",10,LF,EARLE ASPHALT COMPANY,$350.00,"$3,500.00"
17131,131,0006,BRIDGE (1010-151),0075,552003M,,"PRESSURE INJECTION, CONCRETE CRACKS",10,LF,"RENCOR, INC.",$118.00,"$1,180.00"
17131,131,0006,BRIDGE (1010-151),0075,552003M,,"PRESSURE INJECTION, CONCRETE CRACKS",10,LF,"ANSELMI & DECICCO, INC.",$500.00,"$5,000.00"
17131,131,0006,BRIDGE (1010-151),0075,552003M,,"PRESSURE INJECTION, CONCRETE CRACKS",10,LF,"GREEN CONSTRUCTION, INC.",$290.00,"$2,900.00"
17131,131,0006,BRIDGE (1010-151),0075,552003M,,"PRESSURE INJECTION, CONCRETE CRACKS",10,LF,"MIDLANTIC CONSTRUCTION, LLC","$1,001.00","$10,010.00"
17131,131,0006,BRIDGE (1010-151),0076,555011M,,"REPAIR OF CONCRETE, TYPE D",75,SF,"SOUTH STATE, INC.",$500.00,"$37,500.00"
17131,131,0006,BRIDGE (1010-151),0076,555011M,,"REPAIR OF CONCRETE, TYPE D",75,SF,"IEW CONSTRUCTION GROUP, INC.",$443.24,"$33,243.00"
17131,131,0006,BRIDGE (1010-151),0076,555011M,,"REPAIR OF CONCRETE, TYPE D",75,SF,EARLE ASPHALT COMPANY,$325.00,"$24,375.00"
17131,131,0006,BRIDGE (1010-151),0076,555011M,,"REPAIR OF CONCRETE, TYPE D",75,SF,"RENCOR, INC.",$134.00,"$10,050.00"
17131,131,0006,BRIDGE (1010-151),0076,555011M,,"REPAIR OF CONCRETE, TYPE D",75,SF,"ANSELMI & DECICCO, INC.",$350.00,"$26,250.00"
17131,131,0006,BRIDGE (1010-151),0076,555011M,,"REPAIR OF CONCRETE, TYPE D",75,SF,"GREEN CONSTRUCTION, INC.",$280.00,"$21,000.00"
17131,131,0006,BRIDGE (1010-151),0076,555011M,,"REPAIR OF CONCRETE, TYPE D",75,SF,"MIDLANTIC CONSTRUCTION, LLC",$696.00,"$52,200.00"
17131,131,0006,BRIDGE (1010-151),0077,601404P,,SUBBASE OUTLET DRAIN,100,LF,"SOUTH STATE, INC.",$20.00,"$2,000.00"
17131,131,0006,BRIDGE (1010-151),0077,601404P,,SUBBASE OUTLET DRAIN,100,LF,"IEW CONSTRUCTION GROUP, INC.",$46.99,"$4,699.00"
17131,131,0006,BRIDGE (1010-151),0077,601404P,,SUBBASE OUTLET DRAIN,100,LF,EARLE ASPHALT COMPANY,$25.00,"$2,500.00"
17131,131,0006,BRIDGE (1010-151),0077,601404P,,SUBBASE OUTLET DRAIN,100,LF,"RENCOR, INC.",$140.00,"$14,000.00"
17131,131,0006,BRIDGE (1010-151),0077,601404P,,SUBBASE OUTLET DRAIN,100,LF,"ANSELMI & DECICCO, INC.",$100.00,"$10,000.00"
17131,131,0006,BRIDGE (1010-151),0077,601404P,,SUBBASE OUTLET DRAIN,100,LF,"GREEN CONSTRUCTION, INC.",$75.00,"$7,500.00"
17131,131,0006,BRIDGE (1010-151),0077,601404P,,SUBBASE OUTLET DRAIN,100,LF,"MIDLANTIC CONSTRUCTION, LLC",$225.00,"$22,500.00"