Proposal,Call Order,Section Number,Section Description,Line,Item,Alternate Code,Item Description,Quantity,Unit,Vendor Name,Unit Price,Extension
19117,117,0001,ROADWAY,0001,151006M,,PERFORMANCE BOND AND PAYMENT BOND,1,DOLL,"RITACCO CONSTRUCTION, INC.","$30,000.00","$30,000.00"
19117,117,0001,ROADWAY,0001,151006M,,PERFORMANCE BOND AND PAYMENT BOND,1,DOLL,"FERREIRA CONSTRUCTION CO., INC.","$58,000.00","$58,000.00"
19117,117,0001,ROADWAY,0001,151006M,,PERFORMANCE BOND AND PAYMENT BOND,1,DOLL,"NEW PRINCE CONCRETE CONSTRUCTION CO., INC.","$47,000.00","$47,000.00"
19117,117,0001,ROADWAY,0001,151006M,,PERFORMANCE BOND AND PAYMENT BOND,1,DOLL,"IEW CONSTRUCTION GROUP, INC.","$39,755.37","$39,755.37"
19117,117,0001,ROADWAY,0001,151006M,,PERFORMANCE BOND AND PAYMENT BOND,1,DOLL,"ANSELMI & DECICCO, INC.","$50,000.00","$50,000.00"
19117,117,0003,NON-PARTICIPATING (ROADWAY),0002,152004P,,OWNER'S AND CONTRACTOR'S PROTECTIVE LIABILITY INSURANCE,1,DOLL,"RITACCO CONSTRUCTION, INC.","$7,000.00","$7,000.00"
19117,117,0003,NON-PARTICIPATING (ROADWAY),0002,152004P,,OWNER'S AND CONTRACTOR'S PROTECTIVE LIABILITY INSURANCE,1,DOLL,"FERREIRA CONSTRUCTION CO., INC.","$11,000.00","$11,000.00"
19117,117,0003,NON-PARTICIPATING (ROADWAY),0002,152004P,,OWNER'S AND CONTRACTOR'S PROTECTIVE LIABILITY INSURANCE,1,DOLL,"NEW PRINCE CONCRETE CONSTRUCTION CO., INC.","$8,000.00","$8,000.00"
19117,117,0003,NON-PARTICIPATING (ROADWAY),0002,152004P,,OWNER'S AND CONTRACTOR'S PROTECTIVE LIABILITY INSURANCE,1,DOLL,"IEW CONSTRUCTION GROUP, INC.","$11,123.52","$11,123.52"
19117,117,0003,NON-PARTICIPATING (ROADWAY),0002,152004P,,OWNER'S AND CONTRACTOR'S PROTECTIVE LIABILITY INSURANCE,1,DOLL,"ANSELMI & DECICCO, INC.","$10,000.00","$10,000.00"
19117,117,0003,NON-PARTICIPATING (ROADWAY),0003,152015P,,POLLUTION LIABILITY INSURANCE,1,DOLL,"RITACCO CONSTRUCTION, INC.","$11,000.00","$11,000.00"
19117,117,0003,NON-PARTICIPATING (ROADWAY),0003,152015P,,POLLUTION LIABILITY INSURANCE,1,DOLL,"FERREIRA CONSTRUCTION CO., INC.","$13,000.00","$13,000.00"
19117,117,0003,NON-PARTICIPATING (ROADWAY),0003,152015P,,POLLUTION LIABILITY INSURANCE,1,DOLL,"NEW PRINCE CONCRETE CONSTRUCTION CO., INC.","$24,000.00","$24,000.00"
19117,117,0003,NON-PARTICIPATING (ROADWAY),0003,152015P,,POLLUTION LIABILITY INSURANCE,1,DOLL,"IEW CONSTRUCTION GROUP, INC.","$17,303.26","$17,303.26"
19117,117,0003,NON-PARTICIPATING (ROADWAY),0003,152015P,,POLLUTION LIABILITY INSURANCE,1,DOLL,"ANSELMI & DECICCO, INC.","$10,000.00","$10,000.00"
19117,117,0001,ROADWAY,0004,153003P,,PROGRESS SCHEDULE,1,LS,"RITACCO CONSTRUCTION, INC.","$4,000.00","$4,000.00"
19117,117,0001,ROADWAY,0004,153003P,,PROGRESS SCHEDULE,1,LS,"FERREIRA CONSTRUCTION CO., INC.","$12,000.00","$12,000.00"
19117,117,0001,ROADWAY,0004,153003P,,PROGRESS SCHEDULE,1,LS,"NEW PRINCE CONCRETE CONSTRUCTION CO., INC.","$20,000.00","$20,000.00"
19117,117,0001,ROADWAY,0004,153003P,,PROGRESS SCHEDULE,1,LS,"IEW CONSTRUCTION GROUP, INC.","$15,000.00","$15,000.00"
19117,117,0001,ROADWAY,0004,153003P,,PROGRESS SCHEDULE,1,LS,"ANSELMI & DECICCO, INC.","$15,000.00","$15,000.00"
19117,117,0001,ROADWAY,0005,153005M,,PROGRESS SCHEDULE UPDATE,17,U,"RITACCO CONSTRUCTION, INC.",$250.00,"$4,250.00"
19117,117,0001,ROADWAY,0005,153005M,,PROGRESS SCHEDULE UPDATE,17,U,"FERREIRA CONSTRUCTION CO., INC.",$645.00,"$10,965.00"
19117,117,0001,ROADWAY,0005,153005M,,PROGRESS SCHEDULE UPDATE,17,U,"NEW PRINCE CONCRETE CONSTRUCTION CO., INC.",$500.00,"$8,500.00"
19117,117,0001,ROADWAY,0005,153005M,,PROGRESS SCHEDULE UPDATE,17,U,"IEW CONSTRUCTION GROUP, INC.",$250.00,"$4,250.00"
19117,117,0001,ROADWAY,0005,153005M,,PROGRESS SCHEDULE UPDATE,17,U,"ANSELMI & DECICCO, INC.",$500.00,"$8,500.00"
19117,117,0001,ROADWAY,0006,153011M,,TRAINEES,"1,940",HOUR,"RITACCO CONSTRUCTION, INC.",$1.00,"$1,940.00"
19117,117,0001,ROADWAY,0006,153011M,,TRAINEES,"1,940",HOUR,"FERREIRA CONSTRUCTION CO., INC.",$0.01,$19.40
19117,117,0001,ROADWAY,0006,153011M,,TRAINEES,"1,940",HOUR,"NEW PRINCE CONCRETE CONSTRUCTION CO., INC.",$1.00,"$1,940.00"
19117,117,0001,ROADWAY,0006,153011M,,TRAINEES,"1,940",HOUR,"IEW CONSTRUCTION GROUP, INC.",$0.01,$19.40
19117,117,0001,ROADWAY,0006,153011M,,TRAINEES,"1,940",HOUR,"ANSELMI & DECICCO, INC.",$1.00,"$1,940.00"
19117,117,0001,ROADWAY,0007,154003P,,MOBILIZATION,1,LS,"RITACCO CONSTRUCTION, INC.","$637,300.00","$637,300.00"
19117,117,0001,ROADWAY,0007,154003P,,MOBILIZATION,1,LS,"FERREIRA CONSTRUCTION CO., INC.","$700,000.00","$700,000.00"
19117,117,0001,ROADWAY,0007,154003P,,MOBILIZATION,1,LS,"NEW PRINCE CONCRETE CONSTRUCTION CO., INC.","$700,000.00","$700,000.00"
19117,117,0001,ROADWAY,0007,154003P,,MOBILIZATION,1,LS,"IEW CONSTRUCTION GROUP, INC.","$745,000.00","$745,000.00"
19117,117,0001,ROADWAY,0007,154003P,,MOBILIZATION,1,LS,"ANSELMI & DECICCO, INC.","$870,000.00","$870,000.00"
19117,117,0002,CONSTRUCTION ENGINEERING,0008,155015M,,FIELD OFFICE TYPE E SET UP,1,U,"RITACCO CONSTRUCTION, INC.","$9,500.00","$9,500.00"
19117,117,0002,CONSTRUCTION ENGINEERING,0008,155015M,,FIELD OFFICE TYPE E SET UP,1,U,"FERREIRA CONSTRUCTION CO., INC.","$45,000.00","$45,000.00"
19117,117,0002,CONSTRUCTION ENGINEERING,0008,155015M,,FIELD OFFICE TYPE E SET UP,1,U,"NEW PRINCE CONCRETE CONSTRUCTION CO., INC.","$65,000.00","$65,000.00"
19117,117,0002,CONSTRUCTION ENGINEERING,0008,155015M,,FIELD OFFICE TYPE E SET UP,1,U,"IEW CONSTRUCTION GROUP, INC.","$40,496.27","$40,496.27"
19117,117,0002,CONSTRUCTION ENGINEERING,0008,155015M,,FIELD OFFICE TYPE E SET UP,1,U,"ANSELMI & DECICCO, INC.","$50,000.00","$50,000.00"
19117,117,0002,CONSTRUCTION ENGINEERING,0009,155033M,,FIELD OFFICE TYPE E MAINTENANCE,26,MO,"RITACCO CONSTRUCTION, INC.","$1,500.00","$39,000.00"
19117,117,0002,CONSTRUCTION ENGINEERING,0009,155033M,,FIELD OFFICE TYPE E MAINTENANCE,26,MO,"FERREIRA CONSTRUCTION CO., INC.","$3,000.00","$78,000.00"
19117,117,0002,CONSTRUCTION ENGINEERING,0009,155033M,,FIELD OFFICE TYPE E MAINTENANCE,26,MO,"NEW PRINCE CONCRETE CONSTRUCTION CO., INC.","$3,500.00","$91,000.00"
19117,117,0002,CONSTRUCTION ENGINEERING,0009,155033M,,FIELD OFFICE TYPE E MAINTENANCE,26,MO,"IEW CONSTRUCTION GROUP, INC.","$3,868.51","$100,581.26"
19117,117,0002,CONSTRUCTION ENGINEERING,0009,155033M,,FIELD OFFICE TYPE E MAINTENANCE,26,MO,"ANSELMI & DECICCO, INC.","$3,800.00","$98,800.00"
19117,117,0001,ROADWAY,0010,157004M,,CONSTRUCTION LAYOUT,1,DOLL,"RITACCO CONSTRUCTION, INC.","$70,000.00","$70,000.00"
19117,117,0001,ROADWAY,0010,157004M,,CONSTRUCTION LAYOUT,1,DOLL,"FERREIRA CONSTRUCTION CO., INC.","$140,000.00","$140,000.00"
19117,117,0001,ROADWAY,0010,157004M,,CONSTRUCTION LAYOUT,1,DOLL,"NEW PRINCE CONCRETE CONSTRUCTION CO., INC.","$100,000.00","$100,000.00"
19117,117,0001,ROADWAY,0010,157004M,,CONSTRUCTION LAYOUT,1,DOLL,"IEW CONSTRUCTION GROUP, INC.","$68,219.87","$68,219.87"
19117,117,0001,ROADWAY,0010,157004M,,CONSTRUCTION LAYOUT,1,DOLL,"ANSELMI & DECICCO, INC.","$228,265.30","$228,265.30"
19117,117,0004,EROSION CONTROL,0011,158009M,,"HEAVY DUTY SILT FENCE, ORANGE","1,779",LF,"RITACCO CONSTRUCTION, INC.",$7.00,"$12,453.00"
19117,117,0004,EROSION CONTROL,0011,158009M,,"HEAVY DUTY SILT FENCE, ORANGE","1,779",LF,"FERREIRA CONSTRUCTION CO., INC.",$7.00,"$12,453.00"
19117,117,0004,EROSION CONTROL,0011,158009M,,"HEAVY DUTY SILT FENCE, ORANGE","1,779",LF,"NEW PRINCE CONCRETE CONSTRUCTION CO., INC.",$10.00,"$17,790.00"
19117,117,0004,EROSION CONTROL,0011,158009M,,"HEAVY DUTY SILT FENCE, ORANGE","1,779",LF,"IEW CONSTRUCTION GROUP, INC.",$11.03,"$19,622.37"
19117,117,0004,EROSION CONTROL,0011,158009M,,"HEAVY DUTY SILT FENCE, ORANGE","1,779",LF,"ANSELMI & DECICCO, INC.",$9.00,"$16,011.00"
19117,117,0004,EROSION CONTROL,0012,158030M,,"INLET FILTER TYPE 2, 2' X 4'",17,U,"RITACCO CONSTRUCTION, INC.",$200.00,"$3,400.00"
19117,117,0004,EROSION CONTROL,0012,158030M,,"INLET FILTER TYPE 2, 2' X 4'",17,U,"FERREIRA CONSTRUCTION CO., INC.",$235.00,"$3,995.00"
19117,117,0004,EROSION CONTROL,0012,158030M,,"INLET FILTER TYPE 2, 2' X 4'",17,U,"NEW PRINCE CONCRETE CONSTRUCTION CO., INC.",$100.00,"$1,700.00"
19117,117,0004,EROSION CONTROL,0012,158030M,,"INLET FILTER TYPE 2, 2' X 4'",17,U,"IEW CONSTRUCTION GROUP, INC.",$461.33,"$7,842.61"
19117,117,0004,EROSION CONTROL,0012,158030M,,"INLET FILTER TYPE 2, 2' X 4'",17,U,"ANSELMI & DECICCO, INC.",$200.00,"$3,400.00"
19117,117,0004,EROSION CONTROL,0013,158063P,,CONCRETE WASHOUT SYSTEM,1,LS,"RITACCO CONSTRUCTION, INC.","$4,000.00","$4,000.00"
19117,117,0004,EROSION CONTROL,0013,158063P,,CONCRETE WASHOUT SYSTEM,1,LS,"FERREIRA CONSTRUCTION CO., INC.","$7,500.00","$7,500.00"
19117,117,0004,EROSION CONTROL,0013,158063P,,CONCRETE WASHOUT SYSTEM,1,LS,"NEW PRINCE CONCRETE CONSTRUCTION CO., INC.","$5,000.00","$5,000.00"
19117,117,0004,EROSION CONTROL,0013,158063P,,CONCRETE WASHOUT SYSTEM,1,LS,"IEW CONSTRUCTION GROUP, INC.","$22,988.62","$22,988.62"
19117,117,0004,EROSION CONTROL,0013,158063P,,CONCRETE WASHOUT SYSTEM,1,LS,"ANSELMI & DECICCO, INC.","$25,000.00","$25,000.00"
19117,117,0004,EROSION CONTROL,0014,158072M,,"OIL ONLY EMERGENCY SPILL KIT, TYPE 1",2,U,"RITACCO CONSTRUCTION, INC.",$500.00,"$1,000.00"
19117,117,0004,EROSION CONTROL,0014,158072M,,"OIL ONLY EMERGENCY SPILL KIT, TYPE 1",2,U,"FERREIRA CONSTRUCTION CO., INC.",$688.00,"$1,376.00"
19117,117,0004,EROSION CONTROL,0014,158072M,,"OIL ONLY EMERGENCY SPILL KIT, TYPE 1",2,U,"NEW PRINCE CONCRETE CONSTRUCTION CO., INC.","$2,000.00","$4,000.00"
19117,117,0004,EROSION CONTROL,0014,158072M,,"OIL ONLY EMERGENCY SPILL KIT, TYPE 1",2,U,"IEW CONSTRUCTION GROUP, INC.","$1,235.95","$2,471.90"
19117,117,0004,EROSION CONTROL,0014,158072M,,"OIL ONLY EMERGENCY SPILL KIT, TYPE 1",2,U,"ANSELMI & DECICCO, INC.","$1,000.00","$2,000.00"
19117,117,0004,EROSION CONTROL,0015,158084M,,EROSION CONTROL SEDIMENT REMOVAL,50,CY,"RITACCO CONSTRUCTION, INC.",$50.00,"$2,500.00"
19117,117,0004,EROSION CONTROL,0015,158084M,,EROSION CONTROL SEDIMENT REMOVAL,50,CY,"FERREIRA CONSTRUCTION CO., INC.",$0.01,$0.50
19117,117,0004,EROSION CONTROL,0015,158084M,,EROSION CONTROL SEDIMENT REMOVAL,50,CY,"NEW PRINCE CONCRETE CONSTRUCTION CO., INC.",$0.01,$0.50
19117,117,0004,EROSION CONTROL,0015,158084M,,EROSION CONTROL SEDIMENT REMOVAL,50,CY,"IEW CONSTRUCTION GROUP, INC.",$51.72,"$2,586.00"
19117,117,0004,EROSION CONTROL,0015,158084M,,EROSION CONTROL SEDIMENT REMOVAL,50,CY,"ANSELMI & DECICCO, INC.",$50.00,"$2,500.00"
19117,117,0001,ROADWAY,0016,159003M,,BREAKAWAY BARRICADE,30,U,"RITACCO CONSTRUCTION, INC.",$50.00,"$1,500.00"
19117,117,0001,ROADWAY,0016,159003M,,BREAKAWAY BARRICADE,30,U,"FERREIRA CONSTRUCTION CO., INC.",$200.00,"$6,000.00"
19117,117,0001,ROADWAY,0016,159003M,,BREAKAWAY BARRICADE,30,U,"NEW PRINCE CONCRETE CONSTRUCTION CO., INC.",$100.00,"$3,000.00"
19117,117,0001,ROADWAY,0016,159003M,,BREAKAWAY BARRICADE,30,U,"IEW CONSTRUCTION GROUP, INC.",$117.42,"$3,522.60"
19117,117,0001,ROADWAY,0016,159003M,,BREAKAWAY BARRICADE,30,U,"ANSELMI & DECICCO, INC.",$100.00,"$3,000.00"
19117,117,0001,ROADWAY,0017,159006M,,DRUM,100,U,"RITACCO CONSTRUCTION, INC.",$10.00,"$1,000.00"
19117,117,0001,ROADWAY,0017,159006M,,DRUM,100,U,"FERREIRA CONSTRUCTION CO., INC.",$100.00,"$10,000.00"
19117,117,0001,ROADWAY,0017,159006M,,DRUM,100,U,"NEW PRINCE CONCRETE CONSTRUCTION CO., INC.",$75.00,"$7,500.00"
19117,117,0001,ROADWAY,0017,159006M,,DRUM,100,U,"IEW CONSTRUCTION GROUP, INC.",$66.74,"$6,674.00"
19117,117,0001,ROADWAY,0017,159006M,,DRUM,100,U,"ANSELMI & DECICCO, INC.",$60.00,"$6,000.00"
19117,117,0001,ROADWAY,0018,159009M,,TRAFFIC CONE,50,U,"RITACCO CONSTRUCTION, INC.",$10.00,$500.00
19117,117,0001,ROADWAY,0018,159009M,,TRAFFIC CONE,50,U,"FERREIRA CONSTRUCTION CO., INC.",$75.00,"$3,750.00"
19117,117,0001,ROADWAY,0018,159009M,,TRAFFIC CONE,50,U,"NEW PRINCE CONCRETE CONSTRUCTION CO., INC.",$25.00,"$1,250.00"
19117,117,0001,ROADWAY,0018,159009M,,TRAFFIC CONE,50,U,"IEW CONSTRUCTION GROUP, INC.",$17.61,$880.50
19117,117,0001,ROADWAY,0018,159009M,,TRAFFIC CONE,50,U,"ANSELMI & DECICCO, INC.",$15.00,$750.00
19117,117,0001,ROADWAY,0019,159012M,,CONSTRUCTION SIGNS,"1,752",SF,"RITACCO CONSTRUCTION, INC.",$12.00,"$21,024.00"
19117,117,0001,ROADWAY,0019,159012M,,CONSTRUCTION SIGNS,"1,752",SF,"FERREIRA CONSTRUCTION CO., INC.",$25.00,"$43,800.00"
19117,117,0001,ROADWAY,0019,159012M,,CONSTRUCTION SIGNS,"1,752",SF,"NEW PRINCE CONCRETE CONSTRUCTION CO., INC.",$18.00,"$31,536.00"
19117,117,0001,ROADWAY,0019,159012M,,CONSTRUCTION SIGNS,"1,752",SF,"IEW CONSTRUCTION GROUP, INC.",$15.02,"$26,315.04"
19117,117,0001,ROADWAY,0019,159012M,,CONSTRUCTION SIGNS,"1,752",SF,"ANSELMI & DECICCO, INC.",$25.00,"$43,800.00"
19117,117,0001,ROADWAY,0020,159015M,,"CONSTRUCTION IDENTIFICATION SIGN, 4' X 8'",4,U,"RITACCO CONSTRUCTION, INC.",$500.00,"$2,000.00"
19117,117,0001,ROADWAY,0020,159015M,,"CONSTRUCTION IDENTIFICATION SIGN, 4' X 8'",4,U,"FERREIRA CONSTRUCTION CO., INC.","$1,000.00","$4,000.00"
19117,117,0001,ROADWAY,0020,159015M,,"CONSTRUCTION IDENTIFICATION SIGN, 4' X 8'",4,U,"NEW PRINCE CONCRETE CONSTRUCTION CO., INC.","$1,500.00","$6,000.00"
19117,117,0001,ROADWAY,0020,159015M,,"CONSTRUCTION IDENTIFICATION SIGN, 4' X 8'",4,U,"IEW CONSTRUCTION GROUP, INC.",$924.07,"$3,696.28"
19117,117,0001,ROADWAY,0020,159015M,,"CONSTRUCTION IDENTIFICATION SIGN, 4' X 8'",4,U,"ANSELMI & DECICCO, INC.","$1,000.00","$4,000.00"
19117,117,0001,ROADWAY,0021,159021P,,CONSTRUCTION BARRIER CURB,"1,070",LF,"RITACCO CONSTRUCTION, INC.",$40.00,"$42,800.00"
19117,117,0001,ROADWAY,0021,159021P,,CONSTRUCTION BARRIER CURB,"1,070",LF,"FERREIRA CONSTRUCTION CO., INC.",$75.00,"$80,250.00"
19117,117,0001,ROADWAY,0021,159021P,,CONSTRUCTION BARRIER CURB,"1,070",LF,"NEW PRINCE CONCRETE CONSTRUCTION CO., INC.",$58.00,"$62,060.00"
19117,117,0001,ROADWAY,0021,159021P,,CONSTRUCTION BARRIER CURB,"1,070",LF,"IEW CONSTRUCTION GROUP, INC.",$113.39,"$121,327.30"
19117,117,0001,ROADWAY,0021,159021P,,CONSTRUCTION BARRIER CURB,"1,070",LF,"ANSELMI & DECICCO, INC.",$150.00,"$160,500.00"
19117,117,0001,ROADWAY,0022,159030M,,PORTABLE VARIABLE MESSAGE SIGN,2,U,"RITACCO CONSTRUCTION, INC.",$500.00,"$1,000.00"
19117,117,0001,ROADWAY,0022,159030M,,PORTABLE VARIABLE MESSAGE SIGN,2,U,"FERREIRA CONSTRUCTION CO., INC.","$5,000.00","$10,000.00"
19117,117,0001,ROADWAY,0022,159030M,,PORTABLE VARIABLE MESSAGE SIGN,2,U,"NEW PRINCE CONCRETE CONSTRUCTION CO., INC.","$20,000.00","$40,000.00"
19117,117,0001,ROADWAY,0022,159030M,,PORTABLE VARIABLE MESSAGE SIGN,2,U,"IEW CONSTRUCTION GROUP, INC.","$3,089.87","$6,179.74"
19117,117,0001,ROADWAY,0022,159030M,,PORTABLE VARIABLE MESSAGE SIGN,2,U,"ANSELMI & DECICCO, INC.","$20,000.00","$40,000.00"
19117,117,0001,ROADWAY,0023,159054M,,"TEMPORARY CRASH CUSHION, INERTIAL BARRIER SYSTEM, 14 MODULES",2,U,"RITACCO CONSTRUCTION, INC.","$5,500.00","$11,000.00"
19117,117,0001,ROADWAY,0023,159054M,,"TEMPORARY CRASH CUSHION, INERTIAL BARRIER SYSTEM, 14 MODULES",2,U,"FERREIRA CONSTRUCTION CO., INC.","$5,000.00","$10,000.00"
19117,117,0001,ROADWAY,0023,159054M,,"TEMPORARY CRASH CUSHION, INERTIAL BARRIER SYSTEM, 14 MODULES",2,U,"NEW PRINCE CONCRETE CONSTRUCTION CO., INC.","$7,500.00","$15,000.00"
19117,117,0001,ROADWAY,0023,159054M,,"TEMPORARY CRASH CUSHION, INERTIAL BARRIER SYSTEM, 14 MODULES",2,U,"IEW CONSTRUCTION GROUP, INC.","$10,810.24","$21,620.48"
19117,117,0001,ROADWAY,0023,159054M,,"TEMPORARY CRASH CUSHION, INERTIAL BARRIER SYSTEM, 14 MODULES",2,U,"ANSELMI & DECICCO, INC.","$5,000.00","$10,000.00"
19117,117,0001,ROADWAY,0024,159108M,,TRAFFIC CONTROL TRUCK WITH MOUNTED CRASH CUSHION,2,U,"RITACCO CONSTRUCTION, INC.","$2,000.00","$4,000.00"
19117,117,0001,ROADWAY,0024,159108M,,TRAFFIC CONTROL TRUCK WITH MOUNTED CRASH CUSHION,2,U,"FERREIRA CONSTRUCTION CO., INC.","$15,000.00","$30,000.00"
19117,117,0001,ROADWAY,0024,159108M,,TRAFFIC CONTROL TRUCK WITH MOUNTED CRASH CUSHION,2,U,"NEW PRINCE CONCRETE CONSTRUCTION CO., INC.","$25,000.00","$50,000.00"
19117,117,0001,ROADWAY,0024,159108M,,TRAFFIC CONTROL TRUCK WITH MOUNTED CRASH CUSHION,2,U,"IEW CONSTRUCTION GROUP, INC.","$3,089.87","$6,179.74"
19117,117,0001,ROADWAY,0024,159108M,,TRAFFIC CONTROL TRUCK WITH MOUNTED CRASH CUSHION,2,U,"ANSELMI & DECICCO, INC.","$25,000.00","$50,000.00"
19117,117,0001,ROADWAY,0025,159114M,,"REMOVABLE BLACK LINE MASKING TAPE, 6""",500,LF,"RITACCO CONSTRUCTION, INC.",$2.50,"$1,250.00"
19117,117,0001,ROADWAY,0025,159114M,,"REMOVABLE BLACK LINE MASKING TAPE, 6""",500,LF,"FERREIRA CONSTRUCTION CO., INC.",$3.00,"$1,500.00"
19117,117,0001,ROADWAY,0025,159114M,,"REMOVABLE BLACK LINE MASKING TAPE, 6""",500,LF,"NEW PRINCE CONCRETE CONSTRUCTION CO., INC.",$5.00,"$2,500.00"
19117,117,0001,ROADWAY,0025,159114M,,"REMOVABLE BLACK LINE MASKING TAPE, 6""",500,LF,"IEW CONSTRUCTION GROUP, INC.",$3.41,"$1,705.00"
19117,117,0001,ROADWAY,0025,159114M,,"REMOVABLE BLACK LINE MASKING TAPE, 6""",500,LF,"ANSELMI & DECICCO, INC.",$5.00,"$2,500.00"
19117,117,0001,ROADWAY,0026,159120M,,"TEMPORARY PAVEMENT MARKING TAPE, 4""","3,700",LF,"RITACCO CONSTRUCTION, INC.",$1.50,"$5,550.00"
19117,117,0001,ROADWAY,0026,159120M,,"TEMPORARY PAVEMENT MARKING TAPE, 4""","3,700",LF,"FERREIRA CONSTRUCTION CO., INC.",$2.00,"$7,400.00"
19117,117,0001,ROADWAY,0026,159120M,,"TEMPORARY PAVEMENT MARKING TAPE, 4""","3,700",LF,"NEW PRINCE CONCRETE CONSTRUCTION CO., INC.",$3.00,"$11,100.00"
19117,117,0001,ROADWAY,0026,159120M,,"TEMPORARY PAVEMENT MARKING TAPE, 4""","3,700",LF,"IEW CONSTRUCTION GROUP, INC.",$2.25,"$8,325.00"
19117,117,0001,ROADWAY,0026,159120M,,"TEMPORARY PAVEMENT MARKING TAPE, 4""","3,700",LF,"ANSELMI & DECICCO, INC.",$3.00,"$11,100.00"
19117,117,0001,ROADWAY,0027,159138M,,HMA PATCH,116,T,"RITACCO CONSTRUCTION, INC.",$50.00,"$5,800.00"
19117,117,0001,ROADWAY,0027,159138M,,HMA PATCH,116,T,"FERREIRA CONSTRUCTION CO., INC.",$142.00,"$16,472.00"
19117,117,0001,ROADWAY,0027,159138M,,HMA PATCH,116,T,"NEW PRINCE CONCRETE CONSTRUCTION CO., INC.",$200.00,"$23,200.00"
19117,117,0001,ROADWAY,0027,159138M,,HMA PATCH,116,T,"IEW CONSTRUCTION GROUP, INC.",$356.61,"$41,366.76"
19117,117,0001,ROADWAY,0027,159138M,,HMA PATCH,116,T,"ANSELMI & DECICCO, INC.",$100.00,"$11,600.00"
19117,117,0001,ROADWAY,0028,159141M,,"TRAFFIC DIRECTOR, FLAGGER",16,HOUR,"RITACCO CONSTRUCTION, INC.",$95.00,"$1,520.00"
19117,117,0001,ROADWAY,0028,159141M,,"TRAFFIC DIRECTOR, FLAGGER",16,HOUR,"FERREIRA CONSTRUCTION CO., INC.",$113.00,"$1,808.00"
19117,117,0001,ROADWAY,0028,159141M,,"TRAFFIC DIRECTOR, FLAGGER",16,HOUR,"NEW PRINCE CONCRETE CONSTRUCTION CO., INC.",$150.00,"$2,400.00"
19117,117,0001,ROADWAY,0028,159141M,,"TRAFFIC DIRECTOR, FLAGGER",16,HOUR,"IEW CONSTRUCTION GROUP, INC.",$99.41,"$1,590.56"
19117,117,0001,ROADWAY,0028,159141M,,"TRAFFIC DIRECTOR, FLAGGER",16,HOUR,"ANSELMI & DECICCO, INC.","$1,000.00","$16,000.00"
19117,117,0001,ROADWAY,0029,159200M,,"TEMPORARY CRASH CUSHION, COMPRESSIVE BARRIER, TYPE 2, WIDTH NARROW",2,U,"RITACCO CONSTRUCTION, INC.",$100.00,$200.00
19117,117,0001,ROADWAY,0029,159200M,,"TEMPORARY CRASH CUSHION, COMPRESSIVE BARRIER, TYPE 2, WIDTH NARROW",2,U,"FERREIRA CONSTRUCTION CO., INC.","$15,000.00","$30,000.00"
19117,117,0001,ROADWAY,0029,159200M,,"TEMPORARY CRASH CUSHION, COMPRESSIVE BARRIER, TYPE 2, WIDTH NARROW",2,U,"NEW PRINCE CONCRETE CONSTRUCTION CO., INC.",$1.00,$2.00
19117,117,0001,ROADWAY,0029,159200M,,"TEMPORARY CRASH CUSHION, COMPRESSIVE BARRIER, TYPE 2, WIDTH NARROW",2,U,"IEW CONSTRUCTION GROUP, INC.","$19,984.94","$39,969.88"
19117,117,0001,ROADWAY,0029,159200M,,"TEMPORARY CRASH CUSHION, COMPRESSIVE BARRIER, TYPE 2, WIDTH NARROW",2,U,"ANSELMI & DECICCO, INC.","$15,000.00","$30,000.00"
19117,117,0001,ROADWAY,0030,159300M,,"TRAFFIC STRIPES, LATEX, 4""","8,000",LF,"RITACCO CONSTRUCTION, INC.",$0.50,"$4,000.00"
19117,117,0001,ROADWAY,0030,159300M,,"TRAFFIC STRIPES, LATEX, 4""","8,000",LF,"FERREIRA CONSTRUCTION CO., INC.",$1.00,"$8,000.00"
19117,117,0001,ROADWAY,0030,159300M,,"TRAFFIC STRIPES, LATEX, 4""","8,000",LF,"NEW PRINCE CONCRETE CONSTRUCTION CO., INC.",$0.50,"$4,000.00"
19117,117,0001,ROADWAY,0030,159300M,,"TRAFFIC STRIPES, LATEX, 4""","8,000",LF,"IEW CONSTRUCTION GROUP, INC.",$0.58,"$4,640.00"
19117,117,0001,ROADWAY,0030,159300M,,"TRAFFIC STRIPES, LATEX, 4""","8,000",LF,"ANSELMI & DECICCO, INC.",$0.90,"$7,200.00"
19117,117,0001,ROADWAY,0031,159314M,,"TRAFFIC MARKINGS LINES, LATEX, 24""",30,LF,"RITACCO CONSTRUCTION, INC.",$1.50,$45.00
19117,117,0001,ROADWAY,0031,159314M,,"TRAFFIC MARKINGS LINES, LATEX, 24""",30,LF,"FERREIRA CONSTRUCTION CO., INC.",$5.00,$150.00
19117,117,0001,ROADWAY,0031,159314M,,"TRAFFIC MARKINGS LINES, LATEX, 24""",30,LF,"NEW PRINCE CONCRETE CONSTRUCTION CO., INC.",$2.00,$60.00
19117,117,0001,ROADWAY,0031,159314M,,"TRAFFIC MARKINGS LINES, LATEX, 24""",30,LF,"IEW CONSTRUCTION GROUP, INC.",$3.47,$104.10
19117,117,0001,ROADWAY,0031,159314M,,"TRAFFIC MARKINGS LINES, LATEX, 24""",30,LF,"ANSELMI & DECICCO, INC.",$6.00,$180.00
19117,117,0001,ROADWAY,0032,160004M,,FUEL PRICE ADJUSTMENT,1,DOLL,"RITACCO CONSTRUCTION, INC.","$2,900.00","$2,900.00"
19117,117,0001,ROADWAY,0032,160004M,,FUEL PRICE ADJUSTMENT,1,DOLL,"FERREIRA CONSTRUCTION CO., INC.","$2,900.00","$2,900.00"
19117,117,0001,ROADWAY,0032,160004M,,FUEL PRICE ADJUSTMENT,1,DOLL,"NEW PRINCE CONCRETE CONSTRUCTION CO., INC.","$2,900.00","$2,900.00"
19117,117,0001,ROADWAY,0032,160004M,,FUEL PRICE ADJUSTMENT,1,DOLL,"IEW CONSTRUCTION GROUP, INC.","$2,900.00","$2,900.00"
19117,117,0001,ROADWAY,0032,160004M,,FUEL PRICE ADJUSTMENT,1,DOLL,"ANSELMI & DECICCO, INC.","$2,900.00","$2,900.00"
19117,117,0001,ROADWAY,0033,160007M,,ASPHALT PRICE ADJUSTMENT,1,DOLL,"RITACCO CONSTRUCTION, INC.","$10,200.00","$10,200.00"
19117,117,0001,ROADWAY,0033,160007M,,ASPHALT PRICE ADJUSTMENT,1,DOLL,"FERREIRA CONSTRUCTION CO., INC.","$10,200.00","$10,200.00"
19117,117,0001,ROADWAY,0033,160007M,,ASPHALT PRICE ADJUSTMENT,1,DOLL,"NEW PRINCE CONCRETE CONSTRUCTION CO., INC.","$10,200.00","$10,200.00"
19117,117,0001,ROADWAY,0033,160007M,,ASPHALT PRICE ADJUSTMENT,1,DOLL,"IEW CONSTRUCTION GROUP, INC.","$10,200.00","$10,200.00"
19117,117,0001,ROADWAY,0033,160007M,,ASPHALT PRICE ADJUSTMENT,1,DOLL,"ANSELMI & DECICCO, INC.","$10,200.00","$10,200.00"
19117,117,0001,ROADWAY,0034,161003P,,FINAL CLEANUP,1,LS,"RITACCO CONSTRUCTION, INC.","$5,000.00","$5,000.00"
19117,117,0001,ROADWAY,0034,161003P,,FINAL CLEANUP,1,LS,"FERREIRA CONSTRUCTION CO., INC.","$15,000.00","$15,000.00"
19117,117,0001,ROADWAY,0034,161003P,,FINAL CLEANUP,1,LS,"NEW PRINCE CONCRETE CONSTRUCTION CO., INC.","$10,000.00","$10,000.00"
19117,117,0001,ROADWAY,0034,161003P,,FINAL CLEANUP,1,LS,"IEW CONSTRUCTION GROUP, INC.","$10,154.63","$10,154.63"
19117,117,0001,ROADWAY,0034,161003P,,FINAL CLEANUP,1,LS,"ANSELMI & DECICCO, INC.","$5,000.00","$5,000.00"
19117,117,0001,ROADWAY,0035,201003P,,CLEARING SITE,1,LS,"RITACCO CONSTRUCTION, INC.","$45,000.00","$45,000.00"
19117,117,0001,ROADWAY,0035,201003P,,CLEARING SITE,1,LS,"FERREIRA CONSTRUCTION CO., INC.","$45,000.00","$45,000.00"
19117,117,0001,ROADWAY,0035,201003P,,CLEARING SITE,1,LS,"NEW PRINCE CONCRETE CONSTRUCTION CO., INC.","$45,000.00","$45,000.00"
19117,117,0001,ROADWAY,0035,201003P,,CLEARING SITE,1,LS,"IEW CONSTRUCTION GROUP, INC.","$45,000.00","$45,000.00"
19117,117,0001,ROADWAY,0035,201003P,,CLEARING SITE,1,LS,"ANSELMI & DECICCO, INC.","$45,000.00","$45,000.00"
19117,117,0001,ROADWAY,0036,202006M,,"EXCAVATION, TEST PIT",5,CY,"RITACCO CONSTRUCTION, INC.",$50.00,$250.00
19117,117,0001,ROADWAY,0036,202006M,,"EXCAVATION, TEST PIT",5,CY,"FERREIRA CONSTRUCTION CO., INC.",$500.00,"$2,500.00"
19117,117,0001,ROADWAY,0036,202006M,,"EXCAVATION, TEST PIT",5,CY,"NEW PRINCE CONCRETE CONSTRUCTION CO., INC.",$400.00,"$2,000.00"
19117,117,0001,ROADWAY,0036,202006M,,"EXCAVATION, TEST PIT",5,CY,"IEW CONSTRUCTION GROUP, INC.","$1,055.68","$5,278.40"
19117,117,0001,ROADWAY,0036,202006M,,"EXCAVATION, TEST PIT",5,CY,"ANSELMI & DECICCO, INC.",$500.00,"$2,500.00"
19117,117,0001,ROADWAY,0037,202009P,,"EXCAVATION, UNCLASSIFIED","1,020",CY,"RITACCO CONSTRUCTION, INC.",$30.00,"$30,600.00"
19117,117,0001,ROADWAY,0037,202009P,,"EXCAVATION, UNCLASSIFIED","1,020",CY,"FERREIRA CONSTRUCTION CO., INC.",$100.00,"$102,000.00"
19117,117,0001,ROADWAY,0037,202009P,,"EXCAVATION, UNCLASSIFIED","1,020",CY,"NEW PRINCE CONCRETE CONSTRUCTION CO., INC.",$35.00,"$35,700.00"
19117,117,0001,ROADWAY,0037,202009P,,"EXCAVATION, UNCLASSIFIED","1,020",CY,"IEW CONSTRUCTION GROUP, INC.",$88.04,"$89,800.80"
19117,117,0001,ROADWAY,0037,202009P,,"EXCAVATION, UNCLASSIFIED","1,020",CY,"ANSELMI & DECICCO, INC.",$125.00,"$127,500.00"
19117,117,0001,ROADWAY,0038,202021P,,REMOVAL OF PAVEMENT,820,SY,"RITACCO CONSTRUCTION, INC.",$20.00,"$16,400.00"
19117,117,0001,ROADWAY,0038,202021P,,REMOVAL OF PAVEMENT,820,SY,"FERREIRA CONSTRUCTION CO., INC.",$32.00,"$26,240.00"
19117,117,0001,ROADWAY,0038,202021P,,REMOVAL OF PAVEMENT,820,SY,"NEW PRINCE CONCRETE CONSTRUCTION CO., INC.",$20.00,"$16,400.00"
19117,117,0001,ROADWAY,0038,202021P,,REMOVAL OF PAVEMENT,820,SY,"IEW CONSTRUCTION GROUP, INC.",$56.38,"$46,231.60"
19117,117,0001,ROADWAY,0038,202021P,,REMOVAL OF PAVEMENT,820,SY,"ANSELMI & DECICCO, INC.",$100.00,"$82,000.00"
19117,117,0001,ROADWAY,0039,203009P,,I-9 SOIL AGGREGATE,787,CY,"RITACCO CONSTRUCTION, INC.",$50.00,"$39,350.00"
19117,117,0001,ROADWAY,0039,203009P,,I-9 SOIL AGGREGATE,787,CY,"FERREIRA CONSTRUCTION CO., INC.",$80.00,"$62,960.00"
19117,117,0001,ROADWAY,0039,203009P,,I-9 SOIL AGGREGATE,787,CY,"NEW PRINCE CONCRETE CONSTRUCTION CO., INC.",$65.00,"$51,155.00"
19117,117,0001,ROADWAY,0039,203009P,,I-9 SOIL AGGREGATE,787,CY,"IEW CONSTRUCTION GROUP, INC.",$70.77,"$55,695.99"
19117,117,0001,ROADWAY,0039,203009P,,I-9 SOIL AGGREGATE,787,CY,"ANSELMI & DECICCO, INC.",$80.00,"$62,960.00"
19117,117,0001,ROADWAY,0040,301006P,,SUBBASE,178,CY,"RITACCO CONSTRUCTION, INC.",$50.00,"$8,900.00"
19117,117,0001,ROADWAY,0040,301006P,,SUBBASE,178,CY,"FERREIRA CONSTRUCTION CO., INC.",$90.00,"$16,020.00"
19117,117,0001,ROADWAY,0040,301006P,,SUBBASE,178,CY,"NEW PRINCE CONCRETE CONSTRUCTION CO., INC.",$65.00,"$11,570.00"
19117,117,0001,ROADWAY,0040,301006P,,SUBBASE,178,CY,"IEW CONSTRUCTION GROUP, INC.",$95.64,"$17,023.92"
19117,117,0001,ROADWAY,0040,301006P,,SUBBASE,178,CY,"ANSELMI & DECICCO, INC.",$100.00,"$17,800.00"
19117,117,0001,ROADWAY,0041,302036P,,"DENSE-GRADED AGGREGATE BASE COURSE, 6"" THICK",598,SY,"RITACCO CONSTRUCTION, INC.",$15.00,"$8,970.00"
19117,117,0001,ROADWAY,0041,302036P,,"DENSE-GRADED AGGREGATE BASE COURSE, 6"" THICK",598,SY,"FERREIRA CONSTRUCTION CO., INC.",$12.00,"$7,176.00"
19117,117,0001,ROADWAY,0041,302036P,,"DENSE-GRADED AGGREGATE BASE COURSE, 6"" THICK",598,SY,"NEW PRINCE CONCRETE CONSTRUCTION CO., INC.",$10.00,"$5,980.00"
19117,117,0001,ROADWAY,0041,302036P,,"DENSE-GRADED AGGREGATE BASE COURSE, 6"" THICK",598,SY,"IEW CONSTRUCTION GROUP, INC.",$23.64,"$14,136.72"
19117,117,0001,ROADWAY,0041,302036P,,"DENSE-GRADED AGGREGATE BASE COURSE, 6"" THICK",598,SY,"ANSELMI & DECICCO, INC.",$25.00,"$14,950.00"
19117,117,0001,ROADWAY,0042,302042P,,"DENSE-GRADED AGGREGATE BASE COURSE, 8"" THICK",130,SY,"RITACCO CONSTRUCTION, INC.",$18.00,"$2,340.00"
19117,117,0001,ROADWAY,0042,302042P,,"DENSE-GRADED AGGREGATE BASE COURSE, 8"" THICK",130,SY,"FERREIRA CONSTRUCTION CO., INC.",$33.00,"$4,290.00"
19117,117,0001,ROADWAY,0042,302042P,,"DENSE-GRADED AGGREGATE BASE COURSE, 8"" THICK",130,SY,"NEW PRINCE CONCRETE CONSTRUCTION CO., INC.",$12.00,"$1,560.00"
19117,117,0001,ROADWAY,0042,302042P,,"DENSE-GRADED AGGREGATE BASE COURSE, 8"" THICK",130,SY,"IEW CONSTRUCTION GROUP, INC.",$28.83,"$3,747.90"
19117,117,0001,ROADWAY,0042,302042P,,"DENSE-GRADED AGGREGATE BASE COURSE, 8"" THICK",130,SY,"ANSELMI & DECICCO, INC.",$28.00,"$3,640.00"
19117,117,0001,ROADWAY,0043,304003P,,"CONCRETE BASE COURSE, 8"" THICK",470,SY,"RITACCO CONSTRUCTION, INC.",$75.00,"$35,250.00"
19117,117,0001,ROADWAY,0043,304003P,,"CONCRETE BASE COURSE, 8"" THICK",470,SY,"FERREIRA CONSTRUCTION CO., INC.",$95.00,"$44,650.00"
19117,117,0001,ROADWAY,0043,304003P,,"CONCRETE BASE COURSE, 8"" THICK",470,SY,"NEW PRINCE CONCRETE CONSTRUCTION CO., INC.",$85.00,"$39,950.00"
19117,117,0001,ROADWAY,0043,304003P,,"CONCRETE BASE COURSE, 8"" THICK",470,SY,"IEW CONSTRUCTION GROUP, INC.",$98.18,"$46,144.60"
19117,117,0001,ROADWAY,0043,304003P,,"CONCRETE BASE COURSE, 8"" THICK",470,SY,"ANSELMI & DECICCO, INC.",$70.00,"$32,900.00"
19117,117,0001,ROADWAY,0044,401009P,,"HMA MILLING, 3"" OR LESS","15,040",SY,"RITACCO CONSTRUCTION, INC.",$8.00,"$120,320.00"
19117,117,0001,ROADWAY,0044,401009P,,"HMA MILLING, 3"" OR LESS","15,040",SY,"FERREIRA CONSTRUCTION CO., INC.",$10.00,"$150,400.00"
19117,117,0001,ROADWAY,0044,401009P,,"HMA MILLING, 3"" OR LESS","15,040",SY,"NEW PRINCE CONCRETE CONSTRUCTION CO., INC.",$5.85,"$87,984.00"
19117,117,0001,ROADWAY,0044,401009P,,"HMA MILLING, 3"" OR LESS","15,040",SY,"IEW CONSTRUCTION GROUP, INC.",$9.24,"$138,969.60"
19117,117,0001,ROADWAY,0044,401009P,,"HMA MILLING, 3"" OR LESS","15,040",SY,"ANSELMI & DECICCO, INC.",$11.00,"$165,440.00"
19117,117,0001,ROADWAY,0045,401027M,,POLYMERIZED JOINT ADHESIVE,"6,000",LF,"RITACCO CONSTRUCTION, INC.",$2.00,"$12,000.00"
19117,117,0001,ROADWAY,0045,401027M,,POLYMERIZED JOINT ADHESIVE,"6,000",LF,"FERREIRA CONSTRUCTION CO., INC.",$2.00,"$12,000.00"
19117,117,0001,ROADWAY,0045,401027M,,POLYMERIZED JOINT ADHESIVE,"6,000",LF,"NEW PRINCE CONCRETE CONSTRUCTION CO., INC.",$1.50,"$9,000.00"
19117,117,0001,ROADWAY,0045,401027M,,POLYMERIZED JOINT ADHESIVE,"6,000",LF,"IEW CONSTRUCTION GROUP, INC.",$2.48,"$14,880.00"
19117,117,0001,ROADWAY,0045,401027M,,POLYMERIZED JOINT ADHESIVE,"6,000",LF,"ANSELMI & DECICCO, INC.",$0.90,"$5,400.00"
19117,117,0001,ROADWAY,0046,401030M,,TACK COAT,"2,579",GAL,"RITACCO CONSTRUCTION, INC.",$8.00,"$20,632.00"
19117,117,0001,ROADWAY,0046,401030M,,TACK COAT,"2,579",GAL,"FERREIRA CONSTRUCTION CO., INC.",$8.00,"$20,632.00"
19117,117,0001,ROADWAY,0046,401030M,,TACK COAT,"2,579",GAL,"NEW PRINCE CONCRETE CONSTRUCTION CO., INC.",$0.01,$25.79
19117,117,0001,ROADWAY,0046,401030M,,TACK COAT,"2,579",GAL,"IEW CONSTRUCTION GROUP, INC.",$9.24,"$23,829.96"
19117,117,0001,ROADWAY,0046,401030M,,TACK COAT,"2,579",GAL,"ANSELMI & DECICCO, INC.",$2.00,"$5,158.00"
19117,117,0001,ROADWAY,0047,401036M,,PRIME COAT,244,GAL,"RITACCO CONSTRUCTION, INC.",$1.00,$244.00
19117,117,0001,ROADWAY,0047,401036M,,PRIME COAT,244,GAL,"FERREIRA CONSTRUCTION CO., INC.",$8.00,"$1,952.00"
19117,117,0001,ROADWAY,0047,401036M,,PRIME COAT,244,GAL,"NEW PRINCE CONCRETE CONSTRUCTION CO., INC.",$0.01,$2.44
19117,117,0001,ROADWAY,0047,401036M,,PRIME COAT,244,GAL,"IEW CONSTRUCTION GROUP, INC.",$1.16,$283.04
19117,117,0001,ROADWAY,0047,401036M,,PRIME COAT,244,GAL,"ANSELMI & DECICCO, INC.",$2.00,$488.00
19117,117,0001,ROADWAY,0048,401054M,,HOT MIX ASPHALT 12.5 M 64 SURFACE COURSE,64,T,"RITACCO CONSTRUCTION, INC.",$200.00,"$12,800.00"
19117,117,0001,ROADWAY,0048,401054M,,HOT MIX ASPHALT 12.5 M 64 SURFACE COURSE,64,T,"FERREIRA CONSTRUCTION CO., INC.",$250.00,"$16,000.00"
19117,117,0001,ROADWAY,0048,401054M,,HOT MIX ASPHALT 12.5 M 64 SURFACE COURSE,64,T,"NEW PRINCE CONCRETE CONSTRUCTION CO., INC.",$98.00,"$6,272.00"
19117,117,0001,ROADWAY,0048,401054M,,HOT MIX ASPHALT 12.5 M 64 SURFACE COURSE,64,T,"IEW CONSTRUCTION GROUP, INC.",$248.34,"$15,893.76"
19117,117,0001,ROADWAY,0048,401054M,,HOT MIX ASPHALT 12.5 M 64 SURFACE COURSE,64,T,"ANSELMI & DECICCO, INC.",$190.00,"$12,160.00"
19117,117,0001,ROADWAY,0049,401061M,,HOT MIX ASPHALT 12.5 M E SURFACE COURSE,"1,828",T,"RITACCO CONSTRUCTION, INC.",$120.00,"$219,360.00"
19117,117,0001,ROADWAY,0049,401061M,,HOT MIX ASPHALT 12.5 M E SURFACE COURSE,"1,828",T,"FERREIRA CONSTRUCTION CO., INC.",$120.00,"$219,360.00"
19117,117,0001,ROADWAY,0049,401061M,,HOT MIX ASPHALT 12.5 M E SURFACE COURSE,"1,828",T,"NEW PRINCE CONCRETE CONSTRUCTION CO., INC.",$98.00,"$179,144.00"
19117,117,0001,ROADWAY,0049,401061M,,HOT MIX ASPHALT 12.5 M E SURFACE COURSE,"1,828",T,"IEW CONSTRUCTION GROUP, INC.",$136.30,"$249,156.40"
19117,117,0001,ROADWAY,0049,401061M,,HOT MIX ASPHALT 12.5 M E SURFACE COURSE,"1,828",T,"ANSELMI & DECICCO, INC.",$170.00,"$310,760.00"
19117,117,0001,ROADWAY,0050,401084M,,HOT MIX ASPHALT 19 M 64 INTERMEDIATE COURSE,204,T,"RITACCO CONSTRUCTION, INC.",$120.00,"$24,480.00"
19117,117,0001,ROADWAY,0050,401084M,,HOT MIX ASPHALT 19 M 64 INTERMEDIATE COURSE,204,T,"FERREIRA CONSTRUCTION CO., INC.",$225.00,"$45,900.00"
19117,117,0001,ROADWAY,0050,401084M,,HOT MIX ASPHALT 19 M 64 INTERMEDIATE COURSE,204,T,"NEW PRINCE CONCRETE CONSTRUCTION CO., INC.",$88.00,"$17,952.00"
19117,117,0001,ROADWAY,0050,401084M,,HOT MIX ASPHALT 19 M 64 INTERMEDIATE COURSE,204,T,"IEW CONSTRUCTION GROUP, INC.",$147.85,"$30,161.40"
19117,117,0001,ROADWAY,0050,401084M,,HOT MIX ASPHALT 19 M 64 INTERMEDIATE COURSE,204,T,"ANSELMI & DECICCO, INC.",$170.00,"$34,680.00"
19117,117,0001,ROADWAY,0051,401099M,,HOT MIX ASPHALT 25 M 64 BASE COURSE,200,T,"RITACCO CONSTRUCTION, INC.",$210.00,"$42,000.00"
19117,117,0001,ROADWAY,0051,401099M,,HOT MIX ASPHALT 25 M 64 BASE COURSE,200,T,"FERREIRA CONSTRUCTION CO., INC.",$225.00,"$45,000.00"
19117,117,0001,ROADWAY,0051,401099M,,HOT MIX ASPHALT 25 M 64 BASE COURSE,200,T,"NEW PRINCE CONCRETE CONSTRUCTION CO., INC.",$88.00,"$17,600.00"
19117,117,0001,ROADWAY,0051,401099M,,HOT MIX ASPHALT 25 M 64 BASE COURSE,200,T,"IEW CONSTRUCTION GROUP, INC.",$248.34,"$49,668.00"
19117,117,0001,ROADWAY,0051,401099M,,HOT MIX ASPHALT 25 M 64 BASE COURSE,200,T,"ANSELMI & DECICCO, INC.",$130.00,"$26,000.00"
19117,117,0001,ROADWAY,0052,401108M,,"CORE SAMPLES, HOT MIX ASPHALT",15,U,"RITACCO CONSTRUCTION, INC.",$300.00,"$4,500.00"
19117,117,0001,ROADWAY,0052,401108M,,"CORE SAMPLES, HOT MIX ASPHALT",15,U,"FERREIRA CONSTRUCTION CO., INC.",$430.00,"$6,450.00"
19117,117,0001,ROADWAY,0052,401108M,,"CORE SAMPLES, HOT MIX ASPHALT",15,U,"NEW PRINCE CONCRETE CONSTRUCTION CO., INC.",$250.00,"$3,750.00"
19117,117,0001,ROADWAY,0052,401108M,,"CORE SAMPLES, HOT MIX ASPHALT",15,U,"IEW CONSTRUCTION GROUP, INC.",$427.38,"$6,410.70"
19117,117,0001,ROADWAY,0052,401108M,,"CORE SAMPLES, HOT MIX ASPHALT",15,U,"ANSELMI & DECICCO, INC.",$140.00,"$2,100.00"
19117,117,0001,ROADWAY,0053,405003P,,UNDERLAYER PREPARATION,470,SY,"RITACCO CONSTRUCTION, INC.",$6.00,"$2,820.00"
19117,117,0001,ROADWAY,0053,405003P,,UNDERLAYER PREPARATION,470,SY,"FERREIRA CONSTRUCTION CO., INC.",$7.00,"$3,290.00"
19117,117,0001,ROADWAY,0053,405003P,,UNDERLAYER PREPARATION,470,SY,"NEW PRINCE CONCRETE CONSTRUCTION CO., INC.",$5.00,"$2,350.00"
19117,117,0001,ROADWAY,0053,405003P,,UNDERLAYER PREPARATION,470,SY,"IEW CONSTRUCTION GROUP, INC.",$21.67,"$10,184.90"
19117,117,0001,ROADWAY,0053,405003P,,UNDERLAYER PREPARATION,470,SY,"ANSELMI & DECICCO, INC.",$2.00,$940.00
19117,117,0001,ROADWAY,0054,602099M,,RESET EXISTING CASTING,3,U,"RITACCO CONSTRUCTION, INC.",$300.00,$900.00
19117,117,0001,ROADWAY,0054,602099M,,RESET EXISTING CASTING,3,U,"FERREIRA CONSTRUCTION CO., INC.","$1,155.00","$3,465.00"
19117,117,0001,ROADWAY,0054,602099M,,RESET EXISTING CASTING,3,U,"NEW PRINCE CONCRETE CONSTRUCTION CO., INC.",$500.00,"$1,500.00"
19117,117,0001,ROADWAY,0054,602099M,,RESET EXISTING CASTING,3,U,"IEW CONSTRUCTION GROUP, INC.","$1,009.99","$3,029.97"
19117,117,0001,ROADWAY,0054,602099M,,RESET EXISTING CASTING,3,U,"ANSELMI & DECICCO, INC.","$1,500.00","$4,500.00"
19117,117,0001,ROADWAY,0055,606075P,,"CONCRETE ISLAND, 4"" THICK",243,SY,"RITACCO CONSTRUCTION, INC.",$75.00,"$18,225.00"
19117,117,0001,ROADWAY,0055,606075P,,"CONCRETE ISLAND, 4"" THICK",243,SY,"FERREIRA CONSTRUCTION CO., INC.",$86.00,"$20,898.00"
19117,117,0001,ROADWAY,0055,606075P,,"CONCRETE ISLAND, 4"" THICK",243,SY,"NEW PRINCE CONCRETE CONSTRUCTION CO., INC.",$80.00,"$19,440.00"
19117,117,0001,ROADWAY,0055,606075P,,"CONCRETE ISLAND, 4"" THICK",243,SY,"IEW CONSTRUCTION GROUP, INC.",$92.41,"$22,455.63"
19117,117,0001,ROADWAY,0055,606075P,,"CONCRETE ISLAND, 4"" THICK",243,SY,"ANSELMI & DECICCO, INC.",$100.00,"$24,300.00"
19117,117,0001,ROADWAY,0056,607007P,,"15""X54"" CONCRETE BARRIER CURB",264,LF,"RITACCO CONSTRUCTION, INC.",$225.00,"$59,400.00"
19117,117,0001,ROADWAY,0056,607007P,,"15""X54"" CONCRETE BARRIER CURB",264,LF,"FERREIRA CONSTRUCTION CO., INC.",$269.00,"$71,016.00"
19117,117,0001,ROADWAY,0056,607007P,,"15""X54"" CONCRETE BARRIER CURB",264,LF,"NEW PRINCE CONCRETE CONSTRUCTION CO., INC.",$270.00,"$71,280.00"
19117,117,0001,ROADWAY,0056,607007P,,"15""X54"" CONCRETE BARRIER CURB",264,LF,"IEW CONSTRUCTION GROUP, INC.",$288.77,"$76,235.28"
19117,117,0001,ROADWAY,0056,607007P,,"15""X54"" CONCRETE BARRIER CURB",264,LF,"ANSELMI & DECICCO, INC.",$170.00,"$44,880.00"
19117,117,0001,ROADWAY,0057,607018P,,"9"" X 16"" CONCRETE VERTICAL CURB",704,LF,"RITACCO CONSTRUCTION, INC.",$40.00,"$28,160.00"
19117,117,0001,ROADWAY,0057,607018P,,"9"" X 16"" CONCRETE VERTICAL CURB",704,LF,"FERREIRA CONSTRUCTION CO., INC.",$46.00,"$32,384.00"
19117,117,0001,ROADWAY,0057,607018P,,"9"" X 16"" CONCRETE VERTICAL CURB",704,LF,"NEW PRINCE CONCRETE CONSTRUCTION CO., INC.",$26.00,"$18,304.00"
19117,117,0001,ROADWAY,0057,607018P,,"9"" X 16"" CONCRETE VERTICAL CURB",704,LF,"IEW CONSTRUCTION GROUP, INC.",$49.67,"$34,967.68"
19117,117,0001,ROADWAY,0057,607018P,,"9"" X 16"" CONCRETE VERTICAL CURB",704,LF,"ANSELMI & DECICCO, INC.",$50.00,"$35,200.00"
19117,117,0001,ROADWAY,0058,607021P,,"9"" X 18"" CONCRETE VERTICAL CURB","1,065",LF,"RITACCO CONSTRUCTION, INC.",$30.00,"$31,950.00"
19117,117,0001,ROADWAY,0058,607021P,,"9"" X 18"" CONCRETE VERTICAL CURB","1,065",LF,"FERREIRA CONSTRUCTION CO., INC.",$32.00,"$34,080.00"
19117,117,0001,ROADWAY,0058,607021P,,"9"" X 18"" CONCRETE VERTICAL CURB","1,065",LF,"NEW PRINCE CONCRETE CONSTRUCTION CO., INC.",$26.00,"$27,690.00"
19117,117,0001,ROADWAY,0058,607021P,,"9"" X 18"" CONCRETE VERTICAL CURB","1,065",LF,"IEW CONSTRUCTION GROUP, INC.",$34.65,"$36,902.25"
19117,117,0001,ROADWAY,0058,607021P,,"9"" X 18"" CONCRETE VERTICAL CURB","1,065",LF,"ANSELMI & DECICCO, INC.",$50.00,"$53,250.00"
19117,117,0001,ROADWAY,0059,607034P,,"9"" X 14"" CONCRETE VERTICAL CURB",147,LF,"RITACCO CONSTRUCTION, INC.",$50.00,"$7,350.00"
19117,117,0001,ROADWAY,0059,607034P,,"9"" X 14"" CONCRETE VERTICAL CURB",147,LF,"FERREIRA CONSTRUCTION CO., INC.",$64.00,"$9,408.00"
19117,117,0001,ROADWAY,0059,607034P,,"9"" X 14"" CONCRETE VERTICAL CURB",147,LF,"NEW PRINCE CONCRETE CONSTRUCTION CO., INC.",$26.00,"$3,822.00"
19117,117,0001,ROADWAY,0059,607034P,,"9"" X 14"" CONCRETE VERTICAL CURB",147,LF,"IEW CONSTRUCTION GROUP, INC.",$69.31,"$10,188.57"
19117,117,0001,ROADWAY,0059,607034P,,"9"" X 14"" CONCRETE VERTICAL CURB",147,LF,"ANSELMI & DECICCO, INC.",$50.00,"$7,350.00"
19117,117,0001,ROADWAY,0060,608003P,,"NONVEGETATIVE SURFACE, HOT MIX ASPHALT",297,SY,"RITACCO CONSTRUCTION, INC.",$40.00,"$11,880.00"
19117,117,0001,ROADWAY,0060,608003P,,"NONVEGETATIVE SURFACE, HOT MIX ASPHALT",297,SY,"FERREIRA CONSTRUCTION CO., INC.",$45.00,"$13,365.00"
19117,117,0001,ROADWAY,0060,608003P,,"NONVEGETATIVE SURFACE, HOT MIX ASPHALT",297,SY,"NEW PRINCE CONCRETE CONSTRUCTION CO., INC.",$35.00,"$10,395.00"
19117,117,0001,ROADWAY,0060,608003P,,"NONVEGETATIVE SURFACE, HOT MIX ASPHALT",297,SY,"IEW CONSTRUCTION GROUP, INC.",$80.86,"$24,015.42"
19117,117,0001,ROADWAY,0060,608003P,,"NONVEGETATIVE SURFACE, HOT MIX ASPHALT",297,SY,"ANSELMI & DECICCO, INC.",$55.00,"$16,335.00"
19117,117,0001,ROADWAY,0061,609003M,,BEAM GUIDE RAIL,322,LF,"RITACCO CONSTRUCTION, INC.",$25.00,"$8,050.00"
19117,117,0001,ROADWAY,0061,609003M,,BEAM GUIDE RAIL,322,LF,"FERREIRA CONSTRUCTION CO., INC.",$27.00,"$8,694.00"
19117,117,0001,ROADWAY,0061,609003M,,BEAM GUIDE RAIL,322,LF,"NEW PRINCE CONCRETE CONSTRUCTION CO., INC.",$65.00,"$20,930.00"
19117,117,0001,ROADWAY,0061,609003M,,BEAM GUIDE RAIL,322,LF,"IEW CONSTRUCTION GROUP, INC.",$65.84,"$21,200.48"
19117,117,0001,ROADWAY,0061,609003M,,BEAM GUIDE RAIL,322,LF,"ANSELMI & DECICCO, INC.",$34.00,"$10,948.00"
19117,117,0001,ROADWAY,0062,609058M,,APPROACH GUIDE RAIL TRANSITION TL-2,2,U,"RITACCO CONSTRUCTION, INC.","$3,500.00","$7,000.00"
19117,117,0001,ROADWAY,0062,609058M,,APPROACH GUIDE RAIL TRANSITION TL-2,2,U,"FERREIRA CONSTRUCTION CO., INC.","$3,864.00","$7,728.00"
19117,117,0001,ROADWAY,0062,609058M,,APPROACH GUIDE RAIL TRANSITION TL-2,2,U,"NEW PRINCE CONCRETE CONSTRUCTION CO., INC.","$3,900.00","$7,800.00"
19117,117,0001,ROADWAY,0062,609058M,,APPROACH GUIDE RAIL TRANSITION TL-2,2,U,"IEW CONSTRUCTION GROUP, INC.","$3,927.31","$7,854.62"
19117,117,0001,ROADWAY,0062,609058M,,APPROACH GUIDE RAIL TRANSITION TL-2,2,U,"ANSELMI & DECICCO, INC.","$4,800.00","$9,600.00"
19117,117,0001,ROADWAY,0063,609075M,,REMOVAL OF BEAM GUIDE RAIL,364,LF,"RITACCO CONSTRUCTION, INC.",$0.01,$3.64
19117,117,0001,ROADWAY,0063,609075M,,REMOVAL OF BEAM GUIDE RAIL,364,LF,"FERREIRA CONSTRUCTION CO., INC.",$1.00,$364.00
19117,117,0001,ROADWAY,0063,609075M,,REMOVAL OF BEAM GUIDE RAIL,364,LF,"NEW PRINCE CONCRETE CONSTRUCTION CO., INC.",$2.00,$728.00
19117,117,0001,ROADWAY,0063,609075M,,REMOVAL OF BEAM GUIDE RAIL,364,LF,"IEW CONSTRUCTION GROUP, INC.",$11.55,"$4,204.20"
19117,117,0001,ROADWAY,0063,609075M,,REMOVAL OF BEAM GUIDE RAIL,364,LF,"ANSELMI & DECICCO, INC.",$10.00,"$3,640.00"
19117,117,0001,ROADWAY,0064,610003M,,"TRAFFIC STRIPES, 4""","4,003",LF,"RITACCO CONSTRUCTION, INC.",$0.50,"$2,001.50"
19117,117,0001,ROADWAY,0064,610003M,,"TRAFFIC STRIPES, 4""","4,003",LF,"FERREIRA CONSTRUCTION CO., INC.",$1.00,"$4,003.00"
19117,117,0001,ROADWAY,0064,610003M,,"TRAFFIC STRIPES, 4""","4,003",LF,"NEW PRINCE CONCRETE CONSTRUCTION CO., INC.",$0.60,"$2,401.80"
19117,117,0001,ROADWAY,0064,610003M,,"TRAFFIC STRIPES, 4""","4,003",LF,"IEW CONSTRUCTION GROUP, INC.",$0.69,"$2,762.07"
19117,117,0001,ROADWAY,0064,610003M,,"TRAFFIC STRIPES, 4""","4,003",LF,"ANSELMI & DECICCO, INC.",$0.90,"$3,602.70"
19117,117,0001,ROADWAY,0065,610006M,,"TRAFFIC STRIPES, 6""","6,800",LF,"RITACCO CONSTRUCTION, INC.",$0.75,"$5,100.00"
19117,117,0001,ROADWAY,0065,610006M,,"TRAFFIC STRIPES, 6""","6,800",LF,"FERREIRA CONSTRUCTION CO., INC.",$1.00,"$6,800.00"
19117,117,0001,ROADWAY,0065,610006M,,"TRAFFIC STRIPES, 6""","6,800",LF,"NEW PRINCE CONCRETE CONSTRUCTION CO., INC.",$0.80,"$5,440.00"
19117,117,0001,ROADWAY,0065,610006M,,"TRAFFIC STRIPES, 6""","6,800",LF,"IEW CONSTRUCTION GROUP, INC.",$1.04,"$7,072.00"
19117,117,0001,ROADWAY,0065,610006M,,"TRAFFIC STRIPES, 6""","6,800",LF,"ANSELMI & DECICCO, INC.",$1.10,"$7,480.00"
19117,117,0001,ROADWAY,0066,610012M,,"RPM, MONO-DIRECTIONAL, WHITE LENS",156,U,"RITACCO CONSTRUCTION, INC.",$40.00,"$6,240.00"
19117,117,0001,ROADWAY,0066,610012M,,"RPM, MONO-DIRECTIONAL, WHITE LENS",156,U,"FERREIRA CONSTRUCTION CO., INC.",$37.00,"$5,772.00"
19117,117,0001,ROADWAY,0066,610012M,,"RPM, MONO-DIRECTIONAL, WHITE LENS",156,U,"NEW PRINCE CONCRETE CONSTRUCTION CO., INC.",$40.00,"$6,240.00"
19117,117,0001,ROADWAY,0066,610012M,,"RPM, MONO-DIRECTIONAL, WHITE LENS",156,U,"IEW CONSTRUCTION GROUP, INC.",$34.60,"$5,397.60"
19117,117,0001,ROADWAY,0066,610012M,,"RPM, MONO-DIRECTIONAL, WHITE LENS",156,U,"ANSELMI & DECICCO, INC.",$45.00,"$7,020.00"
19117,117,0001,ROADWAY,0067,610014M,,"TRAFFIC MARKING LINES, 8""","1,243",LF,"RITACCO CONSTRUCTION, INC.",$1.50,"$1,864.50"
19117,117,0001,ROADWAY,0067,610014M,,"TRAFFIC MARKING LINES, 8""","1,243",LF,"FERREIRA CONSTRUCTION CO., INC.",$2.00,"$2,486.00"
19117,117,0001,ROADWAY,0067,610014M,,"TRAFFIC MARKING LINES, 8""","1,243",LF,"NEW PRINCE CONCRETE CONSTRUCTION CO., INC.",$4.00,"$4,972.00"
19117,117,0001,ROADWAY,0067,610014M,,"TRAFFIC MARKING LINES, 8""","1,243",LF,"IEW CONSTRUCTION GROUP, INC.",$2.60,"$3,231.80"
19117,117,0001,ROADWAY,0067,610014M,,"TRAFFIC MARKING LINES, 8""","1,243",LF,"ANSELMI & DECICCO, INC.",$2.00,"$2,486.00"
19117,117,0001,ROADWAY,0068,610017M,,"TRAFFIC MARKING LINES, 24""",172,LF,"RITACCO CONSTRUCTION, INC.",$5.00,$860.00
19117,117,0001,ROADWAY,0068,610017M,,"TRAFFIC MARKING LINES, 24""",172,LF,"FERREIRA CONSTRUCTION CO., INC.",$6.00,"$1,032.00"
19117,117,0001,ROADWAY,0068,610017M,,"TRAFFIC MARKING LINES, 24""",172,LF,"NEW PRINCE CONCRETE CONSTRUCTION CO., INC.",$8.00,"$1,376.00"
19117,117,0001,ROADWAY,0068,610017M,,"TRAFFIC MARKING LINES, 24""",172,LF,"IEW CONSTRUCTION GROUP, INC.",$7.80,"$1,341.60"
19117,117,0001,ROADWAY,0068,610017M,,"TRAFFIC MARKING LINES, 24""",172,LF,"ANSELMI & DECICCO, INC.",$10.00,"$1,720.00"
19117,117,0001,ROADWAY,0069,610018M,,"RPM, MONO-DIRECTIONAL, AMBER LENS",20,U,"RITACCO CONSTRUCTION, INC.",$40.00,$800.00
19117,117,0001,ROADWAY,0069,610018M,,"RPM, MONO-DIRECTIONAL, AMBER LENS",20,U,"FERREIRA CONSTRUCTION CO., INC.",$37.00,$740.00
19117,117,0001,ROADWAY,0069,610018M,,"RPM, MONO-DIRECTIONAL, AMBER LENS",20,U,"NEW PRINCE CONCRETE CONSTRUCTION CO., INC.",$40.00,$800.00
19117,117,0001,ROADWAY,0069,610018M,,"RPM, MONO-DIRECTIONAL, AMBER LENS",20,U,"IEW CONSTRUCTION GROUP, INC.",$34.60,$692.00
19117,117,0001,ROADWAY,0069,610018M,,"RPM, MONO-DIRECTIONAL, AMBER LENS",20,U,"ANSELMI & DECICCO, INC.",$45.00,$900.00
19117,117,0001,ROADWAY,0070,610024M,,REMOVAL OF RPM,131,U,"RITACCO CONSTRUCTION, INC.",$30.00,"$3,930.00"
19117,117,0001,ROADWAY,0070,610024M,,REMOVAL OF RPM,131,U,"FERREIRA CONSTRUCTION CO., INC.",$50.00,"$6,550.00"
19117,117,0001,ROADWAY,0070,610024M,,REMOVAL OF RPM,131,U,"NEW PRINCE CONCRETE CONSTRUCTION CO., INC.",$15.00,"$1,965.00"
19117,117,0001,ROADWAY,0070,610024M,,REMOVAL OF RPM,131,U,"IEW CONSTRUCTION GROUP, INC.",$54.39,"$7,125.09"
19117,117,0001,ROADWAY,0070,610024M,,REMOVAL OF RPM,131,U,"ANSELMI & DECICCO, INC.",$25.00,"$3,275.00"
19117,117,0001,ROADWAY,0071,610036M,,REMOVAL OF TRAFFIC STRIPES,"5,039",LF,"RITACCO CONSTRUCTION, INC.",$0.70,"$3,527.30"
19117,117,0001,ROADWAY,0071,610036M,,REMOVAL OF TRAFFIC STRIPES,"5,039",LF,"FERREIRA CONSTRUCTION CO., INC.",$1.00,"$5,039.00"
19117,117,0001,ROADWAY,0071,610036M,,REMOVAL OF TRAFFIC STRIPES,"5,039",LF,"NEW PRINCE CONCRETE CONSTRUCTION CO., INC.",$1.50,"$7,558.50"
19117,117,0001,ROADWAY,0071,610036M,,REMOVAL OF TRAFFIC STRIPES,"5,039",LF,"IEW CONSTRUCTION GROUP, INC.",$1.04,"$5,240.56"
19117,117,0001,ROADWAY,0071,610036M,,REMOVAL OF TRAFFIC STRIPES,"5,039",LF,"ANSELMI & DECICCO, INC.",$2.00,"$10,078.00"
19117,117,0001,ROADWAY,0072,612003P,,REGULATORY AND WARNING SIGN,18,SF,"RITACCO CONSTRUCTION, INC.",$40.00,$720.00
19117,117,0001,ROADWAY,0072,612003P,,REGULATORY AND WARNING SIGN,18,SF,"FERREIRA CONSTRUCTION CO., INC.",$70.00,"$1,260.00"
19117,117,0001,ROADWAY,0072,612003P,,REGULATORY AND WARNING SIGN,18,SF,"NEW PRINCE CONCRETE CONSTRUCTION CO., INC.",$65.00,"$1,170.00"
19117,117,0001,ROADWAY,0072,612003P,,REGULATORY AND WARNING SIGN,18,SF,"IEW CONSTRUCTION GROUP, INC.",$41.58,$748.44
19117,117,0001,ROADWAY,0072,612003P,,REGULATORY AND WARNING SIGN,18,SF,"ANSELMI & DECICCO, INC.",$55.00,$990.00
19117,117,0001,ROADWAY,0073,701012P,,"1 1/2"" RIGID METALLIC CONDUIT",242,LF,"RITACCO CONSTRUCTION, INC.",$30.00,"$7,260.00"
19117,117,0001,ROADWAY,0073,701012P,,"1 1/2"" RIGID METALLIC CONDUIT",242,LF,"FERREIRA CONSTRUCTION CO., INC.",$34.00,"$8,228.00"
19117,117,0001,ROADWAY,0073,701012P,,"1 1/2"" RIGID METALLIC CONDUIT",242,LF,"NEW PRINCE CONCRETE CONSTRUCTION CO., INC.",$36.00,"$8,712.00"
19117,117,0001,ROADWAY,0073,701012P,,"1 1/2"" RIGID METALLIC CONDUIT",242,LF,"IEW CONSTRUCTION GROUP, INC.",$31.81,"$7,698.02"
19117,117,0001,ROADWAY,0073,701012P,,"1 1/2"" RIGID METALLIC CONDUIT",242,LF,"ANSELMI & DECICCO, INC.",$38.00,"$9,196.00"
19117,117,0001,ROADWAY,0074,701021P,,"3"" RIGID METALLIC CONDUIT",60,LF,"RITACCO CONSTRUCTION, INC.",$90.00,"$5,400.00"
19117,117,0001,ROADWAY,0074,701021P,,"3"" RIGID METALLIC CONDUIT",60,LF,"FERREIRA CONSTRUCTION CO., INC.",$102.00,"$6,120.00"
19117,117,0001,ROADWAY,0074,701021P,,"3"" RIGID METALLIC CONDUIT",60,LF,"NEW PRINCE CONCRETE CONSTRUCTION CO., INC.",$110.00,"$6,600.00"
19117,117,0001,ROADWAY,0074,701021P,,"3"" RIGID METALLIC CONDUIT",60,LF,"IEW CONSTRUCTION GROUP, INC.",$66.39,"$3,983.40"
19117,117,0001,ROADWAY,0074,701021P,,"3"" RIGID METALLIC CONDUIT",60,LF,"ANSELMI & DECICCO, INC.",$48.00,"$2,880.00"
19117,117,0001,ROADWAY,0075,701039P,,"1 1/2"" FLEXIBLE METALLIC CONDUIT",12,LF,"RITACCO CONSTRUCTION, INC.",$70.00,$840.00
19117,117,0001,ROADWAY,0075,701039P,,"1 1/2"" FLEXIBLE METALLIC CONDUIT",12,LF,"FERREIRA CONSTRUCTION CO., INC.",$81.00,$972.00
19117,117,0001,ROADWAY,0075,701039P,,"1 1/2"" FLEXIBLE METALLIC CONDUIT",12,LF,"NEW PRINCE CONCRETE CONSTRUCTION CO., INC.",$86.00,"$1,032.00"
19117,117,0001,ROADWAY,0075,701039P,,"1 1/2"" FLEXIBLE METALLIC CONDUIT",12,LF,"IEW CONSTRUCTION GROUP, INC.",$49.69,$596.28
19117,117,0001,ROADWAY,0075,701039P,,"1 1/2"" FLEXIBLE METALLIC CONDUIT",12,LF,"ANSELMI & DECICCO, INC.",$24.00,$288.00
19117,117,0001,ROADWAY,0076,701105M,,"8"" X 8"" X 6"" METAL JUNCTION BOX",4,U,"RITACCO CONSTRUCTION, INC.","$1,200.00","$4,800.00"
19117,117,0001,ROADWAY,0076,701105M,,"8"" X 8"" X 6"" METAL JUNCTION BOX",4,U,"FERREIRA CONSTRUCTION CO., INC.","$1,290.00","$5,160.00"
19117,117,0001,ROADWAY,0076,701105M,,"8"" X 8"" X 6"" METAL JUNCTION BOX",4,U,"NEW PRINCE CONCRETE CONSTRUCTION CO., INC.","$1,400.00","$5,600.00"
19117,117,0001,ROADWAY,0076,701105M,,"8"" X 8"" X 6"" METAL JUNCTION BOX",4,U,"IEW CONSTRUCTION GROUP, INC.",$350.56,"$1,402.24"
19117,117,0001,ROADWAY,0076,701105M,,"8"" X 8"" X 6"" METAL JUNCTION BOX",4,U,"ANSELMI & DECICCO, INC.","$2,400.00","$9,600.00"
19117,117,0001,ROADWAY,0077,701192P,,"GROUND WIRE, NO. 8 AWG",577,LF,"RITACCO CONSTRUCTION, INC.",$3.00,"$1,731.00"
19117,117,0001,ROADWAY,0077,701192P,,"GROUND WIRE, NO. 8 AWG",577,LF,"FERREIRA CONSTRUCTION CO., INC.",$3.00,"$1,731.00"
19117,117,0001,ROADWAY,0077,701192P,,"GROUND WIRE, NO. 8 AWG",577,LF,"NEW PRINCE CONCRETE CONSTRUCTION CO., INC.",$4.00,"$2,308.00"
19117,117,0001,ROADWAY,0077,701192P,,"GROUND WIRE, NO. 8 AWG",577,LF,"IEW CONSTRUCTION GROUP, INC.",$1.74,"$1,003.98"
19117,117,0001,ROADWAY,0077,701192P,,"GROUND WIRE, NO. 8 AWG",577,LF,"ANSELMI & DECICCO, INC.",$4.00,"$2,308.00"
19117,117,0001,ROADWAY,0078,701195P,,"MULTIPLE LIGHTING WIRE, NO. 2 AWG","1,854",LF,"RITACCO CONSTRUCTION, INC.",$5.00,"$9,270.00"
19117,117,0001,ROADWAY,0078,701195P,,"MULTIPLE LIGHTING WIRE, NO. 2 AWG","1,854",LF,"FERREIRA CONSTRUCTION CO., INC.",$5.00,"$9,270.00"
19117,117,0001,ROADWAY,0078,701195P,,"MULTIPLE LIGHTING WIRE, NO. 2 AWG","1,854",LF,"NEW PRINCE CONCRETE CONSTRUCTION CO., INC.",$6.00,"$11,124.00"
19117,117,0001,ROADWAY,0078,701195P,,"MULTIPLE LIGHTING WIRE, NO. 2 AWG","1,854",LF,"IEW CONSTRUCTION GROUP, INC.",$3.88,"$7,193.52"
19117,117,0001,ROADWAY,0078,701195P,,"MULTIPLE LIGHTING WIRE, NO. 2 AWG","1,854",LF,"ANSELMI & DECICCO, INC.",$4.00,"$7,416.00"
19117,117,0001,ROADWAY,0079,701201P,,"MULTIPLE LIGHTING WIRE, NO. 8 AWG",54,LF,"RITACCO CONSTRUCTION, INC.",$3.00,$162.00
19117,117,0001,ROADWAY,0079,701201P,,"MULTIPLE LIGHTING WIRE, NO. 8 AWG",54,LF,"FERREIRA CONSTRUCTION CO., INC.",$3.00,$162.00
19117,117,0001,ROADWAY,0079,701201P,,"MULTIPLE LIGHTING WIRE, NO. 8 AWG",54,LF,"NEW PRINCE CONCRETE CONSTRUCTION CO., INC.",$4.00,$216.00
19117,117,0001,ROADWAY,0079,701201P,,"MULTIPLE LIGHTING WIRE, NO. 8 AWG",54,LF,"IEW CONSTRUCTION GROUP, INC.",$1.74,$93.96
19117,117,0001,ROADWAY,0079,701201P,,"MULTIPLE LIGHTING WIRE, NO. 8 AWG",54,LF,"ANSELMI & DECICCO, INC.",$4.00,$216.00
19117,117,0001,ROADWAY,0080,701204P,,"MULTIPLE LIGHTING WIRE, NO. 10 AWG",652,LF,"RITACCO CONSTRUCTION, INC.",$2.00,"$1,304.00"
19117,117,0001,ROADWAY,0080,701204P,,"MULTIPLE LIGHTING WIRE, NO. 10 AWG",652,LF,"FERREIRA CONSTRUCTION CO., INC.",$3.00,"$1,956.00"
19117,117,0001,ROADWAY,0080,701204P,,"MULTIPLE LIGHTING WIRE, NO. 10 AWG",652,LF,"NEW PRINCE CONCRETE CONSTRUCTION CO., INC.",$3.00,"$1,956.00"
19117,117,0001,ROADWAY,0080,701204P,,"MULTIPLE LIGHTING WIRE, NO. 10 AWG",652,LF,"IEW CONSTRUCTION GROUP, INC.",$1.35,$880.20
19117,117,0001,ROADWAY,0080,701204P,,"MULTIPLE LIGHTING WIRE, NO. 10 AWG",652,LF,"ANSELMI & DECICCO, INC.",$4.00,"$2,608.00"
19117,117,0001,ROADWAY,0081,703003M,,LIGHTING STANDARD ALUMINUM,1,U,"RITACCO CONSTRUCTION, INC.","$3,800.00","$3,800.00"
19117,117,0001,ROADWAY,0081,703003M,,LIGHTING STANDARD ALUMINUM,1,U,"FERREIRA CONSTRUCTION CO., INC.","$4,192.00","$4,192.00"
19117,117,0001,ROADWAY,0081,703003M,,LIGHTING STANDARD ALUMINUM,1,U,"NEW PRINCE CONCRETE CONSTRUCTION CO., INC.","$4,500.00","$4,500.00"
19117,117,0001,ROADWAY,0081,703003M,,LIGHTING STANDARD ALUMINUM,1,U,"IEW CONSTRUCTION GROUP, INC.","$2,322.88","$2,322.88"
19117,117,0001,ROADWAY,0081,703003M,,LIGHTING STANDARD ALUMINUM,1,U,"ANSELMI & DECICCO, INC.","$3,500.00","$3,500.00"
19117,117,0001,ROADWAY,0082,703012M,,LIGHTING MAST ARM ALUMINUM,1,U,"RITACCO CONSTRUCTION, INC.","$1,900.00","$1,900.00"
19117,117,0001,ROADWAY,0082,703012M,,LIGHTING MAST ARM ALUMINUM,1,U,"FERREIRA CONSTRUCTION CO., INC.","$2,096.00","$2,096.00"
19117,117,0001,ROADWAY,0082,703012M,,LIGHTING MAST ARM ALUMINUM,1,U,"NEW PRINCE CONCRETE CONSTRUCTION CO., INC.","$2,300.00","$2,300.00"
19117,117,0001,ROADWAY,0082,703012M,,LIGHTING MAST ARM ALUMINUM,1,U,"IEW CONSTRUCTION GROUP, INC.",$703.32,$703.32
19117,117,0001,ROADWAY,0082,703012M,,LIGHTING MAST ARM ALUMINUM,1,U,"ANSELMI & DECICCO, INC.","$3,500.00","$3,500.00"
19117,117,0001,ROADWAY,0083,703018M,,LUMINAIRE,1,U,"RITACCO CONSTRUCTION, INC.","$1,300.00","$1,300.00"
19117,117,0001,ROADWAY,0083,703018M,,LUMINAIRE,1,U,"FERREIRA CONSTRUCTION CO., INC.","$1,451.00","$1,451.00"
19117,117,0001,ROADWAY,0083,703018M,,LUMINAIRE,1,U,"NEW PRINCE CONCRETE CONSTRUCTION CO., INC.","$1,600.00","$1,600.00"
19117,117,0001,ROADWAY,0083,703018M,,LUMINAIRE,1,U,"IEW CONSTRUCTION GROUP, INC.",$536.60,$536.60
19117,117,0001,ROADWAY,0083,703018M,,LUMINAIRE,1,U,"ANSELMI & DECICCO, INC.","$3,500.00","$3,500.00"
19117,117,0001,ROADWAY,0084,703024M,,UNDERDECK LIGHTING TYPE W,4,U,"RITACCO CONSTRUCTION, INC.","$4,000.00","$16,000.00"
19117,117,0001,ROADWAY,0084,703024M,,UNDERDECK LIGHTING TYPE W,4,U,"FERREIRA CONSTRUCTION CO., INC.","$2,397.00","$9,588.00"
19117,117,0001,ROADWAY,0084,703024M,,UNDERDECK LIGHTING TYPE W,4,U,"NEW PRINCE CONCRETE CONSTRUCTION CO., INC.","$10,000.00","$40,000.00"
19117,117,0001,ROADWAY,0084,703024M,,UNDERDECK LIGHTING TYPE W,4,U,"IEW CONSTRUCTION GROUP, INC.","$2,096.18","$8,384.72"
19117,117,0001,ROADWAY,0084,703024M,,UNDERDECK LIGHTING TYPE W,4,U,"ANSELMI & DECICCO, INC.","$3,500.00","$14,000.00"
19117,117,0001,ROADWAY,0085,703033P,,TEMPORARY HIGHWAY LIGHTING SYSTEM,1,LS,"RITACCO CONSTRUCTION, INC.","$25,000.00","$25,000.00"
19117,117,0001,ROADWAY,0085,703033P,,TEMPORARY HIGHWAY LIGHTING SYSTEM,1,LS,"FERREIRA CONSTRUCTION CO., INC.","$25,000.00","$25,000.00"
19117,117,0001,ROADWAY,0085,703033P,,TEMPORARY HIGHWAY LIGHTING SYSTEM,1,LS,"NEW PRINCE CONCRETE CONSTRUCTION CO., INC.","$25,000.00","$25,000.00"
19117,117,0001,ROADWAY,0085,703033P,,TEMPORARY HIGHWAY LIGHTING SYSTEM,1,LS,"IEW CONSTRUCTION GROUP, INC.","$18,942.60","$18,942.60"
19117,117,0001,ROADWAY,0085,703033P,,TEMPORARY HIGHWAY LIGHTING SYSTEM,1,LS,"ANSELMI & DECICCO, INC.","$10,000.00","$10,000.00"
19117,117,0003,NON-PARTICIPATING (ROADWAY),0086,801012M,,SELECTIVE CLEARING,"1,259",SY,"RITACCO CONSTRUCTION, INC.",$10.00,"$12,590.00"
19117,117,0003,NON-PARTICIPATING (ROADWAY),0086,801012M,,SELECTIVE CLEARING,"1,259",SY,"FERREIRA CONSTRUCTION CO., INC.",$16.00,"$20,144.00"
19117,117,0003,NON-PARTICIPATING (ROADWAY),0086,801012M,,SELECTIVE CLEARING,"1,259",SY,"NEW PRINCE CONCRETE CONSTRUCTION CO., INC.",$10.00,"$12,590.00"
19117,117,0003,NON-PARTICIPATING (ROADWAY),0086,801012M,,SELECTIVE CLEARING,"1,259",SY,"IEW CONSTRUCTION GROUP, INC.",$28.88,"$36,359.92"
19117,117,0003,NON-PARTICIPATING (ROADWAY),0086,801012M,,SELECTIVE CLEARING,"1,259",SY,"ANSELMI & DECICCO, INC.",$14.00,"$17,626.00"
19117,117,0003,NON-PARTICIPATING (ROADWAY),0087,802003M,,"TRIMMING EXISTING TREE, OVER 6"" TO 12"" DIAMETER",20,U,"RITACCO CONSTRUCTION, INC.",$700.00,"$14,000.00"
19117,117,0003,NON-PARTICIPATING (ROADWAY),0087,802003M,,"TRIMMING EXISTING TREE, OVER 6"" TO 12"" DIAMETER",20,U,"FERREIRA CONSTRUCTION CO., INC.",$500.00,"$10,000.00"
19117,117,0003,NON-PARTICIPATING (ROADWAY),0087,802003M,,"TRIMMING EXISTING TREE, OVER 6"" TO 12"" DIAMETER",20,U,"NEW PRINCE CONCRETE CONSTRUCTION CO., INC.",$500.00,"$10,000.00"
19117,117,0003,NON-PARTICIPATING (ROADWAY),0087,802003M,,"TRIMMING EXISTING TREE, OVER 6"" TO 12"" DIAMETER",20,U,"IEW CONSTRUCTION GROUP, INC.",$750.81,"$15,016.20"
19117,117,0003,NON-PARTICIPATING (ROADWAY),0087,802003M,,"TRIMMING EXISTING TREE, OVER 6"" TO 12"" DIAMETER",20,U,"ANSELMI & DECICCO, INC.","$1,500.00","$30,000.00"
19117,117,0005,GENERAL LANDSCAPE,0088,804006P,,"TOPSOILING, 4"" THICK",66,SY,"RITACCO CONSTRUCTION, INC.",$10.00,$660.00
19117,117,0005,GENERAL LANDSCAPE,0088,804006P,,"TOPSOILING, 4"" THICK",66,SY,"FERREIRA CONSTRUCTION CO., INC.",$32.00,"$2,112.00"
19117,117,0005,GENERAL LANDSCAPE,0088,804006P,,"TOPSOILING, 4"" THICK",66,SY,"NEW PRINCE CONCRETE CONSTRUCTION CO., INC.",$10.00,$660.00
19117,117,0005,GENERAL LANDSCAPE,0088,804006P,,"TOPSOILING, 4"" THICK",66,SY,"IEW CONSTRUCTION GROUP, INC.",$11.55,$762.30
19117,117,0005,GENERAL LANDSCAPE,0088,804006P,,"TOPSOILING, 4"" THICK",66,SY,"ANSELMI & DECICCO, INC.",$10.00,$660.00
19117,117,0005,GENERAL LANDSCAPE,0089,804015P,,BORROW TOPSOIL,10,CY,"RITACCO CONSTRUCTION, INC.",$35.00,$350.00
19117,117,0005,GENERAL LANDSCAPE,0089,804015P,,BORROW TOPSOIL,10,CY,"FERREIRA CONSTRUCTION CO., INC.",$38.00,$380.00
19117,117,0005,GENERAL LANDSCAPE,0089,804015P,,BORROW TOPSOIL,10,CY,"NEW PRINCE CONCRETE CONSTRUCTION CO., INC.",$75.00,$750.00
19117,117,0005,GENERAL LANDSCAPE,0089,804015P,,BORROW TOPSOIL,10,CY,"IEW CONSTRUCTION GROUP, INC.",$57.76,$577.60
19117,117,0005,GENERAL LANDSCAPE,0089,804015P,,BORROW TOPSOIL,10,CY,"ANSELMI & DECICCO, INC.",$55.00,$550.00
19117,117,0005,GENERAL LANDSCAPE,0090,806006P,,"FERTILIZING AND SEEDING, TYPE A-3",66,SY,"RITACCO CONSTRUCTION, INC.",$2.00,$132.00
19117,117,0005,GENERAL LANDSCAPE,0090,806006P,,"FERTILIZING AND SEEDING, TYPE A-3",66,SY,"FERREIRA CONSTRUCTION CO., INC.",$28.00,"$1,848.00"
19117,117,0005,GENERAL LANDSCAPE,0090,806006P,,"FERTILIZING AND SEEDING, TYPE A-3",66,SY,"NEW PRINCE CONCRETE CONSTRUCTION CO., INC.",$2.00,$132.00
19117,117,0005,GENERAL LANDSCAPE,0090,806006P,,"FERTILIZING AND SEEDING, TYPE A-3",66,SY,"IEW CONSTRUCTION GROUP, INC.",$5.78,$381.48
19117,117,0005,GENERAL LANDSCAPE,0090,806006P,,"FERTILIZING AND SEEDING, TYPE A-3",66,SY,"ANSELMI & DECICCO, INC.",$2.00,$132.00
19117,117,0004,EROSION CONTROL,0091,806018P,,"FERTILIZING AND SEEDING, TYPE F",10,SY,"RITACCO CONSTRUCTION, INC.",$5.00,$50.00
19117,117,0004,EROSION CONTROL,0091,806018P,,"FERTILIZING AND SEEDING, TYPE F",10,SY,"FERREIRA CONSTRUCTION CO., INC.",$89.00,$890.00
19117,117,0004,EROSION CONTROL,0091,806018P,,"FERTILIZING AND SEEDING, TYPE F",10,SY,"NEW PRINCE CONCRETE CONSTRUCTION CO., INC.",$5.00,$50.00
19117,117,0004,EROSION CONTROL,0091,806018P,,"FERTILIZING AND SEEDING, TYPE F",10,SY,"IEW CONSTRUCTION GROUP, INC.",$5.78,$57.80
19117,117,0004,EROSION CONTROL,0091,806018P,,"FERTILIZING AND SEEDING, TYPE F",10,SY,"ANSELMI & DECICCO, INC.",$3.00,$30.00
19117,117,0005,GENERAL LANDSCAPE,0092,809003M,,STRAW MULCHING,66,SY,"RITACCO CONSTRUCTION, INC.",$2.00,$132.00
19117,117,0005,GENERAL LANDSCAPE,0092,809003M,,STRAW MULCHING,66,SY,"FERREIRA CONSTRUCTION CO., INC.",$1.00,$66.00
19117,117,0005,GENERAL LANDSCAPE,0092,809003M,,STRAW MULCHING,66,SY,"NEW PRINCE CONCRETE CONSTRUCTION CO., INC.",$2.00,$132.00
19117,117,0005,GENERAL LANDSCAPE,0092,809003M,,STRAW MULCHING,66,SY,"IEW CONSTRUCTION GROUP, INC.",$5.78,$381.48
19117,117,0005,GENERAL LANDSCAPE,0092,809003M,,STRAW MULCHING,66,SY,"ANSELMI & DECICCO, INC.",$5.00,$330.00
19117,117,0006,BRIDGE - STRUCTURE NO. (1618-152),0093,201006P,,"CLEARING SITE, BRIDGE (___) STRUCTURE NO. 1618-152",1,LS,"RITACCO CONSTRUCTION, INC.","$400,000.00","$400,000.00"
19117,117,0006,BRIDGE - STRUCTURE NO. (1618-152),0093,201006P,,"CLEARING SITE, BRIDGE (___) STRUCTURE NO. 1618-152",1,LS,"FERREIRA CONSTRUCTION CO., INC.","$400,000.00","$400,000.00"
19117,117,0006,BRIDGE - STRUCTURE NO. (1618-152),0093,201006P,,"CLEARING SITE, BRIDGE (___) STRUCTURE NO. 1618-152",1,LS,"NEW PRINCE CONCRETE CONSTRUCTION CO., INC.","$400,000.00","$400,000.00"
19117,117,0006,BRIDGE - STRUCTURE NO. (1618-152),0093,201006P,,"CLEARING SITE, BRIDGE (___) STRUCTURE NO. 1618-152",1,LS,"IEW CONSTRUCTION GROUP, INC.","$400,000.00","$400,000.00"
19117,117,0006,BRIDGE - STRUCTURE NO. (1618-152),0093,201006P,,"CLEARING SITE, BRIDGE (___) STRUCTURE NO. 1618-152",1,LS,"ANSELMI & DECICCO, INC.","$400,000.00","$400,000.00"
19117,117,0006,BRIDGE - STRUCTURE NO. (1618-152),0094,201039P,,TEMPORARY SHIELDING,1,LS,"RITACCO CONSTRUCTION, INC.","$742,499.06","$742,499.06"
19117,117,0006,BRIDGE - STRUCTURE NO. (1618-152),0094,201039P,,TEMPORARY SHIELDING,1,LS,"FERREIRA CONSTRUCTION CO., INC.","$60,000.00","$60,000.00"
19117,117,0006,BRIDGE - STRUCTURE NO. (1618-152),0094,201039P,,TEMPORARY SHIELDING,1,LS,"NEW PRINCE CONCRETE CONSTRUCTION CO., INC.","$370,000.00","$370,000.00"
19117,117,0006,BRIDGE - STRUCTURE NO. (1618-152),0094,201039P,,TEMPORARY SHIELDING,1,LS,"IEW CONSTRUCTION GROUP, INC.","$867,540.11","$867,540.11"
19117,117,0006,BRIDGE - STRUCTURE NO. (1618-152),0094,201039P,,TEMPORARY SHIELDING,1,LS,"ANSELMI & DECICCO, INC.","$931,000.00","$931,000.00"
19117,117,0006,BRIDGE - STRUCTURE NO. (1618-152),0095,202009P,,"EXCAVATION, UNCLASSIFIED",230,CY,"RITACCO CONSTRUCTION, INC.",$60.00,"$13,800.00"
19117,117,0006,BRIDGE - STRUCTURE NO. (1618-152),0095,202009P,,"EXCAVATION, UNCLASSIFIED",230,CY,"FERREIRA CONSTRUCTION CO., INC.",$50.00,"$11,500.00"
19117,117,0006,BRIDGE - STRUCTURE NO. (1618-152),0095,202009P,,"EXCAVATION, UNCLASSIFIED",230,CY,"NEW PRINCE CONCRETE CONSTRUCTION CO., INC.",$45.00,"$10,350.00"
19117,117,0006,BRIDGE - STRUCTURE NO. (1618-152),0095,202009P,,"EXCAVATION, UNCLASSIFIED",230,CY,"IEW CONSTRUCTION GROUP, INC.",$173.17,"$39,829.10"
19117,117,0006,BRIDGE - STRUCTURE NO. (1618-152),0095,202009P,,"EXCAVATION, UNCLASSIFIED",230,CY,"ANSELMI & DECICCO, INC.",$150.00,"$34,500.00"
19117,117,0006,BRIDGE - STRUCTURE NO. (1618-152),0096,203081P,,DEFORMATION MONITORING POINT,4,U,"RITACCO CONSTRUCTION, INC.","$4,500.00","$18,000.00"
19117,117,0006,BRIDGE - STRUCTURE NO. (1618-152),0096,203081P,,DEFORMATION MONITORING POINT,4,U,"FERREIRA CONSTRUCTION CO., INC.","$2,687.00","$10,748.00"
19117,117,0006,BRIDGE - STRUCTURE NO. (1618-152),0096,203081P,,DEFORMATION MONITORING POINT,4,U,"NEW PRINCE CONCRETE CONSTRUCTION CO., INC.",$500.00,"$2,000.00"
19117,117,0006,BRIDGE - STRUCTURE NO. (1618-152),0096,203081P,,DEFORMATION MONITORING POINT,4,U,"IEW CONSTRUCTION GROUP, INC.","$1,012.25","$4,049.00"
19117,117,0006,BRIDGE - STRUCTURE NO. (1618-152),0096,203081P,,DEFORMATION MONITORING POINT,4,U,"ANSELMI & DECICCO, INC.","$5,000.00","$20,000.00"
19117,117,0006,BRIDGE - STRUCTURE NO. (1618-152),0097,501003P,,TEMPORARY SHEETING,"2,030",SF,"RITACCO CONSTRUCTION, INC.",$1.00,"$2,030.00"
19117,117,0006,BRIDGE - STRUCTURE NO. (1618-152),0097,501003P,,TEMPORARY SHEETING,"2,030",SF,"FERREIRA CONSTRUCTION CO., INC.",$1.00,"$2,030.00"
19117,117,0006,BRIDGE - STRUCTURE NO. (1618-152),0097,501003P,,TEMPORARY SHEETING,"2,030",SF,"NEW PRINCE CONCRETE CONSTRUCTION CO., INC.",$105.00,"$213,150.00"
19117,117,0006,BRIDGE - STRUCTURE NO. (1618-152),0097,501003P,,TEMPORARY SHEETING,"2,030",SF,"IEW CONSTRUCTION GROUP, INC.",$96.87,"$196,646.10"
19117,117,0006,BRIDGE - STRUCTURE NO. (1618-152),0097,501003P,,TEMPORARY SHEETING,"2,030",SF,"ANSELMI & DECICCO, INC.",$1.00,"$2,030.00"
19117,117,0006,BRIDGE - STRUCTURE NO. (1618-152),0098,504006P,,"REINFORCEMENT STEEL, EPOXY-COATED","183,600",LB,"RITACCO CONSTRUCTION, INC.",$1.75,"$321,300.00"
19117,117,0006,BRIDGE - STRUCTURE NO. (1618-152),0098,504006P,,"REINFORCEMENT STEEL, EPOXY-COATED","183,600",LB,"FERREIRA CONSTRUCTION CO., INC.",$3.00,"$550,800.00"
19117,117,0006,BRIDGE - STRUCTURE NO. (1618-152),0098,504006P,,"REINFORCEMENT STEEL, EPOXY-COATED","183,600",LB,"NEW PRINCE CONCRETE CONSTRUCTION CO., INC.",$2.60,"$477,360.00"
19117,117,0006,BRIDGE - STRUCTURE NO. (1618-152),0098,504006P,,"REINFORCEMENT STEEL, EPOXY-COATED","183,600",LB,"IEW CONSTRUCTION GROUP, INC.",$1.86,"$341,496.00"
19117,117,0006,BRIDGE - STRUCTURE NO. (1618-152),0098,504006P,,"REINFORCEMENT STEEL, EPOXY-COATED","183,600",LB,"ANSELMI & DECICCO, INC.",$2.50,"$459,000.00"
19117,117,0006,BRIDGE - STRUCTURE NO. (1618-152),0099,504010P,,DRILL AND GROUT REINFORCEMENT STEEL,530,LF,"RITACCO CONSTRUCTION, INC.",$25.00,"$13,250.00"
19117,117,0006,BRIDGE - STRUCTURE NO. (1618-152),0099,504010P,,DRILL AND GROUT REINFORCEMENT STEEL,530,LF,"FERREIRA CONSTRUCTION CO., INC.",$100.00,"$53,000.00"
19117,117,0006,BRIDGE - STRUCTURE NO. (1618-152),0099,504010P,,DRILL AND GROUT REINFORCEMENT STEEL,530,LF,"NEW PRINCE CONCRETE CONSTRUCTION CO., INC.",$25.00,"$13,250.00"
19117,117,0006,BRIDGE - STRUCTURE NO. (1618-152),0099,504010P,,DRILL AND GROUT REINFORCEMENT STEEL,530,LF,"IEW CONSTRUCTION GROUP, INC.",$80.49,"$42,659.70"
19117,117,0006,BRIDGE - STRUCTURE NO. (1618-152),0099,504010P,,DRILL AND GROUT REINFORCEMENT STEEL,530,LF,"ANSELMI & DECICCO, INC.",$100.00,"$53,000.00"
19117,117,0006,BRIDGE - STRUCTURE NO. (1618-152),0100,504015P,,CONCRETE FOOTING,134,CY,"RITACCO CONSTRUCTION, INC.",$400.00,"$53,600.00"
19117,117,0006,BRIDGE - STRUCTURE NO. (1618-152),0100,504015P,,CONCRETE FOOTING,134,CY,"FERREIRA CONSTRUCTION CO., INC.",$700.00,"$93,800.00"
19117,117,0006,BRIDGE - STRUCTURE NO. (1618-152),0100,504015P,,CONCRETE FOOTING,134,CY,"NEW PRINCE CONCRETE CONSTRUCTION CO., INC.",$850.00,"$113,900.00"
19117,117,0006,BRIDGE - STRUCTURE NO. (1618-152),0100,504015P,,CONCRETE FOOTING,134,CY,"IEW CONSTRUCTION GROUP, INC.",$752.58,"$100,845.72"
19117,117,0006,BRIDGE - STRUCTURE NO. (1618-152),0100,504015P,,CONCRETE FOOTING,134,CY,"ANSELMI & DECICCO, INC.","$1,500.00","$201,000.00"
19117,117,0006,BRIDGE - STRUCTURE NO. (1618-152),0101,504018P,,CONCRETE WING WALL,18,CY,"RITACCO CONSTRUCTION, INC.","$2,500.00","$45,000.00"
19117,117,0006,BRIDGE - STRUCTURE NO. (1618-152),0101,504018P,,CONCRETE WING WALL,18,CY,"FERREIRA CONSTRUCTION CO., INC.","$3,500.00","$63,000.00"
19117,117,0006,BRIDGE - STRUCTURE NO. (1618-152),0101,504018P,,CONCRETE WING WALL,18,CY,"NEW PRINCE CONCRETE CONSTRUCTION CO., INC.","$4,525.00","$81,450.00"
19117,117,0006,BRIDGE - STRUCTURE NO. (1618-152),0101,504018P,,CONCRETE WING WALL,18,CY,"IEW CONSTRUCTION GROUP, INC.","$3,376.12","$60,770.16"
19117,117,0006,BRIDGE - STRUCTURE NO. (1618-152),0101,504018P,,CONCRETE WING WALL,18,CY,"ANSELMI & DECICCO, INC.","$3,000.00","$54,000.00"
19117,117,0006,BRIDGE - STRUCTURE NO. (1618-152),0102,504024P,,CONCRETE ABUTMENT WALL,34,CY,"RITACCO CONSTRUCTION, INC.","$1,300.00","$44,200.00"
19117,117,0006,BRIDGE - STRUCTURE NO. (1618-152),0102,504024P,,CONCRETE ABUTMENT WALL,34,CY,"FERREIRA CONSTRUCTION CO., INC.","$2,000.00","$68,000.00"
19117,117,0006,BRIDGE - STRUCTURE NO. (1618-152),0102,504024P,,CONCRETE ABUTMENT WALL,34,CY,"NEW PRINCE CONCRETE CONSTRUCTION CO., INC.","$4,700.00","$159,800.00"
19117,117,0006,BRIDGE - STRUCTURE NO. (1618-152),0102,504024P,,CONCRETE ABUTMENT WALL,34,CY,"IEW CONSTRUCTION GROUP, INC.","$2,127.34","$72,329.56"
19117,117,0006,BRIDGE - STRUCTURE NO. (1618-152),0102,504024P,,CONCRETE ABUTMENT WALL,34,CY,"ANSELMI & DECICCO, INC.","$2,500.00","$85,000.00"
19117,117,0006,BRIDGE - STRUCTURE NO. (1618-152),0103,504027P,,CONCRETE PIER COLUMN AND CAP,63,CY,"RITACCO CONSTRUCTION, INC.","$1,400.00","$88,200.00"
19117,117,0006,BRIDGE - STRUCTURE NO. (1618-152),0103,504027P,,CONCRETE PIER COLUMN AND CAP,63,CY,"FERREIRA CONSTRUCTION CO., INC.","$3,500.00","$220,500.00"
19117,117,0006,BRIDGE - STRUCTURE NO. (1618-152),0103,504027P,,CONCRETE PIER COLUMN AND CAP,63,CY,"NEW PRINCE CONCRETE CONSTRUCTION CO., INC.","$3,700.00","$233,100.00"
19117,117,0006,BRIDGE - STRUCTURE NO. (1618-152),0103,504027P,,CONCRETE PIER COLUMN AND CAP,63,CY,"IEW CONSTRUCTION GROUP, INC.","$2,773.03","$174,700.89"
19117,117,0006,BRIDGE - STRUCTURE NO. (1618-152),0103,504027P,,CONCRETE PIER COLUMN AND CAP,63,CY,"ANSELMI & DECICCO, INC.","$2,500.00","$157,500.00"
19117,117,0006,BRIDGE - STRUCTURE NO. (1618-152),0104,504036P,,EPOXY WATERPROOFING,185,SY,"RITACCO CONSTRUCTION, INC.",$40.00,"$7,400.00"
19117,117,0006,BRIDGE - STRUCTURE NO. (1618-152),0104,504036P,,EPOXY WATERPROOFING,185,SY,"FERREIRA CONSTRUCTION CO., INC.",$60.00,"$11,100.00"
19117,117,0006,BRIDGE - STRUCTURE NO. (1618-152),0104,504036P,,EPOXY WATERPROOFING,185,SY,"NEW PRINCE CONCRETE CONSTRUCTION CO., INC.",$50.00,"$9,250.00"
19117,117,0006,BRIDGE - STRUCTURE NO. (1618-152),0104,504036P,,EPOXY WATERPROOFING,185,SY,"IEW CONSTRUCTION GROUP, INC.",$63.53,"$11,753.05"
19117,117,0006,BRIDGE - STRUCTURE NO. (1618-152),0104,504036P,,EPOXY WATERPROOFING,185,SY,"ANSELMI & DECICCO, INC.",$100.00,"$18,500.00"
19117,117,0006,BRIDGE - STRUCTURE NO. (1618-152),0105,506003P,,STRUCTURAL STEEL,1,LS,"RITACCO CONSTRUCTION, INC.","$1,484,000.00","$1,484,000.00"
19117,117,0006,BRIDGE - STRUCTURE NO. (1618-152),0105,506003P,,STRUCTURAL STEEL,1,LS,"FERREIRA CONSTRUCTION CO., INC.","$1,420,000.00","$1,420,000.00"
19117,117,0006,BRIDGE - STRUCTURE NO. (1618-152),0105,506003P,,STRUCTURAL STEEL,1,LS,"NEW PRINCE CONCRETE CONSTRUCTION CO., INC.","$1,460,000.00","$1,460,000.00"
19117,117,0006,BRIDGE - STRUCTURE NO. (1618-152),0105,506003P,,STRUCTURAL STEEL,1,LS,"IEW CONSTRUCTION GROUP, INC.","$1,573,000.00","$1,573,000.00"
19117,117,0006,BRIDGE - STRUCTURE NO. (1618-152),0105,506003P,,STRUCTURAL STEEL,1,LS,"ANSELMI & DECICCO, INC.","$1,500,000.00","$1,500,000.00"
19117,117,0006,BRIDGE - STRUCTURE NO. (1618-152),0106,506009M,,STRUCTURAL BEARING ASSEMBLY,36,U,"RITACCO CONSTRUCTION, INC.","$4,500.00","$162,000.00"
19117,117,0006,BRIDGE - STRUCTURE NO. (1618-152),0106,506009M,,STRUCTURAL BEARING ASSEMBLY,36,U,"FERREIRA CONSTRUCTION CO., INC.","$4,000.00","$144,000.00"
19117,117,0006,BRIDGE - STRUCTURE NO. (1618-152),0106,506009M,,STRUCTURAL BEARING ASSEMBLY,36,U,"NEW PRINCE CONCRETE CONSTRUCTION CO., INC.","$2,850.00","$102,600.00"
19117,117,0006,BRIDGE - STRUCTURE NO. (1618-152),0106,506009M,,STRUCTURAL BEARING ASSEMBLY,36,U,"IEW CONSTRUCTION GROUP, INC.","$3,015.92","$108,573.12"
19117,117,0006,BRIDGE - STRUCTURE NO. (1618-152),0106,506009M,,STRUCTURAL BEARING ASSEMBLY,36,U,"ANSELMI & DECICCO, INC.","$5,000.00","$180,000.00"
19117,117,0006,BRIDGE - STRUCTURE NO. (1618-152),0107,506012P,,SHEAR CONNECTOR,"5,500",U,"RITACCO CONSTRUCTION, INC.",$6.00,"$33,000.00"
19117,117,0006,BRIDGE - STRUCTURE NO. (1618-152),0107,506012P,,SHEAR CONNECTOR,"5,500",U,"FERREIRA CONSTRUCTION CO., INC.",$10.00,"$55,000.00"
19117,117,0006,BRIDGE - STRUCTURE NO. (1618-152),0107,506012P,,SHEAR CONNECTOR,"5,500",U,"NEW PRINCE CONCRETE CONSTRUCTION CO., INC.",$7.00,"$38,500.00"
19117,117,0006,BRIDGE - STRUCTURE NO. (1618-152),0107,506012P,,SHEAR CONNECTOR,"5,500",U,"IEW CONSTRUCTION GROUP, INC.",$5.72,"$31,460.00"
19117,117,0006,BRIDGE - STRUCTURE NO. (1618-152),0107,506012P,,SHEAR CONNECTOR,"5,500",U,"ANSELMI & DECICCO, INC.",$5.00,"$27,500.00"
19117,117,0006,BRIDGE - STRUCTURE NO. (1618-152),0108,507015P,,STRIP SEAL EXPANSION JOINT ASSEMBLY,141,LF,"RITACCO CONSTRUCTION, INC.",$400.00,"$56,400.00"
19117,117,0006,BRIDGE - STRUCTURE NO. (1618-152),0108,507015P,,STRIP SEAL EXPANSION JOINT ASSEMBLY,141,LF,"FERREIRA CONSTRUCTION CO., INC.",$500.00,"$70,500.00"
19117,117,0006,BRIDGE - STRUCTURE NO. (1618-152),0108,507015P,,STRIP SEAL EXPANSION JOINT ASSEMBLY,141,LF,"NEW PRINCE CONCRETE CONSTRUCTION CO., INC.",$385.00,"$54,285.00"
19117,117,0006,BRIDGE - STRUCTURE NO. (1618-152),0108,507015P,,STRIP SEAL EXPANSION JOINT ASSEMBLY,141,LF,"IEW CONSTRUCTION GROUP, INC.",$668.58,"$94,269.78"
19117,117,0006,BRIDGE - STRUCTURE NO. (1618-152),0108,507015P,,STRIP SEAL EXPANSION JOINT ASSEMBLY,141,LF,"ANSELMI & DECICCO, INC.",$600.00,"$84,600.00"
19117,117,0006,BRIDGE - STRUCTURE NO. (1618-152),0109,507024P,,"CONCRETE BRIDGE DECK, HPC",636,CY,"RITACCO CONSTRUCTION, INC.","$1,010.00","$642,360.00"
19117,117,0006,BRIDGE - STRUCTURE NO. (1618-152),0109,507024P,,"CONCRETE BRIDGE DECK, HPC",636,CY,"FERREIRA CONSTRUCTION CO., INC.","$1,500.00","$954,000.00"
19117,117,0006,BRIDGE - STRUCTURE NO. (1618-152),0109,507024P,,"CONCRETE BRIDGE DECK, HPC",636,CY,"NEW PRINCE CONCRETE CONSTRUCTION CO., INC.","$1,400.00","$890,400.00"
19117,117,0006,BRIDGE - STRUCTURE NO. (1618-152),0109,507024P,,"CONCRETE BRIDGE DECK, HPC",636,CY,"IEW CONSTRUCTION GROUP, INC.","$1,180.21","$750,613.56"
19117,117,0006,BRIDGE - STRUCTURE NO. (1618-152),0109,507024P,,"CONCRETE BRIDGE DECK, HPC",636,CY,"ANSELMI & DECICCO, INC.","$1,500.00","$954,000.00"
19117,117,0006,BRIDGE - STRUCTURE NO. (1618-152),0110,507027M,,DATE PANEL,2,U,"RITACCO CONSTRUCTION, INC.",$500.00,"$1,000.00"
19117,117,0006,BRIDGE - STRUCTURE NO. (1618-152),0110,507027M,,DATE PANEL,2,U,"FERREIRA CONSTRUCTION CO., INC.","$4,000.00","$8,000.00"
19117,117,0006,BRIDGE - STRUCTURE NO. (1618-152),0110,507027M,,DATE PANEL,2,U,"NEW PRINCE CONCRETE CONSTRUCTION CO., INC.","$5,500.00","$11,000.00"
19117,117,0006,BRIDGE - STRUCTURE NO. (1618-152),0110,507027M,,DATE PANEL,2,U,"IEW CONSTRUCTION GROUP, INC.","$2,698.63","$5,397.26"
19117,117,0006,BRIDGE - STRUCTURE NO. (1618-152),0110,507027M,,DATE PANEL,2,U,"ANSELMI & DECICCO, INC.","$2,200.00","$4,400.00"
19117,117,0006,BRIDGE - STRUCTURE NO. (1618-152),0111,507033P,,"CONCRETE BRIDGE SIDEWALK, HPC",74,CY,"RITACCO CONSTRUCTION, INC.",$650.00,"$48,100.00"
19117,117,0006,BRIDGE - STRUCTURE NO. (1618-152),0111,507033P,,"CONCRETE BRIDGE SIDEWALK, HPC",74,CY,"FERREIRA CONSTRUCTION CO., INC.",$800.00,"$59,200.00"
19117,117,0006,BRIDGE - STRUCTURE NO. (1618-152),0111,507033P,,"CONCRETE BRIDGE SIDEWALK, HPC",74,CY,"NEW PRINCE CONCRETE CONSTRUCTION CO., INC.","$1,000.00","$74,000.00"
19117,117,0006,BRIDGE - STRUCTURE NO. (1618-152),0111,507033P,,"CONCRETE BRIDGE SIDEWALK, HPC",74,CY,"IEW CONSTRUCTION GROUP, INC.",$808.56,"$59,833.44"
19117,117,0006,BRIDGE - STRUCTURE NO. (1618-152),0111,507033P,,"CONCRETE BRIDGE SIDEWALK, HPC",74,CY,"ANSELMI & DECICCO, INC.","$1,000.00","$74,000.00"
19117,117,0006,BRIDGE - STRUCTURE NO. (1618-152),0112,507039P,,"CONCRETE BRIDGE PARAPET, HPC",463,LF,"RITACCO CONSTRUCTION, INC.",$200.00,"$92,600.00"
19117,117,0006,BRIDGE - STRUCTURE NO. (1618-152),0112,507039P,,"CONCRETE BRIDGE PARAPET, HPC",463,LF,"FERREIRA CONSTRUCTION CO., INC.",$220.00,"$101,860.00"
19117,117,0006,BRIDGE - STRUCTURE NO. (1618-152),0112,507039P,,"CONCRETE BRIDGE PARAPET, HPC",463,LF,"NEW PRINCE CONCRETE CONSTRUCTION CO., INC.",$180.00,"$83,340.00"
19117,117,0006,BRIDGE - STRUCTURE NO. (1618-152),0112,507039P,,"CONCRETE BRIDGE PARAPET, HPC",463,LF,"IEW CONSTRUCTION GROUP, INC.",$236.79,"$109,633.77"
19117,117,0006,BRIDGE - STRUCTURE NO. (1618-152),0112,507039P,,"CONCRETE BRIDGE PARAPET, HPC",463,LF,"ANSELMI & DECICCO, INC.",$240.00,"$111,120.00"
19117,117,0006,BRIDGE - STRUCTURE NO. (1618-152),0113,509083P,,"CHAIN-LINK FENCE, TYPE IV, PVC-COATED STEEL, BRIDGE, 6' 3"" HIGH, CURVED TOP",463,LF,"RITACCO CONSTRUCTION, INC.",$150.00,"$69,450.00"
19117,117,0006,BRIDGE - STRUCTURE NO. (1618-152),0113,509083P,,"CHAIN-LINK FENCE, TYPE IV, PVC-COATED STEEL, BRIDGE, 6' 3"" HIGH, CURVED TOP",463,LF,"FERREIRA CONSTRUCTION CO., INC.",$171.00,"$79,173.00"
19117,117,0006,BRIDGE - STRUCTURE NO. (1618-152),0113,509083P,,"CHAIN-LINK FENCE, TYPE IV, PVC-COATED STEEL, BRIDGE, 6' 3"" HIGH, CURVED TOP",463,LF,"NEW PRINCE CONCRETE CONSTRUCTION CO., INC.",$180.00,"$83,340.00"
19117,117,0006,BRIDGE - STRUCTURE NO. (1618-152),0113,509083P,,"CHAIN-LINK FENCE, TYPE IV, PVC-COATED STEEL, BRIDGE, 6' 3"" HIGH, CURVED TOP",463,LF,"IEW CONSTRUCTION GROUP, INC.",$215.32,"$99,693.16"
19117,117,0006,BRIDGE - STRUCTURE NO. (1618-152),0113,509083P,,"CHAIN-LINK FENCE, TYPE IV, PVC-COATED STEEL, BRIDGE, 6' 3"" HIGH, CURVED TOP",463,LF,"ANSELMI & DECICCO, INC.",$160.00,"$74,080.00"
19117,117,0006,BRIDGE - STRUCTURE NO. (1618-152),0114,509150P,,"BRIDGE COMBINATION RAILING (1 RAIL, STEEL)",443,LF,"RITACCO CONSTRUCTION, INC.",$110.00,"$48,730.00"
19117,117,0006,BRIDGE - STRUCTURE NO. (1618-152),0114,509150P,,"BRIDGE COMBINATION RAILING (1 RAIL, STEEL)",443,LF,"FERREIRA CONSTRUCTION CO., INC.",$130.00,"$57,590.00"
19117,117,0006,BRIDGE - STRUCTURE NO. (1618-152),0114,509150P,,"BRIDGE COMBINATION RAILING (1 RAIL, STEEL)",443,LF,"NEW PRINCE CONCRETE CONSTRUCTION CO., INC.",$145.00,"$64,235.00"
19117,117,0006,BRIDGE - STRUCTURE NO. (1618-152),0114,509150P,,"BRIDGE COMBINATION RAILING (1 RAIL, STEEL)",443,LF,"IEW CONSTRUCTION GROUP, INC.",$170.57,"$75,562.51"
19117,117,0006,BRIDGE - STRUCTURE NO. (1618-152),0114,509150P,,"BRIDGE COMBINATION RAILING (1 RAIL, STEEL)",443,LF,"ANSELMI & DECICCO, INC.",$125.00,"$55,375.00"
19117,117,0006,BRIDGE - STRUCTURE NO. (1618-152),0115,552003M,,"PRESSURE INJECTION, CONCRETE CRACKS",60,LF,"RITACCO CONSTRUCTION, INC.",$200.00,"$12,000.00"
19117,117,0006,BRIDGE - STRUCTURE NO. (1618-152),0115,552003M,,"PRESSURE INJECTION, CONCRETE CRACKS",60,LF,"FERREIRA CONSTRUCTION CO., INC.",$200.00,"$12,000.00"
19117,117,0006,BRIDGE - STRUCTURE NO. (1618-152),0115,552003M,,"PRESSURE INJECTION, CONCRETE CRACKS",60,LF,"NEW PRINCE CONCRETE CONSTRUCTION CO., INC.",$150.00,"$9,000.00"
19117,117,0006,BRIDGE - STRUCTURE NO. (1618-152),0115,552003M,,"PRESSURE INJECTION, CONCRETE CRACKS",60,LF,"IEW CONSTRUCTION GROUP, INC.",$144.39,"$8,663.40"
19117,117,0006,BRIDGE - STRUCTURE NO. (1618-152),0115,552003M,,"PRESSURE INJECTION, CONCRETE CRACKS",60,LF,"ANSELMI & DECICCO, INC.",$250.00,"$15,000.00"
19117,117,0006,BRIDGE - STRUCTURE NO. (1618-152),0116,555003M,,SUBSTRUCTURE CONCRETE REPAIR,80,SF,"RITACCO CONSTRUCTION, INC.",$250.00,"$20,000.00"
19117,117,0006,BRIDGE - STRUCTURE NO. (1618-152),0116,555003M,,SUBSTRUCTURE CONCRETE REPAIR,80,SF,"FERREIRA CONSTRUCTION CO., INC.",$350.00,"$28,000.00"
19117,117,0006,BRIDGE - STRUCTURE NO. (1618-152),0116,555003M,,SUBSTRUCTURE CONCRETE REPAIR,80,SF,"NEW PRINCE CONCRETE CONSTRUCTION CO., INC.",$600.00,"$48,000.00"
19117,117,0006,BRIDGE - STRUCTURE NO. (1618-152),0116,555003M,,SUBSTRUCTURE CONCRETE REPAIR,80,SF,"IEW CONSTRUCTION GROUP, INC.",$263.80,"$21,104.00"
19117,117,0006,BRIDGE - STRUCTURE NO. (1618-152),0116,555003M,,SUBSTRUCTURE CONCRETE REPAIR,80,SF,"ANSELMI & DECICCO, INC.",$400.00,"$32,000.00"
19117,117,0006,BRIDGE - STRUCTURE NO. (1618-152),0117,601410P,,"8"" CORRUGATED STEEL UNDERDRAIN PIPE STRUCTURES",250,LF,"RITACCO CONSTRUCTION, INC.",$30.00,"$7,500.00"
19117,117,0006,BRIDGE - STRUCTURE NO. (1618-152),0117,601410P,,"8"" CORRUGATED STEEL UNDERDRAIN PIPE STRUCTURES",250,LF,"FERREIRA CONSTRUCTION CO., INC.",$51.00,"$12,750.00"
19117,117,0006,BRIDGE - STRUCTURE NO. (1618-152),0117,601410P,,"8"" CORRUGATED STEEL UNDERDRAIN PIPE STRUCTURES",250,LF,"NEW PRINCE CONCRETE CONSTRUCTION CO., INC.",$65.00,"$16,250.00"
19117,117,0006,BRIDGE - STRUCTURE NO. (1618-152),0117,601410P,,"8"" CORRUGATED STEEL UNDERDRAIN PIPE STRUCTURES",250,LF,"IEW CONSTRUCTION GROUP, INC.",$102.98,"$25,745.00"
19117,117,0006,BRIDGE - STRUCTURE NO. (1618-152),0117,601410P,,"8"" CORRUGATED STEEL UNDERDRAIN PIPE STRUCTURES",250,LF,"ANSELMI & DECICCO, INC.",$100.00,"$25,000.00"
19117,117,0006,BRIDGE - STRUCTURE NO. (1618-152),0118,701012P,,"1 1/2"" RIGID METALLIC CONDUIT STRUCTURES",10,LF,"RITACCO CONSTRUCTION, INC.",$25.00,$250.00
19117,117,0006,BRIDGE - STRUCTURE NO. (1618-152),0118,701012P,,"1 1/2"" RIGID METALLIC CONDUIT STRUCTURES",10,LF,"FERREIRA CONSTRUCTION CO., INC.",$27.00,$270.00
19117,117,0006,BRIDGE - STRUCTURE NO. (1618-152),0118,701012P,,"1 1/2"" RIGID METALLIC CONDUIT STRUCTURES",10,LF,"NEW PRINCE CONCRETE CONSTRUCTION CO., INC.",$30.00,$300.00
19117,117,0006,BRIDGE - STRUCTURE NO. (1618-152),0118,701012P,,"1 1/2"" RIGID METALLIC CONDUIT STRUCTURES",10,LF,"IEW CONSTRUCTION GROUP, INC.",$31.81,$318.10
19117,117,0006,BRIDGE - STRUCTURE NO. (1618-152),0118,701012P,,"1 1/2"" RIGID METALLIC CONDUIT STRUCTURES",10,LF,"ANSELMI & DECICCO, INC.",$30.00,$300.00
19117,117,0006,BRIDGE - STRUCTURE NO. (1618-152),0119,701021P,,"3"" RIGID METALLIC CONDUIT STRUCTURES",660,LF,"RITACCO CONSTRUCTION, INC.",$40.00,"$26,400.00"
19117,117,0006,BRIDGE - STRUCTURE NO. (1618-152),0119,701021P,,"3"" RIGID METALLIC CONDUIT STRUCTURES",660,LF,"FERREIRA CONSTRUCTION CO., INC.",$43.00,"$28,380.00"
19117,117,0006,BRIDGE - STRUCTURE NO. (1618-152),0119,701021P,,"3"" RIGID METALLIC CONDUIT STRUCTURES",660,LF,"NEW PRINCE CONCRETE CONSTRUCTION CO., INC.",$46.00,"$30,360.00"
19117,117,0006,BRIDGE - STRUCTURE NO. (1618-152),0119,701021P,,"3"" RIGID METALLIC CONDUIT STRUCTURES",660,LF,"IEW CONSTRUCTION GROUP, INC.",$66.39,"$43,817.40"
19117,117,0006,BRIDGE - STRUCTURE NO. (1618-152),0119,701021P,,"3"" RIGID METALLIC CONDUIT STRUCTURES",660,LF,"ANSELMI & DECICCO, INC.",$35.00,"$23,100.00"
19117,117,0006,BRIDGE - STRUCTURE NO. (1618-152),0120,701102M,,"18"" X 36"" JUNCTION BOX STRUCTURES",3,U,"RITACCO CONSTRUCTION, INC.","$1,200.00","$3,600.00"
19117,117,0006,BRIDGE - STRUCTURE NO. (1618-152),0120,701102M,,"18"" X 36"" JUNCTION BOX STRUCTURES",3,U,"FERREIRA CONSTRUCTION CO., INC.","$1,290.00","$3,870.00"
19117,117,0006,BRIDGE - STRUCTURE NO. (1618-152),0120,701102M,,"18"" X 36"" JUNCTION BOX STRUCTURES",3,U,"NEW PRINCE CONCRETE CONSTRUCTION CO., INC.","$1,400.00","$4,200.00"
19117,117,0006,BRIDGE - STRUCTURE NO. (1618-152),0120,701102M,,"18"" X 36"" JUNCTION BOX STRUCTURES",3,U,"IEW CONSTRUCTION GROUP, INC.","$1,346.53","$4,039.59"
19117,117,0006,BRIDGE - STRUCTURE NO. (1618-152),0120,701102M,,"18"" X 36"" JUNCTION BOX STRUCTURES",3,U,"ANSELMI & DECICCO, INC.","$2,500.00","$7,500.00"
19117,117,0001,ROADWAY,0121,401015P,,CONCRETE MILLING,171,SY,"RITACCO CONSTRUCTION, INC.",$40.00,"$6,840.00"
19117,117,0001,ROADWAY,0121,401015P,,CONCRETE MILLING,171,SY,"FERREIRA CONSTRUCTION CO., INC.",$25.00,"$4,275.00"
19117,117,0001,ROADWAY,0121,401015P,,CONCRETE MILLING,171,SY,"NEW PRINCE CONCRETE CONSTRUCTION CO., INC.",$20.00,"$3,420.00"
19117,117,0001,ROADWAY,0121,401015P,,CONCRETE MILLING,171,SY,"IEW CONSTRUCTION GROUP, INC.",$57.75,"$9,875.25"
19117,117,0001,ROADWAY,0121,401015P,,CONCRETE MILLING,171,SY,"ANSELMI & DECICCO, INC.",$18.00,"$3,078.00"