Proposal,Call Order,Section Number,Section Description,Line,Item,Alternate Code,Item Description,Quantity,Unit,Vendor Name,Unit Price,Extension
19129,129,0001,Roadway,0001,151006M,,PERFORMANCE BOND AND PAYMENT BOND,1,DOLL,"SOUTH STATE, INC.","$12,000.00","$12,000.00"
19129,129,0001,Roadway,0001,151006M,,PERFORMANCE BOND AND PAYMENT BOND,1,DOLL,"LOFTUS CONSTRUCTION, INC.","$30,000.00","$30,000.00"
19129,129,0001,Roadway,0001,151006M,,PERFORMANCE BOND AND PAYMENT BOND,1,DOLL,"DRISCOLL CONSTRUCTION CO., INC.","$15,000.00","$15,000.00"
19129,129,0001,Roadway,0001,151006M,,PERFORMANCE BOND AND PAYMENT BOND,1,DOLL,"MIDLANTIC CONSTRUCTION, LLC","$10,000.00","$10,000.00"
19129,129,0001,Roadway,0001,151006M,,PERFORMANCE BOND AND PAYMENT BOND,1,DOLL,"IEW CONSTRUCTION GROUP, INC.","$20,726.77","$20,726.77"
19129,129,0001,Roadway,0002,153003P,,PROGRESS SCHEDULE,1,LS,"SOUTH STATE, INC.","$2,500.00","$2,500.00"
19129,129,0001,Roadway,0002,153003P,,PROGRESS SCHEDULE,1,LS,"LOFTUS CONSTRUCTION, INC.","$1,500.00","$1,500.00"
19129,129,0001,Roadway,0002,153003P,,PROGRESS SCHEDULE,1,LS,"DRISCOLL CONSTRUCTION CO., INC.","$5,000.00","$5,000.00"
19129,129,0001,Roadway,0002,153003P,,PROGRESS SCHEDULE,1,LS,"MIDLANTIC CONSTRUCTION, LLC","$1,000.00","$1,000.00"
19129,129,0001,Roadway,0002,153003P,,PROGRESS SCHEDULE,1,LS,"IEW CONSTRUCTION GROUP, INC.","$45,000.00","$45,000.00"
19129,129,0001,Roadway,0003,153005M,,PROGRESS SCHEDULE UPDATE,12,U,"SOUTH STATE, INC.",$500.00,"$6,000.00"
19129,129,0001,Roadway,0003,153005M,,PROGRESS SCHEDULE UPDATE,12,U,"LOFTUS CONSTRUCTION, INC.",$100.00,"$1,200.00"
19129,129,0001,Roadway,0003,153005M,,PROGRESS SCHEDULE UPDATE,12,U,"DRISCOLL CONSTRUCTION CO., INC.",$1.00,$12.00
19129,129,0001,Roadway,0003,153005M,,PROGRESS SCHEDULE UPDATE,12,U,"MIDLANTIC CONSTRUCTION, LLC",$100.00,"$1,200.00"
19129,129,0001,Roadway,0003,153005M,,PROGRESS SCHEDULE UPDATE,12,U,"IEW CONSTRUCTION GROUP, INC.",$250.00,"$3,000.00"
19129,129,0001,Roadway,0004,153011M,,TRAINEES,"2,500",HOUR,"SOUTH STATE, INC.",$0.01,$25.00
19129,129,0001,Roadway,0004,153011M,,TRAINEES,"2,500",HOUR,"LOFTUS CONSTRUCTION, INC.",$1.00,"$2,500.00"
19129,129,0001,Roadway,0004,153011M,,TRAINEES,"2,500",HOUR,"DRISCOLL CONSTRUCTION CO., INC.",$1.00,"$2,500.00"
19129,129,0001,Roadway,0004,153011M,,TRAINEES,"2,500",HOUR,"MIDLANTIC CONSTRUCTION, LLC",$0.01,$25.00
19129,129,0001,Roadway,0004,153011M,,TRAINEES,"2,500",HOUR,"IEW CONSTRUCTION GROUP, INC.",$1.00,"$2,500.00"
19129,129,0001,Roadway,0005,154003P,,MOBILIZATION,1,LS,"SOUTH STATE, INC.","$285,000.00","$285,000.00"
19129,129,0001,Roadway,0005,154003P,,MOBILIZATION,1,LS,"LOFTUS CONSTRUCTION, INC.","$200,000.00","$200,000.00"
19129,129,0001,Roadway,0005,154003P,,MOBILIZATION,1,LS,"DRISCOLL CONSTRUCTION CO., INC.","$325,000.00","$325,000.00"
19129,129,0001,Roadway,0005,154003P,,MOBILIZATION,1,LS,"MIDLANTIC CONSTRUCTION, LLC","$300,000.00","$300,000.00"
19129,129,0001,Roadway,0005,154003P,,MOBILIZATION,1,LS,"IEW CONSTRUCTION GROUP, INC.","$350,000.00","$350,000.00"
19129,129,0001,Roadway,0006,157004M,,CONSTRUCTION LAYOUT,1,DOLL,"SOUTH STATE, INC.","$7,500.00","$7,500.00"
19129,129,0001,Roadway,0006,157004M,,CONSTRUCTION LAYOUT,1,DOLL,"LOFTUS CONSTRUCTION, INC.","$10,000.00","$10,000.00"
19129,129,0001,Roadway,0006,157004M,,CONSTRUCTION LAYOUT,1,DOLL,"DRISCOLL CONSTRUCTION CO., INC.","$50,000.00","$50,000.00"
19129,129,0001,Roadway,0006,157004M,,CONSTRUCTION LAYOUT,1,DOLL,"MIDLANTIC CONSTRUCTION, LLC","$60,000.00","$60,000.00"
19129,129,0001,Roadway,0006,157004M,,CONSTRUCTION LAYOUT,1,DOLL,"IEW CONSTRUCTION GROUP, INC.","$110,000.00","$110,000.00"
19129,129,0004,Erosion Control,0007,158063P,,CONCRETE WASHOUT SYSTEM,1,LS,"SOUTH STATE, INC.",$500.00,$500.00
19129,129,0004,Erosion Control,0007,158063P,,CONCRETE WASHOUT SYSTEM,1,LS,"LOFTUS CONSTRUCTION, INC.","$7,500.00","$7,500.00"
19129,129,0004,Erosion Control,0007,158063P,,CONCRETE WASHOUT SYSTEM,1,LS,"DRISCOLL CONSTRUCTION CO., INC.","$4,500.00","$4,500.00"
19129,129,0004,Erosion Control,0007,158063P,,CONCRETE WASHOUT SYSTEM,1,LS,"MIDLANTIC CONSTRUCTION, LLC","$2,300.00","$2,300.00"
19129,129,0004,Erosion Control,0007,158063P,,CONCRETE WASHOUT SYSTEM,1,LS,"IEW CONSTRUCTION GROUP, INC.","$15,460.36","$15,460.36"
19129,129,0004,Erosion Control,0008,158072M,,"OIL ONLY EMERGENCY SPILL KIT, TYPE 1",2,U,"SOUTH STATE, INC.",$100.00,$200.00
19129,129,0004,Erosion Control,0008,158072M,,"OIL ONLY EMERGENCY SPILL KIT, TYPE 1",2,U,"LOFTUS CONSTRUCTION, INC.","$1,000.00","$2,000.00"
19129,129,0004,Erosion Control,0008,158072M,,"OIL ONLY EMERGENCY SPILL KIT, TYPE 1",2,U,"DRISCOLL CONSTRUCTION CO., INC.","$1,600.00","$3,200.00"
19129,129,0004,Erosion Control,0008,158072M,,"OIL ONLY EMERGENCY SPILL KIT, TYPE 1",2,U,"MIDLANTIC CONSTRUCTION, LLC","$1,380.00","$2,760.00"
19129,129,0004,Erosion Control,0008,158072M,,"OIL ONLY EMERGENCY SPILL KIT, TYPE 1",2,U,"IEW CONSTRUCTION GROUP, INC.","$1,246.81","$2,493.62"
19129,129,0001,Roadway,0009,159003M,,BREAKAWAY BARRICADE,60,U,"SOUTH STATE, INC.",$1.00,$60.00
19129,129,0001,Roadway,0009,159003M,,BREAKAWAY BARRICADE,60,U,"LOFTUS CONSTRUCTION, INC.",$125.00,"$7,500.00"
19129,129,0001,Roadway,0009,159003M,,BREAKAWAY BARRICADE,60,U,"DRISCOLL CONSTRUCTION CO., INC.",$100.00,"$6,000.00"
19129,129,0001,Roadway,0009,159003M,,BREAKAWAY BARRICADE,60,U,"MIDLANTIC CONSTRUCTION, LLC",$112.70,"$6,762.00"
19129,129,0001,Roadway,0009,159003M,,BREAKAWAY BARRICADE,60,U,"IEW CONSTRUCTION GROUP, INC.",$114.71,"$6,882.60"
19129,129,0001,Roadway,0010,159006M,,DRUM,63,U,"SOUTH STATE, INC.",$1.00,$63.00
19129,129,0001,Roadway,0010,159006M,,DRUM,63,U,"LOFTUS CONSTRUCTION, INC.",$75.00,"$4,725.00"
19129,129,0001,Roadway,0010,159006M,,DRUM,63,U,"DRISCOLL CONSTRUCTION CO., INC.",$55.00,"$3,465.00"
19129,129,0001,Roadway,0010,159006M,,DRUM,63,U,"MIDLANTIC CONSTRUCTION, LLC",$78.20,"$4,926.60"
19129,129,0001,Roadway,0010,159006M,,DRUM,63,U,"IEW CONSTRUCTION GROUP, INC.",$70.44,"$4,437.72"
19129,129,0001,Roadway,0011,159009M,,TRAFFIC CONE,20,U,"SOUTH STATE, INC.",$1.00,$20.00
19129,129,0001,Roadway,0011,159009M,,TRAFFIC CONE,20,U,"LOFTUS CONSTRUCTION, INC.",$25.00,$500.00
19129,129,0001,Roadway,0011,159009M,,TRAFFIC CONE,20,U,"DRISCOLL CONSTRUCTION CO., INC.",$20.00,$400.00
19129,129,0001,Roadway,0011,159009M,,TRAFFIC CONE,20,U,"MIDLANTIC CONSTRUCTION, LLC",$20.70,$414.00
19129,129,0001,Roadway,0011,159009M,,TRAFFIC CONE,20,U,"IEW CONSTRUCTION GROUP, INC.",$17.27,$345.40
19129,129,0001,Roadway,0012,159012M,,CONSTRUCTION SIGNS,"1,922",SF,"SOUTH STATE, INC.",$14.00,"$26,908.00"
19129,129,0001,Roadway,0012,159012M,,CONSTRUCTION SIGNS,"1,922",SF,"LOFTUS CONSTRUCTION, INC.",$13.00,"$24,986.00"
19129,129,0001,Roadway,0012,159012M,,CONSTRUCTION SIGNS,"1,922",SF,"DRISCOLL CONSTRUCTION CO., INC.",$10.00,"$19,220.00"
19129,129,0001,Roadway,0012,159012M,,CONSTRUCTION SIGNS,"1,922",SF,"MIDLANTIC CONSTRUCTION, LLC",$20.70,"$39,785.40"
19129,129,0001,Roadway,0012,159012M,,CONSTRUCTION SIGNS,"1,922",SF,"IEW CONSTRUCTION GROUP, INC.",$13.71,"$26,350.62"
19129,129,0001,Roadway,0013,159015M,,"CONSTRUCTION IDENTIFICATION SIGN, 4' X 8'",2,U,"SOUTH STATE, INC.","$1,500.00","$3,000.00"
19129,129,0001,Roadway,0013,159015M,,"CONSTRUCTION IDENTIFICATION SIGN, 4' X 8'",2,U,"LOFTUS CONSTRUCTION, INC.","$1,000.00","$2,000.00"
19129,129,0001,Roadway,0013,159015M,,"CONSTRUCTION IDENTIFICATION SIGN, 4' X 8'",2,U,"DRISCOLL CONSTRUCTION CO., INC.",$850.00,"$1,700.00"
19129,129,0001,Roadway,0013,159015M,,"CONSTRUCTION IDENTIFICATION SIGN, 4' X 8'",2,U,"MIDLANTIC CONSTRUCTION, LLC","$2,300.00","$4,600.00"
19129,129,0001,Roadway,0013,159015M,,"CONSTRUCTION IDENTIFICATION SIGN, 4' X 8'",2,U,"IEW CONSTRUCTION GROUP, INC.",$997.45,"$1,994.90"
19129,129,0001,Roadway,0014,159021P,,CONSTRUCTION BARRIER CURB,48,LF,"SOUTH STATE, INC.",$25.00,"$1,200.00"
19129,129,0001,Roadway,0014,159021P,,CONSTRUCTION BARRIER CURB,48,LF,"LOFTUS CONSTRUCTION, INC.",$60.00,"$2,880.00"
19129,129,0001,Roadway,0014,159021P,,CONSTRUCTION BARRIER CURB,48,LF,"DRISCOLL CONSTRUCTION CO., INC.",$125.00,"$6,000.00"
19129,129,0001,Roadway,0014,159021P,,CONSTRUCTION BARRIER CURB,48,LF,"MIDLANTIC CONSTRUCTION, LLC",$57.50,"$2,760.00"
19129,129,0001,Roadway,0014,159021P,,CONSTRUCTION BARRIER CURB,48,LF,"IEW CONSTRUCTION GROUP, INC.",$56.82,"$2,727.36"
19129,129,0001,Roadway,0015,159027M,,"FLASHING ARROW BOARD, 4' X 8'",2,U,"SOUTH STATE, INC.",$100.00,$200.00
19129,129,0001,Roadway,0015,159027M,,"FLASHING ARROW BOARD, 4' X 8'",2,U,"LOFTUS CONSTRUCTION, INC.","$4,000.00","$8,000.00"
19129,129,0001,Roadway,0015,159027M,,"FLASHING ARROW BOARD, 4' X 8'",2,U,"DRISCOLL CONSTRUCTION CO., INC.","$4,000.00","$8,000.00"
19129,129,0001,Roadway,0015,159027M,,"FLASHING ARROW BOARD, 4' X 8'",2,U,"MIDLANTIC CONSTRUCTION, LLC","$9,200.00","$18,400.00"
19129,129,0001,Roadway,0015,159027M,,"FLASHING ARROW BOARD, 4' X 8'",2,U,"IEW CONSTRUCTION GROUP, INC.","$1,246.81","$2,493.62"
19129,129,0001,Roadway,0016,159030M,,PORTABLE VARIABLE MESSAGE SIGN,2,U,"SOUTH STATE, INC.","$15,000.00","$30,000.00"
19129,129,0001,Roadway,0016,159030M,,PORTABLE VARIABLE MESSAGE SIGN,2,U,"LOFTUS CONSTRUCTION, INC.","$10,000.00","$20,000.00"
19129,129,0001,Roadway,0016,159030M,,PORTABLE VARIABLE MESSAGE SIGN,2,U,"DRISCOLL CONSTRUCTION CO., INC.","$15,000.00","$30,000.00"
19129,129,0001,Roadway,0016,159030M,,PORTABLE VARIABLE MESSAGE SIGN,2,U,"MIDLANTIC CONSTRUCTION, LLC","$19,550.00","$39,100.00"
19129,129,0001,Roadway,0016,159030M,,PORTABLE VARIABLE MESSAGE SIGN,2,U,"IEW CONSTRUCTION GROUP, INC.","$16,367.81","$32,735.62"
19129,129,0001,Roadway,0017,159108M,,TRAFFIC CONTROL TRUCK WITH MOUNTED CRASH CUSHION,2,U,"SOUTH STATE, INC.","$1,000.00","$2,000.00"
19129,129,0001,Roadway,0017,159108M,,TRAFFIC CONTROL TRUCK WITH MOUNTED CRASH CUSHION,2,U,"LOFTUS CONSTRUCTION, INC.","$25,000.00","$50,000.00"
19129,129,0001,Roadway,0017,159108M,,TRAFFIC CONTROL TRUCK WITH MOUNTED CRASH CUSHION,2,U,"DRISCOLL CONSTRUCTION CO., INC.","$25,000.00","$50,000.00"
19129,129,0001,Roadway,0017,159108M,,TRAFFIC CONTROL TRUCK WITH MOUNTED CRASH CUSHION,2,U,"MIDLANTIC CONSTRUCTION, LLC","$41,400.00","$82,800.00"
19129,129,0001,Roadway,0017,159108M,,TRAFFIC CONTROL TRUCK WITH MOUNTED CRASH CUSHION,2,U,"IEW CONSTRUCTION GROUP, INC.","$3,117.01","$6,234.02"
19129,129,0001,Roadway,0018,159141M,,"TRAFFIC DIRECTOR, FLAGGER",200,HOUR,"SOUTH STATE, INC.",$75.00,"$15,000.00"
19129,129,0001,Roadway,0018,159141M,,"TRAFFIC DIRECTOR, FLAGGER",200,HOUR,"LOFTUS CONSTRUCTION, INC.",$110.00,"$22,000.00"
19129,129,0001,Roadway,0018,159141M,,"TRAFFIC DIRECTOR, FLAGGER",200,HOUR,"DRISCOLL CONSTRUCTION CO., INC.",$85.00,"$17,000.00"
19129,129,0001,Roadway,0018,159141M,,"TRAFFIC DIRECTOR, FLAGGER",200,HOUR,"MIDLANTIC CONSTRUCTION, LLC",$108.13,"$21,626.00"
19129,129,0001,Roadway,0018,159141M,,"TRAFFIC DIRECTOR, FLAGGER",200,HOUR,"IEW CONSTRUCTION GROUP, INC.",$100.28,"$20,056.00"
19129,129,0001,Roadway,0019,160004M,,FUEL PRICE ADJUSTMENT,1,DOLL,"SOUTH STATE, INC.",$400.00,$400.00
19129,129,0001,Roadway,0019,160004M,,FUEL PRICE ADJUSTMENT,1,DOLL,"LOFTUS CONSTRUCTION, INC.",$400.00,$400.00
19129,129,0001,Roadway,0019,160004M,,FUEL PRICE ADJUSTMENT,1,DOLL,"DRISCOLL CONSTRUCTION CO., INC.",$400.00,$400.00
19129,129,0001,Roadway,0019,160004M,,FUEL PRICE ADJUSTMENT,1,DOLL,"MIDLANTIC CONSTRUCTION, LLC",$400.00,$400.00
19129,129,0001,Roadway,0019,160004M,,FUEL PRICE ADJUSTMENT,1,DOLL,"IEW CONSTRUCTION GROUP, INC.",$400.00,$400.00
19129,129,0001,Roadway,0020,161003P,,FINAL CLEANUP,1,LS,"SOUTH STATE, INC.",$100.00,$100.00
19129,129,0001,Roadway,0020,161003P,,FINAL CLEANUP,1,LS,"LOFTUS CONSTRUCTION, INC.","$2,500.00","$2,500.00"
19129,129,0001,Roadway,0020,161003P,,FINAL CLEANUP,1,LS,"DRISCOLL CONSTRUCTION CO., INC.","$5,000.00","$5,000.00"
19129,129,0001,Roadway,0020,161003P,,FINAL CLEANUP,1,LS,"MIDLANTIC CONSTRUCTION, LLC",$100.00,$100.00
19129,129,0001,Roadway,0020,161003P,,FINAL CLEANUP,1,LS,"IEW CONSTRUCTION GROUP, INC.","$45,000.00","$45,000.00"
19129,129,0001,Roadway,0021,201003P,,CLEARING SITE,1,LS,"SOUTH STATE, INC.","$45,000.00","$45,000.00"
19129,129,0001,Roadway,0021,201003P,,CLEARING SITE,1,LS,"LOFTUS CONSTRUCTION, INC.","$45,000.00","$45,000.00"
19129,129,0001,Roadway,0021,201003P,,CLEARING SITE,1,LS,"DRISCOLL CONSTRUCTION CO., INC.","$45,000.00","$45,000.00"
19129,129,0001,Roadway,0021,201003P,,CLEARING SITE,1,LS,"MIDLANTIC CONSTRUCTION, LLC","$45,000.00","$45,000.00"
19129,129,0001,Roadway,0021,201003P,,CLEARING SITE,1,LS,"IEW CONSTRUCTION GROUP, INC.","$45,000.00","$45,000.00"
19129,129,0001,Roadway,0022,202003P,,STRIPPING,0.32,ACRE,"SOUTH STATE, INC.",$1.00,$0.32
19129,129,0001,Roadway,0022,202003P,,STRIPPING,0.32,ACRE,"LOFTUS CONSTRUCTION, INC.","$3,000.00",$960.00
19129,129,0001,Roadway,0022,202003P,,STRIPPING,0.32,ACRE,"DRISCOLL CONSTRUCTION CO., INC.","$20,000.00","$6,400.00"
19129,129,0001,Roadway,0022,202003P,,STRIPPING,0.32,ACRE,"MIDLANTIC CONSTRUCTION, LLC","$12,606.59","$4,034.11"
19129,129,0001,Roadway,0022,202003P,,STRIPPING,0.32,ACRE,"IEW CONSTRUCTION GROUP, INC.","$32,136.09","$10,283.55"
19129,129,0001,Roadway,0023,202009P,,"EXCAVATION, UNCLASSIFIED",196,CY,"SOUTH STATE, INC.",$100.00,"$19,600.00"
19129,129,0001,Roadway,0023,202009P,,"EXCAVATION, UNCLASSIFIED",196,CY,"LOFTUS CONSTRUCTION, INC.",$80.00,"$15,680.00"
19129,129,0001,Roadway,0023,202009P,,"EXCAVATION, UNCLASSIFIED",196,CY,"DRISCOLL CONSTRUCTION CO., INC.",$55.00,"$10,780.00"
19129,129,0001,Roadway,0023,202009P,,"EXCAVATION, UNCLASSIFIED",196,CY,"MIDLANTIC CONSTRUCTION, LLC",$78.55,"$15,395.80"
19129,129,0001,Roadway,0023,202009P,,"EXCAVATION, UNCLASSIFIED",196,CY,"IEW CONSTRUCTION GROUP, INC.",$120.02,"$23,523.92"
19129,129,0001,Roadway,0024,202021P,,REMOVAL OF PAVEMENT,526,SY,"SOUTH STATE, INC.",$35.00,"$18,410.00"
19129,129,0001,Roadway,0024,202021P,,REMOVAL OF PAVEMENT,526,SY,"LOFTUS CONSTRUCTION, INC.",$35.00,"$18,410.00"
19129,129,0001,Roadway,0024,202021P,,REMOVAL OF PAVEMENT,526,SY,"DRISCOLL CONSTRUCTION CO., INC.",$20.00,"$10,520.00"
19129,129,0001,Roadway,0024,202021P,,REMOVAL OF PAVEMENT,526,SY,"MIDLANTIC CONSTRUCTION, LLC",$21.64,"$11,382.64"
19129,129,0001,Roadway,0024,202021P,,REMOVAL OF PAVEMENT,526,SY,"IEW CONSTRUCTION GROUP, INC.",$54.91,"$28,882.66"
19129,129,0001,Roadway,0025,203009P,,I-9 SOIL AGGREGATE,89,CY,"SOUTH STATE, INC.",$200.00,"$17,800.00"
19129,129,0001,Roadway,0025,203009P,,I-9 SOIL AGGREGATE,89,CY,"LOFTUS CONSTRUCTION, INC.",$100.00,"$8,900.00"
19129,129,0001,Roadway,0025,203009P,,I-9 SOIL AGGREGATE,89,CY,"DRISCOLL CONSTRUCTION CO., INC.",$115.00,"$10,235.00"
19129,129,0001,Roadway,0025,203009P,,I-9 SOIL AGGREGATE,89,CY,"MIDLANTIC CONSTRUCTION, LLC",$83.07,"$7,393.23"
19129,129,0001,Roadway,0025,203009P,,I-9 SOIL AGGREGATE,89,CY,"IEW CONSTRUCTION GROUP, INC.",$86.98,"$7,741.22"
19129,129,0001,Roadway,0026,302036P,,"DENSE-GRADED AGGREGATE BASE COURSE, 6"" THICK",42,SY,"SOUTH STATE, INC.",$50.00,"$2,100.00"
19129,129,0001,Roadway,0026,302036P,,"DENSE-GRADED AGGREGATE BASE COURSE, 6"" THICK",42,SY,"LOFTUS CONSTRUCTION, INC.",$60.00,"$2,520.00"
19129,129,0001,Roadway,0026,302036P,,"DENSE-GRADED AGGREGATE BASE COURSE, 6"" THICK",42,SY,"DRISCOLL CONSTRUCTION CO., INC.",$25.00,"$1,050.00"
19129,129,0001,Roadway,0026,302036P,,"DENSE-GRADED AGGREGATE BASE COURSE, 6"" THICK",42,SY,"MIDLANTIC CONSTRUCTION, LLC",$60.27,"$2,531.34"
19129,129,0001,Roadway,0026,302036P,,"DENSE-GRADED AGGREGATE BASE COURSE, 6"" THICK",42,SY,"IEW CONSTRUCTION GROUP, INC.",$122.07,"$5,126.94"
19129,129,0001,Roadway,0027,401009P,,"HMA MILLING, 3"" OR LESS","1,938",SY,"SOUTH STATE, INC.",$7.00,"$13,566.00"
19129,129,0001,Roadway,0027,401009P,,"HMA MILLING, 3"" OR LESS","1,938",SY,"LOFTUS CONSTRUCTION, INC.",$10.00,"$19,380.00"
19129,129,0001,Roadway,0027,401009P,,"HMA MILLING, 3"" OR LESS","1,938",SY,"DRISCOLL CONSTRUCTION CO., INC.",$8.00,"$15,504.00"
19129,129,0001,Roadway,0027,401009P,,"HMA MILLING, 3"" OR LESS","1,938",SY,"MIDLANTIC CONSTRUCTION, LLC",$8.19,"$15,872.22"
19129,129,0001,Roadway,0027,401009P,,"HMA MILLING, 3"" OR LESS","1,938",SY,"IEW CONSTRUCTION GROUP, INC.",$13.69,"$26,531.22"
19129,129,0001,Roadway,0028,401027M,,POLYMERIZED JOINT ADHESIVE,87,LF,"SOUTH STATE, INC.",$8.00,$696.00
19129,129,0001,Roadway,0028,401027M,,POLYMERIZED JOINT ADHESIVE,87,LF,"LOFTUS CONSTRUCTION, INC.",$25.00,"$2,175.00"
19129,129,0001,Roadway,0028,401027M,,POLYMERIZED JOINT ADHESIVE,87,LF,"DRISCOLL CONSTRUCTION CO., INC.",$16.00,"$1,392.00"
19129,129,0001,Roadway,0028,401027M,,POLYMERIZED JOINT ADHESIVE,87,LF,"MIDLANTIC CONSTRUCTION, LLC",$5.75,$500.25
19129,129,0001,Roadway,0028,401027M,,POLYMERIZED JOINT ADHESIVE,87,LF,"IEW CONSTRUCTION GROUP, INC.",$23.30,"$2,027.10"
19129,129,0001,Roadway,0029,401030M,,TACK COAT,50,GAL,"SOUTH STATE, INC.",$10.00,$500.00
19129,129,0001,Roadway,0029,401030M,,TACK COAT,50,GAL,"LOFTUS CONSTRUCTION, INC.",$25.00,"$1,250.00"
19129,129,0001,Roadway,0029,401030M,,TACK COAT,50,GAL,"DRISCOLL CONSTRUCTION CO., INC.",$15.00,$750.00
19129,129,0001,Roadway,0029,401030M,,TACK COAT,50,GAL,"MIDLANTIC CONSTRUCTION, LLC",$5.75,$287.50
19129,129,0001,Roadway,0029,401030M,,TACK COAT,50,GAL,"IEW CONSTRUCTION GROUP, INC.",$29.13,"$1,456.50"
19129,129,0001,Roadway,0030,401036M,,PRIME COAT,20,GAL,"SOUTH STATE, INC.",$1.00,$20.00
19129,129,0001,Roadway,0030,401036M,,PRIME COAT,20,GAL,"LOFTUS CONSTRUCTION, INC.",$10.00,$200.00
19129,129,0001,Roadway,0030,401036M,,PRIME COAT,20,GAL,"DRISCOLL CONSTRUCTION CO., INC.",$15.00,$300.00
19129,129,0001,Roadway,0030,401036M,,PRIME COAT,20,GAL,"MIDLANTIC CONSTRUCTION, LLC",$0.01,$0.20
19129,129,0001,Roadway,0030,401036M,,PRIME COAT,20,GAL,"IEW CONSTRUCTION GROUP, INC.",$0.01,$0.20
19129,129,0001,Roadway,0031,401054M,,HOT MIX ASPHALT 12.5 M 64 SURFACE COURSE,486,T,"SOUTH STATE, INC.",$110.00,"$53,460.00"
19129,129,0001,Roadway,0031,401054M,,HOT MIX ASPHALT 12.5 M 64 SURFACE COURSE,486,T,"LOFTUS CONSTRUCTION, INC.",$125.00,"$60,750.00"
19129,129,0001,Roadway,0031,401054M,,HOT MIX ASPHALT 12.5 M 64 SURFACE COURSE,486,T,"DRISCOLL CONSTRUCTION CO., INC.",$100.00,"$48,600.00"
19129,129,0001,Roadway,0031,401054M,,HOT MIX ASPHALT 12.5 M 64 SURFACE COURSE,486,T,"MIDLANTIC CONSTRUCTION, LLC",$230.00,"$111,780.00"
19129,129,0001,Roadway,0031,401054M,,HOT MIX ASPHALT 12.5 M 64 SURFACE COURSE,486,T,"IEW CONSTRUCTION GROUP, INC.",$198.09,"$96,271.74"
19129,129,0001,Roadway,0032,401099M,,HOT MIX ASPHALT 25 M 64 BASE COURSE,202,T,"SOUTH STATE, INC.",$275.00,"$55,550.00"
19129,129,0001,Roadway,0032,401099M,,HOT MIX ASPHALT 25 M 64 BASE COURSE,202,T,"LOFTUS CONSTRUCTION, INC.",$125.00,"$25,250.00"
19129,129,0001,Roadway,0032,401099M,,HOT MIX ASPHALT 25 M 64 BASE COURSE,202,T,"DRISCOLL CONSTRUCTION CO., INC.",$92.50,"$18,685.00"
19129,129,0001,Roadway,0032,401099M,,HOT MIX ASPHALT 25 M 64 BASE COURSE,202,T,"MIDLANTIC CONSTRUCTION, LLC",$230.00,"$46,460.00"
19129,129,0001,Roadway,0032,401099M,,HOT MIX ASPHALT 25 M 64 BASE COURSE,202,T,"IEW CONSTRUCTION GROUP, INC.",$209.74,"$42,367.48"
19129,129,0001,Roadway,0033,602099M,,RESET EXISTING CASTING,1,U,"SOUTH STATE, INC.",$500.00,$500.00
19129,129,0001,Roadway,0033,602099M,,RESET EXISTING CASTING,1,U,"LOFTUS CONSTRUCTION, INC.","$1,000.00","$1,000.00"
19129,129,0001,Roadway,0033,602099M,,RESET EXISTING CASTING,1,U,"DRISCOLL CONSTRUCTION CO., INC.","$1,200.00","$1,200.00"
19129,129,0001,Roadway,0033,602099M,,RESET EXISTING CASTING,1,U,"MIDLANTIC CONSTRUCTION, LLC",$865.01,$865.01
19129,129,0001,Roadway,0033,602099M,,RESET EXISTING CASTING,1,U,"IEW CONSTRUCTION GROUP, INC.","$1,014.30","$1,014.30"
19129,129,0001,Roadway,0034,602105M,,"SET INLET TYPE B, CASTING",4,U,"SOUTH STATE, INC.","$1,600.00","$6,400.00"
19129,129,0001,Roadway,0034,602105M,,"SET INLET TYPE B, CASTING",4,U,"LOFTUS CONSTRUCTION, INC.","$2,500.00","$10,000.00"
19129,129,0001,Roadway,0034,602105M,,"SET INLET TYPE B, CASTING",4,U,"DRISCOLL CONSTRUCTION CO., INC.","$1,400.00","$5,600.00"
19129,129,0001,Roadway,0034,602105M,,"SET INLET TYPE B, CASTING",4,U,"MIDLANTIC CONSTRUCTION, LLC",$865.01,"$3,460.04"
19129,129,0001,Roadway,0034,602105M,,"SET INLET TYPE B, CASTING",4,U,"IEW CONSTRUCTION GROUP, INC.","$1,888.24","$7,552.96"
19129,129,0001,Roadway,0035,602213M,,CURB PIECE,1,U,"SOUTH STATE, INC.",$475.00,$475.00
19129,129,0001,Roadway,0035,602213M,,CURB PIECE,1,U,"LOFTUS CONSTRUCTION, INC.","$1,000.00","$1,000.00"
19129,129,0001,Roadway,0035,602213M,,CURB PIECE,1,U,"DRISCOLL CONSTRUCTION CO., INC.","$1,000.00","$1,000.00"
19129,129,0001,Roadway,0035,602213M,,CURB PIECE,1,U,"MIDLANTIC CONSTRUCTION, LLC",$865.01,$865.01
19129,129,0001,Roadway,0035,602213M,,CURB PIECE,1,U,"IEW CONSTRUCTION GROUP, INC.","$1,253.18","$1,253.18"
19129,129,0001,Roadway,0036,606012P,,"CONCRETE SIDEWALK, 4"" THICK",36,SY,"SOUTH STATE, INC.",$90.00,"$3,240.00"
19129,129,0001,Roadway,0036,606012P,,"CONCRETE SIDEWALK, 4"" THICK",36,SY,"LOFTUS CONSTRUCTION, INC.",$175.00,"$6,300.00"
19129,129,0001,Roadway,0036,606012P,,"CONCRETE SIDEWALK, 4"" THICK",36,SY,"DRISCOLL CONSTRUCTION CO., INC.",$125.00,"$4,500.00"
19129,129,0001,Roadway,0036,606012P,,"CONCRETE SIDEWALK, 4"" THICK",36,SY,"MIDLANTIC CONSTRUCTION, LLC",$176.71,"$6,361.56"
19129,129,0001,Roadway,0036,606012P,,"CONCRETE SIDEWALK, 4"" THICK",36,SY,"IEW CONSTRUCTION GROUP, INC.",$110.70,"$3,985.20"
19129,129,0001,Roadway,0037,607018P,,"9"" X 16"" CONCRETE VERTICAL CURB","1,747",LF,"SOUTH STATE, INC.",$32.00,"$55,904.00"
19129,129,0001,Roadway,0037,607018P,,"9"" X 16"" CONCRETE VERTICAL CURB","1,747",LF,"LOFTUS CONSTRUCTION, INC.",$50.00,"$87,350.00"
19129,129,0001,Roadway,0037,607018P,,"9"" X 16"" CONCRETE VERTICAL CURB","1,747",LF,"DRISCOLL CONSTRUCTION CO., INC.",$40.00,"$69,880.00"
19129,129,0001,Roadway,0037,607018P,,"9"" X 16"" CONCRETE VERTICAL CURB","1,747",LF,"MIDLANTIC CONSTRUCTION, LLC",$36.80,"$64,289.60"
19129,129,0001,Roadway,0037,607018P,,"9"" X 16"" CONCRETE VERTICAL CURB","1,747",LF,"IEW CONSTRUCTION GROUP, INC.",$39.21,"$68,499.87"
19129,129,0001,Roadway,0038,607021P,,"9"" X 18"" CONCRETE VERTICAL CURB",61,LF,"SOUTH STATE, INC.",$32.00,"$1,952.00"
19129,129,0001,Roadway,0038,607021P,,"9"" X 18"" CONCRETE VERTICAL CURB",61,LF,"LOFTUS CONSTRUCTION, INC.",$50.00,"$3,050.00"
19129,129,0001,Roadway,0038,607021P,,"9"" X 18"" CONCRETE VERTICAL CURB",61,LF,"DRISCOLL CONSTRUCTION CO., INC.",$40.00,"$2,440.00"
19129,129,0001,Roadway,0038,607021P,,"9"" X 18"" CONCRETE VERTICAL CURB",61,LF,"MIDLANTIC CONSTRUCTION, LLC",$36.80,"$2,244.80"
19129,129,0001,Roadway,0038,607021P,,"9"" X 18"" CONCRETE VERTICAL CURB",61,LF,"IEW CONSTRUCTION GROUP, INC.",$40.20,"$2,452.20"
19129,129,0001,Roadway,0039,607034P,,"9"" X 14"" CONCRETE VERTICAL CURB",418,LF,"SOUTH STATE, INC.",$32.00,"$13,376.00"
19129,129,0001,Roadway,0039,607034P,,"9"" X 14"" CONCRETE VERTICAL CURB",418,LF,"LOFTUS CONSTRUCTION, INC.",$50.00,"$20,900.00"
19129,129,0001,Roadway,0039,607034P,,"9"" X 14"" CONCRETE VERTICAL CURB",418,LF,"DRISCOLL CONSTRUCTION CO., INC.",$40.00,"$16,720.00"
19129,129,0001,Roadway,0039,607034P,,"9"" X 14"" CONCRETE VERTICAL CURB",418,LF,"MIDLANTIC CONSTRUCTION, LLC",$36.80,"$15,382.40"
19129,129,0001,Roadway,0039,607034P,,"9"" X 14"" CONCRETE VERTICAL CURB",418,LF,"IEW CONSTRUCTION GROUP, INC.",$38.16,"$15,950.88"
19129,129,0001,Roadway,0040,609003M,,BEAM GUIDE RAIL,"1,650",LF,"SOUTH STATE, INC.",$22.00,"$36,300.00"
19129,129,0001,Roadway,0040,609003M,,BEAM GUIDE RAIL,"1,650",LF,"LOFTUS CONSTRUCTION, INC.",$28.00,"$46,200.00"
19129,129,0001,Roadway,0040,609003M,,BEAM GUIDE RAIL,"1,650",LF,"DRISCOLL CONSTRUCTION CO., INC.",$25.65,"$42,322.50"
19129,129,0001,Roadway,0040,609003M,,BEAM GUIDE RAIL,"1,650",LF,"MIDLANTIC CONSTRUCTION, LLC",$46.00,"$75,900.00"
19129,129,0001,Roadway,0040,609003M,,BEAM GUIDE RAIL,"1,650",LF,"IEW CONSTRUCTION GROUP, INC.",$29.13,"$48,064.50"
19129,129,0001,Roadway,0041,609027M,,TANGENT GUIDE RAIL TERMINAL,3,U,"SOUTH STATE, INC.","$2,500.00","$7,500.00"
19129,129,0001,Roadway,0041,609027M,,TANGENT GUIDE RAIL TERMINAL,3,U,"LOFTUS CONSTRUCTION, INC.","$3,500.00","$10,500.00"
19129,129,0001,Roadway,0041,609027M,,TANGENT GUIDE RAIL TERMINAL,3,U,"DRISCOLL CONSTRUCTION CO., INC.","$3,365.00","$10,095.00"
19129,129,0001,Roadway,0041,609027M,,TANGENT GUIDE RAIL TERMINAL,3,U,"MIDLANTIC CONSTRUCTION, LLC","$4,479.00","$13,437.00"
19129,129,0001,Roadway,0041,609027M,,TANGENT GUIDE RAIL TERMINAL,3,U,"IEW CONSTRUCTION GROUP, INC.","$3,821.98","$11,465.94"
19129,129,0001,Roadway,0042,609039M,,BEAM GUIDE RAIL ANCHORAGE,1,U,"SOUTH STATE, INC.","$1,000.00","$1,000.00"
19129,129,0001,Roadway,0042,609039M,,BEAM GUIDE RAIL ANCHORAGE,1,U,"LOFTUS CONSTRUCTION, INC.","$1,600.00","$1,600.00"
19129,129,0001,Roadway,0042,609039M,,BEAM GUIDE RAIL ANCHORAGE,1,U,"DRISCOLL CONSTRUCTION CO., INC.","$1,435.00","$1,435.00"
19129,129,0001,Roadway,0042,609039M,,BEAM GUIDE RAIL ANCHORAGE,1,U,"MIDLANTIC CONSTRUCTION, LLC","$1,719.00","$1,719.00"
19129,129,0001,Roadway,0042,609039M,,BEAM GUIDE RAIL ANCHORAGE,1,U,"IEW CONSTRUCTION GROUP, INC.","$1,631.33","$1,631.33"
19129,129,0001,Roadway,0043,609059M,,APPROACH GUIDE RAIL TRANSITION TL-3,4,U,"SOUTH STATE, INC.","$2,500.00","$10,000.00"
19129,129,0001,Roadway,0043,609059M,,APPROACH GUIDE RAIL TRANSITION TL-3,4,U,"LOFTUS CONSTRUCTION, INC.","$4,400.00","$17,600.00"
19129,129,0001,Roadway,0043,609059M,,APPROACH GUIDE RAIL TRANSITION TL-3,4,U,"DRISCOLL CONSTRUCTION CO., INC.","$4,310.00","$17,240.00"
19129,129,0001,Roadway,0043,609059M,,APPROACH GUIDE RAIL TRANSITION TL-3,4,U,"MIDLANTIC CONSTRUCTION, LLC","$4,594.00","$18,376.00"
19129,129,0001,Roadway,0043,609059M,,APPROACH GUIDE RAIL TRANSITION TL-3,4,U,"IEW CONSTRUCTION GROUP, INC.","$4,894.00","$19,576.00"
19129,129,0001,Roadway,0044,609075M,,REMOVAL OF BEAM GUIDE RAIL,"2,006",LF,"SOUTH STATE, INC.",$1.00,"$2,006.00"
19129,129,0001,Roadway,0044,609075M,,REMOVAL OF BEAM GUIDE RAIL,"2,006",LF,"LOFTUS CONSTRUCTION, INC.",$4.00,"$8,024.00"
19129,129,0001,Roadway,0044,609075M,,REMOVAL OF BEAM GUIDE RAIL,"2,006",LF,"DRISCOLL CONSTRUCTION CO., INC.",$3.60,"$7,221.60"
19129,129,0001,Roadway,0044,609075M,,REMOVAL OF BEAM GUIDE RAIL,"2,006",LF,"MIDLANTIC CONSTRUCTION, LLC",$7.23,"$14,503.38"
19129,129,0001,Roadway,0044,609075M,,REMOVAL OF BEAM GUIDE RAIL,"2,006",LF,"IEW CONSTRUCTION GROUP, INC.",$4.08,"$8,184.48"
19129,129,0001,Roadway,0045,610003M,,"TRAFFIC STRIPES, 4""","3,200",LF,"SOUTH STATE, INC.",$0.70,"$2,240.00"
19129,129,0001,Roadway,0045,610003M,,"TRAFFIC STRIPES, 4""","3,200",LF,"LOFTUS CONSTRUCTION, INC.",$1.00,"$3,200.00"
19129,129,0001,Roadway,0045,610003M,,"TRAFFIC STRIPES, 4""","3,200",LF,"DRISCOLL CONSTRUCTION CO., INC.",$0.75,"$2,400.00"
19129,129,0001,Roadway,0045,610003M,,"TRAFFIC STRIPES, 4""","3,200",LF,"MIDLANTIC CONSTRUCTION, LLC",$0.79,"$2,528.00"
19129,129,0001,Roadway,0045,610003M,,"TRAFFIC STRIPES, 4""","3,200",LF,"IEW CONSTRUCTION GROUP, INC.",$0.80,"$2,560.00"
19129,129,0002,Construction Engineering,0046,155003M,,FIELD OFFICE TYPE A SET UP,1,U,"SOUTH STATE, INC.","$10,000.00","$10,000.00"
19129,129,0002,Construction Engineering,0046,155003M,,FIELD OFFICE TYPE A SET UP,1,U,"LOFTUS CONSTRUCTION, INC.","$25,000.00","$25,000.00"
19129,129,0002,Construction Engineering,0046,155003M,,FIELD OFFICE TYPE A SET UP,1,U,"DRISCOLL CONSTRUCTION CO., INC.","$50,000.00","$50,000.00"
19129,129,0002,Construction Engineering,0046,155003M,,FIELD OFFICE TYPE A SET UP,1,U,"MIDLANTIC CONSTRUCTION, LLC","$34,500.00","$34,500.00"
19129,129,0002,Construction Engineering,0046,155003M,,FIELD OFFICE TYPE A SET UP,1,U,"IEW CONSTRUCTION GROUP, INC.","$25,000.00","$25,000.00"
19129,129,0002,Construction Engineering,0047,155021M,,FIELD OFFICE TYPE A MAINTENANCE,12,MO,"SOUTH STATE, INC.","$1,000.00","$12,000.00"
19129,129,0002,Construction Engineering,0047,155021M,,FIELD OFFICE TYPE A MAINTENANCE,12,MO,"LOFTUS CONSTRUCTION, INC.","$1,200.00","$14,400.00"
19129,129,0002,Construction Engineering,0047,155021M,,FIELD OFFICE TYPE A MAINTENANCE,12,MO,"DRISCOLL CONSTRUCTION CO., INC.","$1,500.00","$18,000.00"
19129,129,0002,Construction Engineering,0047,155021M,,FIELD OFFICE TYPE A MAINTENANCE,12,MO,"MIDLANTIC CONSTRUCTION, LLC","$4,025.00","$48,300.00"
19129,129,0002,Construction Engineering,0047,155021M,,FIELD OFFICE TYPE A MAINTENANCE,12,MO,"IEW CONSTRUCTION GROUP, INC.","$3,740.41","$44,884.92"
19129,129,0002,Construction Engineering,0048,156009M,,CURING FACILITY SET-UP,1,U,"SOUTH STATE, INC.","$2,500.00","$2,500.00"
19129,129,0002,Construction Engineering,0048,156009M,,CURING FACILITY SET-UP,1,U,"LOFTUS CONSTRUCTION, INC.","$5,000.00","$5,000.00"
19129,129,0002,Construction Engineering,0048,156009M,,CURING FACILITY SET-UP,1,U,"DRISCOLL CONSTRUCTION CO., INC.","$9,500.00","$9,500.00"
19129,129,0002,Construction Engineering,0048,156009M,,CURING FACILITY SET-UP,1,U,"MIDLANTIC CONSTRUCTION, LLC","$34,500.00","$34,500.00"
19129,129,0002,Construction Engineering,0048,156009M,,CURING FACILITY SET-UP,1,U,"IEW CONSTRUCTION GROUP, INC.","$26,968.72","$26,968.72"
19129,129,0002,Construction Engineering,0049,156012M,,CURING FACILITY MAINTENANCE,12,MO,"SOUTH STATE, INC.",$500.00,"$6,000.00"
19129,129,0002,Construction Engineering,0049,156012M,,CURING FACILITY MAINTENANCE,12,MO,"LOFTUS CONSTRUCTION, INC.",$750.00,"$9,000.00"
19129,129,0002,Construction Engineering,0049,156012M,,CURING FACILITY MAINTENANCE,12,MO,"DRISCOLL CONSTRUCTION CO., INC.","$1,500.00","$18,000.00"
19129,129,0002,Construction Engineering,0049,156012M,,CURING FACILITY MAINTENANCE,12,MO,"MIDLANTIC CONSTRUCTION, LLC","$4,025.00","$48,300.00"
19129,129,0002,Construction Engineering,0049,156012M,,CURING FACILITY MAINTENANCE,12,MO,"IEW CONSTRUCTION GROUP, INC.","$1,246.80","$14,961.60"
19129,129,0003,Non-Participating (Roadway),0050,152004P,,OWNER'S AND CONTRACTOR'S PROTECTIVE LIABILITY INSURANCE,1,DOLL,"SOUTH STATE, INC.","$5,000.00","$5,000.00"
19129,129,0003,Non-Participating (Roadway),0050,152004P,,OWNER'S AND CONTRACTOR'S PROTECTIVE LIABILITY INSURANCE,1,DOLL,"LOFTUS CONSTRUCTION, INC.","$2,500.00","$2,500.00"
19129,129,0003,Non-Participating (Roadway),0050,152004P,,OWNER'S AND CONTRACTOR'S PROTECTIVE LIABILITY INSURANCE,1,DOLL,"DRISCOLL CONSTRUCTION CO., INC.","$9,500.00","$9,500.00"
19129,129,0003,Non-Participating (Roadway),0050,152004P,,OWNER'S AND CONTRACTOR'S PROTECTIVE LIABILITY INSURANCE,1,DOLL,"MIDLANTIC CONSTRUCTION, LLC","$4,000.00","$4,000.00"
19129,129,0003,Non-Participating (Roadway),0050,152004P,,OWNER'S AND CONTRACTOR'S PROTECTIVE LIABILITY INSURANCE,1,DOLL,"IEW CONSTRUCTION GROUP, INC.","$4,987.21","$4,987.21"
19129,129,0003,Non-Participating (Roadway),0051,152015P,,POLLUTION LIABILITY INSURANCE,1,DOLL,"SOUTH STATE, INC.",$1.00,$1.00
19129,129,0003,Non-Participating (Roadway),0051,152015P,,POLLUTION LIABILITY INSURANCE,1,DOLL,"LOFTUS CONSTRUCTION, INC.","$2,500.00","$2,500.00"
19129,129,0003,Non-Participating (Roadway),0051,152015P,,POLLUTION LIABILITY INSURANCE,1,DOLL,"DRISCOLL CONSTRUCTION CO., INC.","$10,000.00","$10,000.00"
19129,129,0003,Non-Participating (Roadway),0051,152015P,,POLLUTION LIABILITY INSURANCE,1,DOLL,"MIDLANTIC CONSTRUCTION, LLC","$2,000.00","$2,000.00"
19129,129,0003,Non-Participating (Roadway),0051,152015P,,POLLUTION LIABILITY INSURANCE,1,DOLL,"IEW CONSTRUCTION GROUP, INC.","$14,961.64","$14,961.64"
19129,129,0003,Non-Participating (Roadway),0052,810006M,,MOWING,"3,080",SY,"SOUTH STATE, INC.",$0.10,$308.00
19129,129,0003,Non-Participating (Roadway),0052,810006M,,MOWING,"3,080",SY,"LOFTUS CONSTRUCTION, INC.",$1.00,"$3,080.00"
19129,129,0003,Non-Participating (Roadway),0052,810006M,,MOWING,"3,080",SY,"DRISCOLL CONSTRUCTION CO., INC.",$1.00,"$3,080.00"
19129,129,0003,Non-Participating (Roadway),0052,810006M,,MOWING,"3,080",SY,"MIDLANTIC CONSTRUCTION, LLC",$0.01,$30.80
19129,129,0003,Non-Participating (Roadway),0052,810006M,,MOWING,"3,080",SY,"IEW CONSTRUCTION GROUP, INC.",$0.16,$492.80
19129,129,0004,Erosion Control,0053,158015M,,HAYBALE,25,U,"SOUTH STATE, INC.",$1.00,$25.00
19129,129,0004,Erosion Control,0053,158015M,,HAYBALE,25,U,"LOFTUS CONSTRUCTION, INC.",$100.00,"$2,500.00"
19129,129,0004,Erosion Control,0053,158015M,,HAYBALE,25,U,"DRISCOLL CONSTRUCTION CO., INC.",$21.00,$525.00
19129,129,0004,Erosion Control,0053,158015M,,HAYBALE,25,U,"MIDLANTIC CONSTRUCTION, LLC",$28.75,$718.75
19129,129,0004,Erosion Control,0053,158015M,,HAYBALE,25,U,"IEW CONSTRUCTION GROUP, INC.",$74.72,"$1,868.00"
19129,129,0004,Erosion Control,0054,158030M,,"INLET FILTER TYPE 2, 2' X 4'",8,U,"SOUTH STATE, INC.",$1.00,$8.00
19129,129,0004,Erosion Control,0054,158030M,,"INLET FILTER TYPE 2, 2' X 4'",8,U,"LOFTUS CONSTRUCTION, INC.",$350.00,"$2,800.00"
19129,129,0004,Erosion Control,0054,158030M,,"INLET FILTER TYPE 2, 2' X 4'",8,U,"DRISCOLL CONSTRUCTION CO., INC.",$400.00,"$3,200.00"
19129,129,0004,Erosion Control,0054,158030M,,"INLET FILTER TYPE 2, 2' X 4'",8,U,"MIDLANTIC CONSTRUCTION, LLC",$280.63,"$2,245.04"
19129,129,0004,Erosion Control,0054,158030M,,"INLET FILTER TYPE 2, 2' X 4'",8,U,"IEW CONSTRUCTION GROUP, INC.",$463.10,"$3,704.80"
19129,129,0004,Erosion Control,0055,158084M,,EROSION CONTROL SEDIMENT REMOVAL,8,CY,"SOUTH STATE, INC.",$1.00,$8.00
19129,129,0004,Erosion Control,0055,158084M,,EROSION CONTROL SEDIMENT REMOVAL,8,CY,"LOFTUS CONSTRUCTION, INC.",$75.00,$600.00
19129,129,0004,Erosion Control,0055,158084M,,EROSION CONTROL SEDIMENT REMOVAL,8,CY,"DRISCOLL CONSTRUCTION CO., INC.",$130.00,"$1,040.00"
19129,129,0004,Erosion Control,0055,158084M,,EROSION CONTROL SEDIMENT REMOVAL,8,CY,"MIDLANTIC CONSTRUCTION, LLC",$126.07,"$1,008.56"
19129,129,0004,Erosion Control,0055,158084M,,EROSION CONTROL SEDIMENT REMOVAL,8,CY,"IEW CONSTRUCTION GROUP, INC.",$129.30,"$1,034.40"
19129,129,0003,Non-Participating (Roadway),0056,801012M,,SELECTIVE CLEARING,424,SY,"SOUTH STATE, INC.",$35.00,"$14,840.00"
19129,129,0003,Non-Participating (Roadway),0056,801012M,,SELECTIVE CLEARING,424,SY,"LOFTUS CONSTRUCTION, INC.",$40.00,"$16,960.00"
19129,129,0003,Non-Participating (Roadway),0056,801012M,,SELECTIVE CLEARING,424,SY,"DRISCOLL CONSTRUCTION CO., INC.",$36.00,"$15,264.00"
19129,129,0003,Non-Participating (Roadway),0056,801012M,,SELECTIVE CLEARING,424,SY,"MIDLANTIC CONSTRUCTION, LLC",$42.36,"$17,960.64"
19129,129,0003,Non-Participating (Roadway),0056,801012M,,SELECTIVE CLEARING,424,SY,"IEW CONSTRUCTION GROUP, INC.",$58.26,"$24,702.24"
19129,129,0005,General Landscape,0057,804006P,,"TOPSOILING, 4"" THICK","1,531",SY,"SOUTH STATE, INC.",$5.00,"$7,655.00"
19129,129,0005,General Landscape,0057,804006P,,"TOPSOILING, 4"" THICK","1,531",SY,"LOFTUS CONSTRUCTION, INC.",$6.00,"$9,186.00"
19129,129,0005,General Landscape,0057,804006P,,"TOPSOILING, 4"" THICK","1,531",SY,"DRISCOLL CONSTRUCTION CO., INC.",$5.25,"$8,037.75"
19129,129,0005,General Landscape,0057,804006P,,"TOPSOILING, 4"" THICK","1,531",SY,"MIDLANTIC CONSTRUCTION, LLC",$13.38,"$20,484.78"
19129,129,0005,General Landscape,0057,804006P,,"TOPSOILING, 4"" THICK","1,531",SY,"IEW CONSTRUCTION GROUP, INC.",$2.91,"$4,455.21"
19129,129,0005,General Landscape,0058,806006P,,"FERTILIZING AND SEEDING, TYPE A-3","1,531",SY,"SOUTH STATE, INC.",$1.25,"$1,913.75"
19129,129,0005,General Landscape,0058,806006P,,"FERTILIZING AND SEEDING, TYPE A-3","1,531",SY,"LOFTUS CONSTRUCTION, INC.",$2.00,"$3,062.00"
19129,129,0005,General Landscape,0058,806006P,,"FERTILIZING AND SEEDING, TYPE A-3","1,531",SY,"DRISCOLL CONSTRUCTION CO., INC.",$2.00,"$3,062.00"
19129,129,0005,General Landscape,0058,806006P,,"FERTILIZING AND SEEDING, TYPE A-3","1,531",SY,"MIDLANTIC CONSTRUCTION, LLC",$1.15,"$1,760.65"
19129,129,0005,General Landscape,0058,806006P,,"FERTILIZING AND SEEDING, TYPE A-3","1,531",SY,"IEW CONSTRUCTION GROUP, INC.",$1.46,"$2,235.26"
19129,129,0005,General Landscape,0059,804015P,,BORROW TOPSOIL,30,CY,"SOUTH STATE, INC.",$55.00,"$1,650.00"
19129,129,0005,General Landscape,0059,804015P,,BORROW TOPSOIL,30,CY,"LOFTUS CONSTRUCTION, INC.",$60.00,"$1,800.00"
19129,129,0005,General Landscape,0059,804015P,,BORROW TOPSOIL,30,CY,"DRISCOLL CONSTRUCTION CO., INC.",$60.00,"$1,800.00"
19129,129,0005,General Landscape,0059,804015P,,BORROW TOPSOIL,30,CY,"MIDLANTIC CONSTRUCTION, LLC",$57.50,"$1,725.00"
19129,129,0005,General Landscape,0059,804015P,,BORROW TOPSOIL,30,CY,"IEW CONSTRUCTION GROUP, INC.",$52.44,"$1,573.20"
19129,129,0004,Erosion Control,0060,806018P,,"FERTILIZING AND SEEDING, TYPE F",154,SY,"SOUTH STATE, INC.",$1.65,$254.10
19129,129,0004,Erosion Control,0060,806018P,,"FERTILIZING AND SEEDING, TYPE F",154,SY,"LOFTUS CONSTRUCTION, INC.",$2.00,$308.00
19129,129,0004,Erosion Control,0060,806018P,,"FERTILIZING AND SEEDING, TYPE F",154,SY,"DRISCOLL CONSTRUCTION CO., INC.",$2.00,$308.00
19129,129,0004,Erosion Control,0060,806018P,,"FERTILIZING AND SEEDING, TYPE F",154,SY,"MIDLANTIC CONSTRUCTION, LLC",$1.15,$177.10
19129,129,0004,Erosion Control,0060,806018P,,"FERTILIZING AND SEEDING, TYPE F",154,SY,"IEW CONSTRUCTION GROUP, INC.",$1.75,$269.50
19129,129,0005,General Landscape,0061,809006M,,FIBER MULCHING,"1,685",SY,"SOUTH STATE, INC.",$4.00,"$6,740.00"
19129,129,0005,General Landscape,0061,809006M,,FIBER MULCHING,"1,685",SY,"LOFTUS CONSTRUCTION, INC.",$4.00,"$6,740.00"
19129,129,0005,General Landscape,0061,809006M,,FIBER MULCHING,"1,685",SY,"DRISCOLL CONSTRUCTION CO., INC.",$4.00,"$6,740.00"
19129,129,0005,General Landscape,0061,809006M,,FIBER MULCHING,"1,685",SY,"MIDLANTIC CONSTRUCTION, LLC",$4.60,"$7,751.00"
19129,129,0005,General Landscape,0061,809006M,,FIBER MULCHING,"1,685",SY,"IEW CONSTRUCTION GROUP, INC.",$1.46,"$2,460.10"
19129,129,0006,Bridge (0821-155),0062,201006P,,"CLEARING SITE, BRIDGE (___) 0821-155",1,LS,"SOUTH STATE, INC.","$150,000.00","$150,000.00"
19129,129,0006,Bridge (0821-155),0062,201006P,,"CLEARING SITE, BRIDGE (___) 0821-155",1,LS,"LOFTUS CONSTRUCTION, INC.","$150,000.00","$150,000.00"
19129,129,0006,Bridge (0821-155),0062,201006P,,"CLEARING SITE, BRIDGE (___) 0821-155",1,LS,"DRISCOLL CONSTRUCTION CO., INC.","$150,000.00","$150,000.00"
19129,129,0006,Bridge (0821-155),0062,201006P,,"CLEARING SITE, BRIDGE (___) 0821-155",1,LS,"MIDLANTIC CONSTRUCTION, LLC","$150,000.00","$150,000.00"
19129,129,0006,Bridge (0821-155),0062,201006P,,"CLEARING SITE, BRIDGE (___) 0821-155",1,LS,"IEW CONSTRUCTION GROUP, INC.","$150,000.00","$150,000.00"
19129,129,0006,Bridge (0821-155),0063,201037P,,"ASBESTOS REMOVAL, BRIDGE NO. ___ 0821-155",1,LS,"SOUTH STATE, INC.","$2,500.00","$2,500.00"
19129,129,0006,Bridge (0821-155),0063,201037P,,"ASBESTOS REMOVAL, BRIDGE NO. ___ 0821-155",1,LS,"LOFTUS CONSTRUCTION, INC.","$35,000.00","$35,000.00"
19129,129,0006,Bridge (0821-155),0063,201037P,,"ASBESTOS REMOVAL, BRIDGE NO. ___ 0821-155",1,LS,"DRISCOLL CONSTRUCTION CO., INC.","$15,000.00","$15,000.00"
19129,129,0006,Bridge (0821-155),0063,201037P,,"ASBESTOS REMOVAL, BRIDGE NO. ___ 0821-155",1,LS,"MIDLANTIC CONSTRUCTION, LLC","$23,000.00","$23,000.00"
19129,129,0006,Bridge (0821-155),0063,201037P,,"ASBESTOS REMOVAL, BRIDGE NO. ___ 0821-155",1,LS,"IEW CONSTRUCTION GROUP, INC.","$27,645.25","$27,645.25"
19129,129,0006,Bridge (0821-155),0064,201039P,,TEMPORARY SHIELDING,1,LS,"SOUTH STATE, INC.","$350,000.00","$350,000.00"
19129,129,0006,Bridge (0821-155),0064,201039P,,TEMPORARY SHIELDING,1,LS,"LOFTUS CONSTRUCTION, INC.","$415,000.00","$415,000.00"
19129,129,0006,Bridge (0821-155),0064,201039P,,TEMPORARY SHIELDING,1,LS,"DRISCOLL CONSTRUCTION CO., INC.","$350,000.00","$350,000.00"
19129,129,0006,Bridge (0821-155),0064,201039P,,TEMPORARY SHIELDING,1,LS,"MIDLANTIC CONSTRUCTION, LLC","$627,000.00","$627,000.00"
19129,129,0006,Bridge (0821-155),0064,201039P,,TEMPORARY SHIELDING,1,LS,"IEW CONSTRUCTION GROUP, INC.","$575,000.00","$575,000.00"
19129,129,0006,Bridge (0821-155),0065,504009P,,"REINFORCEMENT STEEL, GALVANIZED","89,350",LB,"SOUTH STATE, INC.",$1.75,"$156,362.50"
19129,129,0006,Bridge (0821-155),0065,504009P,,"REINFORCEMENT STEEL, GALVANIZED","89,350",LB,"LOFTUS CONSTRUCTION, INC.",$2.30,"$205,505.00"
19129,129,0006,Bridge (0821-155),0065,504009P,,"REINFORCEMENT STEEL, GALVANIZED","89,350",LB,"DRISCOLL CONSTRUCTION CO., INC.",$1.75,"$156,362.50"
19129,129,0006,Bridge (0821-155),0065,504009P,,"REINFORCEMENT STEEL, GALVANIZED","89,350",LB,"MIDLANTIC CONSTRUCTION, LLC",$2.08,"$185,848.00"
19129,129,0006,Bridge (0821-155),0065,504009P,,"REINFORCEMENT STEEL, GALVANIZED","89,350",LB,"IEW CONSTRUCTION GROUP, INC.",$1.98,"$176,913.00"
19129,129,0006,Bridge (0821-155),0066,504010P,,DRILL AND GROUT REINFORCEMENT STEEL,410,LF,"SOUTH STATE, INC.",$40.00,"$16,400.00"
19129,129,0006,Bridge (0821-155),0066,504010P,,DRILL AND GROUT REINFORCEMENT STEEL,410,LF,"LOFTUS CONSTRUCTION, INC.",$35.00,"$14,350.00"
19129,129,0006,Bridge (0821-155),0066,504010P,,DRILL AND GROUT REINFORCEMENT STEEL,410,LF,"DRISCOLL CONSTRUCTION CO., INC.",$45.00,"$18,450.00"
19129,129,0006,Bridge (0821-155),0066,504010P,,DRILL AND GROUT REINFORCEMENT STEEL,410,LF,"MIDLANTIC CONSTRUCTION, LLC",$39.57,"$16,223.70"
19129,129,0006,Bridge (0821-155),0066,504010P,,DRILL AND GROUT REINFORCEMENT STEEL,410,LF,"IEW CONSTRUCTION GROUP, INC.",$87.07,"$35,698.70"
19129,129,0006,Bridge (0821-155),0067,504025P,,MODIFICATION OF EXISTING ABUTMENTS,37,CY,"SOUTH STATE, INC.","$3,700.00","$136,900.00"
19129,129,0006,Bridge (0821-155),0067,504025P,,MODIFICATION OF EXISTING ABUTMENTS,37,CY,"LOFTUS CONSTRUCTION, INC.","$2,200.00","$81,400.00"
19129,129,0006,Bridge (0821-155),0067,504025P,,MODIFICATION OF EXISTING ABUTMENTS,37,CY,"DRISCOLL CONSTRUCTION CO., INC.","$8,000.00","$296,000.00"
19129,129,0006,Bridge (0821-155),0067,504025P,,MODIFICATION OF EXISTING ABUTMENTS,37,CY,"MIDLANTIC CONSTRUCTION, LLC","$1,788.43","$66,171.91"
19129,129,0006,Bridge (0821-155),0067,504025P,,MODIFICATION OF EXISTING ABUTMENTS,37,CY,"IEW CONSTRUCTION GROUP, INC.","$1,787.97","$66,154.89"
19129,129,0006,Bridge (0821-155),0068,504032P,,"CONCRETE DIAPHRAGM, HPC",11,CY,"SOUTH STATE, INC.","$4,000.00","$44,000.00"
19129,129,0006,Bridge (0821-155),0068,504032P,,"CONCRETE DIAPHRAGM, HPC",11,CY,"LOFTUS CONSTRUCTION, INC.","$2,750.00","$30,250.00"
19129,129,0006,Bridge (0821-155),0068,504032P,,"CONCRETE DIAPHRAGM, HPC",11,CY,"DRISCOLL CONSTRUCTION CO., INC.","$8,500.00","$93,500.00"
19129,129,0006,Bridge (0821-155),0068,504032P,,"CONCRETE DIAPHRAGM, HPC",11,CY,"MIDLANTIC CONSTRUCTION, LLC","$3,316.05","$36,476.55"
19129,129,0006,Bridge (0821-155),0068,504032P,,"CONCRETE DIAPHRAGM, HPC",11,CY,"IEW CONSTRUCTION GROUP, INC.","$4,102.12","$45,123.32"
19129,129,0006,Bridge (0821-155),0069,504036P,,EPOXY WATERPROOFING,49,SY,"SOUTH STATE, INC.",$50.00,"$2,450.00"
19129,129,0006,Bridge (0821-155),0069,504036P,,EPOXY WATERPROOFING,49,SY,"LOFTUS CONSTRUCTION, INC.",$100.00,"$4,900.00"
19129,129,0006,Bridge (0821-155),0069,504036P,,EPOXY WATERPROOFING,49,SY,"DRISCOLL CONSTRUCTION CO., INC.",$175.00,"$8,575.00"
19129,129,0006,Bridge (0821-155),0069,504036P,,EPOXY WATERPROOFING,49,SY,"MIDLANTIC CONSTRUCTION, LLC",$83.00,"$4,067.00"
19129,129,0006,Bridge (0821-155),0069,504036P,,EPOXY WATERPROOFING,49,SY,"IEW CONSTRUCTION GROUP, INC.",$116.52,"$5,709.48"
19129,129,0006,Bridge (0821-155),0070,504040P,,CONCRETE SURFACE TREATMENT,430,SY,"SOUTH STATE, INC.",$75.00,"$32,250.00"
19129,129,0006,Bridge (0821-155),0070,504040P,,CONCRETE SURFACE TREATMENT,430,SY,"LOFTUS CONSTRUCTION, INC.",$35.00,"$15,050.00"
19129,129,0006,Bridge (0821-155),0070,504040P,,CONCRETE SURFACE TREATMENT,430,SY,"DRISCOLL CONSTRUCTION CO., INC.",$17.50,"$7,525.00"
19129,129,0006,Bridge (0821-155),0070,504040P,,CONCRETE SURFACE TREATMENT,430,SY,"MIDLANTIC CONSTRUCTION, LLC",$62.47,"$26,862.10"
19129,129,0006,Bridge (0821-155),0070,504040P,,CONCRETE SURFACE TREATMENT,430,SY,"IEW CONSTRUCTION GROUP, INC.",$17.34,"$7,456.20"
19129,129,0006,Bridge (0821-155),0071,506003P,,STRUCTURAL STEEL,1,LS,"SOUTH STATE, INC.","$15,000.00","$15,000.00"
19129,129,0006,Bridge (0821-155),0071,506003P,,STRUCTURAL STEEL,1,LS,"LOFTUS CONSTRUCTION, INC.","$13,000.00","$13,000.00"
19129,129,0006,Bridge (0821-155),0071,506003P,,STRUCTURAL STEEL,1,LS,"DRISCOLL CONSTRUCTION CO., INC.","$6,000.00","$6,000.00"
19129,129,0006,Bridge (0821-155),0071,506003P,,STRUCTURAL STEEL,1,LS,"MIDLANTIC CONSTRUCTION, LLC","$23,509.24","$23,509.24"
19129,129,0006,Bridge (0821-155),0071,506003P,,STRUCTURAL STEEL,1,LS,"IEW CONSTRUCTION GROUP, INC.","$46,000.00","$46,000.00"
19129,129,0006,Bridge (0821-155),0072,506012P,,SHEAR CONNECTOR,"2,322",U,"SOUTH STATE, INC.",$4.00,"$9,288.00"
19129,129,0006,Bridge (0821-155),0072,506012P,,SHEAR CONNECTOR,"2,322",U,"LOFTUS CONSTRUCTION, INC.",$8.00,"$18,576.00"
19129,129,0006,Bridge (0821-155),0072,506012P,,SHEAR CONNECTOR,"2,322",U,"DRISCOLL CONSTRUCTION CO., INC.",$5.00,"$11,610.00"
19129,129,0006,Bridge (0821-155),0072,506012P,,SHEAR CONNECTOR,"2,322",U,"MIDLANTIC CONSTRUCTION, LLC",$7.32,"$16,997.04"
19129,129,0006,Bridge (0821-155),0072,506012P,,SHEAR CONNECTOR,"2,322",U,"IEW CONSTRUCTION GROUP, INC.",$4.66,"$10,820.52"
19129,129,0006,Bridge (0821-155),0073,507015P,,STRIP SEAL EXPANSION JOINT ASSEMBLY,80,LF,"SOUTH STATE, INC.",$650.00,"$52,000.00"
19129,129,0006,Bridge (0821-155),0073,507015P,,STRIP SEAL EXPANSION JOINT ASSEMBLY,80,LF,"LOFTUS CONSTRUCTION, INC.",$500.00,"$40,000.00"
19129,129,0006,Bridge (0821-155),0073,507015P,,STRIP SEAL EXPANSION JOINT ASSEMBLY,80,LF,"DRISCOLL CONSTRUCTION CO., INC.",$600.00,"$48,000.00"
19129,129,0006,Bridge (0821-155),0073,507015P,,STRIP SEAL EXPANSION JOINT ASSEMBLY,80,LF,"MIDLANTIC CONSTRUCTION, LLC",$430.15,"$34,412.00"
19129,129,0006,Bridge (0821-155),0073,507015P,,STRIP SEAL EXPANSION JOINT ASSEMBLY,80,LF,"IEW CONSTRUCTION GROUP, INC.",$510.62,"$40,849.60"
19129,129,0006,Bridge (0821-155),0074,507024P,,"CONCRETE BRIDGE DECK, HPC",184,CY,"SOUTH STATE, INC.","$1,900.00","$349,600.00"
19129,129,0006,Bridge (0821-155),0074,507024P,,"CONCRETE BRIDGE DECK, HPC",184,CY,"LOFTUS CONSTRUCTION, INC.","$1,600.00","$294,400.00"
19129,129,0006,Bridge (0821-155),0074,507024P,,"CONCRETE BRIDGE DECK, HPC",184,CY,"DRISCOLL CONSTRUCTION CO., INC.","$2,200.00","$404,800.00"
19129,129,0006,Bridge (0821-155),0074,507024P,,"CONCRETE BRIDGE DECK, HPC",184,CY,"MIDLANTIC CONSTRUCTION, LLC","$1,519.07","$279,508.88"
19129,129,0006,Bridge (0821-155),0074,507024P,,"CONCRETE BRIDGE DECK, HPC",184,CY,"IEW CONSTRUCTION GROUP, INC.","$1,241.95","$228,518.80"
19129,129,0006,Bridge (0821-155),0075,507033P,,"CONCRETE BRIDGE SIDEWALK, HPC",30,CY,"SOUTH STATE, INC.",$825.00,"$24,750.00"
19129,129,0006,Bridge (0821-155),0075,507033P,,"CONCRETE BRIDGE SIDEWALK, HPC",30,CY,"LOFTUS CONSTRUCTION, INC.","$1,400.00","$42,000.00"
19129,129,0006,Bridge (0821-155),0075,507033P,,"CONCRETE BRIDGE SIDEWALK, HPC",30,CY,"DRISCOLL CONSTRUCTION CO., INC.","$1,500.00","$45,000.00"
19129,129,0006,Bridge (0821-155),0075,507033P,,"CONCRETE BRIDGE SIDEWALK, HPC",30,CY,"MIDLANTIC CONSTRUCTION, LLC",$579.31,"$17,379.30"
19129,129,0006,Bridge (0821-155),0075,507033P,,"CONCRETE BRIDGE SIDEWALK, HPC",30,CY,"IEW CONSTRUCTION GROUP, INC.",$965.40,"$28,962.00"
19129,129,0006,Bridge (0821-155),0076,507039P,,"CONCRETE BRIDGE PARAPET, HPC",244,LF,"SOUTH STATE, INC.",$275.00,"$67,100.00"
19129,129,0006,Bridge (0821-155),0076,507039P,,"CONCRETE BRIDGE PARAPET, HPC",244,LF,"LOFTUS CONSTRUCTION, INC.",$350.00,"$85,400.00"
19129,129,0006,Bridge (0821-155),0076,507039P,,"CONCRETE BRIDGE PARAPET, HPC",244,LF,"DRISCOLL CONSTRUCTION CO., INC.",$300.00,"$73,200.00"
19129,129,0006,Bridge (0821-155),0076,507039P,,"CONCRETE BRIDGE PARAPET, HPC",244,LF,"MIDLANTIC CONSTRUCTION, LLC",$275.97,"$67,336.68"
19129,129,0006,Bridge (0821-155),0076,507039P,,"CONCRETE BRIDGE PARAPET, HPC",244,LF,"IEW CONSTRUCTION GROUP, INC.",$322.36,"$78,655.84"
19129,129,0006,Bridge (0821-155),0077,507050M,,CONCRETE SLEEPER SLAB,34,CY,"SOUTH STATE, INC.","$1,700.00","$57,800.00"
19129,129,0006,Bridge (0821-155),0077,507050M,,CONCRETE SLEEPER SLAB,34,CY,"LOFTUS CONSTRUCTION, INC.","$1,000.00","$34,000.00"
19129,129,0006,Bridge (0821-155),0077,507050M,,CONCRETE SLEEPER SLAB,34,CY,"DRISCOLL CONSTRUCTION CO., INC.",$800.00,"$27,200.00"
19129,129,0006,Bridge (0821-155),0077,507050M,,CONCRETE SLEEPER SLAB,34,CY,"MIDLANTIC CONSTRUCTION, LLC","$1,245.62","$42,351.08"
19129,129,0006,Bridge (0821-155),0077,507050M,,CONCRETE SLEEPER SLAB,34,CY,"IEW CONSTRUCTION GROUP, INC.","$1,381.97","$46,986.98"
19129,129,0006,Bridge (0821-155),0078,507054P,,"CONCRETE BRIDGE RELIEF SLAB, HPC",89,SY,"SOUTH STATE, INC.",$525.00,"$46,725.00"
19129,129,0006,Bridge (0821-155),0078,507054P,,"CONCRETE BRIDGE RELIEF SLAB, HPC",89,SY,"LOFTUS CONSTRUCTION, INC.",$450.00,"$40,050.00"
19129,129,0006,Bridge (0821-155),0078,507054P,,"CONCRETE BRIDGE RELIEF SLAB, HPC",89,SY,"DRISCOLL CONSTRUCTION CO., INC.",$300.00,"$26,700.00"
19129,129,0006,Bridge (0821-155),0078,507054P,,"CONCRETE BRIDGE RELIEF SLAB, HPC",89,SY,"MIDLANTIC CONSTRUCTION, LLC",$524.85,"$46,711.65"
19129,129,0006,Bridge (0821-155),0078,507054P,,"CONCRETE BRIDGE RELIEF SLAB, HPC",89,SY,"IEW CONSTRUCTION GROUP, INC.",$347.24,"$30,904.36"
19129,129,0006,Bridge (0821-155),0079,509058P,,"CHAIN-LINK FENCE, TYPE I, ZINC-COATED STEEL, BRIDGE, 6' 3"" HIGH",244,LF,"SOUTH STATE, INC.",$120.00,"$29,280.00"
19129,129,0006,Bridge (0821-155),0079,509058P,,"CHAIN-LINK FENCE, TYPE I, ZINC-COATED STEEL, BRIDGE, 6' 3"" HIGH",244,LF,"LOFTUS CONSTRUCTION, INC.",$260.00,"$63,440.00"
19129,129,0006,Bridge (0821-155),0079,509058P,,"CHAIN-LINK FENCE, TYPE I, ZINC-COATED STEEL, BRIDGE, 6' 3"" HIGH",244,LF,"DRISCOLL CONSTRUCTION CO., INC.",$190.00,"$46,360.00"
19129,129,0006,Bridge (0821-155),0079,509058P,,"CHAIN-LINK FENCE, TYPE I, ZINC-COATED STEEL, BRIDGE, 6' 3"" HIGH",244,LF,"MIDLANTIC CONSTRUCTION, LLC",$174.80,"$42,651.20"
19129,129,0006,Bridge (0821-155),0079,509058P,,"CHAIN-LINK FENCE, TYPE I, ZINC-COATED STEEL, BRIDGE, 6' 3"" HIGH",244,LF,"IEW CONSTRUCTION GROUP, INC.",$308.52,"$75,278.88"
19129,129,0006,Bridge (0821-155),0080,509097P,,"CHAIN-LINK FENCE,TYPE I,ZINC-COATED STEEL,BRIDGE,6' 3"" HIGH,CURVED TOP",233,LF,"SOUTH STATE, INC.",$135.00,"$31,455.00"
19129,129,0006,Bridge (0821-155),0080,509097P,,"CHAIN-LINK FENCE,TYPE I,ZINC-COATED STEEL,BRIDGE,6' 3"" HIGH,CURVED TOP",233,LF,"LOFTUS CONSTRUCTION, INC.",$270.00,"$62,910.00"
19129,129,0006,Bridge (0821-155),0080,509097P,,"CHAIN-LINK FENCE,TYPE I,ZINC-COATED STEEL,BRIDGE,6' 3"" HIGH,CURVED TOP",233,LF,"DRISCOLL CONSTRUCTION CO., INC.",$275.00,"$64,075.00"
19129,129,0006,Bridge (0821-155),0080,509097P,,"CHAIN-LINK FENCE,TYPE I,ZINC-COATED STEEL,BRIDGE,6' 3"" HIGH,CURVED TOP",233,LF,"MIDLANTIC CONSTRUCTION, LLC",$200.10,"$46,623.30"
19129,129,0006,Bridge (0821-155),0080,509097P,,"CHAIN-LINK FENCE,TYPE I,ZINC-COATED STEEL,BRIDGE,6' 3"" HIGH,CURVED TOP",233,LF,"IEW CONSTRUCTION GROUP, INC.",$267.70,"$62,374.10"
19129,129,0006,Bridge (0821-155),0081,509150P,,"BRIDGE COMBINATION RAILING (1 RAIL, STEEL)",245,LF,"SOUTH STATE, INC.",$425.00,"$104,125.00"
19129,129,0006,Bridge (0821-155),0081,509150P,,"BRIDGE COMBINATION RAILING (1 RAIL, STEEL)",245,LF,"LOFTUS CONSTRUCTION, INC.",$550.00,"$134,750.00"
19129,129,0006,Bridge (0821-155),0081,509150P,,"BRIDGE COMBINATION RAILING (1 RAIL, STEEL)",245,LF,"DRISCOLL CONSTRUCTION CO., INC.",$550.00,"$134,750.00"
19129,129,0006,Bridge (0821-155),0081,509150P,,"BRIDGE COMBINATION RAILING (1 RAIL, STEEL)",245,LF,"MIDLANTIC CONSTRUCTION, LLC",$264.03,"$64,687.35"
19129,129,0006,Bridge (0821-155),0081,509150P,,"BRIDGE COMBINATION RAILING (1 RAIL, STEEL)",245,LF,"IEW CONSTRUCTION GROUP, INC.",$557.65,"$136,624.25"
19129,129,0006,Bridge (0821-155),0082,552003M,,"PRESSURE INJECTION, CONCRETE CRACKS",15,LF,"SOUTH STATE, INC.",$100.00,"$1,500.00"
19129,129,0006,Bridge (0821-155),0082,552003M,,"PRESSURE INJECTION, CONCRETE CRACKS",15,LF,"LOFTUS CONSTRUCTION, INC.",$200.00,"$3,000.00"
19129,129,0006,Bridge (0821-155),0082,552003M,,"PRESSURE INJECTION, CONCRETE CRACKS",15,LF,"DRISCOLL CONSTRUCTION CO., INC.",$150.00,"$2,250.00"
19129,129,0006,Bridge (0821-155),0082,552003M,,"PRESSURE INJECTION, CONCRETE CRACKS",15,LF,"MIDLANTIC CONSTRUCTION, LLC",$501.89,"$7,528.35"
19129,129,0006,Bridge (0821-155),0082,552003M,,"PRESSURE INJECTION, CONCRETE CRACKS",15,LF,"IEW CONSTRUCTION GROUP, INC.",$145.65,"$2,184.75"
19129,129,0006,Bridge (0821-155),0083,554003P,,POLLUTION CONTROL SYSTEM,1,LS,"SOUTH STATE, INC.","$10,000.00","$10,000.00"
19129,129,0006,Bridge (0821-155),0083,554003P,,POLLUTION CONTROL SYSTEM,1,LS,"LOFTUS CONSTRUCTION, INC.","$38,283.00","$38,283.00"
19129,129,0006,Bridge (0821-155),0083,554003P,,POLLUTION CONTROL SYSTEM,1,LS,"DRISCOLL CONSTRUCTION CO., INC.","$35,000.00","$35,000.00"
19129,129,0006,Bridge (0821-155),0083,554003P,,POLLUTION CONTROL SYSTEM,1,LS,"MIDLANTIC CONSTRUCTION, LLC","$39,143.00","$39,143.00"
19129,129,0006,Bridge (0821-155),0083,554003P,,POLLUTION CONTROL SYSTEM,1,LS,"IEW CONSTRUCTION GROUP, INC.","$5,826.19","$5,826.19"
19129,129,0006,Bridge (0821-155),0084,554006P,,HAND/POWER TOOL CLEANING AND PAINTING,1,LS,"SOUTH STATE, INC.","$350,000.00","$350,000.00"
19129,129,0006,Bridge (0821-155),0084,554006P,,HAND/POWER TOOL CLEANING AND PAINTING,1,LS,"LOFTUS CONSTRUCTION, INC.","$300,000.00","$300,000.00"
19129,129,0006,Bridge (0821-155),0084,554006P,,HAND/POWER TOOL CLEANING AND PAINTING,1,LS,"DRISCOLL CONSTRUCTION CO., INC.","$176,130.00","$176,130.00"
19129,129,0006,Bridge (0821-155),0084,554006P,,HAND/POWER TOOL CLEANING AND PAINTING,1,LS,"MIDLANTIC CONSTRUCTION, LLC","$189,267.00","$189,267.00"
19129,129,0006,Bridge (0821-155),0084,554006P,,HAND/POWER TOOL CLEANING AND PAINTING,1,LS,"IEW CONSTRUCTION GROUP, INC.","$200,000.00","$200,000.00"
19129,129,0006,Bridge (0821-155),0085,554012P,,"TESTING, IF AND WHERE DIRECTED",1,LS,"SOUTH STATE, INC.",$1.00,$1.00
19129,129,0006,Bridge (0821-155),0085,554012P,,"TESTING, IF AND WHERE DIRECTED",1,LS,"LOFTUS CONSTRUCTION, INC.","$2,500.00","$2,500.00"
19129,129,0006,Bridge (0821-155),0085,554012P,,"TESTING, IF AND WHERE DIRECTED",1,LS,"DRISCOLL CONSTRUCTION CO., INC.","$2,500.00","$2,500.00"
19129,129,0006,Bridge (0821-155),0085,554012P,,"TESTING, IF AND WHERE DIRECTED",1,LS,"MIDLANTIC CONSTRUCTION, LLC","$2,500.00","$2,500.00"
19129,129,0006,Bridge (0821-155),0085,554012P,,"TESTING, IF AND WHERE DIRECTED",1,LS,"IEW CONSTRUCTION GROUP, INC.","$5,826.19","$5,826.19"
19129,129,0006,Bridge (0821-155),0086,554027P,,CLEANING AND PAINTING OF BEARING,24,U,"SOUTH STATE, INC.","$1,000.00","$24,000.00"
19129,129,0006,Bridge (0821-155),0086,554027P,,CLEANING AND PAINTING OF BEARING,24,U,"LOFTUS CONSTRUCTION, INC.","$1,500.00","$36,000.00"
19129,129,0006,Bridge (0821-155),0086,554027P,,CLEANING AND PAINTING OF BEARING,24,U,"DRISCOLL CONSTRUCTION CO., INC.","$1,250.00","$30,000.00"
19129,129,0006,Bridge (0821-155),0086,554027P,,CLEANING AND PAINTING OF BEARING,24,U,"MIDLANTIC CONSTRUCTION, LLC","$1,380.00","$33,120.00"
19129,129,0006,Bridge (0821-155),0086,554027P,,CLEANING AND PAINTING OF BEARING,24,U,"IEW CONSTRUCTION GROUP, INC.","$1,000.00","$24,000.00"
19129,129,0006,Bridge (0821-155),0087,555010M,,"REPAIR OF CONCRETE, TYPE E",15,SF,"SOUTH STATE, INC.",$755.00,"$11,325.00"
19129,129,0006,Bridge (0821-155),0087,555010M,,"REPAIR OF CONCRETE, TYPE E",15,SF,"LOFTUS CONSTRUCTION, INC.",$450.00,"$6,750.00"
19129,129,0006,Bridge (0821-155),0087,555010M,,"REPAIR OF CONCRETE, TYPE E",15,SF,"DRISCOLL CONSTRUCTION CO., INC.",$500.00,"$7,500.00"
19129,129,0006,Bridge (0821-155),0087,555010M,,"REPAIR OF CONCRETE, TYPE E",15,SF,"MIDLANTIC CONSTRUCTION, LLC",$694.23,"$10,413.45"
19129,129,0006,Bridge (0821-155),0087,555010M,,"REPAIR OF CONCRETE, TYPE E",15,SF,"IEW CONSTRUCTION GROUP, INC.",$835.55,"$12,533.25"
19129,129,0006,Bridge (0821-155),0088,555011M,,"REPAIR OF CONCRETE, TYPE D",30,SF,"SOUTH STATE, INC.",$735.00,"$22,050.00"
19129,129,0006,Bridge (0821-155),0088,555011M,,"REPAIR OF CONCRETE, TYPE D",30,SF,"LOFTUS CONSTRUCTION, INC.",$350.00,"$10,500.00"
19129,129,0006,Bridge (0821-155),0088,555011M,,"REPAIR OF CONCRETE, TYPE D",30,SF,"DRISCOLL CONSTRUCTION CO., INC.",$500.00,"$15,000.00"
19129,129,0006,Bridge (0821-155),0088,555011M,,"REPAIR OF CONCRETE, TYPE D",30,SF,"MIDLANTIC CONSTRUCTION, LLC",$694.23,"$20,826.90"
19129,129,0006,Bridge (0821-155),0088,555011M,,"REPAIR OF CONCRETE, TYPE D",30,SF,"IEW CONSTRUCTION GROUP, INC.",$427.29,"$12,818.70"
19129,129,0006,Bridge (0821-155),0089,701021P,,"3"" RIGID METALLIC CONDUIT",976,LF,"SOUTH STATE, INC.",$45.00,"$43,920.00"
19129,129,0006,Bridge (0821-155),0089,701021P,,"3"" RIGID METALLIC CONDUIT",976,LF,"LOFTUS CONSTRUCTION, INC.",$35.00,"$34,160.00"
19129,129,0006,Bridge (0821-155),0089,701021P,,"3"" RIGID METALLIC CONDUIT",976,LF,"DRISCOLL CONSTRUCTION CO., INC.",$50.00,"$48,800.00"
19129,129,0006,Bridge (0821-155),0089,701021P,,"3"" RIGID METALLIC CONDUIT",976,LF,"MIDLANTIC CONSTRUCTION, LLC",$54.05,"$52,752.80"
19129,129,0006,Bridge (0821-155),0089,701021P,,"3"" RIGID METALLIC CONDUIT",976,LF,"IEW CONSTRUCTION GROUP, INC.",$54.30,"$52,996.80"
19129,129,0001,Roadway,0090,401108M,,"CORE SAMPLES, HOT MIX ASPHALT",10,U,"SOUTH STATE, INC.",$175.00,"$1,750.00"
19129,129,0001,Roadway,0090,401108M,,"CORE SAMPLES, HOT MIX ASPHALT",10,U,"LOFTUS CONSTRUCTION, INC.",$200.00,"$2,000.00"
19129,129,0001,Roadway,0090,401108M,,"CORE SAMPLES, HOT MIX ASPHALT",10,U,"DRISCOLL CONSTRUCTION CO., INC.",$510.00,"$5,100.00"
19129,129,0001,Roadway,0090,401108M,,"CORE SAMPLES, HOT MIX ASPHALT",10,U,"MIDLANTIC CONSTRUCTION, LLC",$345.00,"$3,450.00"
19129,129,0001,Roadway,0090,401108M,,"CORE SAMPLES, HOT MIX ASPHALT",10,U,"IEW CONSTRUCTION GROUP, INC.",$302.96,"$3,029.60"