Proposal,Call Order,Section Number,Section Description,Line,Item,Alternate Code,Item Description,Quantity,Unit,Vendor Name,Unit Price,Extension
21134,134,0001,Roadway,0001,151006M,,PERFORMANCE BOND AND PAYMENT BOND,1,DOLL,"SOUTH STATE, INC.","$50,000.00","$50,000.00"
21134,134,0001,Roadway,0001,151006M,,PERFORMANCE BOND AND PAYMENT BOND,1,DOLL,"ANSELMI & DECICCO, INC.","$70,000.00","$70,000.00"
21134,134,0001,Roadway,0001,151006M,,PERFORMANCE BOND AND PAYMENT BOND,1,DOLL,CARBRO CONSTRUCTORS CORP.,"$85,000.00","$85,000.00"
21134,134,0001,Roadway,0001,151006M,,PERFORMANCE BOND AND PAYMENT BOND,1,DOLL,"RENCOR, INC.","$103,750.00","$103,750.00"
21134,134,0003,Non-Participating (Roadway),0002,152012P,,RAILROAD PROTECTIVE LIABILITY INSURANCE,1,DOLL,"SOUTH STATE, INC.","$12,000.00","$12,000.00"
21134,134,0003,Non-Participating (Roadway),0002,152012P,,RAILROAD PROTECTIVE LIABILITY INSURANCE,1,DOLL,"ANSELMI & DECICCO, INC.","$10,000.00","$10,000.00"
21134,134,0003,Non-Participating (Roadway),0002,152012P,,RAILROAD PROTECTIVE LIABILITY INSURANCE,1,DOLL,CARBRO CONSTRUCTORS CORP.,"$35,000.00","$35,000.00"
21134,134,0003,Non-Participating (Roadway),0002,152012P,,RAILROAD PROTECTIVE LIABILITY INSURANCE,1,DOLL,"RENCOR, INC.","$40,000.00","$40,000.00"
21134,134,0003,Non-Participating (Roadway),0003,152015P,,POLLUTION LIABILITY INSURANCE,1,DOLL,"SOUTH STATE, INC.",$1.00,$1.00
21134,134,0003,Non-Participating (Roadway),0003,152015P,,POLLUTION LIABILITY INSURANCE,1,DOLL,"ANSELMI & DECICCO, INC.","$10,000.00","$10,000.00"
21134,134,0003,Non-Participating (Roadway),0003,152015P,,POLLUTION LIABILITY INSURANCE,1,DOLL,CARBRO CONSTRUCTORS CORP.,"$20,000.00","$20,000.00"
21134,134,0003,Non-Participating (Roadway),0003,152015P,,POLLUTION LIABILITY INSURANCE,1,DOLL,"RENCOR, INC.","$25,000.00","$25,000.00"
21134,134,0001,Roadway,0004,153003P,,PROGRESS SCHEDULE,1,LS,"SOUTH STATE, INC.","$5,000.00","$5,000.00"
21134,134,0001,Roadway,0004,153003P,,PROGRESS SCHEDULE,1,LS,"ANSELMI & DECICCO, INC.","$6,000.00","$6,000.00"
21134,134,0001,Roadway,0004,153003P,,PROGRESS SCHEDULE,1,LS,CARBRO CONSTRUCTORS CORP.,"$65,000.00","$65,000.00"
21134,134,0001,Roadway,0004,153003P,,PROGRESS SCHEDULE,1,LS,"RENCOR, INC.","$10,000.00","$10,000.00"
21134,134,0001,Roadway,0005,153005M,,PROGRESS SCHEDULE UPDATE,15,U,"SOUTH STATE, INC.",$500.00,"$7,500.00"
21134,134,0001,Roadway,0005,153005M,,PROGRESS SCHEDULE UPDATE,15,U,"ANSELMI & DECICCO, INC.",$400.00,"$6,000.00"
21134,134,0001,Roadway,0005,153005M,,PROGRESS SCHEDULE UPDATE,15,U,CARBRO CONSTRUCTORS CORP.,$600.00,"$9,000.00"
21134,134,0001,Roadway,0005,153005M,,PROGRESS SCHEDULE UPDATE,15,U,"RENCOR, INC.",$450.00,"$6,750.00"
21134,134,0001,Roadway,0006,154003P,,MOBILIZATION,1,LS,"SOUTH STATE, INC.","$1,000,000.00","$1,000,000.00"
21134,134,0001,Roadway,0006,154003P,,MOBILIZATION,1,LS,"ANSELMI & DECICCO, INC.","$1,180,000.00","$1,180,000.00"
21134,134,0001,Roadway,0006,154003P,,MOBILIZATION,1,LS,CARBRO CONSTRUCTORS CORP.,"$1,222,000.00","$1,222,000.00"
21134,134,0001,Roadway,0006,154003P,,MOBILIZATION,1,LS,"RENCOR, INC.","$1,200,000.00","$1,200,000.00"
21134,134,0002,Construction Engineering,0007,155015M,,FIELD OFFICE TYPE E SET UP,1,U,"SOUTH STATE, INC.","$30,000.00","$30,000.00"
21134,134,0002,Construction Engineering,0007,155015M,,FIELD OFFICE TYPE E SET UP,1,U,"ANSELMI & DECICCO, INC.","$57,450.00","$57,450.00"
21134,134,0002,Construction Engineering,0007,155015M,,FIELD OFFICE TYPE E SET UP,1,U,CARBRO CONSTRUCTORS CORP.,"$122,500.00","$122,500.00"
21134,134,0002,Construction Engineering,0007,155015M,,FIELD OFFICE TYPE E SET UP,1,U,"RENCOR, INC.","$50,000.00","$50,000.00"
21134,134,0002,Construction Engineering,0008,155033M,,FIELD OFFICE TYPE E MAINTENANCE,32,MO,"SOUTH STATE, INC.","$4,000.00","$128,000.00"
21134,134,0002,Construction Engineering,0008,155033M,,FIELD OFFICE TYPE E MAINTENANCE,32,MO,"ANSELMI & DECICCO, INC.","$4,500.00","$144,000.00"
21134,134,0002,Construction Engineering,0008,155033M,,FIELD OFFICE TYPE E MAINTENANCE,32,MO,CARBRO CONSTRUCTORS CORP.,$500.00,"$16,000.00"
21134,134,0002,Construction Engineering,0008,155033M,,FIELD OFFICE TYPE E MAINTENANCE,32,MO,"RENCOR, INC.","$2,000.00","$64,000.00"
21134,134,0002,Construction Engineering,0009,156003M,,MATERIALS FIELD LABORATORY SET-UP,1,U,"SOUTH STATE, INC.","$20,000.00","$20,000.00"
21134,134,0002,Construction Engineering,0009,156003M,,MATERIALS FIELD LABORATORY SET-UP,1,U,"ANSELMI & DECICCO, INC.","$5,000.00","$5,000.00"
21134,134,0002,Construction Engineering,0009,156003M,,MATERIALS FIELD LABORATORY SET-UP,1,U,CARBRO CONSTRUCTORS CORP.,"$5,000.00","$5,000.00"
21134,134,0002,Construction Engineering,0009,156003M,,MATERIALS FIELD LABORATORY SET-UP,1,U,"RENCOR, INC.","$1,000.00","$1,000.00"
21134,134,0002,Construction Engineering,0010,156006M,,MATERIALS FIELD LABORATORY MAINTENANCE,30,MO,"SOUTH STATE, INC.","$3,500.00","$105,000.00"
21134,134,0002,Construction Engineering,0010,156006M,,MATERIALS FIELD LABORATORY MAINTENANCE,30,MO,"ANSELMI & DECICCO, INC.",$500.00,"$15,000.00"
21134,134,0002,Construction Engineering,0010,156006M,,MATERIALS FIELD LABORATORY MAINTENANCE,30,MO,CARBRO CONSTRUCTORS CORP.,$100.00,"$3,000.00"
21134,134,0002,Construction Engineering,0010,156006M,,MATERIALS FIELD LABORATORY MAINTENANCE,30,MO,"RENCOR, INC.",$50.00,"$1,500.00"
21134,134,0002,Construction Engineering,0011,156015M,,NUCLEAR DENSITY GAUGE,1,U,"SOUTH STATE, INC.",$100.00,$100.00
21134,134,0002,Construction Engineering,0011,156015M,,NUCLEAR DENSITY GAUGE,1,U,"ANSELMI & DECICCO, INC.","$7,500.00","$7,500.00"
21134,134,0002,Construction Engineering,0011,156015M,,NUCLEAR DENSITY GAUGE,1,U,CARBRO CONSTRUCTORS CORP.,"$9,000.00","$9,000.00"
21134,134,0002,Construction Engineering,0011,156015M,,NUCLEAR DENSITY GAUGE,1,U,"RENCOR, INC.","$1,000.00","$1,000.00"
21134,134,0001,Roadway,0012,156021M,,CONCRETE COMPRESSION TESTING EQUIPMENT,1,U,"SOUTH STATE, INC.","$2,500.00","$2,500.00"
21134,134,0001,Roadway,0012,156021M,,CONCRETE COMPRESSION TESTING EQUIPMENT,1,U,"ANSELMI & DECICCO, INC.","$9,000.00","$9,000.00"
21134,134,0001,Roadway,0012,156021M,,CONCRETE COMPRESSION TESTING EQUIPMENT,1,U,CARBRO CONSTRUCTORS CORP.,"$5,000.00","$5,000.00"
21134,134,0001,Roadway,0012,156021M,,CONCRETE COMPRESSION TESTING EQUIPMENT,1,U,"RENCOR, INC.","$1,000.00","$1,000.00"
21134,134,0001,Roadway,0013,157004M,,CONSTRUCTION LAYOUT,1,DOLL,"SOUTH STATE, INC.","$45,000.00","$45,000.00"
21134,134,0001,Roadway,0013,157004M,,CONSTRUCTION LAYOUT,1,DOLL,"ANSELMI & DECICCO, INC.","$100,000.00","$100,000.00"
21134,134,0001,Roadway,0013,157004M,,CONSTRUCTION LAYOUT,1,DOLL,CARBRO CONSTRUCTORS CORP.,"$62,500.00","$62,500.00"
21134,134,0001,Roadway,0013,157004M,,CONSTRUCTION LAYOUT,1,DOLL,"RENCOR, INC.","$150,000.00","$150,000.00"
21134,134,0001,Roadway,0014,157006M,,MONUMENT,11,U,"SOUTH STATE, INC.",$700.00,"$7,700.00"
21134,134,0001,Roadway,0014,157006M,,MONUMENT,11,U,"ANSELMI & DECICCO, INC.",$500.00,"$5,500.00"
21134,134,0001,Roadway,0014,157006M,,MONUMENT,11,U,CARBRO CONSTRUCTORS CORP.,"$1,750.00","$19,250.00"
21134,134,0001,Roadway,0014,157006M,,MONUMENT,11,U,"RENCOR, INC.","$2,000.00","$22,000.00"
21134,134,0004,Erosion Control,0015,158003M,,CAUTION FENCE,"1,816",LF,"SOUTH STATE, INC.",$3.00,"$5,448.00"
21134,134,0004,Erosion Control,0015,158003M,,CAUTION FENCE,"1,816",LF,"ANSELMI & DECICCO, INC.",$2.00,"$3,632.00"
21134,134,0004,Erosion Control,0015,158003M,,CAUTION FENCE,"1,816",LF,CARBRO CONSTRUCTORS CORP.,$8.00,"$14,528.00"
21134,134,0004,Erosion Control,0015,158003M,,CAUTION FENCE,"1,816",LF,"RENCOR, INC.",$5.75,"$10,442.00"
21134,134,0004,Erosion Control,0016,158009M,,"HEAVY DUTY SILT FENCE, ORANGE","1,454",LF,"SOUTH STATE, INC.",$10.00,"$14,540.00"
21134,134,0004,Erosion Control,0016,158009M,,"HEAVY DUTY SILT FENCE, ORANGE","1,454",LF,"ANSELMI & DECICCO, INC.",$10.00,"$14,540.00"
21134,134,0004,Erosion Control,0016,158009M,,"HEAVY DUTY SILT FENCE, ORANGE","1,454",LF,CARBRO CONSTRUCTORS CORP.,$15.00,"$21,810.00"
21134,134,0004,Erosion Control,0016,158009M,,"HEAVY DUTY SILT FENCE, ORANGE","1,454",LF,"RENCOR, INC.",$8.00,"$11,632.00"
21134,134,0004,Erosion Control,0017,158012M,,"HEAVY DUTY SILT FENCE, BLACK","1,369",LF,"SOUTH STATE, INC.",$10.00,"$13,690.00"
21134,134,0004,Erosion Control,0017,158012M,,"HEAVY DUTY SILT FENCE, BLACK","1,369",LF,"ANSELMI & DECICCO, INC.",$10.00,"$13,690.00"
21134,134,0004,Erosion Control,0017,158012M,,"HEAVY DUTY SILT FENCE, BLACK","1,369",LF,CARBRO CONSTRUCTORS CORP.,$15.00,"$20,535.00"
21134,134,0004,Erosion Control,0017,158012M,,"HEAVY DUTY SILT FENCE, BLACK","1,369",LF,"RENCOR, INC.",$8.00,"$10,952.00"
21134,134,0004,Erosion Control,0018,158015M,,HAYBALE,25,U,"SOUTH STATE, INC.",$18.00,$450.00
21134,134,0004,Erosion Control,0018,158015M,,HAYBALE,25,U,"ANSELMI & DECICCO, INC.",$40.00,"$1,000.00"
21134,134,0004,Erosion Control,0018,158015M,,HAYBALE,25,U,CARBRO CONSTRUCTORS CORP.,$15.00,$375.00
21134,134,0004,Erosion Control,0018,158015M,,HAYBALE,25,U,"RENCOR, INC.",$40.00,"$1,000.00"
21134,134,0004,Erosion Control,0019,158030M,,"INLET FILTER TYPE 2, 2' X 4'",22,U,"SOUTH STATE, INC.",$60.00,"$1,320.00"
21134,134,0004,Erosion Control,0019,158030M,,"INLET FILTER TYPE 2, 2' X 4'",22,U,"ANSELMI & DECICCO, INC.",$150.00,"$3,300.00"
21134,134,0004,Erosion Control,0019,158030M,,"INLET FILTER TYPE 2, 2' X 4'",22,U,CARBRO CONSTRUCTORS CORP.,$50.00,"$1,100.00"
21134,134,0004,Erosion Control,0019,158030M,,"INLET FILTER TYPE 2, 2' X 4'",22,U,"RENCOR, INC.",$210.00,"$4,620.00"
21134,134,0004,Erosion Control,0020,158033M,,"INLET FILTER TYPE 2, 4' X 4'",4,U,"SOUTH STATE, INC.",$120.00,$480.00
21134,134,0004,Erosion Control,0020,158033M,,"INLET FILTER TYPE 2, 4' X 4'",4,U,"ANSELMI & DECICCO, INC.",$200.00,$800.00
21134,134,0004,Erosion Control,0020,158033M,,"INLET FILTER TYPE 2, 4' X 4'",4,U,CARBRO CONSTRUCTORS CORP.,$100.00,$400.00
21134,134,0004,Erosion Control,0020,158033M,,"INLET FILTER TYPE 2, 4' X 4'",4,U,"RENCOR, INC.",$325.00,"$1,300.00"
21134,134,0004,Erosion Control,0021,158060M,,CONSTRUCTION DRIVEWAY,67,T,"SOUTH STATE, INC.",$20.00,"$1,340.00"
21134,134,0004,Erosion Control,0021,158060M,,CONSTRUCTION DRIVEWAY,67,T,"ANSELMI & DECICCO, INC.",$50.00,"$3,350.00"
21134,134,0004,Erosion Control,0021,158060M,,CONSTRUCTION DRIVEWAY,67,T,CARBRO CONSTRUCTORS CORP.,$45.00,"$3,015.00"
21134,134,0004,Erosion Control,0021,158060M,,CONSTRUCTION DRIVEWAY,67,T,"RENCOR, INC.",$50.00,"$3,350.00"
21134,134,0004,Erosion Control,0022,158063P,,CONCRETE WASHOUT SYSTEM,1,LS,"SOUTH STATE, INC.",$100.00,$100.00
21134,134,0004,Erosion Control,0022,158063P,,CONCRETE WASHOUT SYSTEM,1,LS,"ANSELMI & DECICCO, INC.","$35,000.00","$35,000.00"
21134,134,0004,Erosion Control,0022,158063P,,CONCRETE WASHOUT SYSTEM,1,LS,CARBRO CONSTRUCTORS CORP.,"$1,000.00","$1,000.00"
21134,134,0004,Erosion Control,0022,158063P,,CONCRETE WASHOUT SYSTEM,1,LS,"RENCOR, INC.","$100,000.00","$100,000.00"
21134,134,0004,Erosion Control,0023,158072M,,"OIL ONLY EMERGENCY SPILL KIT, TYPE 1",2,U,"SOUTH STATE, INC.","$1,500.00","$3,000.00"
21134,134,0004,Erosion Control,0023,158072M,,"OIL ONLY EMERGENCY SPILL KIT, TYPE 1",2,U,"ANSELMI & DECICCO, INC.",$100.00,$200.00
21134,134,0004,Erosion Control,0023,158072M,,"OIL ONLY EMERGENCY SPILL KIT, TYPE 1",2,U,CARBRO CONSTRUCTORS CORP.,"$1,000.00","$2,000.00"
21134,134,0004,Erosion Control,0023,158072M,,"OIL ONLY EMERGENCY SPILL KIT, TYPE 1",2,U,"RENCOR, INC.","$1,525.00","$3,050.00"
21134,134,0004,Erosion Control,0024,158084M,,EROSION CONTROL SEDIMENT REMOVAL,92,CY,"SOUTH STATE, INC.",$10.00,$920.00
21134,134,0004,Erosion Control,0024,158084M,,EROSION CONTROL SEDIMENT REMOVAL,92,CY,"ANSELMI & DECICCO, INC.",$1.00,$92.00
21134,134,0004,Erosion Control,0024,158084M,,EROSION CONTROL SEDIMENT REMOVAL,92,CY,CARBRO CONSTRUCTORS CORP.,$1.00,$92.00
21134,134,0004,Erosion Control,0024,158084M,,EROSION CONTROL SEDIMENT REMOVAL,92,CY,"RENCOR, INC.",$26.50,"$2,438.00"
21134,134,0001,Roadway,0025,159003M,,BREAKAWAY BARRICADE,25,U,"SOUTH STATE, INC.",$1.00,$25.00
21134,134,0001,Roadway,0025,159003M,,BREAKAWAY BARRICADE,25,U,"ANSELMI & DECICCO, INC.",$100.00,"$2,500.00"
21134,134,0001,Roadway,0025,159003M,,BREAKAWAY BARRICADE,25,U,CARBRO CONSTRUCTORS CORP.,$115.00,"$2,875.00"
21134,134,0001,Roadway,0025,159003M,,BREAKAWAY BARRICADE,25,U,"RENCOR, INC.",$105.00,"$2,625.00"
21134,134,0001,Roadway,0026,159006M,,DRUM,43,U,"SOUTH STATE, INC.",$1.00,$43.00
21134,134,0001,Roadway,0026,159006M,,DRUM,43,U,"ANSELMI & DECICCO, INC.",$50.00,"$2,150.00"
21134,134,0001,Roadway,0026,159006M,,DRUM,43,U,CARBRO CONSTRUCTORS CORP.,$70.00,"$3,010.00"
21134,134,0001,Roadway,0026,159006M,,DRUM,43,U,"RENCOR, INC.",$60.00,"$2,580.00"
21134,134,0001,Roadway,0027,159012M,,CONSTRUCTION SIGNS,"1,272",SF,"SOUTH STATE, INC.",$15.00,"$19,080.00"
21134,134,0001,Roadway,0027,159012M,,CONSTRUCTION SIGNS,"1,272",SF,"ANSELMI & DECICCO, INC.",$30.00,"$38,160.00"
21134,134,0001,Roadway,0027,159012M,,CONSTRUCTION SIGNS,"1,272",SF,CARBRO CONSTRUCTORS CORP.,$35.00,"$44,520.00"
21134,134,0001,Roadway,0027,159012M,,CONSTRUCTION SIGNS,"1,272",SF,"RENCOR, INC.",$20.00,"$25,440.00"
21134,134,0001,Roadway,0028,159015M,,"CONSTRUCTION IDENTIFICATION SIGN, 4' X 8'",2,U,"SOUTH STATE, INC.",$800.00,"$1,600.00"
21134,134,0001,Roadway,0028,159015M,,"CONSTRUCTION IDENTIFICATION SIGN, 4' X 8'",2,U,"ANSELMI & DECICCO, INC.","$3,000.00","$6,000.00"
21134,134,0001,Roadway,0028,159015M,,"CONSTRUCTION IDENTIFICATION SIGN, 4' X 8'",2,U,CARBRO CONSTRUCTORS CORP.,"$1,000.00","$2,000.00"
21134,134,0001,Roadway,0028,159015M,,"CONSTRUCTION IDENTIFICATION SIGN, 4' X 8'",2,U,"RENCOR, INC.","$2,000.00","$4,000.00"
21134,134,0001,Roadway,0029,159021P,,CONSTRUCTION BARRIER CURB,"1,490",LF,"SOUTH STATE, INC.",$20.00,"$29,800.00"
21134,134,0001,Roadway,0029,159021P,,CONSTRUCTION BARRIER CURB,"1,490",LF,"ANSELMI & DECICCO, INC.",$100.00,"$149,000.00"
21134,134,0001,Roadway,0029,159021P,,CONSTRUCTION BARRIER CURB,"1,490",LF,CARBRO CONSTRUCTORS CORP.,$100.00,"$149,000.00"
21134,134,0001,Roadway,0029,159021P,,CONSTRUCTION BARRIER CURB,"1,490",LF,"RENCOR, INC.",$105.00,"$156,450.00"
21134,134,0001,Roadway,0030,159027M,,"FLASHING ARROW BOARD, 4' X 8'",4,U,"SOUTH STATE, INC.",$1.00,$4.00
21134,134,0001,Roadway,0030,159027M,,"FLASHING ARROW BOARD, 4' X 8'",4,U,"ANSELMI & DECICCO, INC.","$3,000.00","$12,000.00"
21134,134,0001,Roadway,0030,159027M,,"FLASHING ARROW BOARD, 4' X 8'",4,U,CARBRO CONSTRUCTORS CORP.,"$1,000.00","$4,000.00"
21134,134,0001,Roadway,0030,159027M,,"FLASHING ARROW BOARD, 4' X 8'",4,U,"RENCOR, INC.","$4,500.00","$18,000.00"
21134,134,0001,Roadway,0031,159030M,,PORTABLE VARIABLE MESSAGE SIGN,4,U,"SOUTH STATE, INC.","$5,000.00","$20,000.00"
21134,134,0001,Roadway,0031,159030M,,PORTABLE VARIABLE MESSAGE SIGN,4,U,"ANSELMI & DECICCO, INC.","$5,000.00","$20,000.00"
21134,134,0001,Roadway,0031,159030M,,PORTABLE VARIABLE MESSAGE SIGN,4,U,CARBRO CONSTRUCTORS CORP.,"$1,000.00","$4,000.00"
21134,134,0001,Roadway,0031,159030M,,PORTABLE VARIABLE MESSAGE SIGN,4,U,"RENCOR, INC.","$18,000.00","$72,000.00"
21134,134,0001,Roadway,0032,159042M,,"TEMPORARY CRASH CUSHION, INERTIAL BARRIER SYSTEM, 10 MODULES",2,U,"SOUTH STATE, INC.","$2,500.00","$5,000.00"
21134,134,0001,Roadway,0032,159042M,,"TEMPORARY CRASH CUSHION, INERTIAL BARRIER SYSTEM, 10 MODULES",2,U,"ANSELMI & DECICCO, INC.","$4,000.00","$8,000.00"
21134,134,0001,Roadway,0032,159042M,,"TEMPORARY CRASH CUSHION, INERTIAL BARRIER SYSTEM, 10 MODULES",2,U,CARBRO CONSTRUCTORS CORP.,"$4,000.00","$8,000.00"
21134,134,0001,Roadway,0032,159042M,,"TEMPORARY CRASH CUSHION, INERTIAL BARRIER SYSTEM, 10 MODULES",2,U,"RENCOR, INC.","$11,500.00","$23,000.00"
21134,134,0001,Roadway,0033,159108M,,TRAFFIC CONTROL TRUCK WITH MOUNTED CRASH CUSHION,2,U,"SOUTH STATE, INC.","$10,000.00","$20,000.00"
21134,134,0001,Roadway,0033,159108M,,TRAFFIC CONTROL TRUCK WITH MOUNTED CRASH CUSHION,2,U,"ANSELMI & DECICCO, INC.","$20,000.00","$40,000.00"
21134,134,0001,Roadway,0033,159108M,,TRAFFIC CONTROL TRUCK WITH MOUNTED CRASH CUSHION,2,U,CARBRO CONSTRUCTORS CORP.,"$2,500.00","$5,000.00"
21134,134,0001,Roadway,0033,159108M,,TRAFFIC CONTROL TRUCK WITH MOUNTED CRASH CUSHION,2,U,"RENCOR, INC.","$32,500.00","$65,000.00"
21134,134,0001,Roadway,0034,159126M,,"TEMPORARY TRAFFIC STRIPES, 4""","10,830",LF,"SOUTH STATE, INC.",$0.25,"$2,707.50"
21134,134,0001,Roadway,0034,159126M,,"TEMPORARY TRAFFIC STRIPES, 4""","10,830",LF,"ANSELMI & DECICCO, INC.",$0.50,"$5,415.00"
21134,134,0001,Roadway,0034,159126M,,"TEMPORARY TRAFFIC STRIPES, 4""","10,830",LF,CARBRO CONSTRUCTORS CORP.,$0.25,"$2,707.50"
21134,134,0001,Roadway,0034,159126M,,"TEMPORARY TRAFFIC STRIPES, 4""","10,830",LF,"RENCOR, INC.",$0.30,"$3,249.00"
21134,134,0001,Roadway,0035,159132M,,TEMPORARY PAVEMENT MARKINGS,50,SF,"SOUTH STATE, INC.",$3.00,$150.00
21134,134,0001,Roadway,0035,159132M,,TEMPORARY PAVEMENT MARKINGS,50,SF,"ANSELMI & DECICCO, INC.",$5.00,$250.00
21134,134,0001,Roadway,0035,159132M,,TEMPORARY PAVEMENT MARKINGS,50,SF,CARBRO CONSTRUCTORS CORP.,$3.30,$165.00
21134,134,0001,Roadway,0035,159132M,,TEMPORARY PAVEMENT MARKINGS,50,SF,"RENCOR, INC.",$3.00,$150.00
21134,134,0001,Roadway,0036,159138M,,HMA PATCH,4,T,"SOUTH STATE, INC.",$500.00,"$2,000.00"
21134,134,0001,Roadway,0036,159138M,,HMA PATCH,4,T,"ANSELMI & DECICCO, INC.",$500.00,"$2,000.00"
21134,134,0001,Roadway,0036,159138M,,HMA PATCH,4,T,CARBRO CONSTRUCTORS CORP.,$200.00,$800.00
21134,134,0001,Roadway,0036,159138M,,HMA PATCH,4,T,"RENCOR, INC.",$330.00,"$1,320.00"
21134,134,0001,Roadway,0037,159141M,,"TRAFFIC DIRECTOR, FLAGGER",250,HOUR,"SOUTH STATE, INC.",$100.00,"$25,000.00"
21134,134,0001,Roadway,0037,159141M,,"TRAFFIC DIRECTOR, FLAGGER",250,HOUR,"ANSELMI & DECICCO, INC.",$50.00,"$12,500.00"
21134,134,0001,Roadway,0037,159141M,,"TRAFFIC DIRECTOR, FLAGGER",250,HOUR,CARBRO CONSTRUCTORS CORP.,$0.50,$125.00
21134,134,0001,Roadway,0037,159141M,,"TRAFFIC DIRECTOR, FLAGGER",250,HOUR,"RENCOR, INC.",$102.00,"$25,500.00"
21134,134,0001,Roadway,0038,159144M,,EMERGENCY TOWING SERVICE,2,U,"SOUTH STATE, INC.",$250.00,$500.00
21134,134,0001,Roadway,0038,159144M,,EMERGENCY TOWING SERVICE,2,U,"ANSELMI & DECICCO, INC.",$100.00,$200.00
21134,134,0001,Roadway,0038,159144M,,EMERGENCY TOWING SERVICE,2,U,CARBRO CONSTRUCTORS CORP.,$300.00,$600.00
21134,134,0001,Roadway,0038,159144M,,EMERGENCY TOWING SERVICE,2,U,"RENCOR, INC.","$1,000.00","$2,000.00"
21134,134,0001,Roadway,0039,159190M,,SNOW REMOVAL,1,LS,"SOUTH STATE, INC.",$500.00,$500.00
21134,134,0001,Roadway,0039,159190M,,SNOW REMOVAL,1,LS,"ANSELMI & DECICCO, INC.","$5,000.00","$5,000.00"
21134,134,0001,Roadway,0039,159190M,,SNOW REMOVAL,1,LS,CARBRO CONSTRUCTORS CORP.,$150.00,$150.00
21134,134,0001,Roadway,0039,159190M,,SNOW REMOVAL,1,LS,"RENCOR, INC.","$100,000.00","$100,000.00"
21134,134,0001,Roadway,0040,160004M,,FUEL PRICE ADJUSTMENT,1,DOLL,"SOUTH STATE, INC.","$3,400.00","$3,400.00"
21134,134,0001,Roadway,0040,160004M,,FUEL PRICE ADJUSTMENT,1,DOLL,"ANSELMI & DECICCO, INC.","$3,400.00","$3,400.00"
21134,134,0001,Roadway,0040,160004M,,FUEL PRICE ADJUSTMENT,1,DOLL,CARBRO CONSTRUCTORS CORP.,"$3,400.00","$3,400.00"
21134,134,0001,Roadway,0040,160004M,,FUEL PRICE ADJUSTMENT,1,DOLL,"RENCOR, INC.","$3,400.00","$3,400.00"
21134,134,0001,Roadway,0041,160007M,,ASPHALT PRICE ADJUSTMENT,1,DOLL,"SOUTH STATE, INC.","$4,700.00","$4,700.00"
21134,134,0001,Roadway,0041,160007M,,ASPHALT PRICE ADJUSTMENT,1,DOLL,"ANSELMI & DECICCO, INC.","$4,700.00","$4,700.00"
21134,134,0001,Roadway,0041,160007M,,ASPHALT PRICE ADJUSTMENT,1,DOLL,CARBRO CONSTRUCTORS CORP.,"$4,700.00","$4,700.00"
21134,134,0001,Roadway,0041,160007M,,ASPHALT PRICE ADJUSTMENT,1,DOLL,"RENCOR, INC.","$4,700.00","$4,700.00"
21134,134,0001,Roadway,0042,161003P,,FINAL CLEANUP,1,LS,"SOUTH STATE, INC.",$100.00,$100.00
21134,134,0001,Roadway,0042,161003P,,FINAL CLEANUP,1,LS,"ANSELMI & DECICCO, INC.","$5,000.00","$5,000.00"
21134,134,0001,Roadway,0042,161003P,,FINAL CLEANUP,1,LS,CARBRO CONSTRUCTORS CORP.,"$7,500.00","$7,500.00"
21134,134,0001,Roadway,0042,161003P,,FINAL CLEANUP,1,LS,"RENCOR, INC.","$2,000.00","$2,000.00"
21134,134,0001,Roadway,0043,201003P,,CLEARING SITE,1,LS,"SOUTH STATE, INC.","$275,000.00","$275,000.00"
21134,134,0001,Roadway,0043,201003P,,CLEARING SITE,1,LS,"ANSELMI & DECICCO, INC.","$275,000.00","$275,000.00"
21134,134,0001,Roadway,0043,201003P,,CLEARING SITE,1,LS,CARBRO CONSTRUCTORS CORP.,"$275,000.00","$275,000.00"
21134,134,0001,Roadway,0043,201003P,,CLEARING SITE,1,LS,"RENCOR, INC.","$150,000.00","$150,000.00"
21134,134,0001,Roadway,0044,202003P,,STRIPPING,1,ACRE,"SOUTH STATE, INC.",$1.00,$1.00
21134,134,0001,Roadway,0044,202003P,,STRIPPING,1,ACRE,"ANSELMI & DECICCO, INC.","$1,000.00","$1,000.00"
21134,134,0001,Roadway,0044,202003P,,STRIPPING,1,ACRE,CARBRO CONSTRUCTORS CORP.,"$27,000.00","$27,000.00"
21134,134,0001,Roadway,0044,202003P,,STRIPPING,1,ACRE,"RENCOR, INC.","$15,000.00","$15,000.00"
21134,134,0001,Roadway,0045,202006M,,"EXCAVATION, TEST PIT",21,CY,"SOUTH STATE, INC.",$450.00,"$9,450.00"
21134,134,0001,Roadway,0045,202006M,,"EXCAVATION, TEST PIT",21,CY,"ANSELMI & DECICCO, INC.",$500.00,"$10,500.00"
21134,134,0001,Roadway,0045,202006M,,"EXCAVATION, TEST PIT",21,CY,CARBRO CONSTRUCTORS CORP.,$200.00,"$4,200.00"
21134,134,0001,Roadway,0045,202006M,,"EXCAVATION, TEST PIT",21,CY,"RENCOR, INC.",$50.00,"$1,050.00"
21134,134,0001,Roadway,0046,202009P,,"EXCAVATION, UNCLASSIFIED","1,404",CY,"SOUTH STATE, INC.",$30.00,"$42,120.00"
21134,134,0001,Roadway,0046,202009P,,"EXCAVATION, UNCLASSIFIED","1,404",CY,"ANSELMI & DECICCO, INC.",$100.00,"$140,400.00"
21134,134,0001,Roadway,0046,202009P,,"EXCAVATION, UNCLASSIFIED","1,404",CY,CARBRO CONSTRUCTORS CORP.,$50.00,"$70,200.00"
21134,134,0001,Roadway,0046,202009P,,"EXCAVATION, UNCLASSIFIED","1,404",CY,"RENCOR, INC.",$40.00,"$56,160.00"
21134,134,0001,Roadway,0047,202021P,,REMOVAL OF PAVEMENT,"2,448",SY,"SOUTH STATE, INC.",$14.00,"$34,272.00"
21134,134,0001,Roadway,0047,202021P,,REMOVAL OF PAVEMENT,"2,448",SY,"ANSELMI & DECICCO, INC.",$25.00,"$61,200.00"
21134,134,0001,Roadway,0047,202021P,,REMOVAL OF PAVEMENT,"2,448",SY,CARBRO CONSTRUCTORS CORP.,$25.00,"$61,200.00"
21134,134,0001,Roadway,0047,202021P,,REMOVAL OF PAVEMENT,"2,448",SY,"RENCOR, INC.",$50.00,"$122,400.00"
21134,134,0001,Roadway,0048,202024M,,DISPOSAL OF REGULATED MATERIAL,"5,060",T,"SOUTH STATE, INC.",$5.00,"$25,300.00"
21134,134,0001,Roadway,0048,202024M,,DISPOSAL OF REGULATED MATERIAL,"5,060",T,"ANSELMI & DECICCO, INC.",$35.00,"$177,100.00"
21134,134,0001,Roadway,0048,202024M,,DISPOSAL OF REGULATED MATERIAL,"5,060",T,CARBRO CONSTRUCTORS CORP.,$32.00,"$161,920.00"
21134,134,0001,Roadway,0048,202024M,,DISPOSAL OF REGULATED MATERIAL,"5,060",T,"RENCOR, INC.",$27.00,"$136,620.00"
21134,134,0001,Roadway,0049,202030M,,"SOIL SAMPLING AND ANALYSES, REGULATED",14,U,"SOUTH STATE, INC.",$750.00,"$10,500.00"
21134,134,0001,Roadway,0049,202030M,,"SOIL SAMPLING AND ANALYSES, REGULATED",14,U,"ANSELMI & DECICCO, INC.","$1,300.00","$18,200.00"
21134,134,0001,Roadway,0049,202030M,,"SOIL SAMPLING AND ANALYSES, REGULATED",14,U,CARBRO CONSTRUCTORS CORP.,"$1,000.00","$14,000.00"
21134,134,0001,Roadway,0049,202030M,,"SOIL SAMPLING AND ANALYSES, REGULATED",14,U,"RENCOR, INC.",$800.00,"$11,200.00"
21134,134,0001,Roadway,0050,203021P,,I-14 SOIL AGGREGATE,667,CY,"SOUTH STATE, INC.",$20.00,"$13,340.00"
21134,134,0001,Roadway,0050,203021P,,I-14 SOIL AGGREGATE,667,CY,"ANSELMI & DECICCO, INC.",$50.00,"$33,350.00"
21134,134,0001,Roadway,0050,203021P,,I-14 SOIL AGGREGATE,667,CY,CARBRO CONSTRUCTORS CORP.,$50.00,"$33,350.00"
21134,134,0001,Roadway,0050,203021P,,I-14 SOIL AGGREGATE,667,CY,"RENCOR, INC.",$90.00,"$60,030.00"
21134,134,0001,Roadway,0051,203050M,,CONTROLLED LOW STRENGTH MATERIAL,7,CY,"SOUTH STATE, INC.","$1,100.00","$7,700.00"
21134,134,0001,Roadway,0051,203050M,,CONTROLLED LOW STRENGTH MATERIAL,7,CY,"ANSELMI & DECICCO, INC.",$500.00,"$3,500.00"
21134,134,0001,Roadway,0051,203050M,,CONTROLLED LOW STRENGTH MATERIAL,7,CY,CARBRO CONSTRUCTORS CORP.,$200.00,"$1,400.00"
21134,134,0001,Roadway,0051,203050M,,CONTROLLED LOW STRENGTH MATERIAL,7,CY,"RENCOR, INC.",$660.00,"$4,620.00"
21134,134,0001,Roadway,0052,302048P,,"DENSE-GRADED AGGREGATE BASE COURSE, 12"" THICK","1,799",SY,"SOUTH STATE, INC.",$30.00,"$53,970.00"
21134,134,0001,Roadway,0052,302048P,,"DENSE-GRADED AGGREGATE BASE COURSE, 12"" THICK","1,799",SY,"ANSELMI & DECICCO, INC.",$35.00,"$62,965.00"
21134,134,0001,Roadway,0052,302048P,,"DENSE-GRADED AGGREGATE BASE COURSE, 12"" THICK","1,799",SY,CARBRO CONSTRUCTORS CORP.,$24.00,"$43,176.00"
21134,134,0001,Roadway,0052,302048P,,"DENSE-GRADED AGGREGATE BASE COURSE, 12"" THICK","1,799",SY,"RENCOR, INC.",$23.00,"$41,377.00"
21134,134,0001,Roadway,0053,302051P,,"DENSE-GRADED AGGREGATE BASE COURSE, VARIABLE THICKNESS",64,CY,"SOUTH STATE, INC.",$115.00,"$7,360.00"
21134,134,0001,Roadway,0053,302051P,,"DENSE-GRADED AGGREGATE BASE COURSE, VARIABLE THICKNESS",64,CY,"ANSELMI & DECICCO, INC.",$100.00,"$6,400.00"
21134,134,0001,Roadway,0053,302051P,,"DENSE-GRADED AGGREGATE BASE COURSE, VARIABLE THICKNESS",64,CY,CARBRO CONSTRUCTORS CORP.,$140.00,"$8,960.00"
21134,134,0001,Roadway,0053,302051P,,"DENSE-GRADED AGGREGATE BASE COURSE, VARIABLE THICKNESS",64,CY,"RENCOR, INC.",$100.00,"$6,400.00"
21134,134,0001,Roadway,0054,401009P,,"HMA MILLING, 3"" OR LESS","5,396",SY,"SOUTH STATE, INC.",$4.00,"$21,584.00"
21134,134,0001,Roadway,0054,401009P,,"HMA MILLING, 3"" OR LESS","5,396",SY,"ANSELMI & DECICCO, INC.",$7.00,"$37,772.00"
21134,134,0001,Roadway,0054,401009P,,"HMA MILLING, 3"" OR LESS","5,396",SY,CARBRO CONSTRUCTORS CORP.,$8.00,"$43,168.00"
21134,134,0001,Roadway,0054,401009P,,"HMA MILLING, 3"" OR LESS","5,396",SY,"RENCOR, INC.",$8.00,"$43,168.00"
21134,134,0001,Roadway,0055,401027M,,POLYMERIZED JOINT ADHESIVE,"2,500",LF,"SOUTH STATE, INC.",$0.70,"$1,750.00"
21134,134,0001,Roadway,0055,401027M,,POLYMERIZED JOINT ADHESIVE,"2,500",LF,"ANSELMI & DECICCO, INC.",$0.90,"$2,250.00"
21134,134,0001,Roadway,0055,401027M,,POLYMERIZED JOINT ADHESIVE,"2,500",LF,CARBRO CONSTRUCTORS CORP.,$2.50,"$6,250.00"
21134,134,0001,Roadway,0055,401027M,,POLYMERIZED JOINT ADHESIVE,"2,500",LF,"RENCOR, INC.",$5.00,"$12,500.00"
21134,134,0001,Roadway,0056,401030M,,TACK COAT,"1,000",GAL,"SOUTH STATE, INC.",$0.01,$10.00
21134,134,0001,Roadway,0056,401030M,,TACK COAT,"1,000",GAL,"ANSELMI & DECICCO, INC.",$8.00,"$8,000.00"
21134,134,0001,Roadway,0056,401030M,,TACK COAT,"1,000",GAL,CARBRO CONSTRUCTORS CORP.,$9.00,"$9,000.00"
21134,134,0001,Roadway,0056,401030M,,TACK COAT,"1,000",GAL,"RENCOR, INC.",$5.00,"$5,000.00"
21134,134,0001,Roadway,0057,401036M,,PRIME COAT,550,GAL,"SOUTH STATE, INC.",$0.01,$5.50
21134,134,0001,Roadway,0057,401036M,,PRIME COAT,550,GAL,"ANSELMI & DECICCO, INC.",$0.01,$5.50
21134,134,0001,Roadway,0057,401036M,,PRIME COAT,550,GAL,CARBRO CONSTRUCTORS CORP.,$0.01,$5.50
21134,134,0001,Roadway,0057,401036M,,PRIME COAT,550,GAL,"RENCOR, INC.",$15.00,"$8,250.00"
21134,134,0001,Roadway,0058,401060M,,HOT MIX ASPHALT 12.5 M 76 SURFACE COURSE,"1,202",T,"SOUTH STATE, INC.",$110.00,"$132,220.00"
21134,134,0001,Roadway,0058,401060M,,HOT MIX ASPHALT 12.5 M 76 SURFACE COURSE,"1,202",T,"ANSELMI & DECICCO, INC.",$150.00,"$180,300.00"
21134,134,0001,Roadway,0058,401060M,,HOT MIX ASPHALT 12.5 M 76 SURFACE COURSE,"1,202",T,CARBRO CONSTRUCTORS CORP.,$160.00,"$192,320.00"
21134,134,0001,Roadway,0058,401060M,,HOT MIX ASPHALT 12.5 M 76 SURFACE COURSE,"1,202",T,"RENCOR, INC.",$125.00,"$150,250.00"
21134,134,0001,Roadway,0059,401072M,,HOT MIX ASPHALT 12.5 M 64 INTERMEDIATE COURSE,180,T,"SOUTH STATE, INC.",$140.00,"$25,200.00"
21134,134,0001,Roadway,0059,401072M,,HOT MIX ASPHALT 12.5 M 64 INTERMEDIATE COURSE,180,T,"ANSELMI & DECICCO, INC.",$150.00,"$27,000.00"
21134,134,0001,Roadway,0059,401072M,,HOT MIX ASPHALT 12.5 M 64 INTERMEDIATE COURSE,180,T,CARBRO CONSTRUCTORS CORP.,$91.00,"$16,380.00"
21134,134,0001,Roadway,0059,401072M,,HOT MIX ASPHALT 12.5 M 64 INTERMEDIATE COURSE,180,T,"RENCOR, INC.",$140.00,"$25,200.00"
21134,134,0001,Roadway,0060,401099M,,HOT MIX ASPHALT 25 M 64 BASE COURSE,703,T,"SOUTH STATE, INC.",$120.00,"$84,360.00"
21134,134,0001,Roadway,0060,401099M,,HOT MIX ASPHALT 25 M 64 BASE COURSE,703,T,"ANSELMI & DECICCO, INC.",$150.00,"$105,450.00"
21134,134,0001,Roadway,0060,401099M,,HOT MIX ASPHALT 25 M 64 BASE COURSE,703,T,CARBRO CONSTRUCTORS CORP.,$130.00,"$91,390.00"
21134,134,0001,Roadway,0060,401099M,,HOT MIX ASPHALT 25 M 64 BASE COURSE,703,T,"RENCOR, INC.",$125.00,"$87,875.00"
21134,134,0001,Roadway,0061,401108M,,"CORE SAMPLES, HOT MIX ASPHALT",5,U,"SOUTH STATE, INC.",$200.00,"$1,000.00"
21134,134,0001,Roadway,0061,401108M,,"CORE SAMPLES, HOT MIX ASPHALT",5,U,"ANSELMI & DECICCO, INC.",$385.00,"$1,925.00"
21134,134,0001,Roadway,0061,401108M,,"CORE SAMPLES, HOT MIX ASPHALT",5,U,CARBRO CONSTRUCTORS CORP.,$450.00,"$2,250.00"
21134,134,0001,Roadway,0061,401108M,,"CORE SAMPLES, HOT MIX ASPHALT",5,U,"RENCOR, INC.","$1,065.00","$5,325.00"
21134,134,0001,Roadway,0062,601122P,,"15"" REINFORCED CONCRETE PIPE",761,LF,"SOUTH STATE, INC.",$110.00,"$83,710.00"
21134,134,0001,Roadway,0062,601122P,,"15"" REINFORCED CONCRETE PIPE",761,LF,"ANSELMI & DECICCO, INC.",$200.00,"$152,200.00"
21134,134,0001,Roadway,0062,601122P,,"15"" REINFORCED CONCRETE PIPE",761,LF,CARBRO CONSTRUCTORS CORP.,$100.00,"$76,100.00"
21134,134,0001,Roadway,0062,601122P,,"15"" REINFORCED CONCRETE PIPE",761,LF,"RENCOR, INC.",$100.00,"$76,100.00"
21134,134,0001,Roadway,0063,601124P,,"18"" REINFORCED CONCRETE PIPE",20,LF,"SOUTH STATE, INC.",$115.00,"$2,300.00"
21134,134,0001,Roadway,0063,601124P,,"18"" REINFORCED CONCRETE PIPE",20,LF,"ANSELMI & DECICCO, INC.",$250.00,"$5,000.00"
21134,134,0001,Roadway,0063,601124P,,"18"" REINFORCED CONCRETE PIPE",20,LF,CARBRO CONSTRUCTORS CORP.,$110.00,"$2,200.00"
21134,134,0001,Roadway,0063,601124P,,"18"" REINFORCED CONCRETE PIPE",20,LF,"RENCOR, INC.",$170.00,"$3,400.00"
21134,134,0001,Roadway,0064,601192P,,"12"" REINFORCED CONCRETE PIPE, CLASS V",107,LF,"SOUTH STATE, INC.",$120.00,"$12,840.00"
21134,134,0001,Roadway,0064,601192P,,"12"" REINFORCED CONCRETE PIPE, CLASS V",107,LF,"ANSELMI & DECICCO, INC.",$150.00,"$16,050.00"
21134,134,0001,Roadway,0064,601192P,,"12"" REINFORCED CONCRETE PIPE, CLASS V",107,LF,CARBRO CONSTRUCTORS CORP.,$115.00,"$12,305.00"
21134,134,0001,Roadway,0064,601192P,,"12"" REINFORCED CONCRETE PIPE, CLASS V",107,LF,"RENCOR, INC.",$85.00,"$9,095.00"
21134,134,0001,Roadway,0065,601404P,,SUBBASE OUTLET DRAIN,72,LF,"SOUTH STATE, INC.",$45.00,"$3,240.00"
21134,134,0001,Roadway,0065,601404P,,SUBBASE OUTLET DRAIN,72,LF,"ANSELMI & DECICCO, INC.",$75.00,"$5,400.00"
21134,134,0001,Roadway,0065,601404P,,SUBBASE OUTLET DRAIN,72,LF,CARBRO CONSTRUCTORS CORP.,$40.00,"$2,880.00"
21134,134,0001,Roadway,0065,601404P,,SUBBASE OUTLET DRAIN,72,LF,"RENCOR, INC.",$45.00,"$3,240.00"
21134,134,0001,Roadway,0066,601664M,,VIDEO INSPECTION OF PIPE,"4,298",LF,"SOUTH STATE, INC.",$3.00,"$12,894.00"
21134,134,0001,Roadway,0066,601664M,,VIDEO INSPECTION OF PIPE,"4,298",LF,"ANSELMI & DECICCO, INC.",$6.00,"$25,788.00"
21134,134,0001,Roadway,0066,601664M,,VIDEO INSPECTION OF PIPE,"4,298",LF,CARBRO CONSTRUCTORS CORP.,$4.75,"$20,415.50"
21134,134,0001,Roadway,0066,601664M,,VIDEO INSPECTION OF PIPE,"4,298",LF,"RENCOR, INC.",$8.75,"$37,607.50"
21134,134,0003,Non-Participating (Roadway),0067,601670M,,"CLEANING EXISTING PIPE, 12"" TO 24"" DIAMETER","1,766",LF,"SOUTH STATE, INC.",$8.50,"$15,011.00"
21134,134,0003,Non-Participating (Roadway),0067,601670M,,"CLEANING EXISTING PIPE, 12"" TO 24"" DIAMETER","1,766",LF,"ANSELMI & DECICCO, INC.",$25.00,"$44,150.00"
21134,134,0003,Non-Participating (Roadway),0067,601670M,,"CLEANING EXISTING PIPE, 12"" TO 24"" DIAMETER","1,766",LF,CARBRO CONSTRUCTORS CORP.,$2.50,"$4,415.00"
21134,134,0003,Non-Participating (Roadway),0067,601670M,,"CLEANING EXISTING PIPE, 12"" TO 24"" DIAMETER","1,766",LF,"RENCOR, INC.",$16.00,"$28,256.00"
21134,134,0001,Roadway,0068,602012M,,"INLET, TYPE B",11,U,"SOUTH STATE, INC.","$5,600.00","$61,600.00"
21134,134,0001,Roadway,0068,602012M,,"INLET, TYPE B",11,U,"ANSELMI & DECICCO, INC.","$6,000.00","$66,000.00"
21134,134,0001,Roadway,0068,602012M,,"INLET, TYPE B",11,U,CARBRO CONSTRUCTORS CORP.,"$5,200.00","$57,200.00"
21134,134,0001,Roadway,0068,602012M,,"INLET, TYPE B",11,U,"RENCOR, INC.","$4,000.00","$44,000.00"
21134,134,0001,Roadway,0069,602018M,,"INLET, TYPE E",1,U,"SOUTH STATE, INC.","$5,300.00","$5,300.00"
21134,134,0001,Roadway,0069,602018M,,"INLET, TYPE E",1,U,"ANSELMI & DECICCO, INC.","$6,000.00","$6,000.00"
21134,134,0001,Roadway,0069,602018M,,"INLET, TYPE E",1,U,CARBRO CONSTRUCTORS CORP.,"$5,500.00","$5,500.00"
21134,134,0001,Roadway,0069,602018M,,"INLET, TYPE E",1,U,"RENCOR, INC.","$4,000.00","$4,000.00"
21134,134,0001,Roadway,0070,602054M,,"MANHOLE, 4' DIAMETER",5,U,"SOUTH STATE, INC.","$5,500.00","$27,500.00"
21134,134,0001,Roadway,0070,602054M,,"MANHOLE, 4' DIAMETER",5,U,"ANSELMI & DECICCO, INC.","$7,500.00","$37,500.00"
21134,134,0001,Roadway,0070,602054M,,"MANHOLE, 4' DIAMETER",5,U,CARBRO CONSTRUCTORS CORP.,"$5,400.00","$27,000.00"
21134,134,0001,Roadway,0070,602054M,,"MANHOLE, 4' DIAMETER",5,U,"RENCOR, INC.","$4,000.00","$20,000.00"
21134,134,0001,Roadway,0071,602099M,,RESET EXISTING CASTING,6,U,"SOUTH STATE, INC.",$700.00,"$4,200.00"
21134,134,0001,Roadway,0071,602099M,,RESET EXISTING CASTING,6,U,"ANSELMI & DECICCO, INC.",$500.00,"$3,000.00"
21134,134,0001,Roadway,0071,602099M,,RESET EXISTING CASTING,6,U,CARBRO CONSTRUCTORS CORP.,"$1,200.00","$7,200.00"
21134,134,0001,Roadway,0071,602099M,,RESET EXISTING CASTING,6,U,"RENCOR, INC.",$760.00,"$4,560.00"
21134,134,0001,Roadway,0072,602105M,,"SET INLET TYPE B, CASTING",2,U,"SOUTH STATE, INC.","$1,700.00","$3,400.00"
21134,134,0001,Roadway,0072,602105M,,"SET INLET TYPE B, CASTING",2,U,"ANSELMI & DECICCO, INC.","$2,500.00","$5,000.00"
21134,134,0001,Roadway,0072,602105M,,"SET INLET TYPE B, CASTING",2,U,CARBRO CONSTRUCTORS CORP.,$800.00,"$1,600.00"
21134,134,0001,Roadway,0072,602105M,,"SET INLET TYPE B, CASTING",2,U,"RENCOR, INC.","$2,000.00","$4,000.00"
21134,134,0001,Roadway,0073,602108M,,"SET INLET TYPE E, CASTING",4,U,"SOUTH STATE, INC.","$1,700.00","$6,800.00"
21134,134,0001,Roadway,0073,602108M,,"SET INLET TYPE E, CASTING",4,U,"ANSELMI & DECICCO, INC.","$2,500.00","$10,000.00"
21134,134,0001,Roadway,0073,602108M,,"SET INLET TYPE E, CASTING",4,U,CARBRO CONSTRUCTORS CORP.,$900.00,"$3,600.00"
21134,134,0001,Roadway,0073,602108M,,"SET INLET TYPE E, CASTING",4,U,"RENCOR, INC.","$2,000.00","$8,000.00"
21134,134,0003,Non-Participating (Roadway),0074,602216M,,CLEANING DRAINAGE STRUCTURE,16,U,"SOUTH STATE, INC.",$300.00,"$4,800.00"
21134,134,0003,Non-Participating (Roadway),0074,602216M,,CLEANING DRAINAGE STRUCTURE,16,U,"ANSELMI & DECICCO, INC.","$1,000.00","$16,000.00"
21134,134,0003,Non-Participating (Roadway),0074,602216M,,CLEANING DRAINAGE STRUCTURE,16,U,CARBRO CONSTRUCTORS CORP.,$300.00,"$4,800.00"
21134,134,0003,Non-Participating (Roadway),0074,602216M,,CLEANING DRAINAGE STRUCTURE,16,U,"RENCOR, INC.",$700.00,"$11,200.00"
21134,134,0001,Roadway,0075,606012P,,"CONCRETE SIDEWALK, 4"" THICK",626,SY,"SOUTH STATE, INC.",$85.00,"$53,210.00"
21134,134,0001,Roadway,0075,606012P,,"CONCRETE SIDEWALK, 4"" THICK",626,SY,"ANSELMI & DECICCO, INC.",$130.00,"$81,380.00"
21134,134,0001,Roadway,0075,606012P,,"CONCRETE SIDEWALK, 4"" THICK",626,SY,CARBRO CONSTRUCTORS CORP.,$100.00,"$62,600.00"
21134,134,0001,Roadway,0075,606012P,,"CONCRETE SIDEWALK, 4"" THICK",626,SY,"RENCOR, INC.",$80.00,"$50,080.00"
21134,134,0001,Roadway,0076,606040P,,"HOT MIX ASPHALT DRIVEWAY, 8"" THICK",222,SY,"SOUTH STATE, INC.",$60.00,"$13,320.00"
21134,134,0001,Roadway,0076,606040P,,"HOT MIX ASPHALT DRIVEWAY, 8"" THICK",222,SY,"ANSELMI & DECICCO, INC.",$60.00,"$13,320.00"
21134,134,0001,Roadway,0076,606040P,,"HOT MIX ASPHALT DRIVEWAY, 8"" THICK",222,SY,CARBRO CONSTRUCTORS CORP.,$80.00,"$17,760.00"
21134,134,0001,Roadway,0076,606040P,,"HOT MIX ASPHALT DRIVEWAY, 8"" THICK",222,SY,"RENCOR, INC.",$65.00,"$14,430.00"
21134,134,0001,Roadway,0077,606084P,,DETECTABLE WARNING SURFACE,1,SY,"SOUTH STATE, INC.",$350.00,$350.00
21134,134,0001,Roadway,0077,606084P,,DETECTABLE WARNING SURFACE,1,SY,"ANSELMI & DECICCO, INC.",$450.00,$450.00
21134,134,0001,Roadway,0077,606084P,,DETECTABLE WARNING SURFACE,1,SY,CARBRO CONSTRUCTORS CORP.,$250.00,$250.00
21134,134,0001,Roadway,0077,606084P,,DETECTABLE WARNING SURFACE,1,SY,"RENCOR, INC.","$1,000.00","$1,000.00"
21134,134,0001,Roadway,0078,607018P,,"9"" X 16"" CONCRETE VERTICAL CURB","1,197",LF,"SOUTH STATE, INC.",$35.00,"$41,895.00"
21134,134,0001,Roadway,0078,607018P,,"9"" X 16"" CONCRETE VERTICAL CURB","1,197",LF,"ANSELMI & DECICCO, INC.",$35.00,"$41,895.00"
21134,134,0001,Roadway,0078,607018P,,"9"" X 16"" CONCRETE VERTICAL CURB","1,197",LF,CARBRO CONSTRUCTORS CORP.,$40.00,"$47,880.00"
21134,134,0001,Roadway,0078,607018P,,"9"" X 16"" CONCRETE VERTICAL CURB","1,197",LF,"RENCOR, INC.",$35.00,"$41,895.00"
21134,134,0001,Roadway,0079,607021P,,"9"" X 18"" CONCRETE VERTICAL CURB","1,069",LF,"SOUTH STATE, INC.",$35.00,"$37,415.00"
21134,134,0001,Roadway,0079,607021P,,"9"" X 18"" CONCRETE VERTICAL CURB","1,069",LF,"ANSELMI & DECICCO, INC.",$35.00,"$37,415.00"
21134,134,0001,Roadway,0079,607021P,,"9"" X 18"" CONCRETE VERTICAL CURB","1,069",LF,CARBRO CONSTRUCTORS CORP.,$44.00,"$47,036.00"
21134,134,0001,Roadway,0079,607021P,,"9"" X 18"" CONCRETE VERTICAL CURB","1,069",LF,"RENCOR, INC.",$40.00,"$42,760.00"
21134,134,0001,Roadway,0080,607034P,,"9"" X 14"" CONCRETE VERTICAL CURB",250,LF,"SOUTH STATE, INC.",$35.00,"$8,750.00"
21134,134,0001,Roadway,0080,607034P,,"9"" X 14"" CONCRETE VERTICAL CURB",250,LF,"ANSELMI & DECICCO, INC.",$31.00,"$7,750.00"
21134,134,0001,Roadway,0080,607034P,,"9"" X 14"" CONCRETE VERTICAL CURB",250,LF,CARBRO CONSTRUCTORS CORP.,$34.00,"$8,500.00"
21134,134,0001,Roadway,0080,607034P,,"9"" X 14"" CONCRETE VERTICAL CURB",250,LF,"RENCOR, INC.",$30.00,"$7,500.00"
21134,134,0001,Roadway,0081,608004P,,"NONVEGETATIVE SURFACE, POROUS HOT MIX ASPHALT, ___ THICK 4",109,SY,"SOUTH STATE, INC.",$40.00,"$4,360.00"
21134,134,0001,Roadway,0081,608004P,,"NONVEGETATIVE SURFACE, POROUS HOT MIX ASPHALT, ___ THICK 4",109,SY,"ANSELMI & DECICCO, INC.",$90.00,"$9,810.00"
21134,134,0001,Roadway,0081,608004P,,"NONVEGETATIVE SURFACE, POROUS HOT MIX ASPHALT, ___ THICK 4",109,SY,CARBRO CONSTRUCTORS CORP.,$65.00,"$7,085.00"
21134,134,0001,Roadway,0081,608004P,,"NONVEGETATIVE SURFACE, POROUS HOT MIX ASPHALT, ___ THICK 4",109,SY,"RENCOR, INC.",$91.00,"$9,919.00"
21134,134,0001,Roadway,0082,609003M,,BEAM GUIDE RAIL,"1,226",LF,"SOUTH STATE, INC.",$35.00,"$42,910.00"
21134,134,0001,Roadway,0082,609003M,,BEAM GUIDE RAIL,"1,226",LF,"ANSELMI & DECICCO, INC.",$33.00,"$40,458.00"
21134,134,0001,Roadway,0082,609003M,,BEAM GUIDE RAIL,"1,226",LF,CARBRO CONSTRUCTORS CORP.,$36.00,"$44,136.00"
21134,134,0001,Roadway,0082,609003M,,BEAM GUIDE RAIL,"1,226",LF,"RENCOR, INC.",$34.00,"$41,684.00"
21134,134,0001,Roadway,0083,609027M,,TANGENT GUIDE RAIL TERMINAL,3,U,"SOUTH STATE, INC.","$3,800.00","$11,400.00"
21134,134,0001,Roadway,0083,609027M,,TANGENT GUIDE RAIL TERMINAL,3,U,"ANSELMI & DECICCO, INC.","$3,400.00","$10,200.00"
21134,134,0001,Roadway,0083,609027M,,TANGENT GUIDE RAIL TERMINAL,3,U,CARBRO CONSTRUCTORS CORP.,"$3,800.00","$11,400.00"
21134,134,0001,Roadway,0083,609027M,,TANGENT GUIDE RAIL TERMINAL,3,U,"RENCOR, INC.","$3,500.00","$10,500.00"
21134,134,0001,Roadway,0084,609039M,,BEAM GUIDE RAIL ANCHORAGE,2,U,"SOUTH STATE, INC.","$1,000.00","$2,000.00"
21134,134,0001,Roadway,0084,609039M,,BEAM GUIDE RAIL ANCHORAGE,2,U,"ANSELMI & DECICCO, INC.","$2,000.00","$4,000.00"
21134,134,0001,Roadway,0084,609039M,,BEAM GUIDE RAIL ANCHORAGE,2,U,CARBRO CONSTRUCTORS CORP.,"$2,150.00","$4,300.00"
21134,134,0001,Roadway,0084,609039M,,BEAM GUIDE RAIL ANCHORAGE,2,U,"RENCOR, INC.","$1,950.00","$3,900.00"
21134,134,0001,Roadway,0085,609058M,,APPROACH GUIDE RAIL TRANSITION TL-2,4,U,"SOUTH STATE, INC.","$2,300.00","$9,200.00"
21134,134,0001,Roadway,0085,609058M,,APPROACH GUIDE RAIL TRANSITION TL-2,4,U,"ANSELMI & DECICCO, INC.","$2,500.00","$10,000.00"
21134,134,0001,Roadway,0085,609058M,,APPROACH GUIDE RAIL TRANSITION TL-2,4,U,CARBRO CONSTRUCTORS CORP.,"$2,500.00","$10,000.00"
21134,134,0001,Roadway,0085,609058M,,APPROACH GUIDE RAIL TRANSITION TL-2,4,U,"RENCOR, INC.","$2,550.00","$10,200.00"
21134,134,0001,Roadway,0086,609075M,,REMOVAL OF BEAM GUIDE RAIL,"2,354",LF,"SOUTH STATE, INC.",$1.00,"$2,354.00"
21134,134,0001,Roadway,0086,609075M,,REMOVAL OF BEAM GUIDE RAIL,"2,354",LF,"ANSELMI & DECICCO, INC.",$10.00,"$23,540.00"
21134,134,0001,Roadway,0086,609075M,,REMOVAL OF BEAM GUIDE RAIL,"2,354",LF,CARBRO CONSTRUCTORS CORP.,$3.50,"$8,239.00"
21134,134,0001,Roadway,0086,609075M,,REMOVAL OF BEAM GUIDE RAIL,"2,354",LF,"RENCOR, INC.",$3.00,"$7,062.00"
21134,134,0001,Roadway,0087,610003M,,"TRAFFIC STRIPES, 4""","5,126",LF,"SOUTH STATE, INC.",$0.75,"$3,844.50"
21134,134,0001,Roadway,0087,610003M,,"TRAFFIC STRIPES, 4""","5,126",LF,"ANSELMI & DECICCO, INC.",$0.70,"$3,588.20"
21134,134,0001,Roadway,0087,610003M,,"TRAFFIC STRIPES, 4""","5,126",LF,CARBRO CONSTRUCTORS CORP.,$0.75,"$3,844.50"
21134,134,0001,Roadway,0087,610003M,,"TRAFFIC STRIPES, 4""","5,126",LF,"RENCOR, INC.",$0.60,"$3,075.60"
21134,134,0001,Roadway,0088,610007M,,"TRAFFIC STRIPES, 8""",275,LF,"SOUTH STATE, INC.",$1.50,$412.50
21134,134,0001,Roadway,0088,610007M,,"TRAFFIC STRIPES, 8""",275,LF,"ANSELMI & DECICCO, INC.",$2.00,$550.00
21134,134,0001,Roadway,0088,610007M,,"TRAFFIC STRIPES, 8""",275,LF,CARBRO CONSTRUCTORS CORP.,$1.35,$371.25
21134,134,0001,Roadway,0088,610007M,,"TRAFFIC STRIPES, 8""",275,LF,"RENCOR, INC.",$1.20,$330.00
21134,134,0001,Roadway,0089,610008M,,"TRAFFIC MARKINGS, SYMBOLS",50,SF,"SOUTH STATE, INC.",$20.00,"$1,000.00"
21134,134,0001,Roadway,0089,610008M,,"TRAFFIC MARKINGS, SYMBOLS",50,SF,"ANSELMI & DECICCO, INC.",$9.00,$450.00
21134,134,0001,Roadway,0089,610008M,,"TRAFFIC MARKINGS, SYMBOLS",50,SF,CARBRO CONSTRUCTORS CORP.,$19.00,$950.00
21134,134,0001,Roadway,0089,610008M,,"TRAFFIC MARKINGS, SYMBOLS",50,SF,"RENCOR, INC.",$18.50,$925.00
21134,134,0001,Roadway,0090,610017M,,"TRAFFIC MARKING LINES, 24""",100,LF,"SOUTH STATE, INC.",$10.00,"$1,000.00"
21134,134,0001,Roadway,0090,610017M,,"TRAFFIC MARKING LINES, 24""",100,LF,"ANSELMI & DECICCO, INC.",$9.00,$900.00
21134,134,0001,Roadway,0090,610017M,,"TRAFFIC MARKING LINES, 24""",100,LF,CARBRO CONSTRUCTORS CORP.,$11.00,"$1,100.00"
21134,134,0001,Roadway,0090,610017M,,"TRAFFIC MARKING LINES, 24""",100,LF,"RENCOR, INC.",$10.00,"$1,000.00"
21134,134,0001,Roadway,0091,610036M,,REMOVAL OF TRAFFIC STRIPES,"17,750",LF,"SOUTH STATE, INC.",$0.50,"$8,875.00"
21134,134,0001,Roadway,0091,610036M,,REMOVAL OF TRAFFIC STRIPES,"17,750",LF,"ANSELMI & DECICCO, INC.",$1.00,"$17,750.00"
21134,134,0001,Roadway,0091,610036M,,REMOVAL OF TRAFFIC STRIPES,"17,750",LF,CARBRO CONSTRUCTORS CORP.,$0.60,"$10,650.00"
21134,134,0001,Roadway,0091,610036M,,REMOVAL OF TRAFFIC STRIPES,"17,750",LF,"RENCOR, INC.",$0.60,"$10,650.00"
21134,134,0001,Roadway,0092,610039M,,REMOVAL OF TRAFFIC MARKINGS,50,SF,"SOUTH STATE, INC.",$5.00,$250.00
21134,134,0001,Roadway,0092,610039M,,REMOVAL OF TRAFFIC MARKINGS,50,SF,"ANSELMI & DECICCO, INC.",$5.00,$250.00
21134,134,0001,Roadway,0092,610039M,,REMOVAL OF TRAFFIC MARKINGS,50,SF,CARBRO CONSTRUCTORS CORP.,$5.50,$275.00
21134,134,0001,Roadway,0092,610039M,,REMOVAL OF TRAFFIC MARKINGS,50,SF,"RENCOR, INC.",$5.00,$250.00
21134,134,0001,Roadway,0093,612003P,,REGULATORY AND WARNING SIGN,6.5,SF,"SOUTH STATE, INC.",$65.00,$422.50
21134,134,0001,Roadway,0093,612003P,,REGULATORY AND WARNING SIGN,6.5,SF,"ANSELMI & DECICCO, INC.",$35.00,$227.50
21134,134,0001,Roadway,0093,612003P,,REGULATORY AND WARNING SIGN,6.5,SF,CARBRO CONSTRUCTORS CORP.,$44.00,$286.00
21134,134,0001,Roadway,0093,612003P,,REGULATORY AND WARNING SIGN,6.5,SF,"RENCOR, INC.",$40.00,$260.00
21134,134,0001,Roadway,0094,653018P,,"12"" GAS MAIN",359,LF,"SOUTH STATE, INC.",$570.00,"$204,630.00"
21134,134,0001,Roadway,0094,653018P,,"12"" GAS MAIN",359,LF,"ANSELMI & DECICCO, INC.",$510.00,"$183,090.00"
21134,134,0001,Roadway,0094,653018P,,"12"" GAS MAIN",359,LF,CARBRO CONSTRUCTORS CORP.,$550.00,"$197,450.00"
21134,134,0001,Roadway,0094,653018P,,"12"" GAS MAIN",359,LF,"RENCOR, INC.",$560.00,"$201,040.00"
21134,134,0001,Roadway,0095,653087P,,GAS AS-BUILT PLAN,1,LS,"SOUTH STATE, INC.","$2,000.00","$2,000.00"
21134,134,0001,Roadway,0095,653087P,,GAS AS-BUILT PLAN,1,LS,"ANSELMI & DECICCO, INC.","$4,500.00","$4,500.00"
21134,134,0001,Roadway,0095,653087P,,GAS AS-BUILT PLAN,1,LS,CARBRO CONSTRUCTORS CORP.,"$1,500.00","$1,500.00"
21134,134,0001,Roadway,0095,653087P,,GAS AS-BUILT PLAN,1,LS,"RENCOR, INC.","$1,000.00","$1,000.00"
21134,134,0001,Roadway,0096,655025P,,TEMPORARY TRACK CROSSING,1,LS,"SOUTH STATE, INC.",$100.00,$100.00
21134,134,0001,Roadway,0096,655025P,,TEMPORARY TRACK CROSSING,1,LS,"ANSELMI & DECICCO, INC.","$5,000.00","$5,000.00"
21134,134,0001,Roadway,0096,655025P,,TEMPORARY TRACK CROSSING,1,LS,CARBRO CONSTRUCTORS CORP.,"$37,500.00","$37,500.00"
21134,134,0001,Roadway,0096,655025P,,TEMPORARY TRACK CROSSING,1,LS,"RENCOR, INC.","$25,000.00","$25,000.00"
21134,134,0001,Roadway,0097,702057M,,"INTERIM TRAFFIC SIGNAL SYSTEM, LOCATION NO. ___ 1",1,LS,"SOUTH STATE, INC.","$40,000.00","$40,000.00"
21134,134,0001,Roadway,0097,702057M,,"INTERIM TRAFFIC SIGNAL SYSTEM, LOCATION NO. ___ 1",1,LS,"ANSELMI & DECICCO, INC.","$25,000.00","$25,000.00"
21134,134,0001,Roadway,0097,702057M,,"INTERIM TRAFFIC SIGNAL SYSTEM, LOCATION NO. ___ 1",1,LS,CARBRO CONSTRUCTORS CORP.,"$55,800.00","$55,800.00"
21134,134,0001,Roadway,0097,702057M,,"INTERIM TRAFFIC SIGNAL SYSTEM, LOCATION NO. ___ 1",1,LS,"RENCOR, INC.","$42,000.00","$42,000.00"
21134,134,0001,Roadway,0098,702057M,,"INTERIM TRAFFIC SIGNAL SYSTEM, LOCATION NO. ___ 2",1,LS,"SOUTH STATE, INC.","$15,000.00","$15,000.00"
21134,134,0001,Roadway,0098,702057M,,"INTERIM TRAFFIC SIGNAL SYSTEM, LOCATION NO. ___ 2",1,LS,"ANSELMI & DECICCO, INC.","$5,000.00","$5,000.00"
21134,134,0001,Roadway,0098,702057M,,"INTERIM TRAFFIC SIGNAL SYSTEM, LOCATION NO. ___ 2",1,LS,CARBRO CONSTRUCTORS CORP.,"$26,350.00","$26,350.00"
21134,134,0001,Roadway,0098,702057M,,"INTERIM TRAFFIC SIGNAL SYSTEM, LOCATION NO. ___ 2",1,LS,"RENCOR, INC.","$15,000.00","$15,000.00"
21134,134,0001,Roadway,0099,702060M,,CONTROLLER TURN-ON,2,U,"SOUTH STATE, INC.","$11,000.00","$22,000.00"
21134,134,0001,Roadway,0099,702060M,,CONTROLLER TURN-ON,2,U,"ANSELMI & DECICCO, INC.","$9,000.00","$18,000.00"
21134,134,0001,Roadway,0099,702060M,,CONTROLLER TURN-ON,2,U,CARBRO CONSTRUCTORS CORP.,"$12,000.00","$24,000.00"
21134,134,0001,Roadway,0099,702060M,,CONTROLLER TURN-ON,2,U,"RENCOR, INC.","$22,000.00","$44,000.00"
21134,134,0001,Roadway,0100,704009M,,JUNCTION BOX ITS TYPE C,2,U,"SOUTH STATE, INC.","$4,500.00","$9,000.00"
21134,134,0001,Roadway,0100,704009M,,JUNCTION BOX ITS TYPE C,2,U,"ANSELMI & DECICCO, INC.","$3,500.00","$7,000.00"
21134,134,0001,Roadway,0100,704009M,,JUNCTION BOX ITS TYPE C,2,U,CARBRO CONSTRUCTORS CORP.,"$4,900.00","$9,800.00"
21134,134,0001,Roadway,0100,704009M,,JUNCTION BOX ITS TYPE C,2,U,"RENCOR, INC.","$4,500.00","$9,000.00"
21134,134,0005,General Landscape,0101,804000P,,"TOPSOIL SPREADING __"" THICK 4","1,325",SY,"SOUTH STATE, INC.",$8.00,"$10,600.00"
21134,134,0005,General Landscape,0101,804000P,,"TOPSOIL SPREADING __"" THICK 4","1,325",SY,"ANSELMI & DECICCO, INC.",$4.00,"$5,300.00"
21134,134,0005,General Landscape,0101,804000P,,"TOPSOIL SPREADING __"" THICK 4","1,325",SY,CARBRO CONSTRUCTORS CORP.,$6.00,"$7,950.00"
21134,134,0005,General Landscape,0101,804000P,,"TOPSOIL SPREADING __"" THICK 4","1,325",SY,"RENCOR, INC.",$3.50,"$4,637.50"
21134,134,0001,Roadway,0102,804015P,,BORROW TOPSOIL,20,CY,"SOUTH STATE, INC.",$60.00,"$1,200.00"
21134,134,0001,Roadway,0102,804015P,,BORROW TOPSOIL,20,CY,"ANSELMI & DECICCO, INC.",$50.00,"$1,000.00"
21134,134,0001,Roadway,0102,804015P,,BORROW TOPSOIL,20,CY,CARBRO CONSTRUCTORS CORP.,$55.00,"$1,100.00"
21134,134,0001,Roadway,0102,804015P,,BORROW TOPSOIL,20,CY,"RENCOR, INC.",$55.00,"$1,100.00"
21134,134,0005,General Landscape,0103,806006P,,"FERTILIZING AND SEEDING, TYPE A-3","1,325",SY,"SOUTH STATE, INC.",$0.50,$662.50
21134,134,0005,General Landscape,0103,806006P,,"FERTILIZING AND SEEDING, TYPE A-3","1,325",SY,"ANSELMI & DECICCO, INC.",$1.00,"$1,325.00"
21134,134,0005,General Landscape,0103,806006P,,"FERTILIZING AND SEEDING, TYPE A-3","1,325",SY,CARBRO CONSTRUCTORS CORP.,$3.00,"$3,975.00"
21134,134,0005,General Landscape,0103,806006P,,"FERTILIZING AND SEEDING, TYPE A-3","1,325",SY,"RENCOR, INC.",$1.75,"$2,318.75"
21134,134,0004,Erosion Control,0104,806018P,,"FERTILIZING AND SEEDING, TYPE F",133,SY,"SOUTH STATE, INC.",$1.00,$133.00
21134,134,0004,Erosion Control,0104,806018P,,"FERTILIZING AND SEEDING, TYPE F",133,SY,"ANSELMI & DECICCO, INC.",$5.00,$665.00
21134,134,0004,Erosion Control,0104,806018P,,"FERTILIZING AND SEEDING, TYPE F",133,SY,CARBRO CONSTRUCTORS CORP.,$2.00,$266.00
21134,134,0004,Erosion Control,0104,806018P,,"FERTILIZING AND SEEDING, TYPE F",133,SY,"RENCOR, INC.",$1.50,$199.50
21134,134,0001,Roadway,0105,807009M,,"TOPSOIL STABILIZATION, TYPE 3 MAT",482,SY,"SOUTH STATE, INC.",$10.00,"$4,820.00"
21134,134,0001,Roadway,0105,807009M,,"TOPSOIL STABILIZATION, TYPE 3 MAT",482,SY,"ANSELMI & DECICCO, INC.",$5.00,"$2,410.00"
21134,134,0001,Roadway,0105,807009M,,"TOPSOIL STABILIZATION, TYPE 3 MAT",482,SY,CARBRO CONSTRUCTORS CORP.,$10.00,"$4,820.00"
21134,134,0001,Roadway,0105,807009M,,"TOPSOIL STABILIZATION, TYPE 3 MAT",482,SY,"RENCOR, INC.",$6.25,"$3,012.50"
21134,134,0005,General Landscape,0106,809003M,,STRAW MULCHING,"1,458",SY,"SOUTH STATE, INC.",$0.75,"$1,093.50"
21134,134,0005,General Landscape,0106,809003M,,STRAW MULCHING,"1,458",SY,"ANSELMI & DECICCO, INC.",$1.00,"$1,458.00"
21134,134,0005,General Landscape,0106,809003M,,STRAW MULCHING,"1,458",SY,CARBRO CONSTRUCTORS CORP.,$3.00,"$4,374.00"
21134,134,0005,General Landscape,0106,809003M,,STRAW MULCHING,"1,458",SY,"RENCOR, INC.",$1.00,"$1,458.00"
21134,134,0003,Non-Participating (Roadway),0107,810003M,,MOWING,1,ACRE,"SOUTH STATE, INC.",$500.00,$500.00
21134,134,0003,Non-Participating (Roadway),0107,810003M,,MOWING,1,ACRE,"ANSELMI & DECICCO, INC.",$1.00,$1.00
21134,134,0003,Non-Participating (Roadway),0107,810003M,,MOWING,1,ACRE,CARBRO CONSTRUCTORS CORP.,$800.00,$800.00
21134,134,0003,Non-Participating (Roadway),0107,810003M,,MOWING,1,ACRE,"RENCOR, INC.","$1,500.00","$1,500.00"
21134,134,0006,ADAMS LANE (CR 608) OVER AMTRAK (STR. NO. 1249-164),0108,162006P,,VIBRATION MONITORING,1,LS,"SOUTH STATE, INC.","$15,000.00","$15,000.00"
21134,134,0006,ADAMS LANE (CR 608) OVER AMTRAK (STR. NO. 1249-164),0108,162006P,,VIBRATION MONITORING,1,LS,"ANSELMI & DECICCO, INC.","$10,000.00","$10,000.00"
21134,134,0006,ADAMS LANE (CR 608) OVER AMTRAK (STR. NO. 1249-164),0108,162006P,,VIBRATION MONITORING,1,LS,CARBRO CONSTRUCTORS CORP.,"$187,000.00","$187,000.00"
21134,134,0006,ADAMS LANE (CR 608) OVER AMTRAK (STR. NO. 1249-164),0108,162006P,,VIBRATION MONITORING,1,LS,"RENCOR, INC.","$150,000.00","$150,000.00"
21134,134,0006,ADAMS LANE (CR 608) OVER AMTRAK (STR. NO. 1249-164),0109,201006P,,"CLEARING SITE, BRIDGE (___) 1249-165",1,LS,"SOUTH STATE, INC.","$750,000.00","$750,000.00"
21134,134,0006,ADAMS LANE (CR 608) OVER AMTRAK (STR. NO. 1249-164),0109,201006P,,"CLEARING SITE, BRIDGE (___) 1249-165",1,LS,"ANSELMI & DECICCO, INC.","$760,000.00","$760,000.00"
21134,134,0006,ADAMS LANE (CR 608) OVER AMTRAK (STR. NO. 1249-164),0109,201006P,,"CLEARING SITE, BRIDGE (___) 1249-165",1,LS,CARBRO CONSTRUCTORS CORP.,"$760,000.00","$760,000.00"
21134,134,0006,ADAMS LANE (CR 608) OVER AMTRAK (STR. NO. 1249-164),0109,201006P,,"CLEARING SITE, BRIDGE (___) 1249-165",1,LS,"RENCOR, INC.","$1,000,000.00","$1,000,000.00"
21134,134,0006,ADAMS LANE (CR 608) OVER AMTRAK (STR. NO. 1249-164),0110,201039P,,TEMPORARY SHIELDING,1,LS,"SOUTH STATE, INC.","$10,000.00","$10,000.00"
21134,134,0006,ADAMS LANE (CR 608) OVER AMTRAK (STR. NO. 1249-164),0110,201039P,,TEMPORARY SHIELDING,1,LS,"ANSELMI & DECICCO, INC.","$800,000.00","$800,000.00"
21134,134,0006,ADAMS LANE (CR 608) OVER AMTRAK (STR. NO. 1249-164),0110,201039P,,TEMPORARY SHIELDING,1,LS,CARBRO CONSTRUCTORS CORP.,"$852,000.00","$852,000.00"
21134,134,0006,ADAMS LANE (CR 608) OVER AMTRAK (STR. NO. 1249-164),0110,201039P,,TEMPORARY SHIELDING,1,LS,"RENCOR, INC.","$300,000.00","$300,000.00"
21134,134,0006,ADAMS LANE (CR 608) OVER AMTRAK (STR. NO. 1249-164),0111,202009P,,"EXCAVATION, UNCLASSIFIED",305,CY,"SOUTH STATE, INC.",$75.00,"$22,875.00"
21134,134,0006,ADAMS LANE (CR 608) OVER AMTRAK (STR. NO. 1249-164),0111,202009P,,"EXCAVATION, UNCLASSIFIED",305,CY,"ANSELMI & DECICCO, INC.",$200.00,"$61,000.00"
21134,134,0006,ADAMS LANE (CR 608) OVER AMTRAK (STR. NO. 1249-164),0111,202009P,,"EXCAVATION, UNCLASSIFIED",305,CY,CARBRO CONSTRUCTORS CORP.,$80.00,"$24,400.00"
21134,134,0006,ADAMS LANE (CR 608) OVER AMTRAK (STR. NO. 1249-164),0111,202009P,,"EXCAVATION, UNCLASSIFIED",305,CY,"RENCOR, INC.",$50.00,"$15,250.00"
21134,134,0006,ADAMS LANE (CR 608) OVER AMTRAK (STR. NO. 1249-164),0112,203009P,,I-9 SOIL AGGREGATE,61,CY,"SOUTH STATE, INC.",$165.00,"$10,065.00"
21134,134,0006,ADAMS LANE (CR 608) OVER AMTRAK (STR. NO. 1249-164),0112,203009P,,I-9 SOIL AGGREGATE,61,CY,"ANSELMI & DECICCO, INC.",$200.00,"$12,200.00"
21134,134,0006,ADAMS LANE (CR 608) OVER AMTRAK (STR. NO. 1249-164),0112,203009P,,I-9 SOIL AGGREGATE,61,CY,CARBRO CONSTRUCTORS CORP.,$160.00,"$9,760.00"
21134,134,0006,ADAMS LANE (CR 608) OVER AMTRAK (STR. NO. 1249-164),0112,203009P,,I-9 SOIL AGGREGATE,61,CY,"RENCOR, INC.",$100.00,"$6,100.00"
21134,134,0006,ADAMS LANE (CR 608) OVER AMTRAK (STR. NO. 1249-164),0113,504006P,,"REINFORCEMENT STEEL, EPOXY-COATED","14,760",LB,"SOUTH STATE, INC.",$2.00,"$29,520.00"
21134,134,0006,ADAMS LANE (CR 608) OVER AMTRAK (STR. NO. 1249-164),0113,504006P,,"REINFORCEMENT STEEL, EPOXY-COATED","14,760",LB,"ANSELMI & DECICCO, INC.",$2.50,"$36,900.00"
21134,134,0006,ADAMS LANE (CR 608) OVER AMTRAK (STR. NO. 1249-164),0113,504006P,,"REINFORCEMENT STEEL, EPOXY-COATED","14,760",LB,CARBRO CONSTRUCTORS CORP.,$3.00,"$44,280.00"
21134,134,0006,ADAMS LANE (CR 608) OVER AMTRAK (STR. NO. 1249-164),0113,504006P,,"REINFORCEMENT STEEL, EPOXY-COATED","14,760",LB,"RENCOR, INC.",$3.00,"$44,280.00"
21134,134,0006,ADAMS LANE (CR 608) OVER AMTRAK (STR. NO. 1249-164),0114,504009P,,"REINFORCEMENT STEEL, GALVANIZED","93,950",LB,"SOUTH STATE, INC.",$2.65,"$248,967.50"
21134,134,0006,ADAMS LANE (CR 608) OVER AMTRAK (STR. NO. 1249-164),0114,504009P,,"REINFORCEMENT STEEL, GALVANIZED","93,950",LB,"ANSELMI & DECICCO, INC.",$3.00,"$281,850.00"
21134,134,0006,ADAMS LANE (CR 608) OVER AMTRAK (STR. NO. 1249-164),0114,504009P,,"REINFORCEMENT STEEL, GALVANIZED","93,950",LB,CARBRO CONSTRUCTORS CORP.,$2.50,"$234,875.00"
21134,134,0006,ADAMS LANE (CR 608) OVER AMTRAK (STR. NO. 1249-164),0114,504009P,,"REINFORCEMENT STEEL, GALVANIZED","93,950",LB,"RENCOR, INC.",$3.50,"$328,825.00"
21134,134,0006,ADAMS LANE (CR 608) OVER AMTRAK (STR. NO. 1249-164),0115,504010P,,DRILL AND GROUT REINFORCEMENT STEEL,653,LF,"SOUTH STATE, INC.",$60.00,"$39,180.00"
21134,134,0006,ADAMS LANE (CR 608) OVER AMTRAK (STR. NO. 1249-164),0115,504010P,,DRILL AND GROUT REINFORCEMENT STEEL,653,LF,"ANSELMI & DECICCO, INC.",$100.00,"$65,300.00"
21134,134,0006,ADAMS LANE (CR 608) OVER AMTRAK (STR. NO. 1249-164),0115,504010P,,DRILL AND GROUT REINFORCEMENT STEEL,653,LF,CARBRO CONSTRUCTORS CORP.,$50.00,"$32,650.00"
21134,134,0006,ADAMS LANE (CR 608) OVER AMTRAK (STR. NO. 1249-164),0115,504010P,,DRILL AND GROUT REINFORCEMENT STEEL,653,LF,"RENCOR, INC.",$100.00,"$65,300.00"
21134,134,0006,ADAMS LANE (CR 608) OVER AMTRAK (STR. NO. 1249-164),0116,504024P,,CONCRETE ABUTMENT WALL,37,CY,"SOUTH STATE, INC.","$3,500.00","$129,500.00"
21134,134,0006,ADAMS LANE (CR 608) OVER AMTRAK (STR. NO. 1249-164),0116,504024P,,CONCRETE ABUTMENT WALL,37,CY,"ANSELMI & DECICCO, INC.","$5,000.00","$185,000.00"
21134,134,0006,ADAMS LANE (CR 608) OVER AMTRAK (STR. NO. 1249-164),0116,504024P,,CONCRETE ABUTMENT WALL,37,CY,CARBRO CONSTRUCTORS CORP.,"$7,000.00","$259,000.00"
21134,134,0006,ADAMS LANE (CR 608) OVER AMTRAK (STR. NO. 1249-164),0116,504024P,,CONCRETE ABUTMENT WALL,37,CY,"RENCOR, INC.","$2,000.00","$74,000.00"
21134,134,0006,ADAMS LANE (CR 608) OVER AMTRAK (STR. NO. 1249-164),0117,504027P,,CONCRETE PIER COLUMN AND CAP,22,CY,"SOUTH STATE, INC.","$4,300.00","$94,600.00"
21134,134,0006,ADAMS LANE (CR 608) OVER AMTRAK (STR. NO. 1249-164),0117,504027P,,CONCRETE PIER COLUMN AND CAP,22,CY,"ANSELMI & DECICCO, INC.","$5,000.00","$110,000.00"
21134,134,0006,ADAMS LANE (CR 608) OVER AMTRAK (STR. NO. 1249-164),0117,504027P,,CONCRETE PIER COLUMN AND CAP,22,CY,CARBRO CONSTRUCTORS CORP.,"$8,000.00","$176,000.00"
21134,134,0006,ADAMS LANE (CR 608) OVER AMTRAK (STR. NO. 1249-164),0117,504027P,,CONCRETE PIER COLUMN AND CAP,22,CY,"RENCOR, INC.","$3,000.00","$66,000.00"
21134,134,0006,ADAMS LANE (CR 608) OVER AMTRAK (STR. NO. 1249-164),0118,504036P,,EPOXY WATERPROOFING,180,SY,"SOUTH STATE, INC.",$100.00,"$18,000.00"
21134,134,0006,ADAMS LANE (CR 608) OVER AMTRAK (STR. NO. 1249-164),0118,504036P,,EPOXY WATERPROOFING,180,SY,"ANSELMI & DECICCO, INC.",$150.00,"$27,000.00"
21134,134,0006,ADAMS LANE (CR 608) OVER AMTRAK (STR. NO. 1249-164),0118,504036P,,EPOXY WATERPROOFING,180,SY,CARBRO CONSTRUCTORS CORP.,$90.00,"$16,200.00"
21134,134,0006,ADAMS LANE (CR 608) OVER AMTRAK (STR. NO. 1249-164),0118,504036P,,EPOXY WATERPROOFING,180,SY,"RENCOR, INC.",$50.00,"$9,000.00"
21134,134,0006,ADAMS LANE (CR 608) OVER AMTRAK (STR. NO. 1249-164),0119,506003P,,STRUCTURAL STEEL,1,LS,"SOUTH STATE, INC.","$1,350,000.00","$1,350,000.00"
21134,134,0006,ADAMS LANE (CR 608) OVER AMTRAK (STR. NO. 1249-164),0119,506003P,,STRUCTURAL STEEL,1,LS,"ANSELMI & DECICCO, INC.","$2,165,000.00","$2,165,000.00"
21134,134,0006,ADAMS LANE (CR 608) OVER AMTRAK (STR. NO. 1249-164),0119,506003P,,STRUCTURAL STEEL,1,LS,CARBRO CONSTRUCTORS CORP.,"$1,550,000.00","$1,550,000.00"
21134,134,0006,ADAMS LANE (CR 608) OVER AMTRAK (STR. NO. 1249-164),0119,506003P,,STRUCTURAL STEEL,1,LS,"RENCOR, INC.","$2,600,000.00","$2,600,000.00"
21134,134,0006,ADAMS LANE (CR 608) OVER AMTRAK (STR. NO. 1249-164),0120,506006P,,REINFORCED ELASTOMERIC BEARING ASSEMBLY,42,U,"SOUTH STATE, INC.","$3,350.00","$140,700.00"
21134,134,0006,ADAMS LANE (CR 608) OVER AMTRAK (STR. NO. 1249-164),0120,506006P,,REINFORCED ELASTOMERIC BEARING ASSEMBLY,42,U,"ANSELMI & DECICCO, INC.","$5,000.00","$210,000.00"
21134,134,0006,ADAMS LANE (CR 608) OVER AMTRAK (STR. NO. 1249-164),0120,506006P,,REINFORCED ELASTOMERIC BEARING ASSEMBLY,42,U,CARBRO CONSTRUCTORS CORP.,"$3,100.00","$130,200.00"
21134,134,0006,ADAMS LANE (CR 608) OVER AMTRAK (STR. NO. 1249-164),0120,506006P,,REINFORCED ELASTOMERIC BEARING ASSEMBLY,42,U,"RENCOR, INC.","$3,000.00","$126,000.00"
21134,134,0006,ADAMS LANE (CR 608) OVER AMTRAK (STR. NO. 1249-164),0121,506015P,,"SHEAR CONNECTOR, GALVANIZED","4,466",U,"SOUTH STATE, INC.",$9.50,"$42,427.00"
21134,134,0006,ADAMS LANE (CR 608) OVER AMTRAK (STR. NO. 1249-164),0121,506015P,,"SHEAR CONNECTOR, GALVANIZED","4,466",U,"ANSELMI & DECICCO, INC.",$10.00,"$44,660.00"
21134,134,0006,ADAMS LANE (CR 608) OVER AMTRAK (STR. NO. 1249-164),0121,506015P,,"SHEAR CONNECTOR, GALVANIZED","4,466",U,CARBRO CONSTRUCTORS CORP.,$13.00,"$58,058.00"
21134,134,0006,ADAMS LANE (CR 608) OVER AMTRAK (STR. NO. 1249-164),0121,506015P,,"SHEAR CONNECTOR, GALVANIZED","4,466",U,"RENCOR, INC.",$10.00,"$44,660.00"
21134,134,0006,ADAMS LANE (CR 608) OVER AMTRAK (STR. NO. 1249-164),0122,507015P,,STRIP SEAL EXPANSION JOINT ASSEMBLY,148,LF,"SOUTH STATE, INC.",$675.00,"$99,900.00"
21134,134,0006,ADAMS LANE (CR 608) OVER AMTRAK (STR. NO. 1249-164),0122,507015P,,STRIP SEAL EXPANSION JOINT ASSEMBLY,148,LF,"ANSELMI & DECICCO, INC.",$750.00,"$111,000.00"
21134,134,0006,ADAMS LANE (CR 608) OVER AMTRAK (STR. NO. 1249-164),0122,507015P,,STRIP SEAL EXPANSION JOINT ASSEMBLY,148,LF,CARBRO CONSTRUCTORS CORP.,$550.00,"$81,400.00"
21134,134,0006,ADAMS LANE (CR 608) OVER AMTRAK (STR. NO. 1249-164),0122,507015P,,STRIP SEAL EXPANSION JOINT ASSEMBLY,148,LF,"RENCOR, INC.",$600.00,"$88,800.00"
21134,134,0006,ADAMS LANE (CR 608) OVER AMTRAK (STR. NO. 1249-164),0123,507024P,,"CONCRETE BRIDGE DECK, HPC",226,CY,"SOUTH STATE, INC.","$2,400.00","$542,400.00"
21134,134,0006,ADAMS LANE (CR 608) OVER AMTRAK (STR. NO. 1249-164),0123,507024P,,"CONCRETE BRIDGE DECK, HPC",226,CY,"ANSELMI & DECICCO, INC.","$2,500.00","$565,000.00"
21134,134,0006,ADAMS LANE (CR 608) OVER AMTRAK (STR. NO. 1249-164),0123,507024P,,"CONCRETE BRIDGE DECK, HPC",226,CY,CARBRO CONSTRUCTORS CORP.,"$1,600.00","$361,600.00"
21134,134,0006,ADAMS LANE (CR 608) OVER AMTRAK (STR. NO. 1249-164),0123,507024P,,"CONCRETE BRIDGE DECK, HPC",226,CY,"RENCOR, INC.","$1,400.00","$316,400.00"
21134,134,0006,ADAMS LANE (CR 608) OVER AMTRAK (STR. NO. 1249-164),0124,507033P,,"CONCRETE BRIDGE SIDEWALK, HPC",45,CY,"SOUTH STATE, INC.",$925.00,"$41,625.00"
21134,134,0006,ADAMS LANE (CR 608) OVER AMTRAK (STR. NO. 1249-164),0124,507033P,,"CONCRETE BRIDGE SIDEWALK, HPC",45,CY,"ANSELMI & DECICCO, INC.","$2,500.00","$112,500.00"
21134,134,0006,ADAMS LANE (CR 608) OVER AMTRAK (STR. NO. 1249-164),0124,507033P,,"CONCRETE BRIDGE SIDEWALK, HPC",45,CY,CARBRO CONSTRUCTORS CORP.,$850.00,"$38,250.00"
21134,134,0006,ADAMS LANE (CR 608) OVER AMTRAK (STR. NO. 1249-164),0124,507033P,,"CONCRETE BRIDGE SIDEWALK, HPC",45,CY,"RENCOR, INC.",$800.00,"$36,000.00"
21134,134,0006,ADAMS LANE (CR 608) OVER AMTRAK (STR. NO. 1249-164),0125,507039P,,"CONCRETE BRIDGE PARAPET, HPC",565,LF,"SOUTH STATE, INC.",$525.00,"$296,625.00"
21134,134,0006,ADAMS LANE (CR 608) OVER AMTRAK (STR. NO. 1249-164),0125,507039P,,"CONCRETE BRIDGE PARAPET, HPC",565,LF,"ANSELMI & DECICCO, INC.",$500.00,"$282,500.00"
21134,134,0006,ADAMS LANE (CR 608) OVER AMTRAK (STR. NO. 1249-164),0125,507039P,,"CONCRETE BRIDGE PARAPET, HPC",565,LF,CARBRO CONSTRUCTORS CORP.,$560.00,"$316,400.00"
21134,134,0006,ADAMS LANE (CR 608) OVER AMTRAK (STR. NO. 1249-164),0125,507039P,,"CONCRETE BRIDGE PARAPET, HPC",565,LF,"RENCOR, INC.",$325.00,"$183,625.00"
21134,134,0006,ADAMS LANE (CR 608) OVER AMTRAK (STR. NO. 1249-164),0126,507051P,,CONCRETE BRIDGE APPROACH,142,CY,"SOUTH STATE, INC.","$1,300.00","$184,600.00"
21134,134,0006,ADAMS LANE (CR 608) OVER AMTRAK (STR. NO. 1249-164),0126,507051P,,CONCRETE BRIDGE APPROACH,142,CY,"ANSELMI & DECICCO, INC.","$1,000.00","$142,000.00"
21134,134,0006,ADAMS LANE (CR 608) OVER AMTRAK (STR. NO. 1249-164),0126,507051P,,CONCRETE BRIDGE APPROACH,142,CY,CARBRO CONSTRUCTORS CORP.,$680.00,"$96,560.00"
21134,134,0006,ADAMS LANE (CR 608) OVER AMTRAK (STR. NO. 1249-164),0126,507051P,,CONCRETE BRIDGE APPROACH,142,CY,"RENCOR, INC.","$1,200.00","$170,400.00"
21134,134,0006,ADAMS LANE (CR 608) OVER AMTRAK (STR. NO. 1249-164),0127,509017P,,"CHAIN-LINK FENCE, ALUMINUM-COATED STEEL, BRIDGE, 3' 0"" HIGH, CURVED TOP",247,LF,"SOUTH STATE, INC.",$150.00,"$37,050.00"
21134,134,0006,ADAMS LANE (CR 608) OVER AMTRAK (STR. NO. 1249-164),0127,509017P,,"CHAIN-LINK FENCE, ALUMINUM-COATED STEEL, BRIDGE, 3' 0"" HIGH, CURVED TOP",247,LF,"ANSELMI & DECICCO, INC.",$130.00,"$32,110.00"
21134,134,0006,ADAMS LANE (CR 608) OVER AMTRAK (STR. NO. 1249-164),0127,509017P,,"CHAIN-LINK FENCE, ALUMINUM-COATED STEEL, BRIDGE, 3' 0"" HIGH, CURVED TOP",247,LF,CARBRO CONSTRUCTORS CORP.,$155.00,"$38,285.00"
21134,134,0006,ADAMS LANE (CR 608) OVER AMTRAK (STR. NO. 1249-164),0127,509017P,,"CHAIN-LINK FENCE, ALUMINUM-COATED STEEL, BRIDGE, 3' 0"" HIGH, CURVED TOP",247,LF,"RENCOR, INC.",$140.00,"$34,580.00"
21134,134,0006,ADAMS LANE (CR 608) OVER AMTRAK (STR. NO. 1249-164),0128,509019P,,"CHAIN-LINK FENCE, TYPE II, ALUMINUM-COATED STEEL, BRIDGE, 3' 0"" HIGH",247,LF,"SOUTH STATE, INC.",$140.00,"$34,580.00"
21134,134,0006,ADAMS LANE (CR 608) OVER AMTRAK (STR. NO. 1249-164),0128,509019P,,"CHAIN-LINK FENCE, TYPE II, ALUMINUM-COATED STEEL, BRIDGE, 3' 0"" HIGH",247,LF,"ANSELMI & DECICCO, INC.",$125.00,"$30,875.00"
21134,134,0006,ADAMS LANE (CR 608) OVER AMTRAK (STR. NO. 1249-164),0128,509019P,,"CHAIN-LINK FENCE, TYPE II, ALUMINUM-COATED STEEL, BRIDGE, 3' 0"" HIGH",247,LF,CARBRO CONSTRUCTORS CORP.,$156.00,"$38,532.00"
21134,134,0006,ADAMS LANE (CR 608) OVER AMTRAK (STR. NO. 1249-164),0128,509019P,,"CHAIN-LINK FENCE, TYPE II, ALUMINUM-COATED STEEL, BRIDGE, 3' 0"" HIGH",247,LF,"RENCOR, INC.",$130.00,"$32,110.00"
21134,134,0006,ADAMS LANE (CR 608) OVER AMTRAK (STR. NO. 1249-164),0129,509150P,,"BRIDGE COMBINATION RAILING (1 RAIL, STEEL)",25,LF,"SOUTH STATE, INC.",$175.00,"$4,375.00"
21134,134,0006,ADAMS LANE (CR 608) OVER AMTRAK (STR. NO. 1249-164),0129,509150P,,"BRIDGE COMBINATION RAILING (1 RAIL, STEEL)",25,LF,"ANSELMI & DECICCO, INC.",$110.00,"$2,750.00"
21134,134,0006,ADAMS LANE (CR 608) OVER AMTRAK (STR. NO. 1249-164),0129,509150P,,"BRIDGE COMBINATION RAILING (1 RAIL, STEEL)",25,LF,CARBRO CONSTRUCTORS CORP.,$260.00,"$6,500.00"
21134,134,0006,ADAMS LANE (CR 608) OVER AMTRAK (STR. NO. 1249-164),0129,509150P,,"BRIDGE COMBINATION RAILING (1 RAIL, STEEL)",25,LF,"RENCOR, INC.",$120.00,"$3,000.00"
21134,134,0006,ADAMS LANE (CR 608) OVER AMTRAK (STR. NO. 1249-164),0130,552003M,,"PRESSURE INJECTION, CONCRETE CRACKS",80,LF,"SOUTH STATE, INC.",$100.00,"$8,000.00"
21134,134,0006,ADAMS LANE (CR 608) OVER AMTRAK (STR. NO. 1249-164),0130,552003M,,"PRESSURE INJECTION, CONCRETE CRACKS",80,LF,"ANSELMI & DECICCO, INC.",$300.00,"$24,000.00"
21134,134,0006,ADAMS LANE (CR 608) OVER AMTRAK (STR. NO. 1249-164),0130,552003M,,"PRESSURE INJECTION, CONCRETE CRACKS",80,LF,CARBRO CONSTRUCTORS CORP.,$290.00,"$23,200.00"
21134,134,0006,ADAMS LANE (CR 608) OVER AMTRAK (STR. NO. 1249-164),0130,552003M,,"PRESSURE INJECTION, CONCRETE CRACKS",80,LF,"RENCOR, INC.",$50.00,"$4,000.00"
21134,134,0006,ADAMS LANE (CR 608) OVER AMTRAK (STR. NO. 1249-164),0131,553003M,,PNEUMATICALLY APPLIED MORTAR,31,SF,"SOUTH STATE, INC.",$450.00,"$13,950.00"
21134,134,0006,ADAMS LANE (CR 608) OVER AMTRAK (STR. NO. 1249-164),0131,553003M,,PNEUMATICALLY APPLIED MORTAR,31,SF,"ANSELMI & DECICCO, INC.",$500.00,"$15,500.00"
21134,134,0006,ADAMS LANE (CR 608) OVER AMTRAK (STR. NO. 1249-164),0131,553003M,,PNEUMATICALLY APPLIED MORTAR,31,SF,CARBRO CONSTRUCTORS CORP.,$480.00,"$14,880.00"
21134,134,0006,ADAMS LANE (CR 608) OVER AMTRAK (STR. NO. 1249-164),0131,553003M,,PNEUMATICALLY APPLIED MORTAR,31,SF,"RENCOR, INC.",$300.00,"$9,300.00"
21134,134,0006,ADAMS LANE (CR 608) OVER AMTRAK (STR. NO. 1249-164),0132,701021P,,"3"" RIGID METALLIC CONDUIT",561,LF,"SOUTH STATE, INC.",$65.00,"$36,465.00"
21134,134,0006,ADAMS LANE (CR 608) OVER AMTRAK (STR. NO. 1249-164),0132,701021P,,"3"" RIGID METALLIC CONDUIT",561,LF,"ANSELMI & DECICCO, INC.",$80.00,"$44,880.00"
21134,134,0006,ADAMS LANE (CR 608) OVER AMTRAK (STR. NO. 1249-164),0132,701021P,,"3"" RIGID METALLIC CONDUIT",561,LF,CARBRO CONSTRUCTORS CORP.,$70.00,"$39,270.00"
21134,134,0006,ADAMS LANE (CR 608) OVER AMTRAK (STR. NO. 1249-164),0132,701021P,,"3"" RIGID METALLIC CONDUIT",561,LF,"RENCOR, INC.",$65.00,"$36,465.00"
21134,134,0006,ADAMS LANE (CR 608) OVER AMTRAK (STR. NO. 1249-164),0133,750052P,,GROUNDING AND BONDING SYSTEM,1,LS,"SOUTH STATE, INC.","$100,000.00","$100,000.00"
21134,134,0006,ADAMS LANE (CR 608) OVER AMTRAK (STR. NO. 1249-164),0133,750052P,,GROUNDING AND BONDING SYSTEM,1,LS,"ANSELMI & DECICCO, INC.","$22,000.00","$22,000.00"
21134,134,0006,ADAMS LANE (CR 608) OVER AMTRAK (STR. NO. 1249-164),0133,750052P,,GROUNDING AND BONDING SYSTEM,1,LS,CARBRO CONSTRUCTORS CORP.,"$110,000.00","$110,000.00"
21134,134,0006,ADAMS LANE (CR 608) OVER AMTRAK (STR. NO. 1249-164),0133,750052P,,GROUNDING AND BONDING SYSTEM,1,LS,"RENCOR, INC.","$105,000.00","$105,000.00"
21134,134,0007,Retaining Wall No. 1,0134,201009P,,"CLEARING SITE, STRUCTURE (___) EXISTING WALL",1,LS,"SOUTH STATE, INC.","$50,000.00","$50,000.00"
21134,134,0007,Retaining Wall No. 1,0134,201009P,,"CLEARING SITE, STRUCTURE (___) EXISTING WALL",1,LS,"ANSELMI & DECICCO, INC.","$59,000.00","$59,000.00"
21134,134,0007,Retaining Wall No. 1,0134,201009P,,"CLEARING SITE, STRUCTURE (___) EXISTING WALL",1,LS,CARBRO CONSTRUCTORS CORP.,"$59,000.00","$59,000.00"
21134,134,0007,Retaining Wall No. 1,0134,201009P,,"CLEARING SITE, STRUCTURE (___) EXISTING WALL",1,LS,"RENCOR, INC.","$100,000.00","$100,000.00"
21134,134,0007,Retaining Wall No. 1,0135,202009P,,"EXCAVATION, UNCLASSIFIED","1,252",CY,"SOUTH STATE, INC.",$55.00,"$68,860.00"
21134,134,0007,Retaining Wall No. 1,0135,202009P,,"EXCAVATION, UNCLASSIFIED","1,252",CY,"ANSELMI & DECICCO, INC.",$50.00,"$62,600.00"
21134,134,0007,Retaining Wall No. 1,0135,202009P,,"EXCAVATION, UNCLASSIFIED","1,252",CY,CARBRO CONSTRUCTORS CORP.,$45.00,"$56,340.00"
21134,134,0007,Retaining Wall No. 1,0135,202009P,,"EXCAVATION, UNCLASSIFIED","1,252",CY,"RENCOR, INC.",$50.00,"$62,600.00"
21134,134,0007,Retaining Wall No. 1,0136,203009P,,I-9 SOIL AGGREGATE,435,CY,"SOUTH STATE, INC.",$150.00,"$65,250.00"
21134,134,0007,Retaining Wall No. 1,0136,203009P,,I-9 SOIL AGGREGATE,435,CY,"ANSELMI & DECICCO, INC.",$50.00,"$21,750.00"
21134,134,0007,Retaining Wall No. 1,0136,203009P,,I-9 SOIL AGGREGATE,435,CY,CARBRO CONSTRUCTORS CORP.,$94.00,"$40,890.00"
21134,134,0007,Retaining Wall No. 1,0136,203009P,,I-9 SOIL AGGREGATE,435,CY,"RENCOR, INC.",$90.00,"$39,150.00"
21134,134,0007,Retaining Wall No. 1,0137,502002P,,FURNISHING EQUIPMENT FOR DRILLING PILES,1,LS,"SOUTH STATE, INC.","$270,000.00","$270,000.00"
21134,134,0007,Retaining Wall No. 1,0137,502002P,,FURNISHING EQUIPMENT FOR DRILLING PILES,1,LS,"ANSELMI & DECICCO, INC.","$24,000.00","$24,000.00"
21134,134,0007,Retaining Wall No. 1,0137,502002P,,FURNISHING EQUIPMENT FOR DRILLING PILES,1,LS,CARBRO CONSTRUCTORS CORP.,"$72,500.00","$72,500.00"
21134,134,0007,Retaining Wall No. 1,0137,502002P,,FURNISHING EQUIPMENT FOR DRILLING PILES,1,LS,"RENCOR, INC.","$100,000.00","$100,000.00"
21134,134,0007,Retaining Wall No. 1,0138,502310M,,"CAST-IN-PLACE CONCRETE PILE, DRILLED, 24"" DIAMETER","2,358",LF,"SOUTH STATE, INC.",$300.00,"$707,400.00"
21134,134,0007,Retaining Wall No. 1,0138,502310M,,"CAST-IN-PLACE CONCRETE PILE, DRILLED, 24"" DIAMETER","2,358",LF,"ANSELMI & DECICCO, INC.",$250.00,"$589,500.00"
21134,134,0007,Retaining Wall No. 1,0138,502310M,,"CAST-IN-PLACE CONCRETE PILE, DRILLED, 24"" DIAMETER","2,358",LF,CARBRO CONSTRUCTORS CORP.,$320.00,"$754,560.00"
21134,134,0007,Retaining Wall No. 1,0138,502310M,,"CAST-IN-PLACE CONCRETE PILE, DRILLED, 24"" DIAMETER","2,358",LF,"RENCOR, INC.",$200.00,"$471,600.00"
21134,134,0007,Retaining Wall No. 1,0139,513003P,,"RETAINING WALL, LOCATION NO. ___ 1","1,695",SF,"SOUTH STATE, INC.",$420.00,"$711,900.00"
21134,134,0007,Retaining Wall No. 1,0139,513003P,,"RETAINING WALL, LOCATION NO. ___ 1","1,695",SF,"ANSELMI & DECICCO, INC.",$75.00,"$127,125.00"
21134,134,0007,Retaining Wall No. 1,0139,513003P,,"RETAINING WALL, LOCATION NO. ___ 1","1,695",SF,CARBRO CONSTRUCTORS CORP.,$300.00,"$508,500.00"
21134,134,0007,Retaining Wall No. 1,0139,513003P,,"RETAINING WALL, LOCATION NO. ___ 1","1,695",SF,"RENCOR, INC.",$600.00,"$1,017,000.00"
21134,134,0008,Retaining Wall No. 2,0140,202009P,,"EXCAVATION, UNCLASSIFIED","1,015",CY,"SOUTH STATE, INC.",$45.00,"$45,675.00"
21134,134,0008,Retaining Wall No. 2,0140,202009P,,"EXCAVATION, UNCLASSIFIED","1,015",CY,"ANSELMI & DECICCO, INC.",$50.00,"$50,750.00"
21134,134,0008,Retaining Wall No. 2,0140,202009P,,"EXCAVATION, UNCLASSIFIED","1,015",CY,CARBRO CONSTRUCTORS CORP.,$40.00,"$40,600.00"
21134,134,0008,Retaining Wall No. 2,0140,202009P,,"EXCAVATION, UNCLASSIFIED","1,015",CY,"RENCOR, INC.",$50.00,"$50,750.00"
21134,134,0008,Retaining Wall No. 2,0141,203009P,,I-9 SOIL AGGREGATE,478,CY,"SOUTH STATE, INC.",$145.00,"$69,310.00"
21134,134,0008,Retaining Wall No. 2,0141,203009P,,I-9 SOIL AGGREGATE,478,CY,"ANSELMI & DECICCO, INC.",$50.00,"$23,900.00"
21134,134,0008,Retaining Wall No. 2,0141,203009P,,I-9 SOIL AGGREGATE,478,CY,CARBRO CONSTRUCTORS CORP.,$94.00,"$44,932.00"
21134,134,0008,Retaining Wall No. 2,0141,203009P,,I-9 SOIL AGGREGATE,478,CY,"RENCOR, INC.",$100.00,"$47,800.00"
21134,134,0008,Retaining Wall No. 2,0142,502310M,,"CAST-IN-PLACE CONCRETE PILE, DRILLED, 24"" DIAMETER","2,251",LF,"SOUTH STATE, INC.",$360.00,"$810,360.00"
21134,134,0008,Retaining Wall No. 2,0142,502310M,,"CAST-IN-PLACE CONCRETE PILE, DRILLED, 24"" DIAMETER","2,251",LF,"ANSELMI & DECICCO, INC.",$250.00,"$562,750.00"
21134,134,0008,Retaining Wall No. 2,0142,502310M,,"CAST-IN-PLACE CONCRETE PILE, DRILLED, 24"" DIAMETER","2,251",LF,CARBRO CONSTRUCTORS CORP.,$320.00,"$720,320.00"
21134,134,0008,Retaining Wall No. 2,0142,502310M,,"CAST-IN-PLACE CONCRETE PILE, DRILLED, 24"" DIAMETER","2,251",LF,"RENCOR, INC.",$200.00,"$450,200.00"
21134,134,0008,Retaining Wall No. 2,0143,513003P,,"RETAINING WALL, LOCATION NO. ___ 2","1,622",SF,"SOUTH STATE, INC.",$450.00,"$729,900.00"
21134,134,0008,Retaining Wall No. 2,0143,513003P,,"RETAINING WALL, LOCATION NO. ___ 2","1,622",SF,"ANSELMI & DECICCO, INC.",$75.00,"$121,650.00"
21134,134,0008,Retaining Wall No. 2,0143,513003P,,"RETAINING WALL, LOCATION NO. ___ 2","1,622",SF,CARBRO CONSTRUCTORS CORP.,$300.00,"$486,600.00"
21134,134,0008,Retaining Wall No. 2,0143,513003P,,"RETAINING WALL, LOCATION NO. ___ 2","1,622",SF,"RENCOR, INC.",$600.00,"$973,200.00"