Proposal,Call Order,Section Number,Section Description,Line,Item,Alternate Code,Item Description,Quantity,Unit,Vendor Name,Unit Price,Extension
22124,124,0001,Roadway,0001,151006M,,PERFORMANCE BOND AND PAYMENT BOND,1,DOLL,"SOUTH STATE, INC.","$35,000.00","$35,000.00"
22124,124,0001,Roadway,0001,151006M,,PERFORMANCE BOND AND PAYMENT BOND,1,DOLL,"JPC GROUP, INC.","$53,000.00","$53,000.00"
22124,124,0001,Roadway,0001,151006M,,PERFORMANCE BOND AND PAYMENT BOND,1,DOLL,"ROAD-CON, INC.","$47,847.00","$47,847.00"
22124,124,0003,Non Participating,0002,152015P,,POLLUTION LIABILITY INSURANCE,1,DOLL,"SOUTH STATE, INC.",$1.00,$1.00
22124,124,0003,Non Participating,0002,152015P,,POLLUTION LIABILITY INSURANCE,1,DOLL,"JPC GROUP, INC.",$1.00,$1.00
22124,124,0003,Non Participating,0002,152015P,,POLLUTION LIABILITY INSURANCE,1,DOLL,"ROAD-CON, INC.","$15,000.00","$15,000.00"
22124,124,0001,Roadway,0003,153003P,,PROGRESS SCHEDULE,1,LS,"SOUTH STATE, INC.","$5,000.00","$5,000.00"
22124,124,0001,Roadway,0003,153003P,,PROGRESS SCHEDULE,1,LS,"JPC GROUP, INC.","$5,750.00","$5,750.00"
22124,124,0001,Roadway,0003,153003P,,PROGRESS SCHEDULE,1,LS,"ROAD-CON, INC.","$5,520.00","$5,520.00"
22124,124,0001,Roadway,0004,153005M,,PROGRESS SCHEDULE UPDATE,10,U,"SOUTH STATE, INC.",$1.00,$10.00
22124,124,0001,Roadway,0004,153005M,,PROGRESS SCHEDULE UPDATE,10,U,"JPC GROUP, INC.","$1,375.00","$13,750.00"
22124,124,0001,Roadway,0004,153005M,,PROGRESS SCHEDULE UPDATE,10,U,"ROAD-CON, INC.",$331.00,"$3,310.00"
22124,124,0001,Roadway,0005,153011M,,TRAINEES,"4,190",HOUR,"SOUTH STATE, INC.",$1.00,"$4,190.00"
22124,124,0001,Roadway,0005,153011M,,TRAINEES,"4,190",HOUR,"JPC GROUP, INC.",$1.00,"$4,190.00"
22124,124,0001,Roadway,0005,153011M,,TRAINEES,"4,190",HOUR,"ROAD-CON, INC.",$120.00,"$502,800.00"
22124,124,0001,Roadway,0006,154003P,,MOBILIZATION,1,LS,"SOUTH STATE, INC.","$770,000.00","$770,000.00"
22124,124,0001,Roadway,0006,154003P,,MOBILIZATION,1,LS,"JPC GROUP, INC.","$810,000.00","$810,000.00"
22124,124,0001,Roadway,0006,154003P,,MOBILIZATION,1,LS,"ROAD-CON, INC.","$814,900.00","$814,900.00"
22124,124,0002,Construction Engineering,0007,155015M,,FIELD OFFICE TYPE E SET UP,1,U,"SOUTH STATE, INC.","$30,000.00","$30,000.00"
22124,124,0002,Construction Engineering,0007,155015M,,FIELD OFFICE TYPE E SET UP,1,U,"JPC GROUP, INC.","$70,000.00","$70,000.00"
22124,124,0002,Construction Engineering,0007,155015M,,FIELD OFFICE TYPE E SET UP,1,U,"ROAD-CON, INC.","$151,100.00","$151,100.00"
22124,124,0002,Construction Engineering,0008,155033M,,FIELD OFFICE TYPE E MAINTENANCE,26,MO,"SOUTH STATE, INC.","$1,000.00","$26,000.00"
22124,124,0002,Construction Engineering,0008,155033M,,FIELD OFFICE TYPE E MAINTENANCE,26,MO,"JPC GROUP, INC.","$3,700.00","$96,200.00"
22124,124,0002,Construction Engineering,0008,155033M,,FIELD OFFICE TYPE E MAINTENANCE,26,MO,"ROAD-CON, INC.",$960.00,"$24,960.00"
22124,124,0001,Roadway,0009,157004M,,CONSTRUCTION LAYOUT,1,DOLL,"SOUTH STATE, INC.","$20,000.00","$20,000.00"
22124,124,0001,Roadway,0009,157004M,,CONSTRUCTION LAYOUT,1,DOLL,"JPC GROUP, INC.","$175,000.00","$175,000.00"
22124,124,0001,Roadway,0009,157004M,,CONSTRUCTION LAYOUT,1,DOLL,"ROAD-CON, INC.","$30,000.00","$30,000.00"
22124,124,0004,Erosion Control,0010,158012M,,"HEAVY DUTY SILT FENCE, BLACK",500,LF,"SOUTH STATE, INC.",$13.00,"$6,500.00"
22124,124,0004,Erosion Control,0010,158012M,,"HEAVY DUTY SILT FENCE, BLACK",500,LF,"JPC GROUP, INC.",$11.00,"$5,500.00"
22124,124,0004,Erosion Control,0010,158012M,,"HEAVY DUTY SILT FENCE, BLACK",500,LF,"ROAD-CON, INC.",$20.75,"$10,375.00"
22124,124,0004,Erosion Control,0011,158030M,,"INLET FILTER TYPE 2, 2' X 4'",3,U,"SOUTH STATE, INC.",$75.00,$225.00
22124,124,0004,Erosion Control,0011,158030M,,"INLET FILTER TYPE 2, 2' X 4'",3,U,"JPC GROUP, INC.",$450.00,"$1,350.00"
22124,124,0004,Erosion Control,0011,158030M,,"INLET FILTER TYPE 2, 2' X 4'",3,U,"ROAD-CON, INC.",$243.00,$729.00
22124,124,0004,Erosion Control,0012,158063P,,CONCRETE WASHOUT SYSTEM,1,LS,"SOUTH STATE, INC.","$6,000.00","$6,000.00"
22124,124,0004,Erosion Control,0012,158063P,,CONCRETE WASHOUT SYSTEM,1,LS,"JPC GROUP, INC.","$3,000.00","$3,000.00"
22124,124,0004,Erosion Control,0012,158063P,,CONCRETE WASHOUT SYSTEM,1,LS,"ROAD-CON, INC.","$8,980.00","$8,980.00"
22124,124,0004,Erosion Control,0013,158072M,,"OIL ONLY EMERGENCY SPILL KIT, TYPE 1",2,U,"SOUTH STATE, INC.",$100.00,$200.00
22124,124,0004,Erosion Control,0013,158072M,,"OIL ONLY EMERGENCY SPILL KIT, TYPE 1",2,U,"JPC GROUP, INC.","$1,250.00","$2,500.00"
22124,124,0004,Erosion Control,0013,158072M,,"OIL ONLY EMERGENCY SPILL KIT, TYPE 1",2,U,"ROAD-CON, INC.","$1,590.00","$3,180.00"
22124,124,0001,Roadway,0014,159003M,,BREAKAWAY BARRICADE,40,U,"SOUTH STATE, INC.",$1.00,$40.00
22124,124,0001,Roadway,0014,159003M,,BREAKAWAY BARRICADE,40,U,"JPC GROUP, INC.",$1.00,$40.00
22124,124,0001,Roadway,0014,159003M,,BREAKAWAY BARRICADE,40,U,"ROAD-CON, INC.",$139.00,"$5,560.00"
22124,124,0001,Roadway,0015,159006M,,DRUM,200,U,"SOUTH STATE, INC.",$1.00,$200.00
22124,124,0001,Roadway,0015,159006M,,DRUM,200,U,"JPC GROUP, INC.",$1.00,$200.00
22124,124,0001,Roadway,0015,159006M,,DRUM,200,U,"ROAD-CON, INC.",$76.50,"$15,300.00"
22124,124,0001,Roadway,0016,159009M,,TRAFFIC CONE,500,U,"SOUTH STATE, INC.",$1.00,$500.00
22124,124,0001,Roadway,0016,159009M,,TRAFFIC CONE,500,U,"JPC GROUP, INC.",$1.00,$500.00
22124,124,0001,Roadway,0016,159009M,,TRAFFIC CONE,500,U,"ROAD-CON, INC.",$27.00,"$13,500.00"
22124,124,0001,Roadway,0017,159012M,,CONSTRUCTION SIGNS,"1,100",SF,"SOUTH STATE, INC.",$17.00,"$18,700.00"
22124,124,0001,Roadway,0017,159012M,,CONSTRUCTION SIGNS,"1,100",SF,"JPC GROUP, INC.",$15.00,"$16,500.00"
22124,124,0001,Roadway,0017,159012M,,CONSTRUCTION SIGNS,"1,100",SF,"ROAD-CON, INC.",$11.25,"$12,375.00"
22124,124,0001,Roadway,0018,159015M,,"CONSTRUCTION IDENTIFICATION SIGN, 4' X 8'",4,U,"SOUTH STATE, INC.",$750.00,"$3,000.00"
22124,124,0001,Roadway,0018,159015M,,"CONSTRUCTION IDENTIFICATION SIGN, 4' X 8'",4,U,"JPC GROUP, INC.","$1,250.00","$5,000.00"
22124,124,0001,Roadway,0018,159015M,,"CONSTRUCTION IDENTIFICATION SIGN, 4' X 8'",4,U,"ROAD-CON, INC.","$1,180.00","$4,720.00"
22124,124,0001,Roadway,0019,159021P,,CONSTRUCTION BARRIER CURB,"1,700",LF,"SOUTH STATE, INC.",$150.00,"$255,000.00"
22124,124,0001,Roadway,0019,159021P,,CONSTRUCTION BARRIER CURB,"1,700",LF,"JPC GROUP, INC.",$50.00,"$85,000.00"
22124,124,0001,Roadway,0019,159021P,,CONSTRUCTION BARRIER CURB,"1,700",LF,"ROAD-CON, INC.",$41.25,"$70,125.00"
22124,124,0001,Roadway,0020,159027M,,"FLASHING ARROW BOARD, 4' X 8'",4,U,"SOUTH STATE, INC.",$100.00,$400.00
22124,124,0001,Roadway,0020,159027M,,"FLASHING ARROW BOARD, 4' X 8'",4,U,"JPC GROUP, INC.",$75.00,$300.00
22124,124,0001,Roadway,0020,159027M,,"FLASHING ARROW BOARD, 4' X 8'",4,U,"ROAD-CON, INC.","$2,940.00","$11,760.00"
22124,124,0001,Roadway,0021,159030M,,PORTABLE VARIABLE MESSAGE SIGN,4,U,"SOUTH STATE, INC.","$5,000.00","$20,000.00"
22124,124,0001,Roadway,0021,159030M,,PORTABLE VARIABLE MESSAGE SIGN,4,U,"JPC GROUP, INC.",$250.00,"$1,000.00"
22124,124,0001,Roadway,0021,159030M,,PORTABLE VARIABLE MESSAGE SIGN,4,U,"ROAD-CON, INC.","$10,600.00","$42,400.00"
22124,124,0001,Roadway,0022,159108M,,TRAFFIC CONTROL TRUCK WITH MOUNTED CRASH CUSHION,4,U,"SOUTH STATE, INC.",$500.00,"$2,000.00"
22124,124,0001,Roadway,0022,159108M,,TRAFFIC CONTROL TRUCK WITH MOUNTED CRASH CUSHION,4,U,"JPC GROUP, INC.",$400.00,"$1,600.00"
22124,124,0001,Roadway,0022,159108M,,TRAFFIC CONTROL TRUCK WITH MOUNTED CRASH CUSHION,4,U,"ROAD-CON, INC.","$11,780.00","$47,120.00"
22124,124,0001,Roadway,0023,159212M,,"TEMPORARY CRASH CUSHION, COMPRESSIVE BARRIER, TYPE 3, WIDTH NARROW",4,U,"SOUTH STATE, INC.","$6,000.00","$24,000.00"
22124,124,0001,Roadway,0023,159212M,,"TEMPORARY CRASH CUSHION, COMPRESSIVE BARRIER, TYPE 3, WIDTH NARROW",4,U,"JPC GROUP, INC.","$15,000.00","$60,000.00"
22124,124,0001,Roadway,0023,159212M,,"TEMPORARY CRASH CUSHION, COMPRESSIVE BARRIER, TYPE 3, WIDTH NARROW",4,U,"ROAD-CON, INC.","$14,130.00","$56,520.00"
22124,124,0001,Roadway,0024,159300M,,"TRAFFIC STRIPES, LATEX, 4""","7,250",LF,"SOUTH STATE, INC.",$0.30,"$2,175.00"
22124,124,0001,Roadway,0024,159300M,,"TRAFFIC STRIPES, LATEX, 4""","7,250",LF,"JPC GROUP, INC.",$0.35,"$2,537.50"
22124,124,0001,Roadway,0024,159300M,,"TRAFFIC STRIPES, LATEX, 4""","7,250",LF,"ROAD-CON, INC.",$0.35,"$2,537.50"
22124,124,0001,Roadway,0025,159302M,,"TRAFFIC STRIPES, LATEX, 8""",850,LF,"SOUTH STATE, INC.",$0.60,$510.00
22124,124,0001,Roadway,0025,159302M,,"TRAFFIC STRIPES, LATEX, 8""",850,LF,"JPC GROUP, INC.",$0.70,$595.00
22124,124,0001,Roadway,0025,159302M,,"TRAFFIC STRIPES, LATEX, 8""",850,LF,"ROAD-CON, INC.",$0.70,$595.00
22124,124,0001,Roadway,0026,160004M,,FUEL PRICE ADJUSTMENT,1,DOLL,"SOUTH STATE, INC.",$900.00,$900.00
22124,124,0001,Roadway,0026,160004M,,FUEL PRICE ADJUSTMENT,1,DOLL,"JPC GROUP, INC.",$900.00,$900.00
22124,124,0001,Roadway,0026,160004M,,FUEL PRICE ADJUSTMENT,1,DOLL,"ROAD-CON, INC.",$900.00,$900.00
22124,124,0001,Roadway,0027,160007M,,ASPHALT PRICE ADJUSTMENT,1,DOLL,"SOUTH STATE, INC.","$1,100.00","$1,100.00"
22124,124,0001,Roadway,0027,160007M,,ASPHALT PRICE ADJUSTMENT,1,DOLL,"JPC GROUP, INC.","$1,100.00","$1,100.00"
22124,124,0001,Roadway,0027,160007M,,ASPHALT PRICE ADJUSTMENT,1,DOLL,"ROAD-CON, INC.","$1,100.00","$1,100.00"
22124,124,0001,Roadway,0028,161003P,,FINAL CLEANUP,1,LS,"SOUTH STATE, INC.",$100.00,$100.00
22124,124,0001,Roadway,0028,161003P,,FINAL CLEANUP,1,LS,"JPC GROUP, INC.","$22,500.00","$22,500.00"
22124,124,0001,Roadway,0028,161003P,,FINAL CLEANUP,1,LS,"ROAD-CON, INC.","$21,160.00","$21,160.00"
22124,124,0001,Roadway,0029,201003P,,CLEARING SITE,1,LS,"SOUTH STATE, INC.","$5,000.00","$5,000.00"
22124,124,0001,Roadway,0029,201003P,,CLEARING SITE,1,LS,"JPC GROUP, INC.","$100,000.00","$100,000.00"
22124,124,0001,Roadway,0029,201003P,,CLEARING SITE,1,LS,"ROAD-CON, INC.","$31,000.00","$31,000.00"
22124,124,0001,Roadway,0030,202009P,,"EXCAVATION, UNCLASSIFIED",274,CY,"SOUTH STATE, INC.",$75.00,"$20,550.00"
22124,124,0001,Roadway,0030,202009P,,"EXCAVATION, UNCLASSIFIED",274,CY,"JPC GROUP, INC.",$180.00,"$49,320.00"
22124,124,0001,Roadway,0030,202009P,,"EXCAVATION, UNCLASSIFIED",274,CY,"ROAD-CON, INC.",$85.75,"$23,495.50"
22124,124,0001,Roadway,0031,203009P,,I-9 SOIL AGGREGATE,62,CY,"SOUTH STATE, INC.",$250.00,"$15,500.00"
22124,124,0001,Roadway,0031,203009P,,I-9 SOIL AGGREGATE,62,CY,"JPC GROUP, INC.",$335.00,"$20,770.00"
22124,124,0001,Roadway,0031,203009P,,I-9 SOIL AGGREGATE,62,CY,"ROAD-CON, INC.",$133.00,"$8,246.00"
22124,124,0001,Roadway,0032,301006P,,SUBBASE,16,CY,"SOUTH STATE, INC.",$350.00,"$5,600.00"
22124,124,0001,Roadway,0032,301006P,,SUBBASE,16,CY,"JPC GROUP, INC.",$85.00,"$1,360.00"
22124,124,0001,Roadway,0032,301006P,,SUBBASE,16,CY,"ROAD-CON, INC.",$159.00,"$2,544.00"
22124,124,0001,Roadway,0033,302042P,,"DENSE-GRADED AGGREGATE BASE COURSE, 8"" THICK",34,SY,"SOUTH STATE, INC.",$150.00,"$5,100.00"
22124,124,0001,Roadway,0033,302042P,,"DENSE-GRADED AGGREGATE BASE COURSE, 8"" THICK",34,SY,"JPC GROUP, INC.",$77.50,"$2,635.00"
22124,124,0001,Roadway,0033,302042P,,"DENSE-GRADED AGGREGATE BASE COURSE, 8"" THICK",34,SY,"ROAD-CON, INC.",$272.00,"$9,248.00"
22124,124,0001,Roadway,0034,304009P,,"CONCRETE BASE COURSE, 10"" THICK",150,SY,"SOUTH STATE, INC.",$165.00,"$24,750.00"
22124,124,0001,Roadway,0034,304009P,,"CONCRETE BASE COURSE, 10"" THICK",150,SY,"JPC GROUP, INC.",$240.00,"$36,000.00"
22124,124,0001,Roadway,0034,304009P,,"CONCRETE BASE COURSE, 10"" THICK",150,SY,"ROAD-CON, INC.",$346.00,"$51,900.00"
22124,124,0001,Roadway,0035,401009P,,"HMA MILLING, 3"" OR LESS","5,084",SY,"SOUTH STATE, INC.",$8.00,"$40,672.00"
22124,124,0001,Roadway,0035,401009P,,"HMA MILLING, 3"" OR LESS","5,084",SY,"JPC GROUP, INC.",$7.00,"$35,588.00"
22124,124,0001,Roadway,0035,401009P,,"HMA MILLING, 3"" OR LESS","5,084",SY,"ROAD-CON, INC.",$5.60,"$28,470.40"
22124,124,0001,Roadway,0036,401027M,,POLYMERIZED JOINT ADHESIVE,"3,050",LF,"SOUTH STATE, INC.",$0.50,"$1,525.00"
22124,124,0001,Roadway,0036,401027M,,POLYMERIZED JOINT ADHESIVE,"3,050",LF,"JPC GROUP, INC.",$2.50,"$7,625.00"
22124,124,0001,Roadway,0036,401027M,,POLYMERIZED JOINT ADHESIVE,"3,050",LF,"ROAD-CON, INC.",$3.70,"$11,285.00"
22124,124,0001,Roadway,0037,401030M,,TACK COAT,560,GAL,"SOUTH STATE, INC.",$1.00,$560.00
22124,124,0001,Roadway,0037,401030M,,TACK COAT,560,GAL,"JPC GROUP, INC.",$5.50,"$3,080.00"
22124,124,0001,Roadway,0037,401030M,,TACK COAT,560,GAL,"ROAD-CON, INC.",$10.25,"$5,740.00"
22124,124,0001,Roadway,0038,401042M,,HOT MIX ASPHALT 9.5 M 64 SURFACE COURSE,445,T,"SOUTH STATE, INC.",$150.00,"$66,750.00"
22124,124,0001,Roadway,0038,401042M,,HOT MIX ASPHALT 9.5 M 64 SURFACE COURSE,445,T,"JPC GROUP, INC.",$140.00,"$62,300.00"
22124,124,0001,Roadway,0038,401042M,,HOT MIX ASPHALT 9.5 M 64 SURFACE COURSE,445,T,"ROAD-CON, INC.",$242.00,"$107,690.00"
22124,124,0001,Roadway,0039,401054M,,HOT MIX ASPHALT 12.5 M 64 SURFACE COURSE,19,T,"SOUTH STATE, INC.",$285.00,"$5,415.00"
22124,124,0001,Roadway,0039,401054M,,HOT MIX ASPHALT 12.5 M 64 SURFACE COURSE,19,T,"JPC GROUP, INC.",$400.00,"$7,600.00"
22124,124,0001,Roadway,0039,401054M,,HOT MIX ASPHALT 12.5 M 64 SURFACE COURSE,19,T,"ROAD-CON, INC.",$319.00,"$6,061.00"
22124,124,0001,Roadway,0040,401066M,,HOT MIX ASPHALT 9.5 M 64 INTERMEDIATE COURSE,445,T,"SOUTH STATE, INC.",$125.00,"$55,625.00"
22124,124,0001,Roadway,0040,401066M,,HOT MIX ASPHALT 9.5 M 64 INTERMEDIATE COURSE,445,T,"JPC GROUP, INC.",$135.00,"$60,075.00"
22124,124,0001,Roadway,0040,401066M,,HOT MIX ASPHALT 9.5 M 64 INTERMEDIATE COURSE,445,T,"ROAD-CON, INC.",$248.00,"$110,360.00"
22124,124,0001,Roadway,0041,401099M,,HOT MIX ASPHALT 25 M 64 BASE COURSE,12,T,"SOUTH STATE, INC.",$675.00,"$8,100.00"
22124,124,0001,Roadway,0041,401099M,,HOT MIX ASPHALT 25 M 64 BASE COURSE,12,T,"JPC GROUP, INC.",$145.00,"$1,740.00"
22124,124,0001,Roadway,0041,401099M,,HOT MIX ASPHALT 25 M 64 BASE COURSE,12,T,"ROAD-CON, INC.",$541.00,"$6,492.00"
22124,124,0001,Roadway,0042,401108M,,"CORE SAMPLES, HOT MIX ASPHALT",15,U,"SOUTH STATE, INC.",$200.00,"$3,000.00"
22124,124,0001,Roadway,0042,401108M,,"CORE SAMPLES, HOT MIX ASPHALT",15,U,"JPC GROUP, INC.",$105.00,"$1,575.00"
22124,124,0001,Roadway,0042,401108M,,"CORE SAMPLES, HOT MIX ASPHALT",15,U,"ROAD-CON, INC.",$261.00,"$3,915.00"
22124,124,0001,Roadway,0043,602213M,,CURB PIECE,1,U,"SOUTH STATE, INC.",$500.00,$500.00
22124,124,0001,Roadway,0043,602213M,,CURB PIECE,1,U,"JPC GROUP, INC.",$875.00,$875.00
22124,124,0001,Roadway,0043,602213M,,CURB PIECE,1,U,"ROAD-CON, INC.",$550.00,$550.00
22124,124,0001,Roadway,0044,606012P,,"CONCRETE SIDEWALK, 4"" THICK",28,SY,"SOUTH STATE, INC.",$125.00,"$3,500.00"
22124,124,0001,Roadway,0044,606012P,,"CONCRETE SIDEWALK, 4"" THICK",28,SY,"JPC GROUP, INC.",$300.00,"$8,400.00"
22124,124,0001,Roadway,0044,606012P,,"CONCRETE SIDEWALK, 4"" THICK",28,SY,"ROAD-CON, INC.",$185.00,"$5,180.00"
22124,124,0001,Roadway,0045,606084P,,DETECTABLE WARNING SURFACE,6,SY,"SOUTH STATE, INC.",$275.00,"$1,650.00"
22124,124,0001,Roadway,0045,606084P,,DETECTABLE WARNING SURFACE,6,SY,"JPC GROUP, INC.",$400.00,"$2,400.00"
22124,124,0001,Roadway,0045,606084P,,DETECTABLE WARNING SURFACE,6,SY,"ROAD-CON, INC.",$530.00,"$3,180.00"
22124,124,0001,Roadway,0046,607018P,,"9"" X 16"" CONCRETE VERTICAL CURB",200,LF,"SOUTH STATE, INC.",$39.00,"$7,800.00"
22124,124,0001,Roadway,0046,607018P,,"9"" X 16"" CONCRETE VERTICAL CURB",200,LF,"JPC GROUP, INC.",$45.00,"$9,000.00"
22124,124,0001,Roadway,0046,607018P,,"9"" X 16"" CONCRETE VERTICAL CURB",200,LF,"ROAD-CON, INC.",$68.75,"$13,750.00"
22124,124,0001,Roadway,0047,607021P,,"9"" X 18"" CONCRETE VERTICAL CURB",510,LF,"SOUTH STATE, INC.",$40.00,"$20,400.00"
22124,124,0001,Roadway,0047,607021P,,"9"" X 18"" CONCRETE VERTICAL CURB",510,LF,"JPC GROUP, INC.",$48.00,"$24,480.00"
22124,124,0001,Roadway,0047,607021P,,"9"" X 18"" CONCRETE VERTICAL CURB",510,LF,"ROAD-CON, INC.",$68.75,"$35,062.50"
22124,124,0001,Roadway,0048,607081P,,"9"" X 4"" HOT MIX ASPHALT CURB",155,LF,"SOUTH STATE, INC.",$25.00,"$3,875.00"
22124,124,0001,Roadway,0048,607081P,,"9"" X 4"" HOT MIX ASPHALT CURB",155,LF,"JPC GROUP, INC.",$22.50,"$3,487.50"
22124,124,0001,Roadway,0048,607081P,,"9"" X 4"" HOT MIX ASPHALT CURB",155,LF,"ROAD-CON, INC.",$43.00,"$6,665.00"
22124,124,0001,Roadway,0049,607084P,,"9"" X 6"" HOT MIX ASPHALT CURB",312,LF,"SOUTH STATE, INC.",$35.00,"$10,920.00"
22124,124,0001,Roadway,0049,607084P,,"9"" X 6"" HOT MIX ASPHALT CURB",312,LF,"JPC GROUP, INC.",$19.00,"$5,928.00"
22124,124,0001,Roadway,0049,607084P,,"9"" X 6"" HOT MIX ASPHALT CURB",312,LF,"ROAD-CON, INC.",$43.25,"$13,494.00"
22124,124,0001,Roadway,0050,608004P,,"NONVEGETATIVE SURFACE, POROUS HOT MIX ASPHALT, ___ THICK",555,SY,"SOUTH STATE, INC.",$40.00,"$22,200.00"
22124,124,0001,Roadway,0050,608004P,,"NONVEGETATIVE SURFACE, POROUS HOT MIX ASPHALT, ___ THICK",555,SY,"JPC GROUP, INC.",$57.50,"$31,912.50"
22124,124,0001,Roadway,0050,608004P,,"NONVEGETATIVE SURFACE, POROUS HOT MIX ASPHALT, ___ THICK",555,SY,"ROAD-CON, INC.",$68.00,"$37,740.00"
22124,124,0001,Roadway,0051,609003M,,BEAM GUIDE RAIL,"1,305",LF,"SOUTH STATE, INC.",$30.00,"$39,150.00"
22124,124,0001,Roadway,0051,609003M,,BEAM GUIDE RAIL,"1,305",LF,"JPC GROUP, INC.",$45.00,"$58,725.00"
22124,124,0001,Roadway,0051,609003M,,BEAM GUIDE RAIL,"1,305",LF,"ROAD-CON, INC.",$44.75,"$58,398.75"
22124,124,0001,Roadway,0052,609006M,,"BEAM GUIDE RAIL, DUAL-FACED",19,LF,"SOUTH STATE, INC.",$50.00,$950.00
22124,124,0001,Roadway,0052,609006M,,"BEAM GUIDE RAIL, DUAL-FACED",19,LF,"JPC GROUP, INC.",$60.00,"$1,140.00"
22124,124,0001,Roadway,0052,609006M,,"BEAM GUIDE RAIL, DUAL-FACED",19,LF,"ROAD-CON, INC.",$118.00,"$2,242.00"
22124,124,0001,Roadway,0053,609027M,,TANGENT GUIDE RAIL TERMINAL,2,U,"SOUTH STATE, INC.","$3,950.00","$7,900.00"
22124,124,0001,Roadway,0053,609027M,,TANGENT GUIDE RAIL TERMINAL,2,U,"JPC GROUP, INC.","$3,800.00","$7,600.00"
22124,124,0001,Roadway,0053,609027M,,TANGENT GUIDE RAIL TERMINAL,2,U,"ROAD-CON, INC.","$4,120.00","$8,240.00"
22124,124,0001,Roadway,0054,609030M,,TELESCOPING GUIDE RAIL END TERMINAL,2,U,"SOUTH STATE, INC.","$6,250.00","$12,500.00"
22124,124,0001,Roadway,0054,609030M,,TELESCOPING GUIDE RAIL END TERMINAL,2,U,"JPC GROUP, INC.","$7,000.00","$14,000.00"
22124,124,0001,Roadway,0054,609030M,,TELESCOPING GUIDE RAIL END TERMINAL,2,U,"ROAD-CON, INC.","$6,950.00","$13,900.00"
22124,124,0001,Roadway,0055,609039M,,BEAM GUIDE RAIL ANCHORAGE,2,U,"SOUTH STATE, INC.","$1,250.00","$2,500.00"
22124,124,0001,Roadway,0055,609039M,,BEAM GUIDE RAIL ANCHORAGE,2,U,"JPC GROUP, INC.","$1,605.00","$3,210.00"
22124,124,0001,Roadway,0055,609039M,,BEAM GUIDE RAIL ANCHORAGE,2,U,"ROAD-CON, INC.","$2,590.00","$5,180.00"
22124,124,0001,Roadway,0056,609059M,,APPROACH GUIDE RAIL TRANSITION TL-3,4,U,"SOUTH STATE, INC.","$3,250.00","$13,000.00"
22124,124,0001,Roadway,0056,609059M,,APPROACH GUIDE RAIL TRANSITION TL-3,4,U,"JPC GROUP, INC.","$5,000.00","$20,000.00"
22124,124,0001,Roadway,0056,609059M,,APPROACH GUIDE RAIL TRANSITION TL-3,4,U,"ROAD-CON, INC.","$5,770.00","$23,080.00"
22124,124,0001,Roadway,0057,609075M,,REMOVAL OF BEAM GUIDE RAIL,"1,237",LF,"SOUTH STATE, INC.",$1.00,"$1,237.00"
22124,124,0001,Roadway,0057,609075M,,REMOVAL OF BEAM GUIDE RAIL,"1,237",LF,"JPC GROUP, INC.",$1.00,"$1,237.00"
22124,124,0001,Roadway,0057,609075M,,REMOVAL OF BEAM GUIDE RAIL,"1,237",LF,"ROAD-CON, INC.",$1.20,"$1,484.40"
22124,124,0001,Roadway,0058,610003M,,"TRAFFIC STRIPES, 4""","2,980",LF,"SOUTH STATE, INC.",$0.55,"$1,639.00"
22124,124,0001,Roadway,0058,610003M,,"TRAFFIC STRIPES, 4""","2,980",LF,"JPC GROUP, INC.",$0.65,"$1,937.00"
22124,124,0001,Roadway,0058,610003M,,"TRAFFIC STRIPES, 4""","2,980",LF,"ROAD-CON, INC.",$0.65,"$1,937.00"
22124,124,0001,Roadway,0059,610007M,,"TRAFFIC STRIPES, 8""","1,645",LF,"SOUTH STATE, INC.",$1.10,"$1,809.50"
22124,124,0001,Roadway,0059,610007M,,"TRAFFIC STRIPES, 8""","1,645",LF,"JPC GROUP, INC.",$1.30,"$2,138.50"
22124,124,0001,Roadway,0059,610007M,,"TRAFFIC STRIPES, 8""","1,645",LF,"ROAD-CON, INC.",$1.30,"$2,138.50"
22124,124,0001,Roadway,0060,610009M,,TRAFFIC MARKINGS,610,SF,"SOUTH STATE, INC.",$3.20,"$1,952.00"
22124,124,0001,Roadway,0060,610009M,,TRAFFIC MARKINGS,610,SF,"JPC GROUP, INC.",$3.75,"$2,287.50"
22124,124,0001,Roadway,0060,610009M,,TRAFFIC MARKINGS,610,SF,"ROAD-CON, INC.",$3.75,"$2,287.50"
22124,124,0001,Roadway,0061,610015M,,"RPM, BI-DIRECTIONAL, WHITE LENS",70,U,"SOUTH STATE, INC.",$48.00,"$3,360.00"
22124,124,0001,Roadway,0061,610015M,,"RPM, BI-DIRECTIONAL, WHITE LENS",70,U,"JPC GROUP, INC.",$40.00,"$2,800.00"
22124,124,0001,Roadway,0061,610015M,,"RPM, BI-DIRECTIONAL, WHITE LENS",70,U,"ROAD-CON, INC.",$56.50,"$3,955.00"
22124,124,0001,Roadway,0062,610021M,,"RPM, BI-DIRECTIONAL, AMBER LENS",30,U,"SOUTH STATE, INC.",$48.00,"$1,440.00"
22124,124,0001,Roadway,0062,610021M,,"RPM, BI-DIRECTIONAL, AMBER LENS",30,U,"JPC GROUP, INC.",$55.00,"$1,650.00"
22124,124,0001,Roadway,0062,610021M,,"RPM, BI-DIRECTIONAL, AMBER LENS",30,U,"ROAD-CON, INC.",$56.50,"$1,695.00"
22124,124,0001,Roadway,0063,610024M,,REMOVAL OF RPM,100,U,"SOUTH STATE, INC.",$1.00,$100.00
22124,124,0001,Roadway,0063,610024M,,REMOVAL OF RPM,100,U,"JPC GROUP, INC.",$90.00,"$9,000.00"
22124,124,0001,Roadway,0063,610024M,,REMOVAL OF RPM,100,U,"ROAD-CON, INC.",$41.25,"$4,125.00"
22124,124,0001,Roadway,0064,610036M,,REMOVAL OF TRAFFIC STRIPES,"11,050",LF,"SOUTH STATE, INC.",$0.55,"$6,077.50"
22124,124,0001,Roadway,0064,610036M,,REMOVAL OF TRAFFIC STRIPES,"11,050",LF,"JPC GROUP, INC.",$0.65,"$7,182.50"
22124,124,0001,Roadway,0064,610036M,,REMOVAL OF TRAFFIC STRIPES,"11,050",LF,"ROAD-CON, INC.",$0.65,"$7,182.50"
22124,124,0001,Roadway,0065,612003P,,REGULATORY AND WARNING SIGN,105,SF,"SOUTH STATE, INC.",$45.00,"$4,725.00"
22124,124,0001,Roadway,0065,612003P,,REGULATORY AND WARNING SIGN,105,SF,"JPC GROUP, INC.",$40.00,"$4,200.00"
22124,124,0001,Roadway,0065,612003P,,REGULATORY AND WARNING SIGN,105,SF,"ROAD-CON, INC.",$29.50,"$3,097.50"
22124,124,0001,Roadway,0066,701021P,,"3"" RIGID METALLIC CONDUIT",500,LF,"SOUTH STATE, INC.",$80.00,"$40,000.00"
22124,124,0001,Roadway,0066,701021P,,"3"" RIGID METALLIC CONDUIT",500,LF,"JPC GROUP, INC.",$94.00,"$47,000.00"
22124,124,0001,Roadway,0066,701021P,,"3"" RIGID METALLIC CONDUIT",500,LF,"ROAD-CON, INC.",$102.00,"$51,000.00"
22124,124,0001,Roadway,0067,701102M,,"18"" X 36"" JUNCTION BOX",3,U,"SOUTH STATE, INC.","$3,600.00","$10,800.00"
22124,124,0001,Roadway,0067,701102M,,"18"" X 36"" JUNCTION BOX",3,U,"JPC GROUP, INC.","$4,000.00","$12,000.00"
22124,124,0001,Roadway,0067,701102M,,"18"" X 36"" JUNCTION BOX",3,U,"ROAD-CON, INC.","$4,310.00","$12,930.00"
22124,124,0001,Roadway,0068,701117M,,JUNCTION BOX FOUNDATION,1,U,"SOUTH STATE, INC.","$3,600.00","$3,600.00"
22124,124,0001,Roadway,0068,701117M,,JUNCTION BOX FOUNDATION,1,U,"JPC GROUP, INC.","$4,000.00","$4,000.00"
22124,124,0001,Roadway,0068,701117M,,JUNCTION BOX FOUNDATION,1,U,"ROAD-CON, INC.","$4,320.00","$4,320.00"
22124,124,0001,Roadway,0069,701123M,,"FOUNDATION, TYPE SFT",1,U,"SOUTH STATE, INC.","$3,000.00","$3,000.00"
22124,124,0001,Roadway,0069,701123M,,"FOUNDATION, TYPE SFT",1,U,"JPC GROUP, INC.","$3,200.00","$3,200.00"
22124,124,0001,Roadway,0069,701123M,,"FOUNDATION, TYPE SFT",1,U,"ROAD-CON, INC.","$3,470.00","$3,470.00"
22124,124,0001,Roadway,0070,701128M,,"FOUNDATION, TYPE P-MC MODIFIED",1,U,"SOUTH STATE, INC.","$5,500.00","$5,500.00"
22124,124,0001,Roadway,0070,701128M,,"FOUNDATION, TYPE P-MC MODIFIED",1,U,"JPC GROUP, INC.","$6,400.00","$6,400.00"
22124,124,0001,Roadway,0070,701128M,,"FOUNDATION, TYPE P-MC MODIFIED",1,U,"ROAD-CON, INC.","$6,910.00","$6,910.00"
22124,124,0001,Roadway,0071,701135M,,"FOUNDATION, TYPE SPF",2,U,"SOUTH STATE, INC.","$2,500.00","$5,000.00"
22124,124,0001,Roadway,0071,701135M,,"FOUNDATION, TYPE SPF",2,U,"JPC GROUP, INC.","$2,750.00","$5,500.00"
22124,124,0001,Roadway,0071,701135M,,"FOUNDATION, TYPE SPF",2,U,"ROAD-CON, INC.","$2,980.00","$5,960.00"
22124,124,0001,Roadway,0072,701144M,,"FOUNDATION, TYPE SFK",2,U,"SOUTH STATE, INC.","$3,100.00","$6,200.00"
22124,124,0001,Roadway,0072,701144M,,"FOUNDATION, TYPE SFK",2,U,"JPC GROUP, INC.","$3,750.00","$7,500.00"
22124,124,0001,Roadway,0072,701144M,,"FOUNDATION, TYPE SFK",2,U,"ROAD-CON, INC.","$3,970.00","$7,940.00"
22124,124,0001,Roadway,0073,701171M,,"METER CABINET, TYPE TL",1,U,"SOUTH STATE, INC.","$4,200.00","$4,200.00"
22124,124,0001,Roadway,0073,701171M,,"METER CABINET, TYPE TL",1,U,"JPC GROUP, INC.","$4,500.00","$4,500.00"
22124,124,0001,Roadway,0073,701171M,,"METER CABINET, TYPE TL",1,U,"ROAD-CON, INC.","$4,960.00","$4,960.00"
22124,124,0001,Roadway,0074,701192P,,"GROUND WIRE, NO. 8 AWG",355,LF,"SOUTH STATE, INC.",$1.25,$443.75
22124,124,0001,Roadway,0074,701192P,,"GROUND WIRE, NO. 8 AWG",355,LF,"JPC GROUP, INC.",$1.40,$497.00
22124,124,0001,Roadway,0074,701192P,,"GROUND WIRE, NO. 8 AWG",355,LF,"ROAD-CON, INC.",$1.50,$532.50
22124,124,0001,Roadway,0075,701201P,,"MULTIPLE LIGHTING WIRE, NO. 8 AWG",450,LF,"SOUTH STATE, INC.",$1.35,$607.50
22124,124,0001,Roadway,0075,701201P,,"MULTIPLE LIGHTING WIRE, NO. 8 AWG",450,LF,"JPC GROUP, INC.",$1.55,$697.50
22124,124,0001,Roadway,0075,701201P,,"MULTIPLE LIGHTING WIRE, NO. 8 AWG",450,LF,"ROAD-CON, INC.",$1.65,$742.50
22124,124,0001,Roadway,0076,701213P,,"SERVICE WIRE, NO. 6 AWG",200,LF,"SOUTH STATE, INC.",$3.25,$650.00
22124,124,0001,Roadway,0076,701213P,,"SERVICE WIRE, NO. 6 AWG",200,LF,"JPC GROUP, INC.",$3.65,$730.00
22124,124,0001,Roadway,0076,701213P,,"SERVICE WIRE, NO. 6 AWG",200,LF,"ROAD-CON, INC.",$3.95,$790.00
22124,124,0001,Roadway,0077,702009M,,"CONTROLLER, 8 PHASE",1,U,"SOUTH STATE, INC.","$17,000.00","$17,000.00"
22124,124,0001,Roadway,0077,702009M,,"CONTROLLER, 8 PHASE",1,U,"JPC GROUP, INC.","$18,000.00","$18,000.00"
22124,124,0001,Roadway,0077,702009M,,"CONTROLLER, 8 PHASE",1,U,"ROAD-CON, INC.","$19,700.00","$19,700.00"
22124,124,0001,Roadway,0078,702012M,,"TRAFFIC SIGNAL STANDARD, ALUMINUM",3,U,"SOUTH STATE, INC.","$4,100.00","$12,300.00"
22124,124,0001,Roadway,0078,702012M,,"TRAFFIC SIGNAL STANDARD, ALUMINUM",3,U,"JPC GROUP, INC.","$4,650.00","$13,950.00"
22124,124,0001,Roadway,0078,702012M,,"TRAFFIC SIGNAL STANDARD, ALUMINUM",3,U,"ROAD-CON, INC.","$5,040.00","$15,120.00"
22124,124,0001,Roadway,0079,702018M,,PEDESTRIAN SIGNAL STANDARD,2,U,"SOUTH STATE, INC.","$1,000.00","$2,000.00"
22124,124,0001,Roadway,0079,702018M,,PEDESTRIAN SIGNAL STANDARD,2,U,"JPC GROUP, INC.","$1,175.00","$2,350.00"
22124,124,0001,Roadway,0079,702018M,,PEDESTRIAN SIGNAL STANDARD,2,U,"ROAD-CON, INC.","$1,270.00","$2,540.00"
22124,124,0001,Roadway,0080,702021M,,"TRAFFIC SIGNAL MAST ARM, ALUMINUM",2,U,"SOUTH STATE, INC.","$3,000.00","$6,000.00"
22124,124,0001,Roadway,0080,702021M,,"TRAFFIC SIGNAL MAST ARM, ALUMINUM",2,U,"JPC GROUP, INC.","$3,500.00","$7,000.00"
22124,124,0001,Roadway,0080,702021M,,"TRAFFIC SIGNAL MAST ARM, ALUMINUM",2,U,"ROAD-CON, INC.","$3,790.00","$7,580.00"
22124,124,0001,Roadway,0081,702027P,,"TRAFFIC SIGNAL CABLE, 2 CONDUCTOR",350,LF,"SOUTH STATE, INC.",$1.30,$455.00
22124,124,0001,Roadway,0081,702027P,,"TRAFFIC SIGNAL CABLE, 2 CONDUCTOR",350,LF,"JPC GROUP, INC.",$1.45,$507.50
22124,124,0001,Roadway,0081,702027P,,"TRAFFIC SIGNAL CABLE, 2 CONDUCTOR",350,LF,"ROAD-CON, INC.",$1.55,$542.50
22124,124,0001,Roadway,0082,702030P,,"TRAFFIC SIGNAL CABLE, 5 CONDUCTOR",620,LF,"SOUTH STATE, INC.",$2.00,"$1,240.00"
22124,124,0001,Roadway,0082,702030P,,"TRAFFIC SIGNAL CABLE, 5 CONDUCTOR",620,LF,"JPC GROUP, INC.",$2.15,"$1,333.00"
22124,124,0001,Roadway,0082,702030P,,"TRAFFIC SIGNAL CABLE, 5 CONDUCTOR",620,LF,"ROAD-CON, INC.",$2.35,"$1,457.00"
22124,124,0001,Roadway,0083,702033P,,"TRAFFIC SIGNAL CABLE, 10 CONDUCTOR","1,020",LF,"SOUTH STATE, INC.",$3.60,"$3,672.00"
22124,124,0001,Roadway,0083,702033P,,"TRAFFIC SIGNAL CABLE, 10 CONDUCTOR","1,020",LF,"JPC GROUP, INC.",$4.10,"$4,182.00"
22124,124,0001,Roadway,0083,702033P,,"TRAFFIC SIGNAL CABLE, 10 CONDUCTOR","1,020",LF,"ROAD-CON, INC.",$4.45,"$4,539.00"
22124,124,0001,Roadway,0084,702036M,,TRAFFIC SIGNAL HEAD,8,U,"SOUTH STATE, INC.","$1,400.00","$11,200.00"
22124,124,0001,Roadway,0084,702036M,,TRAFFIC SIGNAL HEAD,8,U,"JPC GROUP, INC.","$1,500.00","$12,000.00"
22124,124,0001,Roadway,0084,702036M,,TRAFFIC SIGNAL HEAD,8,U,"ROAD-CON, INC.","$1,600.00","$12,800.00"
22124,124,0001,Roadway,0085,702038M,,PUSH BUTTON INSTALLATION,1,U,"SOUTH STATE, INC.","$2,400.00","$2,400.00"
22124,124,0001,Roadway,0085,702038M,,PUSH BUTTON INSTALLATION,1,U,"JPC GROUP, INC.","$2,850.00","$2,850.00"
22124,124,0001,Roadway,0085,702038M,,PUSH BUTTON INSTALLATION,1,U,"ROAD-CON, INC.","$3,100.00","$3,100.00"
22124,124,0001,Roadway,0086,702039M,,PEDESTRIAN SIGNAL HEAD,4,U,"SOUTH STATE, INC.","$1,000.00","$4,000.00"
22124,124,0001,Roadway,0086,702039M,,PEDESTRIAN SIGNAL HEAD,4,U,"JPC GROUP, INC.","$1,125.00","$4,500.00"
22124,124,0001,Roadway,0086,702039M,,PEDESTRIAN SIGNAL HEAD,4,U,"ROAD-CON, INC.","$1,220.00","$4,880.00"
22124,124,0001,Roadway,0087,702042M,,PUSH BUTTON,2,U,"SOUTH STATE, INC.",$450.00,$900.00
22124,124,0001,Roadway,0087,702042M,,PUSH BUTTON,2,U,"JPC GROUP, INC.",$500.00,"$1,000.00"
22124,124,0001,Roadway,0087,702042M,,PUSH BUTTON,2,U,"ROAD-CON, INC.",$553.00,"$1,106.00"
22124,124,0001,Roadway,0088,702046M,,RADAR DETECTOR,2,U,"SOUTH STATE, INC.","$10,000.00","$20,000.00"
22124,124,0001,Roadway,0088,702046M,,RADAR DETECTOR,2,U,"JPC GROUP, INC.","$10,750.00","$21,500.00"
22124,124,0001,Roadway,0088,702046M,,RADAR DETECTOR,2,U,"ROAD-CON, INC.","$11,530.00","$23,060.00"
22124,124,0001,Roadway,0089,702050M,,GENERATOR AUXILIARY CABINET,1,U,"SOUTH STATE, INC.","$7,500.00","$7,500.00"
22124,124,0001,Roadway,0089,702050M,,GENERATOR AUXILIARY CABINET,1,U,"JPC GROUP, INC.","$8,250.00","$8,250.00"
22124,124,0001,Roadway,0089,702050M,,GENERATOR AUXILIARY CABINET,1,U,"ROAD-CON, INC.","$8,970.00","$8,970.00"
22124,124,0001,Roadway,0090,702060M,,CONTROLLER TURN-ON,1,U,"SOUTH STATE, INC.","$3,600.00","$3,600.00"
22124,124,0001,Roadway,0090,702060M,,CONTROLLER TURN-ON,1,U,"JPC GROUP, INC.","$4,100.00","$4,100.00"
22124,124,0001,Roadway,0090,702060M,,CONTROLLER TURN-ON,1,U,"ROAD-CON, INC.","$4,440.00","$4,440.00"
22124,124,0001,Roadway,0091,703003M,,LIGHTING STANDARD ALUMINUM,1,U,"SOUTH STATE, INC.","$2,700.00","$2,700.00"
22124,124,0001,Roadway,0091,703003M,,LIGHTING STANDARD ALUMINUM,1,U,"JPC GROUP, INC.","$3,100.00","$3,100.00"
22124,124,0001,Roadway,0091,703003M,,LIGHTING STANDARD ALUMINUM,1,U,"ROAD-CON, INC.","$3,370.00","$3,370.00"
22124,124,0001,Roadway,0092,703018M,,LUMINAIRE,2,U,"SOUTH STATE, INC.","$2,000.00","$4,000.00"
22124,124,0001,Roadway,0092,703018M,,LUMINAIRE,2,U,"JPC GROUP, INC.","$2,250.00","$4,500.00"
22124,124,0001,Roadway,0092,703018M,,LUMINAIRE,2,U,"ROAD-CON, INC.","$2,450.00","$4,900.00"
22124,124,0005,General Landscape,0093,804000P,,"TOPSOIL SPREADING __"" THICK 4""",160,SY,"SOUTH STATE, INC.",$20.00,"$3,200.00"
22124,124,0005,General Landscape,0093,804000P,,"TOPSOIL SPREADING __"" THICK 4""",160,SY,"JPC GROUP, INC.",$27.50,"$4,400.00"
22124,124,0005,General Landscape,0093,804000P,,"TOPSOIL SPREADING __"" THICK 4""",160,SY,"ROAD-CON, INC.",$11.75,"$1,880.00"
22124,124,0005,General Landscape,0094,804015P,,BORROW TOPSOIL,29,CY,"SOUTH STATE, INC.",$60.00,"$1,740.00"
22124,124,0005,General Landscape,0094,804015P,,BORROW TOPSOIL,29,CY,"JPC GROUP, INC.",$35.00,"$1,015.00"
22124,124,0005,General Landscape,0094,804015P,,BORROW TOPSOIL,29,CY,"ROAD-CON, INC.",$76.50,"$2,218.50"
22124,124,0005,General Landscape,0095,806006P,,"FERTILIZING AND SEEDING, TYPE A-3",170,SY,"SOUTH STATE, INC.",$1.00,$170.00
22124,124,0005,General Landscape,0095,806006P,,"FERTILIZING AND SEEDING, TYPE A-3",170,SY,"JPC GROUP, INC.",$2.25,$382.50
22124,124,0005,General Landscape,0095,806006P,,"FERTILIZING AND SEEDING, TYPE A-3",170,SY,"ROAD-CON, INC.",$11.75,"$1,997.50"
22124,124,0005,General Landscape,0096,807003M,,"TOPSOIL STABILIZATION, TYPE 1 MAT",10,SY,"SOUTH STATE, INC.",$4.00,$40.00
22124,124,0005,General Landscape,0096,807003M,,"TOPSOIL STABILIZATION, TYPE 1 MAT",10,SY,"JPC GROUP, INC.",$5.75,$57.50
22124,124,0005,General Landscape,0096,807003M,,"TOPSOIL STABILIZATION, TYPE 1 MAT",10,SY,"ROAD-CON, INC.",$11.75,$117.50
22124,124,0005,General Landscape,0097,809003M,,STRAW MULCHING,170,SY,"SOUTH STATE, INC.",$1.00,$170.00
22124,124,0005,General Landscape,0097,809003M,,STRAW MULCHING,170,SY,"JPC GROUP, INC.",$1.15,$195.50
22124,124,0005,General Landscape,0097,809003M,,STRAW MULCHING,170,SY,"ROAD-CON, INC.",$11.75,"$1,997.50"
22124,124,0006,Bridge 0609-161,0098,162006P,,VIBRATION MONITORING,1,LS,"SOUTH STATE, INC.","$20,000.00","$20,000.00"
22124,124,0006,Bridge 0609-161,0098,162006P,,VIBRATION MONITORING,1,LS,"JPC GROUP, INC.","$32,500.00","$32,500.00"
22124,124,0006,Bridge 0609-161,0098,162006P,,VIBRATION MONITORING,1,LS,"ROAD-CON, INC.","$70,650.00","$70,650.00"
22124,124,0006,Bridge 0609-161,0099,201006P,,"CLEARING SITE, BRIDGE (___) 0609-161",1,LS,"SOUTH STATE, INC.","$400,000.00","$400,000.00"
22124,124,0006,Bridge 0609-161,0099,201006P,,"CLEARING SITE, BRIDGE (___) 0609-161",1,LS,"JPC GROUP, INC.","$460,000.00","$460,000.00"
22124,124,0006,Bridge 0609-161,0099,201006P,,"CLEARING SITE, BRIDGE (___) 0609-161",1,LS,"ROAD-CON, INC.","$706,400.00","$706,400.00"
22124,124,0006,Bridge 0609-161,0100,201039P,,TEMPORARY SHIELDING,1,LS,"SOUTH STATE, INC.",$1.00,$1.00
22124,124,0006,Bridge 0609-161,0100,201039P,,TEMPORARY SHIELDING,1,LS,"JPC GROUP, INC.","$150,000.00","$150,000.00"
22124,124,0006,Bridge 0609-161,0100,201039P,,TEMPORARY SHIELDING,1,LS,"ROAD-CON, INC.","$472,200.00","$472,200.00"
22124,124,0006,Bridge 0609-161,0101,202009P,,"EXCAVATION, UNCLASSIFIED","1,082",CY,"SOUTH STATE, INC.",$65.00,"$70,330.00"
22124,124,0006,Bridge 0609-161,0101,202009P,,"EXCAVATION, UNCLASSIFIED","1,082",CY,"JPC GROUP, INC.",$50.00,"$54,100.00"
22124,124,0006,Bridge 0609-161,0101,202009P,,"EXCAVATION, UNCLASSIFIED","1,082",CY,"ROAD-CON, INC.",$58.00,"$62,756.00"
22124,124,0006,Bridge 0609-161,0102,203009P,,I-9 SOIL AGGREGATE,430,CY,"SOUTH STATE, INC.",$125.00,"$53,750.00"
22124,124,0006,Bridge 0609-161,0102,203009P,,I-9 SOIL AGGREGATE,430,CY,"JPC GROUP, INC.",$190.00,"$81,700.00"
22124,124,0006,Bridge 0609-161,0102,203009P,,I-9 SOIL AGGREGATE,430,CY,"ROAD-CON, INC.",$113.00,"$48,590.00"
22124,124,0006,Bridge 0609-161,0103,302060P,,"COARSE AGGREGATE, SIZE NO. 57",50,CY,"SOUTH STATE, INC.",$215.00,"$10,750.00"
22124,124,0006,Bridge 0609-161,0103,302060P,,"COARSE AGGREGATE, SIZE NO. 57",50,CY,"JPC GROUP, INC.",$600.00,"$30,000.00"
22124,124,0006,Bridge 0609-161,0103,302060P,,"COARSE AGGREGATE, SIZE NO. 57",50,CY,"ROAD-CON, INC.",$205.00,"$10,250.00"
22124,124,0006,Bridge 0609-161,0104,501003P,,TEMPORARY SHEETING,480,SF,"SOUTH STATE, INC.",$1.00,$480.00
22124,124,0006,Bridge 0609-161,0104,501003P,,TEMPORARY SHEETING,480,SF,"JPC GROUP, INC.",$55.00,"$26,400.00"
22124,124,0006,Bridge 0609-161,0104,501003P,,TEMPORARY SHEETING,480,SF,"ROAD-CON, INC.",$122.00,"$58,560.00"
22124,124,0006,Bridge 0609-161,0105,504006P,,"REINFORCEMENT STEEL, EPOXY-COATED","201,075",LB,"SOUTH STATE, INC.",$2.25,"$452,418.75"
22124,124,0006,Bridge 0609-161,0105,504006P,,"REINFORCEMENT STEEL, EPOXY-COATED","201,075",LB,"JPC GROUP, INC.",$2.05,"$412,203.75"
22124,124,0006,Bridge 0609-161,0105,504006P,,"REINFORCEMENT STEEL, EPOXY-COATED","201,075",LB,"ROAD-CON, INC.",$2.55,"$512,741.25"
22124,124,0006,Bridge 0609-161,0106,504015P,,CONCRETE FOOTING,45,CY,"SOUTH STATE, INC.","$1,800.00","$81,000.00"
22124,124,0006,Bridge 0609-161,0106,504015P,,CONCRETE FOOTING,45,CY,"JPC GROUP, INC.","$1,500.00","$67,500.00"
22124,124,0006,Bridge 0609-161,0106,504015P,,CONCRETE FOOTING,45,CY,"ROAD-CON, INC.","$2,230.00","$100,350.00"
22124,124,0006,Bridge 0609-161,0107,504018P,,CONCRETE WING WALL,10,CY,"SOUTH STATE, INC.","$9,500.00","$95,000.00"
22124,124,0006,Bridge 0609-161,0107,504018P,,CONCRETE WING WALL,10,CY,"JPC GROUP, INC.","$3,400.00","$34,000.00"
22124,124,0006,Bridge 0609-161,0107,504018P,,CONCRETE WING WALL,10,CY,"ROAD-CON, INC.","$12,600.00","$126,000.00"
22124,124,0006,Bridge 0609-161,0108,504024P,,CONCRETE ABUTMENT WALL,71,CY,"SOUTH STATE, INC.","$3,800.00","$269,800.00"
22124,124,0006,Bridge 0609-161,0108,504024P,,CONCRETE ABUTMENT WALL,71,CY,"JPC GROUP, INC.","$1,650.00","$117,150.00"
22124,124,0006,Bridge 0609-161,0108,504024P,,CONCRETE ABUTMENT WALL,71,CY,"ROAD-CON, INC.","$4,250.00","$301,750.00"
22124,124,0006,Bridge 0609-161,0109,504027P,,CONCRETE PIER COLUMN AND CAP,21,CY,"SOUTH STATE, INC.","$3,100.00","$65,100.00"
22124,124,0006,Bridge 0609-161,0109,504027P,,CONCRETE PIER COLUMN AND CAP,21,CY,"JPC GROUP, INC.","$4,000.00","$84,000.00"
22124,124,0006,Bridge 0609-161,0109,504027P,,CONCRETE PIER COLUMN AND CAP,21,CY,"ROAD-CON, INC.","$5,930.00","$124,530.00"
22124,124,0006,Bridge 0609-161,0110,504036P,,EPOXY WATERPROOFING,86,SY,"SOUTH STATE, INC.",$135.00,"$11,610.00"
22124,124,0006,Bridge 0609-161,0110,504036P,,EPOXY WATERPROOFING,86,SY,"JPC GROUP, INC.",$97.50,"$8,385.00"
22124,124,0006,Bridge 0609-161,0110,504036P,,EPOXY WATERPROOFING,86,SY,"ROAD-CON, INC.",$63.75,"$5,482.50"
22124,124,0006,Bridge 0609-161,0111,506003P,,STRUCTURAL STEEL,1,LS,"SOUTH STATE, INC.","$3,077,000.00","$3,077,000.00"
22124,124,0006,Bridge 0609-161,0111,506003P,,STRUCTURAL STEEL,1,LS,"JPC GROUP, INC.","$2,341,000.00","$2,341,000.00"
22124,124,0006,Bridge 0609-161,0111,506003P,,STRUCTURAL STEEL,1,LS,"ROAD-CON, INC.","$2,464,600.00","$2,464,600.00"
22124,124,0006,Bridge 0609-161,0112,506006P,,REINFORCED ELASTOMERIC BEARING ASSEMBLY,27,U,"SOUTH STATE, INC.","$5,000.00","$135,000.00"
22124,124,0006,Bridge 0609-161,0112,506006P,,REINFORCED ELASTOMERIC BEARING ASSEMBLY,27,U,"JPC GROUP, INC.","$5,000.00","$135,000.00"
22124,124,0006,Bridge 0609-161,0112,506006P,,REINFORCED ELASTOMERIC BEARING ASSEMBLY,27,U,"ROAD-CON, INC.","$4,080.00","$110,160.00"
22124,124,0006,Bridge 0609-161,0113,506012P,,SHEAR CONNECTOR,"6,642",U,"SOUTH STATE, INC.",$5.00,"$33,210.00"
22124,124,0006,Bridge 0609-161,0113,506012P,,SHEAR CONNECTOR,"6,642",U,"JPC GROUP, INC.",$1.00,"$6,642.00"
22124,124,0006,Bridge 0609-161,0113,506012P,,SHEAR CONNECTOR,"6,642",U,"ROAD-CON, INC.",$7.60,"$50,479.20"
22124,124,0006,Bridge 0609-161,0114,507015P,,STRIP SEAL EXPANSION JOINT ASSEMBLY,124,LF,"SOUTH STATE, INC.",$725.00,"$89,900.00"
22124,124,0006,Bridge 0609-161,0114,507015P,,STRIP SEAL EXPANSION JOINT ASSEMBLY,124,LF,"JPC GROUP, INC.",$750.00,"$93,000.00"
22124,124,0006,Bridge 0609-161,0114,507015P,,STRIP SEAL EXPANSION JOINT ASSEMBLY,124,LF,"ROAD-CON, INC.",$797.00,"$98,828.00"
22124,124,0006,Bridge 0609-161,0115,507024P,,"CONCRETE BRIDGE DECK, HPC",421,CY,"SOUTH STATE, INC.","$1,100.00","$463,100.00"
22124,124,0006,Bridge 0609-161,0115,507024P,,"CONCRETE BRIDGE DECK, HPC",421,CY,"JPC GROUP, INC.","$1,450.00","$610,450.00"
22124,124,0006,Bridge 0609-161,0115,507024P,,"CONCRETE BRIDGE DECK, HPC",421,CY,"ROAD-CON, INC.","$1,260.00","$530,460.00"
22124,124,0006,Bridge 0609-161,0116,507027M,,DATE PANEL,2,U,"SOUTH STATE, INC.","$1,800.00","$3,600.00"
22124,124,0006,Bridge 0609-161,0116,507027M,,DATE PANEL,2,U,"JPC GROUP, INC.",$450.00,$900.00
22124,124,0006,Bridge 0609-161,0116,507027M,,DATE PANEL,2,U,"ROAD-CON, INC.",$557.00,"$1,114.00"
22124,124,0006,Bridge 0609-161,0117,507033P,,"CONCRETE BRIDGE SIDEWALK, HPC",84,CY,"SOUTH STATE, INC.",$600.00,"$50,400.00"
22124,124,0006,Bridge 0609-161,0117,507033P,,"CONCRETE BRIDGE SIDEWALK, HPC",84,CY,"JPC GROUP, INC.","$1,300.00","$109,200.00"
22124,124,0006,Bridge 0609-161,0117,507033P,,"CONCRETE BRIDGE SIDEWALK, HPC",84,CY,"ROAD-CON, INC.","$1,050.00","$88,200.00"
22124,124,0006,Bridge 0609-161,0118,507039P,,"CONCRETE BRIDGE PARAPET, HPC",480,LF,"SOUTH STATE, INC.",$280.00,"$134,400.00"
22124,124,0006,Bridge 0609-161,0118,507039P,,"CONCRETE BRIDGE PARAPET, HPC",480,LF,"JPC GROUP, INC.",$175.00,"$84,000.00"
22124,124,0006,Bridge 0609-161,0118,507039P,,"CONCRETE BRIDGE PARAPET, HPC",480,LF,"ROAD-CON, INC.",$296.00,"$142,080.00"
22124,124,0006,Bridge 0609-161,0119,507050M,,CONCRETE SLEEPER SLAB,72,CY,"SOUTH STATE, INC.","$1,400.00","$100,800.00"
22124,124,0006,Bridge 0609-161,0119,507050M,,CONCRETE SLEEPER SLAB,72,CY,"JPC GROUP, INC.","$1,100.00","$79,200.00"
22124,124,0006,Bridge 0609-161,0119,507050M,,CONCRETE SLEEPER SLAB,72,CY,"ROAD-CON, INC.","$1,300.00","$93,600.00"
22124,124,0006,Bridge 0609-161,0120,507054P,,CONCRETE BRIDGE RELIEF SLAB,156,SY,"SOUTH STATE, INC.",$600.00,"$93,600.00"
22124,124,0006,Bridge 0609-161,0120,507054P,,CONCRETE BRIDGE RELIEF SLAB,156,SY,"JPC GROUP, INC.",$550.00,"$85,800.00"
22124,124,0006,Bridge 0609-161,0120,507054P,,CONCRETE BRIDGE RELIEF SLAB,156,SY,"ROAD-CON, INC.",$443.00,"$69,108.00"
22124,124,0006,Bridge 0609-161,0121,509083P,,"CHAIN-LINK FENCE, TYPE IV, PVC-COATED STEEL, BRIDGE, 6' 3"" HIGH, CURVED TOP",460,LF,"SOUTH STATE, INC.",$185.00,"$85,100.00"
22124,124,0006,Bridge 0609-161,0121,509083P,,"CHAIN-LINK FENCE, TYPE IV, PVC-COATED STEEL, BRIDGE, 6' 3"" HIGH, CURVED TOP",460,LF,"JPC GROUP, INC.",$285.00,"$131,100.00"
22124,124,0006,Bridge 0609-161,0121,509083P,,"CHAIN-LINK FENCE, TYPE IV, PVC-COATED STEEL, BRIDGE, 6' 3"" HIGH, CURVED TOP",460,LF,"ROAD-CON, INC.",$365.00,"$167,900.00"
22124,124,0006,Bridge 0609-161,0122,509150P,,"BRIDGE COMBINATION RAILING (1 RAIL, STEEL)",460,LF,"SOUTH STATE, INC.",$165.00,"$75,900.00"
22124,124,0006,Bridge 0609-161,0122,509150P,,"BRIDGE COMBINATION RAILING (1 RAIL, STEEL)",460,LF,"JPC GROUP, INC.",$165.00,"$75,900.00"
22124,124,0006,Bridge 0609-161,0122,509150P,,"BRIDGE COMBINATION RAILING (1 RAIL, STEEL)",460,LF,"ROAD-CON, INC.",$235.00,"$108,100.00"
22124,124,0006,Bridge 0609-161,0123,552003M,,"PRESSURE INJECTION, CONCRETE CRACKS",10,LF,"SOUTH STATE, INC.",$350.00,"$3,500.00"
22124,124,0006,Bridge 0609-161,0123,552003M,,"PRESSURE INJECTION, CONCRETE CRACKS",10,LF,"JPC GROUP, INC.",$430.00,"$4,300.00"
22124,124,0006,Bridge 0609-161,0123,552003M,,"PRESSURE INJECTION, CONCRETE CRACKS",10,LF,"ROAD-CON, INC.",$471.00,"$4,710.00"
22124,124,0006,Bridge 0609-161,0124,555003M,,SUBSTRUCTURE CONCRETE REPAIR,225,SF,"SOUTH STATE, INC.",$500.00,"$112,500.00"
22124,124,0006,Bridge 0609-161,0124,555003M,,SUBSTRUCTURE CONCRETE REPAIR,225,SF,"JPC GROUP, INC.",$675.00,"$151,875.00"
22124,124,0006,Bridge 0609-161,0124,555003M,,SUBSTRUCTURE CONCRETE REPAIR,225,SF,"ROAD-CON, INC.",$463.00,"$104,175.00"
22124,124,0006,Bridge 0609-161,0125,601419P,,"8"" PERFORATED HIGH DENSITY POLYETHYLENE PIPE",200,LF,"SOUTH STATE, INC.",$75.00,"$15,000.00"
22124,124,0006,Bridge 0609-161,0125,601419P,,"8"" PERFORATED HIGH DENSITY POLYETHYLENE PIPE",200,LF,"JPC GROUP, INC.",$60.00,"$12,000.00"
22124,124,0006,Bridge 0609-161,0125,601419P,,"8"" PERFORATED HIGH DENSITY POLYETHYLENE PIPE",200,LF,"ROAD-CON, INC.",$40.75,"$8,150.00"
22124,124,0006,Bridge 0609-161,0126,654003P,,ELECTRICAL CONDUIT,470,LF,"SOUTH STATE, INC.",$215.00,"$101,050.00"
22124,124,0006,Bridge 0609-161,0126,654003P,,ELECTRICAL CONDUIT,470,LF,"JPC GROUP, INC.",$250.00,"$117,500.00"
22124,124,0006,Bridge 0609-161,0126,654003P,,ELECTRICAL CONDUIT,470,LF,"ROAD-CON, INC.",$267.00,"$125,490.00"
22124,124,0006,Bridge 0609-161,0127,657005P,,UTILITY PIPE SUPPORT,1,LS,"SOUTH STATE, INC.","$25,000.00","$25,000.00"
22124,124,0006,Bridge 0609-161,0127,657005P,,UTILITY PIPE SUPPORT,1,LS,"JPC GROUP, INC.","$47,500.00","$47,500.00"
22124,124,0006,Bridge 0609-161,0127,657005P,,UTILITY PIPE SUPPORT,1,LS,"ROAD-CON, INC.","$45,540.00","$45,540.00"
22124,124,0006,Bridge 0609-161,0128,701021P,,"3"" RIGID METALLIC CONDUIT",610,LF,"SOUTH STATE, INC.",$60.00,"$36,600.00"
22124,124,0006,Bridge 0609-161,0128,701021P,,"3"" RIGID METALLIC CONDUIT",610,LF,"JPC GROUP, INC.",$70.50,"$43,005.00"
22124,124,0006,Bridge 0609-161,0128,701021P,,"3"" RIGID METALLIC CONDUIT",610,LF,"ROAD-CON, INC.",$76.25,"$46,512.50"
22124,124,0006,Bridge 0609-161,0129,701091P,,FIBERGLASS CONDUIT,"1,405",LF,"SOUTH STATE, INC.",$40.00,"$56,200.00"
22124,124,0006,Bridge 0609-161,0129,701091P,,FIBERGLASS CONDUIT,"1,405",LF,"JPC GROUP, INC.",$119.00,"$167,195.00"
22124,124,0006,Bridge 0609-161,0129,701091P,,FIBERGLASS CONDUIT,"1,405",LF,"ROAD-CON, INC.",$145.00,"$203,725.00"
22124,124,0006,Bridge 0609-161,0130,701102M,,"18"" X 36"" JUNCTION BOX",4,U,"SOUTH STATE, INC.","$2,000.00","$8,000.00"
22124,124,0006,Bridge 0609-161,0130,701102M,,"18"" X 36"" JUNCTION BOX",4,U,"JPC GROUP, INC.","$1,450.00","$5,800.00"
22124,124,0006,Bridge 0609-161,0130,701102M,,"18"" X 36"" JUNCTION BOX",4,U,"ROAD-CON, INC.","$4,090.00","$16,360.00"