Proposal,Call Order,Section Number,Section Description,Line,Item,Alternate Code,Item Description,Quantity,Unit,Vendor Name,Unit Price,Extension
22461,461,0001,Mobilization,0001,151006M,,PERFORMANCE BOND AND PAYMENT BOND,1,DOLL,"AGATE CONSTRUCTION CO., INC.","$30,000.00","$30,000.00"
22461,461,0001,Mobilization,0001,151006M,,PERFORMANCE BOND AND PAYMENT BOND,1,DOLL,"SKANSKA KOCH, INC.","$28,000.00","$28,000.00"
22461,461,0001,Mobilization,0001,151006M,,PERFORMANCE BOND AND PAYMENT BOND,1,DOLL,"IEW CONSTRUCTION GROUP, INC.","$35,200.00","$35,200.00"
22461,461,0001,Mobilization,0001,151006M,,PERFORMANCE BOND AND PAYMENT BOND,1,DOLL,KIEWIT INFRASTRUCTURE COMPANY,"$50,000.00","$50,000.00"
22461,461,0001,Mobilization,0002,154003P,,MOBILIZATION,1,LS,"AGATE CONSTRUCTION CO., INC.","$660,000.00","$660,000.00"
22461,461,0001,Mobilization,0002,154003P,,MOBILIZATION,1,LS,"SKANSKA KOCH, INC.","$625,000.00","$625,000.00"
22461,461,0001,Mobilization,0002,154003P,,MOBILIZATION,1,LS,"IEW CONSTRUCTION GROUP, INC.","$680,000.00","$680,000.00"
22461,461,0001,Mobilization,0002,154003P,,MOBILIZATION,1,LS,KIEWIT INFRASTRUCTURE COMPANY,"$650,000.00","$650,000.00"
22461,461,0001,Mobilization,0003,153003P,,PROGRESS SCHEDULE,1,LS,"AGATE CONSTRUCTION CO., INC.","$10,000.00","$10,000.00"
22461,461,0001,Mobilization,0003,153003P,,PROGRESS SCHEDULE,1,LS,"SKANSKA KOCH, INC.","$20,000.00","$20,000.00"
22461,461,0001,Mobilization,0003,153003P,,PROGRESS SCHEDULE,1,LS,"IEW CONSTRUCTION GROUP, INC.","$10,000.00","$10,000.00"
22461,461,0001,Mobilization,0003,153003P,,PROGRESS SCHEDULE,1,LS,KIEWIT INFRASTRUCTURE COMPANY,"$20,000.00","$20,000.00"
22461,461,0001,Mobilization,0004,161003P,,FINAL CLEANUP,1,LS,"AGATE CONSTRUCTION CO., INC.","$5,000.00","$5,000.00"
22461,461,0001,Mobilization,0004,161003P,,FINAL CLEANUP,1,LS,"SKANSKA KOCH, INC.","$20,000.00","$20,000.00"
22461,461,0001,Mobilization,0004,161003P,,FINAL CLEANUP,1,LS,"IEW CONSTRUCTION GROUP, INC.","$10,000.00","$10,000.00"
22461,461,0001,Mobilization,0004,161003P,,FINAL CLEANUP,1,LS,KIEWIT INFRASTRUCTURE COMPANY,"$25,000.00","$25,000.00"
22461,461,0002,Demolition,0005,201006P,,"CLEARING SITE, BRIDGE (___) 0731-161",1,LS,"AGATE CONSTRUCTION CO., INC.","$1,643,000.00","$1,643,000.00"
22461,461,0002,Demolition,0005,201006P,,"CLEARING SITE, BRIDGE (___) 0731-161",1,LS,"SKANSKA KOCH, INC.","$1,352,345.00","$1,352,345.00"
22461,461,0002,Demolition,0005,201006P,,"CLEARING SITE, BRIDGE (___) 0731-161",1,LS,"IEW CONSTRUCTION GROUP, INC.","$635,000.00","$635,000.00"
22461,461,0002,Demolition,0005,201006P,,"CLEARING SITE, BRIDGE (___) 0731-161",1,LS,KIEWIT INFRASTRUCTURE COMPANY,"$400,000.00","$400,000.00"
22461,461,0002,Demolition,0006,201039P,,TEMPORARY SHIELDING,1,LS,"AGATE CONSTRUCTION CO., INC.","$100,000.00","$100,000.00"
22461,461,0002,Demolition,0006,201039P,,TEMPORARY SHIELDING,1,LS,"SKANSKA KOCH, INC.","$200,000.00","$200,000.00"
22461,461,0002,Demolition,0006,201039P,,TEMPORARY SHIELDING,1,LS,"IEW CONSTRUCTION GROUP, INC.","$250,000.00","$250,000.00"
22461,461,0002,Demolition,0006,201039P,,TEMPORARY SHIELDING,1,LS,KIEWIT INFRASTRUCTURE COMPANY,"$450,000.00","$450,000.00"
22461,461,0003,Bridge,0007,506003P,,STRUCTURAL STEEL,1,LS,"AGATE CONSTRUCTION CO., INC.","$2,100,000.00","$2,100,000.00"
22461,461,0003,Bridge,0007,506003P,,STRUCTURAL STEEL,1,LS,"SKANSKA KOCH, INC.","$2,200,000.00","$2,200,000.00"
22461,461,0003,Bridge,0007,506003P,,STRUCTURAL STEEL,1,LS,"IEW CONSTRUCTION GROUP, INC.","$2,708,000.00","$2,708,000.00"
22461,461,0003,Bridge,0007,506003P,,STRUCTURAL STEEL,1,LS,KIEWIT INFRASTRUCTURE COMPANY,"$2,655,650.00","$2,655,650.00"
22461,461,0003,Bridge,0008,558005P,,RIVET REPLACEMENT,912,U,"AGATE CONSTRUCTION CO., INC.",$200.00,"$182,400.00"
22461,461,0003,Bridge,0008,558005P,,RIVET REPLACEMENT,912,U,"SKANSKA KOCH, INC.",$110.00,"$100,320.00"
22461,461,0003,Bridge,0008,558005P,,RIVET REPLACEMENT,912,U,"IEW CONSTRUCTION GROUP, INC.",$215.00,"$196,080.00"
22461,461,0003,Bridge,0008,558005P,,RIVET REPLACEMENT,912,U,KIEWIT INFRASTRUCTURE COMPANY,$250.00,"$228,000.00"
22461,461,0003,Bridge,0009,MMG093M,,FIBERGLASS REINFORCED POLYMER PANELS,"4,700",SF,"AGATE CONSTRUCTION CO., INC.",$70.00,"$329,000.00"
22461,461,0003,Bridge,0009,MMG093M,,FIBERGLASS REINFORCED POLYMER PANELS,"4,700",SF,"SKANSKA KOCH, INC.",$45.00,"$211,500.00"
22461,461,0003,Bridge,0009,MMG093M,,FIBERGLASS REINFORCED POLYMER PANELS,"4,700",SF,"IEW CONSTRUCTION GROUP, INC.",$166.00,"$780,200.00"
22461,461,0003,Bridge,0009,MMG093M,,FIBERGLASS REINFORCED POLYMER PANELS,"4,700",SF,KIEWIT INFRASTRUCTURE COMPANY,$84.50,"$397,150.00"
22461,461,0003,Bridge,0010,755003P,,TOWER ELEVATORS,2,L S,"AGATE CONSTRUCTION CO., INC.","$600,000.00","$1,200,000.00"
22461,461,0003,Bridge,0010,755003P,,TOWER ELEVATORS,2,L S,"SKANSKA KOCH, INC.","$925,000.00","$1,850,000.00"
22461,461,0003,Bridge,0010,755003P,,TOWER ELEVATORS,2,L S,"IEW CONSTRUCTION GROUP, INC.","$643,200.00","$1,286,400.00"
22461,461,0003,Bridge,0010,755003P,,TOWER ELEVATORS,2,L S,KIEWIT INFRASTRUCTURE COMPANY,"$1,100,000.00","$2,200,000.00"
22461,461,0003,Bridge,0011,750050P,,ELECTRICAL WORK,1,LS,"AGATE CONSTRUCTION CO., INC.","$400,000.00","$400,000.00"
22461,461,0003,Bridge,0011,750050P,,ELECTRICAL WORK,1,LS,"SKANSKA KOCH, INC.","$281,000.00","$281,000.00"
22461,461,0003,Bridge,0011,750050P,,ELECTRICAL WORK,1,LS,"IEW CONSTRUCTION GROUP, INC.","$295,500.00","$295,500.00"
22461,461,0003,Bridge,0011,750050P,,ELECTRICAL WORK,1,LS,KIEWIT INFRASTRUCTURE COMPANY,"$600,000.00","$600,000.00"
22461,461,0004,Construction,0012,152015P,,POLLUTION LIABILITY INSURANCE,1,DOLL,"AGATE CONSTRUCTION CO., INC.","$20,000.00","$20,000.00"
22461,461,0004,Construction,0012,152015P,,POLLUTION LIABILITY INSURANCE,1,DOLL,"SKANSKA KOCH, INC.","$1,000.00","$1,000.00"
22461,461,0004,Construction,0012,152015P,,POLLUTION LIABILITY INSURANCE,1,DOLL,"IEW CONSTRUCTION GROUP, INC.","$12,300.00","$12,300.00"
22461,461,0004,Construction,0012,152015P,,POLLUTION LIABILITY INSURANCE,1,DOLL,KIEWIT INFRASTRUCTURE COMPANY,"$5,000.00","$5,000.00"