Proposal,Call Order,Section Number,Section Description,Line,Item,Alternate Code,Item Description,Quantity,Unit,Vendor Name,Unit Price,Extension
23120,120,0001,ROADWAY,0001,151006M,,PERFORMANCE BOND AND PAYMENT BOND,1,DOLL,"MOUNT CONSTRUCTION CO., INC.","$35,000.00","$35,000.00"
23120,120,0001,ROADWAY,0001,151006M,,PERFORMANCE BOND AND PAYMENT BOND,1,DOLL,"RITACCO CONSTRUCTION, INC.","$50,000.00","$50,000.00"
23120,120,0001,ROADWAY,0001,151006M,,PERFORMANCE BOND AND PAYMENT BOND,1,DOLL,"ANSELMI & DECICCO, INC.","$60,000.00","$60,000.00"
23120,120,0003,NON-PARTICIPATING (ROADWAY),0002,152015P,,POLLUTION LIABILITY INSURANCE,1,DOLL,"MOUNT CONSTRUCTION CO., INC.",$1.00,$1.00
23120,120,0003,NON-PARTICIPATING (ROADWAY),0002,152015P,,POLLUTION LIABILITY INSURANCE,1,DOLL,"RITACCO CONSTRUCTION, INC.","$14,000.00","$14,000.00"
23120,120,0003,NON-PARTICIPATING (ROADWAY),0002,152015P,,POLLUTION LIABILITY INSURANCE,1,DOLL,"ANSELMI & DECICCO, INC.","$10,000.00","$10,000.00"
23120,120,0001,ROADWAY,0003,153003P,,PROGRESS SCHEDULE,1,LS,"MOUNT CONSTRUCTION CO., INC.","$15,000.00","$15,000.00"
23120,120,0001,ROADWAY,0003,153003P,,PROGRESS SCHEDULE,1,LS,"RITACCO CONSTRUCTION, INC.","$5,000.00","$5,000.00"
23120,120,0001,ROADWAY,0003,153003P,,PROGRESS SCHEDULE,1,LS,"ANSELMI & DECICCO, INC.","$15,000.00","$15,000.00"
23120,120,0001,ROADWAY,0004,153005M,,PROGRESS SCHEDULE UPDATE,5,U,"MOUNT CONSTRUCTION CO., INC.","$1,200.00","$6,000.00"
23120,120,0001,ROADWAY,0004,153005M,,PROGRESS SCHEDULE UPDATE,5,U,"RITACCO CONSTRUCTION, INC.",$250.00,"$1,250.00"
23120,120,0001,ROADWAY,0004,153005M,,PROGRESS SCHEDULE UPDATE,5,U,"ANSELMI & DECICCO, INC.",$500.00,"$2,500.00"
23120,120,0001,ROADWAY,0005,154003P,,MOBILIZATION,1,LS,"MOUNT CONSTRUCTION CO., INC.","$1,880,000.00","$1,880,000.00"
23120,120,0001,ROADWAY,0005,154003P,,MOBILIZATION,1,LS,"RITACCO CONSTRUCTION, INC.","$1,073,700.00","$1,073,700.00"
23120,120,0001,ROADWAY,0005,154003P,,MOBILIZATION,1,LS,"ANSELMI & DECICCO, INC.","$1,000,000.00","$1,000,000.00"
23120,120,0002,CONSTRUCTION ENGINEERING,0006,155006M,,FIELD OFFICE TYPE B SET UP,1,U,"MOUNT CONSTRUCTION CO., INC.","$35,000.00","$35,000.00"
23120,120,0002,CONSTRUCTION ENGINEERING,0006,155006M,,FIELD OFFICE TYPE B SET UP,1,U,"RITACCO CONSTRUCTION, INC.","$20,000.00","$20,000.00"
23120,120,0002,CONSTRUCTION ENGINEERING,0006,155006M,,FIELD OFFICE TYPE B SET UP,1,U,"ANSELMI & DECICCO, INC.","$75,000.00","$75,000.00"
23120,120,0002,CONSTRUCTION ENGINEERING,0007,155024M,,FIELD OFFICE TYPE B MAINTENANCE,10,MO,"MOUNT CONSTRUCTION CO., INC.","$3,500.00","$35,000.00"
23120,120,0002,CONSTRUCTION ENGINEERING,0007,155024M,,FIELD OFFICE TYPE B MAINTENANCE,10,MO,"RITACCO CONSTRUCTION, INC.","$3,000.00","$30,000.00"
23120,120,0002,CONSTRUCTION ENGINEERING,0007,155024M,,FIELD OFFICE TYPE B MAINTENANCE,10,MO,"ANSELMI & DECICCO, INC.","$5,000.00","$50,000.00"
23120,120,0001,ROADWAY,0008,157004M,,CONSTRUCTION LAYOUT,1,DOLL,"MOUNT CONSTRUCTION CO., INC.","$400,000.00","$400,000.00"
23120,120,0001,ROADWAY,0008,157004M,,CONSTRUCTION LAYOUT,1,DOLL,"RITACCO CONSTRUCTION, INC.","$110,000.00","$110,000.00"
23120,120,0001,ROADWAY,0008,157004M,,CONSTRUCTION LAYOUT,1,DOLL,"ANSELMI & DECICCO, INC.","$222,500.00","$222,500.00"
23120,120,0004,EROSION CONTROL,0009,158009M,,"HEAVY DUTY SILT FENCE, ORANGE","1,200",LF,"MOUNT CONSTRUCTION CO., INC.",$13.00,"$15,600.00"
23120,120,0004,EROSION CONTROL,0009,158009M,,"HEAVY DUTY SILT FENCE, ORANGE","1,200",LF,"RITACCO CONSTRUCTION, INC.",$10.00,"$12,000.00"
23120,120,0004,EROSION CONTROL,0009,158009M,,"HEAVY DUTY SILT FENCE, ORANGE","1,200",LF,"ANSELMI & DECICCO, INC.",$10.00,"$12,000.00"
23120,120,0004,EROSION CONTROL,0010,158030M,,"INLET FILTER TYPE 2, 2' X 4'",8,U,"MOUNT CONSTRUCTION CO., INC.",$500.00,"$4,000.00"
23120,120,0004,EROSION CONTROL,0010,158030M,,"INLET FILTER TYPE 2, 2' X 4'",8,U,"RITACCO CONSTRUCTION, INC.",$200.00,"$1,600.00"
23120,120,0004,EROSION CONTROL,0010,158030M,,"INLET FILTER TYPE 2, 2' X 4'",8,U,"ANSELMI & DECICCO, INC.",$150.00,"$1,200.00"
23120,120,0004,EROSION CONTROL,0011,158042M,,"FLOATING TURBIDITY BARRIER, TYPE 1",196,LF,"MOUNT CONSTRUCTION CO., INC.",$45.00,"$8,820.00"
23120,120,0004,EROSION CONTROL,0011,158042M,,"FLOATING TURBIDITY BARRIER, TYPE 1",196,LF,"RITACCO CONSTRUCTION, INC.",$30.00,"$5,880.00"
23120,120,0004,EROSION CONTROL,0011,158042M,,"FLOATING TURBIDITY BARRIER, TYPE 1",196,LF,"ANSELMI & DECICCO, INC.",$60.00,"$11,760.00"
23120,120,0004,EROSION CONTROL,0012,158063P,,CONCRETE WASHOUT SYSTEM,1,LS,"MOUNT CONSTRUCTION CO., INC.","$6,500.00","$6,500.00"
23120,120,0004,EROSION CONTROL,0012,158063P,,CONCRETE WASHOUT SYSTEM,1,LS,"RITACCO CONSTRUCTION, INC.","$5,000.00","$5,000.00"
23120,120,0004,EROSION CONTROL,0012,158063P,,CONCRETE WASHOUT SYSTEM,1,LS,"ANSELMI & DECICCO, INC.",$250.00,$250.00
23120,120,0004,EROSION CONTROL,0013,158072M,,"OIL ONLY EMERGENCY SPILL KIT, TYPE 1",2,U,"MOUNT CONSTRUCTION CO., INC.","$1,000.00","$2,000.00"
23120,120,0004,EROSION CONTROL,0013,158072M,,"OIL ONLY EMERGENCY SPILL KIT, TYPE 1",2,U,"RITACCO CONSTRUCTION, INC.",$500.00,"$1,000.00"
23120,120,0004,EROSION CONTROL,0013,158072M,,"OIL ONLY EMERGENCY SPILL KIT, TYPE 1",2,U,"ANSELMI & DECICCO, INC.","$1,000.00","$2,000.00"
23120,120,0004,EROSION CONTROL,0014,158084M,,EROSION CONTROL SEDIMENT REMOVAL,10,CY,"MOUNT CONSTRUCTION CO., INC.",$650.00,"$6,500.00"
23120,120,0004,EROSION CONTROL,0014,158084M,,EROSION CONTROL SEDIMENT REMOVAL,10,CY,"RITACCO CONSTRUCTION, INC.",$10.00,$100.00
23120,120,0004,EROSION CONTROL,0014,158084M,,EROSION CONTROL SEDIMENT REMOVAL,10,CY,"ANSELMI & DECICCO, INC.",$0.01,$0.10
23120,120,0001,ROADWAY,0015,159003M,,BREAKAWAY BARRICADE,100,U,"MOUNT CONSTRUCTION CO., INC.",$1.00,$100.00
23120,120,0001,ROADWAY,0015,159003M,,BREAKAWAY BARRICADE,100,U,"RITACCO CONSTRUCTION, INC.",$20.00,"$2,000.00"
23120,120,0001,ROADWAY,0015,159003M,,BREAKAWAY BARRICADE,100,U,"ANSELMI & DECICCO, INC.",$1.00,$100.00
23120,120,0001,ROADWAY,0016,159006M,,DRUM,100,U,"MOUNT CONSTRUCTION CO., INC.",$1.00,$100.00
23120,120,0001,ROADWAY,0016,159006M,,DRUM,100,U,"RITACCO CONSTRUCTION, INC.",$10.00,"$1,000.00"
23120,120,0001,ROADWAY,0016,159006M,,DRUM,100,U,"ANSELMI & DECICCO, INC.",$1.00,$100.00
23120,120,0001,ROADWAY,0017,159009M,,TRAFFIC CONE,100,U,"MOUNT CONSTRUCTION CO., INC.",$1.00,$100.00
23120,120,0001,ROADWAY,0017,159009M,,TRAFFIC CONE,100,U,"RITACCO CONSTRUCTION, INC.",$2.00,$200.00
23120,120,0001,ROADWAY,0017,159009M,,TRAFFIC CONE,100,U,"ANSELMI & DECICCO, INC.",$1.00,$100.00
23120,120,0001,ROADWAY,0018,159012M,,CONSTRUCTION SIGNS,"1,481",SF,"MOUNT CONSTRUCTION CO., INC.",$25.00,"$37,025.00"
23120,120,0001,ROADWAY,0018,159012M,,CONSTRUCTION SIGNS,"1,481",SF,"RITACCO CONSTRUCTION, INC.",$18.00,"$26,658.00"
23120,120,0001,ROADWAY,0018,159012M,,CONSTRUCTION SIGNS,"1,481",SF,"ANSELMI & DECICCO, INC.",$35.00,"$51,835.00"
23120,120,0001,ROADWAY,0019,159021P,,CONSTRUCTION BARRIER CURB,320,LF,"MOUNT CONSTRUCTION CO., INC.",$150.00,"$48,000.00"
23120,120,0001,ROADWAY,0019,159021P,,CONSTRUCTION BARRIER CURB,320,LF,"RITACCO CONSTRUCTION, INC.",$70.00,"$22,400.00"
23120,120,0001,ROADWAY,0019,159021P,,CONSTRUCTION BARRIER CURB,320,LF,"ANSELMI & DECICCO, INC.",$25.00,"$8,000.00"
23120,120,0001,ROADWAY,0020,159027M,,"FLASHING ARROW BOARD, 4' X 8'",2,U,"MOUNT CONSTRUCTION CO., INC.","$1,500.00","$3,000.00"
23120,120,0001,ROADWAY,0020,159027M,,"FLASHING ARROW BOARD, 4' X 8'",2,U,"RITACCO CONSTRUCTION, INC.",$500.00,"$1,000.00"
23120,120,0001,ROADWAY,0020,159027M,,"FLASHING ARROW BOARD, 4' X 8'",2,U,"ANSELMI & DECICCO, INC.","$4,000.00","$8,000.00"
23120,120,0001,ROADWAY,0021,159030M,,PORTABLE VARIABLE MESSAGE SIGN,4,U,"MOUNT CONSTRUCTION CO., INC.","$2,500.00","$10,000.00"
23120,120,0001,ROADWAY,0021,159030M,,PORTABLE VARIABLE MESSAGE SIGN,4,U,"RITACCO CONSTRUCTION, INC.","$1,000.00","$4,000.00"
23120,120,0001,ROADWAY,0021,159030M,,PORTABLE VARIABLE MESSAGE SIGN,4,U,"ANSELMI & DECICCO, INC.","$5,000.00","$20,000.00"
23120,120,0001,ROADWAY,0022,159108M,,TRAFFIC CONTROL TRUCK WITH MOUNTED CRASH CUSHION,2,U,"MOUNT CONSTRUCTION CO., INC.","$4,000.00","$8,000.00"
23120,120,0001,ROADWAY,0022,159108M,,TRAFFIC CONTROL TRUCK WITH MOUNTED CRASH CUSHION,2,U,"RITACCO CONSTRUCTION, INC.","$1,500.00","$3,000.00"
23120,120,0001,ROADWAY,0022,159108M,,TRAFFIC CONTROL TRUCK WITH MOUNTED CRASH CUSHION,2,U,"ANSELMI & DECICCO, INC.",$1.00,$2.00
23120,120,0001,ROADWAY,0023,159138M,,HMA PATCH,10,T,"MOUNT CONSTRUCTION CO., INC.",$850.00,"$8,500.00"
23120,120,0001,ROADWAY,0023,159138M,,HMA PATCH,10,T,"RITACCO CONSTRUCTION, INC.",$50.00,$500.00
23120,120,0001,ROADWAY,0023,159138M,,HMA PATCH,10,T,"ANSELMI & DECICCO, INC.",$500.00,"$5,000.00"
23120,120,0001,ROADWAY,0024,159260M,,"CONSTRUCTION IDENTIFICATION SIGN, IIJA 6' X 4'",2,U,"MOUNT CONSTRUCTION CO., INC.","$2,500.00","$5,000.00"
23120,120,0001,ROADWAY,0024,159260M,,"CONSTRUCTION IDENTIFICATION SIGN, IIJA 6' X 4'",2,U,"RITACCO CONSTRUCTION, INC.",$750.00,"$1,500.00"
23120,120,0001,ROADWAY,0024,159260M,,"CONSTRUCTION IDENTIFICATION SIGN, IIJA 6' X 4'",2,U,"ANSELMI & DECICCO, INC.","$5,000.00","$10,000.00"
23120,120,0001,ROADWAY,0025,160004M,,FUEL PRICE ADJUSTMENT,1,DOLL,"MOUNT CONSTRUCTION CO., INC.",$300.00,$300.00
23120,120,0001,ROADWAY,0025,160004M,,FUEL PRICE ADJUSTMENT,1,DOLL,"RITACCO CONSTRUCTION, INC.",$300.00,$300.00
23120,120,0001,ROADWAY,0025,160004M,,FUEL PRICE ADJUSTMENT,1,DOLL,"ANSELMI & DECICCO, INC.",$300.00,$300.00
23120,120,0001,ROADWAY,0026,160009M,,STEEL PRICE ADJUSTMENT,1,DOLL,"MOUNT CONSTRUCTION CO., INC.","$50,000.00","$50,000.00"
23120,120,0001,ROADWAY,0026,160009M,,STEEL PRICE ADJUSTMENT,1,DOLL,"RITACCO CONSTRUCTION, INC.","$50,000.00","$50,000.00"
23120,120,0001,ROADWAY,0026,160009M,,STEEL PRICE ADJUSTMENT,1,DOLL,"ANSELMI & DECICCO, INC.","$50,000.00","$50,000.00"
23120,120,0001,ROADWAY,0027,161003P,,FINAL CLEANUP,1,LS,"MOUNT CONSTRUCTION CO., INC.","$15,000.00","$15,000.00"
23120,120,0001,ROADWAY,0027,161003P,,FINAL CLEANUP,1,LS,"RITACCO CONSTRUCTION, INC.","$25,000.00","$25,000.00"
23120,120,0001,ROADWAY,0027,161003P,,FINAL CLEANUP,1,LS,"ANSELMI & DECICCO, INC.","$5,000.00","$5,000.00"
23120,120,0001,ROADWAY,0028,201003P,,CLEARING SITE,1,LS,"MOUNT CONSTRUCTION CO., INC.","$215,000.00","$215,000.00"
23120,120,0001,ROADWAY,0028,201003P,,CLEARING SITE,1,LS,"RITACCO CONSTRUCTION, INC.","$215,000.00","$215,000.00"
23120,120,0001,ROADWAY,0028,201003P,,CLEARING SITE,1,LS,"ANSELMI & DECICCO, INC.","$215,000.00","$215,000.00"
23120,120,0001,ROADWAY,0029,202006M,,"EXCAVATION, TEST PIT",15,CY,"MOUNT CONSTRUCTION CO., INC.","$1,000.00","$15,000.00"
23120,120,0001,ROADWAY,0029,202006M,,"EXCAVATION, TEST PIT",15,CY,"RITACCO CONSTRUCTION, INC.",$100.00,"$1,500.00"
23120,120,0001,ROADWAY,0029,202006M,,"EXCAVATION, TEST PIT",15,CY,"ANSELMI & DECICCO, INC.",$500.00,"$7,500.00"
23120,120,0001,ROADWAY,0030,202009P,,"EXCAVATION, UNCLASSIFIED",104,CY,"MOUNT CONSTRUCTION CO., INC.",$100.00,"$10,400.00"
23120,120,0001,ROADWAY,0030,202009P,,"EXCAVATION, UNCLASSIFIED",104,CY,"RITACCO CONSTRUCTION, INC.",$50.00,"$5,200.00"
23120,120,0001,ROADWAY,0030,202009P,,"EXCAVATION, UNCLASSIFIED",104,CY,"ANSELMI & DECICCO, INC.",$250.00,"$26,000.00"
23120,120,0001,ROADWAY,0031,202021P,,REMOVAL OF PAVEMENT,402,SY,"MOUNT CONSTRUCTION CO., INC.",$30.00,"$12,060.00"
23120,120,0001,ROADWAY,0031,202021P,,REMOVAL OF PAVEMENT,402,SY,"RITACCO CONSTRUCTION, INC.",$50.00,"$20,100.00"
23120,120,0001,ROADWAY,0031,202021P,,REMOVAL OF PAVEMENT,402,SY,"ANSELMI & DECICCO, INC.",$100.00,"$40,200.00"
23120,120,0001,ROADWAY,0032,202050M,,SUBSOIL SCARIFICATION,682,SY,"MOUNT CONSTRUCTION CO., INC.",$8.00,"$5,456.00"
23120,120,0001,ROADWAY,0032,202050M,,SUBSOIL SCARIFICATION,682,SY,"RITACCO CONSTRUCTION, INC.",$10.00,"$6,820.00"
23120,120,0001,ROADWAY,0032,202050M,,SUBSOIL SCARIFICATION,682,SY,"ANSELMI & DECICCO, INC.",$10.00,"$6,820.00"
23120,120,0001,ROADWAY,0033,203021P,,I-14 SOIL AGGREGATE,60,CY,"MOUNT CONSTRUCTION CO., INC.",$135.00,"$8,100.00"
23120,120,0001,ROADWAY,0033,203021P,,I-14 SOIL AGGREGATE,60,CY,"RITACCO CONSTRUCTION, INC.",$80.00,"$4,800.00"
23120,120,0001,ROADWAY,0033,203021P,,I-14 SOIL AGGREGATE,60,CY,"ANSELMI & DECICCO, INC.",$100.00,"$6,000.00"
23120,120,0001,ROADWAY,0034,302042P,,"DENSE-GRADED AGGREGATE BASE COURSE, 8"" THICK",228,SY,"MOUNT CONSTRUCTION CO., INC.",$40.00,"$9,120.00"
23120,120,0001,ROADWAY,0034,302042P,,"DENSE-GRADED AGGREGATE BASE COURSE, 8"" THICK",228,SY,"RITACCO CONSTRUCTION, INC.",$25.00,"$5,700.00"
23120,120,0001,ROADWAY,0034,302042P,,"DENSE-GRADED AGGREGATE BASE COURSE, 8"" THICK",228,SY,"ANSELMI & DECICCO, INC.",$25.00,"$5,700.00"
23120,120,0001,ROADWAY,0035,401009P,,"HMA MILLING, 3"" OR LESS","1,073",SY,"MOUNT CONSTRUCTION CO., INC.",$15.00,"$16,095.00"
23120,120,0001,ROADWAY,0035,401009P,,"HMA MILLING, 3"" OR LESS","1,073",SY,"RITACCO CONSTRUCTION, INC.",$20.00,"$21,460.00"
23120,120,0001,ROADWAY,0035,401009P,,"HMA MILLING, 3"" OR LESS","1,073",SY,"ANSELMI & DECICCO, INC.",$10.00,"$10,730.00"
23120,120,0001,ROADWAY,0036,401027M,,POLYMERIZED JOINT ADHESIVE,"1,600",LF,"MOUNT CONSTRUCTION CO., INC.",$6.50,"$10,400.00"
23120,120,0001,ROADWAY,0036,401027M,,POLYMERIZED JOINT ADHESIVE,"1,600",LF,"RITACCO CONSTRUCTION, INC.",$2.00,"$3,200.00"
23120,120,0001,ROADWAY,0036,401027M,,POLYMERIZED JOINT ADHESIVE,"1,600",LF,"ANSELMI & DECICCO, INC.",$1.00,"$1,600.00"
23120,120,0001,ROADWAY,0037,401030M,,TACK COAT,300,GAL,"MOUNT CONSTRUCTION CO., INC.",$1.00,$300.00
23120,120,0001,ROADWAY,0037,401030M,,TACK COAT,300,GAL,"RITACCO CONSTRUCTION, INC.",$5.00,"$1,500.00"
23120,120,0001,ROADWAY,0037,401030M,,TACK COAT,300,GAL,"ANSELMI & DECICCO, INC.",$10.00,"$3,000.00"
23120,120,0001,ROADWAY,0038,401042M,,HOT MIX ASPHALT 9.5 M 64 SURFACE COURSE,227,T,"MOUNT CONSTRUCTION CO., INC.",$225.00,"$51,075.00"
23120,120,0001,ROADWAY,0038,401042M,,HOT MIX ASPHALT 9.5 M 64 SURFACE COURSE,227,T,"RITACCO CONSTRUCTION, INC.",$250.00,"$56,750.00"
23120,120,0001,ROADWAY,0038,401042M,,HOT MIX ASPHALT 9.5 M 64 SURFACE COURSE,227,T,"ANSELMI & DECICCO, INC.",$210.00,"$47,670.00"
23120,120,0001,ROADWAY,0039,401096M,,HOT MIX ASPHALT 19 M 64 BASE COURSE,82,T,"MOUNT CONSTRUCTION CO., INC.",$335.00,"$27,470.00"
23120,120,0001,ROADWAY,0039,401096M,,HOT MIX ASPHALT 19 M 64 BASE COURSE,82,T,"RITACCO CONSTRUCTION, INC.",$250.00,"$20,500.00"
23120,120,0001,ROADWAY,0039,401096M,,HOT MIX ASPHALT 19 M 64 BASE COURSE,82,T,"ANSELMI & DECICCO, INC.",$210.00,"$17,220.00"
23120,120,0001,ROADWAY,0040,401108M,,"CORE SAMPLES, HOT MIX ASPHALT",2,U,"MOUNT CONSTRUCTION CO., INC.",$650.00,"$1,300.00"
23120,120,0001,ROADWAY,0040,401108M,,"CORE SAMPLES, HOT MIX ASPHALT",2,U,"RITACCO CONSTRUCTION, INC.",$500.00,"$1,000.00"
23120,120,0001,ROADWAY,0040,401108M,,"CORE SAMPLES, HOT MIX ASPHALT",2,U,"ANSELMI & DECICCO, INC.",$200.00,$400.00
23120,120,0001,ROADWAY,0041,601122P,,"15"" REINFORCED CONCRETE PIPE",43,LF,"MOUNT CONSTRUCTION CO., INC.",$330.00,"$14,190.00"
23120,120,0001,ROADWAY,0041,601122P,,"15"" REINFORCED CONCRETE PIPE",43,LF,"RITACCO CONSTRUCTION, INC.",$140.00,"$6,020.00"
23120,120,0001,ROADWAY,0041,601122P,,"15"" REINFORCED CONCRETE PIPE",43,LF,"ANSELMI & DECICCO, INC.",$150.00,"$6,450.00"
23120,120,0001,ROADWAY,0042,601124P,,"18"" REINFORCED CONCRETE PIPE",221,LF,"MOUNT CONSTRUCTION CO., INC.",$165.00,"$36,465.00"
23120,120,0001,ROADWAY,0042,601124P,,"18"" REINFORCED CONCRETE PIPE",221,LF,"RITACCO CONSTRUCTION, INC.",$90.00,"$19,890.00"
23120,120,0001,ROADWAY,0042,601124P,,"18"" REINFORCED CONCRETE PIPE",221,LF,"ANSELMI & DECICCO, INC.",$200.00,"$44,200.00"
23120,120,0001,ROADWAY,0043,601680M,,"16"" DUCTILE IRON PIPE",31,LF,"MOUNT CONSTRUCTION CO., INC.",$440.00,"$13,640.00"
23120,120,0001,ROADWAY,0043,601680M,,"16"" DUCTILE IRON PIPE",31,LF,"RITACCO CONSTRUCTION, INC.",$290.00,"$8,990.00"
23120,120,0001,ROADWAY,0043,601680M,,"16"" DUCTILE IRON PIPE",31,LF,"ANSELMI & DECICCO, INC.",$300.00,"$9,300.00"
23120,120,0001,ROADWAY,0044,602012M,,"INLET, TYPE B",1,U,"MOUNT CONSTRUCTION CO., INC.","$8,000.00","$8,000.00"
23120,120,0001,ROADWAY,0044,602012M,,"INLET, TYPE B",1,U,"RITACCO CONSTRUCTION, INC.","$5,500.00","$5,500.00"
23120,120,0001,ROADWAY,0044,602012M,,"INLET, TYPE B",1,U,"ANSELMI & DECICCO, INC.","$7,000.00","$7,000.00"
23120,120,0001,ROADWAY,0045,602013M,,"INLET, TYPE DOUBLE B",2,U,"MOUNT CONSTRUCTION CO., INC.","$14,000.00","$28,000.00"
23120,120,0001,ROADWAY,0045,602013M,,"INLET, TYPE DOUBLE B",2,U,"RITACCO CONSTRUCTION, INC.","$7,000.00","$14,000.00"
23120,120,0001,ROADWAY,0045,602013M,,"INLET, TYPE DOUBLE B",2,U,"ANSELMI & DECICCO, INC.","$10,000.00","$20,000.00"
23120,120,0001,ROADWAY,0046,602018M,,"INLET, TYPE E",1,U,"MOUNT CONSTRUCTION CO., INC.","$6,500.00","$6,500.00"
23120,120,0001,ROADWAY,0046,602018M,,"INLET, TYPE E",1,U,"RITACCO CONSTRUCTION, INC.","$5,000.00","$5,000.00"
23120,120,0001,ROADWAY,0046,602018M,,"INLET, TYPE E",1,U,"ANSELMI & DECICCO, INC.","$7,000.00","$7,000.00"
23120,120,0001,ROADWAY,0047,602054M,,"MANHOLE, 4' DIAMETER",1,U,"MOUNT CONSTRUCTION CO., INC.","$10,000.00","$10,000.00"
23120,120,0001,ROADWAY,0047,602054M,,"MANHOLE, 4' DIAMETER",1,U,"RITACCO CONSTRUCTION, INC.","$5,000.00","$5,000.00"
23120,120,0001,ROADWAY,0047,602054M,,"MANHOLE, 4' DIAMETER",1,U,"ANSELMI & DECICCO, INC.","$7,000.00","$7,000.00"
23120,120,0001,ROADWAY,0048,602290M,,"INLET, NON-STANDARD (TYPE B1X)",1,U,"MOUNT CONSTRUCTION CO., INC.","$11,000.00","$11,000.00"
23120,120,0001,ROADWAY,0048,602290M,,"INLET, NON-STANDARD (TYPE B1X)",1,U,"RITACCO CONSTRUCTION, INC.","$6,000.00","$6,000.00"
23120,120,0001,ROADWAY,0048,602290M,,"INLET, NON-STANDARD (TYPE B1X)",1,U,"ANSELMI & DECICCO, INC.","$9,000.00","$9,000.00"
23120,120,0001,ROADWAY,0049,606006P,,"HOT MIX ASPHALT SIDEWALK, 5"" THICK",311,SY,"MOUNT CONSTRUCTION CO., INC.",$85.00,"$26,435.00"
23120,120,0001,ROADWAY,0049,606006P,,"HOT MIX ASPHALT SIDEWALK, 5"" THICK",311,SY,"RITACCO CONSTRUCTION, INC.",$75.00,"$23,325.00"
23120,120,0001,ROADWAY,0049,606006P,,"HOT MIX ASPHALT SIDEWALK, 5"" THICK",311,SY,"ANSELMI & DECICCO, INC.",$100.00,"$31,100.00"
23120,120,0001,ROADWAY,0050,606012P,,"CONCRETE SIDEWALK, 4"" THICK",126,SY,"MOUNT CONSTRUCTION CO., INC.",$265.00,"$33,390.00"
23120,120,0001,ROADWAY,0050,606012P,,"CONCRETE SIDEWALK, 4"" THICK",126,SY,"RITACCO CONSTRUCTION, INC.",$60.00,"$7,560.00"
23120,120,0001,ROADWAY,0050,606012P,,"CONCRETE SIDEWALK, 4"" THICK",126,SY,"ANSELMI & DECICCO, INC.",$150.00,"$18,900.00"
23120,120,0001,ROADWAY,0051,608015P,,"NONVEGETATIVE SURFACE, BROKEN STONE, ___ "" THICK (6"" THICK)",110,SY,"MOUNT CONSTRUCTION CO., INC.",$85.00,"$9,350.00"
23120,120,0001,ROADWAY,0051,608015P,,"NONVEGETATIVE SURFACE, BROKEN STONE, ___ "" THICK (6"" THICK)",110,SY,"RITACCO CONSTRUCTION, INC.",$70.00,"$7,700.00"
23120,120,0001,ROADWAY,0051,608015P,,"NONVEGETATIVE SURFACE, BROKEN STONE, ___ "" THICK (6"" THICK)",110,SY,"ANSELMI & DECICCO, INC.",$20.00,"$2,200.00"
23120,120,0001,ROADWAY,0052,606084P,,DETECTABLE WARNING SURFACE,4,SY,"MOUNT CONSTRUCTION CO., INC.",$335.00,"$1,340.00"
23120,120,0001,ROADWAY,0052,606084P,,DETECTABLE WARNING SURFACE,4,SY,"RITACCO CONSTRUCTION, INC.",$500.00,"$2,000.00"
23120,120,0001,ROADWAY,0052,606084P,,DETECTABLE WARNING SURFACE,4,SY,"ANSELMI & DECICCO, INC.",$250.00,"$1,000.00"
23120,120,0001,ROADWAY,0053,607018P,,"9"" X 16"" CONCRETE VERTICAL CURB",544,LF,"MOUNT CONSTRUCTION CO., INC.",$70.00,"$38,080.00"
23120,120,0001,ROADWAY,0053,607018P,,"9"" X 16"" CONCRETE VERTICAL CURB",544,LF,"RITACCO CONSTRUCTION, INC.",$35.00,"$19,040.00"
23120,120,0001,ROADWAY,0053,607018P,,"9"" X 16"" CONCRETE VERTICAL CURB",544,LF,"ANSELMI & DECICCO, INC.",$50.00,"$27,200.00"
23120,120,0001,ROADWAY,0054,609009M,,MODIFIED THRIE BEAM GUIDE RAIL,100,LF,"MOUNT CONSTRUCTION CO., INC.",$150.00,"$15,000.00"
23120,120,0001,ROADWAY,0054,609009M,,MODIFIED THRIE BEAM GUIDE RAIL,100,LF,"RITACCO CONSTRUCTION, INC.",$140.00,"$14,000.00"
23120,120,0001,ROADWAY,0054,609009M,,MODIFIED THRIE BEAM GUIDE RAIL,100,LF,"ANSELMI & DECICCO, INC.",$180.00,"$18,000.00"
23120,120,0001,ROADWAY,0055,609021M,,RUB RAIL,100,LF,"MOUNT CONSTRUCTION CO., INC.",$210.00,"$21,000.00"
23120,120,0001,ROADWAY,0055,609021M,,RUB RAIL,100,LF,"RITACCO CONSTRUCTION, INC.",$120.00,"$12,000.00"
23120,120,0001,ROADWAY,0055,609021M,,RUB RAIL,100,LF,"ANSELMI & DECICCO, INC.",$120.00,"$12,000.00"
23120,120,0001,ROADWAY,0056,609042M,,BEAM GUIDE RAIL POST,28,U,"MOUNT CONSTRUCTION CO., INC.",$350.00,"$9,800.00"
23120,120,0001,ROADWAY,0056,609042M,,BEAM GUIDE RAIL POST,28,U,"RITACCO CONSTRUCTION, INC.",$150.00,"$4,200.00"
23120,120,0001,ROADWAY,0056,609042M,,BEAM GUIDE RAIL POST,28,U,"ANSELMI & DECICCO, INC.",$150.00,"$4,200.00"
23120,120,0001,ROADWAY,0057,609057M,,MODIFIED THRIE BEAM GUIDE RAIL ELEMENT,52,LF,"MOUNT CONSTRUCTION CO., INC.",$55.00,"$2,860.00"
23120,120,0001,ROADWAY,0057,609057M,,MODIFIED THRIE BEAM GUIDE RAIL ELEMENT,52,LF,"RITACCO CONSTRUCTION, INC.",$110.00,"$5,720.00"
23120,120,0001,ROADWAY,0057,609057M,,MODIFIED THRIE BEAM GUIDE RAIL ELEMENT,52,LF,"ANSELMI & DECICCO, INC.",$110.00,"$5,720.00"
23120,120,0001,ROADWAY,0058,609075M,,REMOVAL OF BEAM GUIDE RAIL,153,LF,"MOUNT CONSTRUCTION CO., INC.",$35.00,"$5,355.00"
23120,120,0001,ROADWAY,0058,609075M,,REMOVAL OF BEAM GUIDE RAIL,153,LF,"RITACCO CONSTRUCTION, INC.",$10.00,"$1,530.00"
23120,120,0001,ROADWAY,0058,609075M,,REMOVAL OF BEAM GUIDE RAIL,153,LF,"ANSELMI & DECICCO, INC.",$10.00,"$1,530.00"
23120,120,0001,ROADWAY,0059,609098M,,"MODIFIED THRIE BEAM GUIDE RAIL, 14"" BLOCKOUT",28,U,"MOUNT CONSTRUCTION CO., INC.",$600.00,"$16,800.00"
23120,120,0001,ROADWAY,0059,609098M,,"MODIFIED THRIE BEAM GUIDE RAIL, 14"" BLOCKOUT",28,U,"RITACCO CONSTRUCTION, INC.",$40.00,"$1,120.00"
23120,120,0001,ROADWAY,0059,609098M,,"MODIFIED THRIE BEAM GUIDE RAIL, 14"" BLOCKOUT",28,U,"ANSELMI & DECICCO, INC.",$35.00,$980.00
23120,120,0001,ROADWAY,0060,610003M,,"TRAFFIC STRIPES, 4""","1,700",LF,"MOUNT CONSTRUCTION CO., INC.",$1.25,"$2,125.00"
23120,120,0001,ROADWAY,0060,610003M,,"TRAFFIC STRIPES, 4""","1,700",LF,"RITACCO CONSTRUCTION, INC.",$1.50,"$2,550.00"
23120,120,0001,ROADWAY,0060,610003M,,"TRAFFIC STRIPES, 4""","1,700",LF,"ANSELMI & DECICCO, INC.",$0.90,"$1,530.00"
23120,120,0001,ROADWAY,0061,610017M,,"TRAFFIC MARKING LINES, 24""",180,LF,"MOUNT CONSTRUCTION CO., INC.",$9.00,"$1,620.00"
23120,120,0001,ROADWAY,0061,610017M,,"TRAFFIC MARKING LINES, 24""",180,LF,"RITACCO CONSTRUCTION, INC.",$10.00,"$1,800.00"
23120,120,0001,ROADWAY,0061,610017M,,"TRAFFIC MARKING LINES, 24""",180,LF,"ANSELMI & DECICCO, INC.",$4.00,$720.00
23120,120,0001,ROADWAY,0062,610036M,,REMOVAL OF TRAFFIC STRIPES,"1,450",LF,"MOUNT CONSTRUCTION CO., INC.",$1.00,"$1,450.00"
23120,120,0001,ROADWAY,0062,610036M,,REMOVAL OF TRAFFIC STRIPES,"1,450",LF,"RITACCO CONSTRUCTION, INC.",$1.00,"$1,450.00"
23120,120,0001,ROADWAY,0062,610036M,,REMOVAL OF TRAFFIC STRIPES,"1,450",LF,"ANSELMI & DECICCO, INC.",$3.00,"$4,350.00"
23120,120,0001,ROADWAY,0063,610039M,,REMOVAL OF TRAFFIC MARKINGS,180,SF,"MOUNT CONSTRUCTION CO., INC.",$4.00,$720.00
23120,120,0001,ROADWAY,0063,610039M,,REMOVAL OF TRAFFIC MARKINGS,180,SF,"RITACCO CONSTRUCTION, INC.",$3.00,$540.00
23120,120,0001,ROADWAY,0063,610039M,,REMOVAL OF TRAFFIC MARKINGS,180,SF,"ANSELMI & DECICCO, INC.",$6.00,"$1,080.00"
23120,120,0001,ROADWAY,0064,612003P,,REGULATORY AND WARNING SIGN,41,SF,"MOUNT CONSTRUCTION CO., INC.",$50.00,"$2,050.00"
23120,120,0001,ROADWAY,0064,612003P,,REGULATORY AND WARNING SIGN,41,SF,"RITACCO CONSTRUCTION, INC.",$45.00,"$1,845.00"
23120,120,0001,ROADWAY,0064,612003P,,REGULATORY AND WARNING SIGN,41,SF,"ANSELMI & DECICCO, INC.",$45.00,"$1,845.00"
23120,120,0001,ROADWAY,0065,612033P,,SPECIALIZED SIGN,1,U,"MOUNT CONSTRUCTION CO., INC.","$2,000.00","$2,000.00"
23120,120,0001,ROADWAY,0065,612033P,,SPECIALIZED SIGN,1,U,"RITACCO CONSTRUCTION, INC.","$12,000.00","$12,000.00"
23120,120,0001,ROADWAY,0065,612033P,,SPECIALIZED SIGN,1,U,"ANSELMI & DECICCO, INC.","$4,500.00","$4,500.00"
23120,120,0001,ROADWAY,0066,653012P,,"8"" GAS MAIN",267,LF,"MOUNT CONSTRUCTION CO., INC.",$275.00,"$73,425.00"
23120,120,0001,ROADWAY,0066,653012P,,"8"" GAS MAIN",267,LF,"RITACCO CONSTRUCTION, INC.",$290.00,"$77,430.00"
23120,120,0001,ROADWAY,0066,653012P,,"8"" GAS MAIN",267,LF,"ANSELMI & DECICCO, INC.",$500.00,"$133,500.00"
23120,120,0001,ROADWAY,0067,653051P,,"8"" GAS MAIN, BRIDGE",83,LF,"MOUNT CONSTRUCTION CO., INC.","$1,100.00","$91,300.00"
23120,120,0001,ROADWAY,0067,653051P,,"8"" GAS MAIN, BRIDGE",83,LF,"RITACCO CONSTRUCTION, INC.","$1,200.00","$99,600.00"
23120,120,0001,ROADWAY,0067,653051P,,"8"" GAS MAIN, BRIDGE",83,LF,"ANSELMI & DECICCO, INC.",$900.00,"$74,700.00"
23120,120,0001,ROADWAY,0068,654003P,,ELECTRICAL CONDUIT,495,LF,"MOUNT CONSTRUCTION CO., INC.",$320.00,"$158,400.00"
23120,120,0001,ROADWAY,0068,654003P,,ELECTRICAL CONDUIT,495,LF,"RITACCO CONSTRUCTION, INC.",$320.00,"$158,400.00"
23120,120,0001,ROADWAY,0068,654003P,,ELECTRICAL CONDUIT,495,LF,"ANSELMI & DECICCO, INC.",$240.00,"$118,800.00"
23120,120,0001,ROADWAY,0069,654012P,,CONCRETE ENCASED DUCT BANK,140,LF,"MOUNT CONSTRUCTION CO., INC.",$450.00,"$63,000.00"
23120,120,0001,ROADWAY,0069,654012P,,CONCRETE ENCASED DUCT BANK,140,LF,"RITACCO CONSTRUCTION, INC.",$420.00,"$58,800.00"
23120,120,0001,ROADWAY,0069,654012P,,CONCRETE ENCASED DUCT BANK,140,LF,"ANSELMI & DECICCO, INC.",$420.00,"$58,800.00"
23120,120,0001,ROADWAY,0070,654035P,,TELECOMMUNICATION RELOCATION .,660,LF,"MOUNT CONSTRUCTION CO., INC.",$200.00,"$132,000.00"
23120,120,0001,ROADWAY,0070,654035P,,TELECOMMUNICATION RELOCATION .,660,LF,"RITACCO CONSTRUCTION, INC.",$200.00,"$132,000.00"
23120,120,0001,ROADWAY,0070,654035P,,TELECOMMUNICATION RELOCATION .,660,LF,"ANSELMI & DECICCO, INC.",$240.00,"$158,400.00"
23120,120,0001,ROADWAY,0071,654035P,,TELECOMMUNICATION RELOCATION (SPLIT),166,LF,"MOUNT CONSTRUCTION CO., INC.",$175.00,"$29,050.00"
23120,120,0001,ROADWAY,0071,654035P,,TELECOMMUNICATION RELOCATION (SPLIT),166,LF,"RITACCO CONSTRUCTION, INC.",$150.00,"$24,900.00"
23120,120,0001,ROADWAY,0071,654035P,,TELECOMMUNICATION RELOCATION (SPLIT),166,LF,"ANSELMI & DECICCO, INC.",$240.00,"$39,840.00"
23120,120,0001,ROADWAY,0072,654050M,,RESET TELECOMMUNICATIONS MANHOLE,4,U,"MOUNT CONSTRUCTION CO., INC.","$3,200.00","$12,800.00"
23120,120,0001,ROADWAY,0072,654050M,,RESET TELECOMMUNICATIONS MANHOLE,4,U,"RITACCO CONSTRUCTION, INC.","$5,000.00","$20,000.00"
23120,120,0001,ROADWAY,0072,654050M,,RESET TELECOMMUNICATIONS MANHOLE,4,U,"ANSELMI & DECICCO, INC.","$9,000.00","$36,000.00"
23120,120,0001,ROADWAY,0073,655003P,,TELECOMMUNICATION CONDUIT,"1,742",LF,"MOUNT CONSTRUCTION CO., INC.",$110.00,"$191,620.00"
23120,120,0001,ROADWAY,0073,655003P,,TELECOMMUNICATION CONDUIT,"1,742",LF,"RITACCO CONSTRUCTION, INC.",$100.00,"$174,200.00"
23120,120,0001,ROADWAY,0073,655003P,,TELECOMMUNICATION CONDUIT,"1,742",LF,"ANSELMI & DECICCO, INC.",$190.00,"$330,980.00"
23120,120,0001,ROADWAY,0074,655003P,,TELECOMMUNICATION CONDUIT (SPLIT),436,LF,"MOUNT CONSTRUCTION CO., INC.",$90.00,"$39,240.00"
23120,120,0001,ROADWAY,0074,655003P,,TELECOMMUNICATION CONDUIT (SPLIT),436,LF,"RITACCO CONSTRUCTION, INC.",$80.00,"$34,880.00"
23120,120,0001,ROADWAY,0074,655003P,,TELECOMMUNICATION CONDUIT (SPLIT),436,LF,"ANSELMI & DECICCO, INC.",$240.00,"$104,640.00"
23120,120,0001,ROADWAY,0075,701123M,,"FOUNDATION, TYPE SFT",2,U,"MOUNT CONSTRUCTION CO., INC.","$4,200.00","$8,400.00"
23120,120,0001,ROADWAY,0075,701123M,,"FOUNDATION, TYPE SFT",2,U,"RITACCO CONSTRUCTION, INC.","$4,000.00","$8,000.00"
23120,120,0001,ROADWAY,0075,701123M,,"FOUNDATION, TYPE SFT",2,U,"ANSELMI & DECICCO, INC.","$3,000.00","$6,000.00"
23120,120,0001,ROADWAY,0076,702012M,,"TRAFFIC SIGNAL STANDARD, ALUMINUM",2,U,"MOUNT CONSTRUCTION CO., INC.","$5,200.00","$10,400.00"
23120,120,0001,ROADWAY,0076,702012M,,"TRAFFIC SIGNAL STANDARD, ALUMINUM",2,U,"RITACCO CONSTRUCTION, INC.","$4,000.00","$8,000.00"
23120,120,0001,ROADWAY,0076,702012M,,"TRAFFIC SIGNAL STANDARD, ALUMINUM",2,U,"ANSELMI & DECICCO, INC.","$4,000.00","$8,000.00"
23120,120,0001,ROADWAY,0077,702021M,,"TRAFFIC SIGNAL MAST ARM, ALUMINUM",1,U,"MOUNT CONSTRUCTION CO., INC.","$4,500.00","$4,500.00"
23120,120,0001,ROADWAY,0077,702021M,,"TRAFFIC SIGNAL MAST ARM, ALUMINUM",1,U,"RITACCO CONSTRUCTION, INC.","$4,000.00","$4,000.00"
23120,120,0001,ROADWAY,0077,702021M,,"TRAFFIC SIGNAL MAST ARM, ALUMINUM",1,U,"ANSELMI & DECICCO, INC.","$3,500.00","$3,500.00"
23120,120,0001,ROADWAY,0078,702042M,,PUSH BUTTON,2,U,"MOUNT CONSTRUCTION CO., INC.",$850.00,"$1,700.00"
23120,120,0001,ROADWAY,0078,702042M,,PUSH BUTTON,2,U,"RITACCO CONSTRUCTION, INC.",$500.00,"$1,000.00"
23120,120,0001,ROADWAY,0078,702042M,,PUSH BUTTON,2,U,"ANSELMI & DECICCO, INC.",$600.00,"$1,200.00"
23120,120,0001,ROADWAY,0079,702089M,,SOLAR FLASHING BEACON,2,U,"MOUNT CONSTRUCTION CO., INC.","$9,200.00","$18,400.00"
23120,120,0001,ROADWAY,0079,702089M,,SOLAR FLASHING BEACON,2,U,"RITACCO CONSTRUCTION, INC.","$10,500.00","$21,000.00"
23120,120,0001,ROADWAY,0079,702089M,,SOLAR FLASHING BEACON,2,U,"ANSELMI & DECICCO, INC.","$10,000.00","$20,000.00"
23120,120,0005,LANDSCAPE,0080,804000P,,"TOPSOIL SPREADING __"" THICK (5"" THICK)",682,SY,"MOUNT CONSTRUCTION CO., INC.",$30.00,"$20,460.00"
23120,120,0005,LANDSCAPE,0080,804000P,,"TOPSOIL SPREADING __"" THICK (5"" THICK)",682,SY,"RITACCO CONSTRUCTION, INC.",$8.00,"$5,456.00"
23120,120,0005,LANDSCAPE,0080,804000P,,"TOPSOIL SPREADING __"" THICK (5"" THICK)",682,SY,"ANSELMI & DECICCO, INC.",$8.00,"$5,456.00"
23120,120,0005,LANDSCAPE,0081,804015P,,BORROW TOPSOIL,95,CY,"MOUNT CONSTRUCTION CO., INC.",$80.00,"$7,600.00"
23120,120,0005,LANDSCAPE,0081,804015P,,BORROW TOPSOIL,95,CY,"RITACCO CONSTRUCTION, INC.",$45.00,"$4,275.00"
23120,120,0005,LANDSCAPE,0081,804015P,,BORROW TOPSOIL,95,CY,"ANSELMI & DECICCO, INC.",$40.00,"$3,800.00"
23120,120,0005,LANDSCAPE,0082,806006P,,"FERTILIZING AND SEEDING, TYPE A-3",682,SY,"MOUNT CONSTRUCTION CO., INC.",$7.50,"$5,115.00"
23120,120,0005,LANDSCAPE,0082,806006P,,"FERTILIZING AND SEEDING, TYPE A-3",682,SY,"RITACCO CONSTRUCTION, INC.",$1.50,"$1,023.00"
23120,120,0005,LANDSCAPE,0082,806006P,,"FERTILIZING AND SEEDING, TYPE A-3",682,SY,"ANSELMI & DECICCO, INC.",$1.25,$852.50
23120,120,0004,EROSION CONTROL,0083,806018P,,"FERTILIZING AND SEEDING, TYPE F",69,SY,"MOUNT CONSTRUCTION CO., INC.",$65.00,"$4,485.00"
23120,120,0004,EROSION CONTROL,0083,806018P,,"FERTILIZING AND SEEDING, TYPE F",69,SY,"RITACCO CONSTRUCTION, INC.",$1.00,$69.00
23120,120,0004,EROSION CONTROL,0083,806018P,,"FERTILIZING AND SEEDING, TYPE F",69,SY,"ANSELMI & DECICCO, INC.",$1.00,$69.00
23120,120,0004,EROSION CONTROL,0084,807003M,,"TOPSOIL STABILIZATION, TYPE 1 MAT",200,SY,"MOUNT CONSTRUCTION CO., INC.",$11.00,"$2,200.00"
23120,120,0004,EROSION CONTROL,0084,807003M,,"TOPSOIL STABILIZATION, TYPE 1 MAT",200,SY,"RITACCO CONSTRUCTION, INC.",$5.00,"$1,000.00"
23120,120,0004,EROSION CONTROL,0084,807003M,,"TOPSOIL STABILIZATION, TYPE 1 MAT",200,SY,"ANSELMI & DECICCO, INC.",$5.00,"$1,000.00"
23120,120,0005,LANDSCAPE,0085,809006M,,FIBER MULCHING,751,SY,"MOUNT CONSTRUCTION CO., INC.",$65.00,"$48,815.00"
23120,120,0005,LANDSCAPE,0085,809006M,,FIBER MULCHING,751,SY,"RITACCO CONSTRUCTION, INC.",$1.00,$751.00
23120,120,0005,LANDSCAPE,0085,809006M,,FIBER MULCHING,751,SY,"ANSELMI & DECICCO, INC.",$1.00,$751.00
23120,120,0003,NON-PARTICIPATING (ROADWAY),0086,810003M,,MOWING,1,ACRE,"MOUNT CONSTRUCTION CO., INC.","$3,000.00","$3,000.00"
23120,120,0003,NON-PARTICIPATING (ROADWAY),0086,810003M,,MOWING,1,ACRE,"RITACCO CONSTRUCTION, INC.",$450.00,$450.00
23120,120,0003,NON-PARTICIPATING (ROADWAY),0086,810003M,,MOWING,1,ACRE,"ANSELMI & DECICCO, INC.",$250.00,$250.00
23120,120,0005,LANDSCAPE,0087,812005P,,LANDSCAPE TIMBER EDGING,100,LF,"MOUNT CONSTRUCTION CO., INC.",$40.00,"$4,000.00"
23120,120,0005,LANDSCAPE,0087,812005P,,LANDSCAPE TIMBER EDGING,100,LF,"RITACCO CONSTRUCTION, INC.",$110.00,"$11,000.00"
23120,120,0005,LANDSCAPE,0087,812005P,,LANDSCAPE TIMBER EDGING,100,LF,"ANSELMI & DECICCO, INC.",$100.00,"$10,000.00"
23120,120,0001,ROADWAY,0088,159015M,,"CONSTRUCTION IDENTIFICATION SIGN, 4' X 8'",2,U,"MOUNT CONSTRUCTION CO., INC.","$1,800.00","$3,600.00"
23120,120,0001,ROADWAY,0088,159015M,,"CONSTRUCTION IDENTIFICATION SIGN, 4' X 8'",2,U,"RITACCO CONSTRUCTION, INC.",$750.00,"$1,500.00"
23120,120,0001,ROADWAY,0088,159015M,,"CONSTRUCTION IDENTIFICATION SIGN, 4' X 8'",2,U,"ANSELMI & DECICCO, INC.","$3,000.00","$6,000.00"
23120,120,0006,STRUCTURE NO. 3000-156,0089,162006P,,VIBRATION MONITORING,1,LS,"MOUNT CONSTRUCTION CO., INC.","$60,000.00","$60,000.00"
23120,120,0006,STRUCTURE NO. 3000-156,0089,162006P,,VIBRATION MONITORING,1,LS,"RITACCO CONSTRUCTION, INC.","$55,000.00","$55,000.00"
23120,120,0006,STRUCTURE NO. 3000-156,0089,162006P,,VIBRATION MONITORING,1,LS,"ANSELMI & DECICCO, INC.","$10,000.00","$10,000.00"
23120,120,0006,STRUCTURE NO. 3000-156,0090,201006P,,"CLEARING SITE, BRIDGE (___) (STRUCTURE NO. 3000-156)",1,LS,"MOUNT CONSTRUCTION CO., INC.","$90,000.00","$90,000.00"
23120,120,0006,STRUCTURE NO. 3000-156,0090,201006P,,"CLEARING SITE, BRIDGE (___) (STRUCTURE NO. 3000-156)",1,LS,"RITACCO CONSTRUCTION, INC.","$590,000.00","$590,000.00"
23120,120,0006,STRUCTURE NO. 3000-156,0090,201006P,,"CLEARING SITE, BRIDGE (___) (STRUCTURE NO. 3000-156)",1,LS,"ANSELMI & DECICCO, INC.","$90,000.00","$90,000.00"
23120,120,0006,STRUCTURE NO. 3000-156,0091,201039P,,TEMPORARY SHIELDING,1,LS,"MOUNT CONSTRUCTION CO., INC.","$200,420.00","$200,420.00"
23120,120,0006,STRUCTURE NO. 3000-156,0091,201039P,,TEMPORARY SHIELDING,1,LS,"RITACCO CONSTRUCTION, INC.","$682,638.00","$682,638.00"
23120,120,0006,STRUCTURE NO. 3000-156,0091,201039P,,TEMPORARY SHIELDING,1,LS,"ANSELMI & DECICCO, INC.","$500,000.00","$500,000.00"
23120,120,0006,STRUCTURE NO. 3000-156,0092,202009P,,"EXCAVATION, UNCLASSIFIED",630,CY,"MOUNT CONSTRUCTION CO., INC.",$75.00,"$47,250.00"
23120,120,0006,STRUCTURE NO. 3000-156,0092,202009P,,"EXCAVATION, UNCLASSIFIED",630,CY,"RITACCO CONSTRUCTION, INC.",$50.00,"$31,500.00"
23120,120,0006,STRUCTURE NO. 3000-156,0092,202009P,,"EXCAVATION, UNCLASSIFIED",630,CY,"ANSELMI & DECICCO, INC.",$250.00,"$157,500.00"
23120,120,0006,STRUCTURE NO. 3000-156,0093,203009P,,I-9 SOIL AGGREGATE,180,CY,"MOUNT CONSTRUCTION CO., INC.",$55.00,"$9,900.00"
23120,120,0006,STRUCTURE NO. 3000-156,0093,203009P,,I-9 SOIL AGGREGATE,180,CY,"RITACCO CONSTRUCTION, INC.",$70.00,"$12,600.00"
23120,120,0006,STRUCTURE NO. 3000-156,0093,203009P,,I-9 SOIL AGGREGATE,180,CY,"ANSELMI & DECICCO, INC.",$100.00,"$18,000.00"
23120,120,0006,STRUCTURE NO. 3000-156,0094,302060P,,"COARSE AGGREGATE, SIZE NO. 57",60,CY,"MOUNT CONSTRUCTION CO., INC.",$300.00,"$18,000.00"
23120,120,0006,STRUCTURE NO. 3000-156,0094,302060P,,"COARSE AGGREGATE, SIZE NO. 57",60,CY,"RITACCO CONSTRUCTION, INC.",$60.00,"$3,600.00"
23120,120,0006,STRUCTURE NO. 3000-156,0094,302060P,,"COARSE AGGREGATE, SIZE NO. 57",60,CY,"ANSELMI & DECICCO, INC.",$100.00,"$6,000.00"
23120,120,0006,STRUCTURE NO. 3000-156,0095,405027P,,DIAMOND GRINDING OF CONCRETE SURFACE COURSE,340,SY,"MOUNT CONSTRUCTION CO., INC.",$325.00,"$110,500.00"
23120,120,0006,STRUCTURE NO. 3000-156,0095,405027P,,DIAMOND GRINDING OF CONCRETE SURFACE COURSE,340,SY,"RITACCO CONSTRUCTION, INC.",$75.00,"$25,500.00"
23120,120,0006,STRUCTURE NO. 3000-156,0095,405027P,,DIAMOND GRINDING OF CONCRETE SURFACE COURSE,340,SY,"ANSELMI & DECICCO, INC.",$35.00,"$11,900.00"
23120,120,0006,STRUCTURE NO. 3000-156,0096,501006P,,PERMANENT SHEETING,"1,360",SF,"MOUNT CONSTRUCTION CO., INC.",$400.00,"$544,000.00"
23120,120,0006,STRUCTURE NO. 3000-156,0096,501006P,,PERMANENT SHEETING,"1,360",SF,"RITACCO CONSTRUCTION, INC.",$575.00,"$782,000.00"
23120,120,0006,STRUCTURE NO. 3000-156,0096,501006P,,PERMANENT SHEETING,"1,360",SF,"ANSELMI & DECICCO, INC.",$200.00,"$272,000.00"
23120,120,0006,STRUCTURE NO. 3000-156,0097,502016M,,"MICROPILES, ___ (5"" DIA.)","3,360",LF,"MOUNT CONSTRUCTION CO., INC.",$225.00,"$756,000.00"
23120,120,0006,STRUCTURE NO. 3000-156,0097,502016M,,"MICROPILES, ___ (5"" DIA.)","3,360",LF,"RITACCO CONSTRUCTION, INC.",$330.00,"$1,108,800.00"
23120,120,0006,STRUCTURE NO. 3000-156,0097,502016M,,"MICROPILES, ___ (5"" DIA.)","3,360",LF,"ANSELMI & DECICCO, INC.",$1.00,"$3,360.00"
23120,120,0006,STRUCTURE NO. 3000-156,0098,503003P,,FURNISHING DRILLED SHAFT EQUIPMENT,1,LS,"MOUNT CONSTRUCTION CO., INC.","$50,000.00","$50,000.00"
23120,120,0006,STRUCTURE NO. 3000-156,0098,503003P,,FURNISHING DRILLED SHAFT EQUIPMENT,1,LS,"RITACCO CONSTRUCTION, INC.","$425,000.00","$425,000.00"
23120,120,0006,STRUCTURE NO. 3000-156,0098,503003P,,FURNISHING DRILLED SHAFT EQUIPMENT,1,LS,"ANSELMI & DECICCO, INC.","$250,000.00","$250,000.00"
23120,120,0006,STRUCTURE NO. 3000-156,0099,503015M,,SHAFT CORING,20,LF,"MOUNT CONSTRUCTION CO., INC.",$350.00,"$7,000.00"
23120,120,0006,STRUCTURE NO. 3000-156,0099,503015M,,SHAFT CORING,20,LF,"RITACCO CONSTRUCTION, INC.","$2,200.00","$44,000.00"
23120,120,0006,STRUCTURE NO. 3000-156,0099,503015M,,SHAFT CORING,20,LF,"ANSELMI & DECICCO, INC.",$200.00,"$4,000.00"
23120,120,0006,STRUCTURE NO. 3000-156,0100,503018M,,"DRILLED SHAFT IN SOIL 36"" DIAMETER",290,LF,"MOUNT CONSTRUCTION CO., INC.",$900.00,"$261,000.00"
23120,120,0006,STRUCTURE NO. 3000-156,0100,503018M,,"DRILLED SHAFT IN SOIL 36"" DIAMETER",290,LF,"RITACCO CONSTRUCTION, INC.","$1,200.00","$348,000.00"
23120,120,0006,STRUCTURE NO. 3000-156,0100,503018M,,"DRILLED SHAFT IN SOIL 36"" DIAMETER",290,LF,"ANSELMI & DECICCO, INC.","$1,000.00","$290,000.00"
23120,120,0006,STRUCTURE NO. 3000-156,0101,503048M,,OBSTRUCTION REMOVAL,20,LF,"MOUNT CONSTRUCTION CO., INC.","$4,500.00","$90,000.00"
23120,120,0006,STRUCTURE NO. 3000-156,0101,503048M,,OBSTRUCTION REMOVAL,20,LF,"RITACCO CONSTRUCTION, INC.","$2,200.00","$44,000.00"
23120,120,0006,STRUCTURE NO. 3000-156,0101,503048M,,OBSTRUCTION REMOVAL,20,LF,"ANSELMI & DECICCO, INC.","$1,500.00","$30,000.00"
23120,120,0006,STRUCTURE NO. 3000-156,0102,503049M,,"DRILLED SHAFT IN ROCK, 30"" DIAMETER",160,LF,"MOUNT CONSTRUCTION CO., INC.",$600.00,"$96,000.00"
23120,120,0006,STRUCTURE NO. 3000-156,0102,503049M,,"DRILLED SHAFT IN ROCK, 30"" DIAMETER",160,LF,"RITACCO CONSTRUCTION, INC.","$3,300.00","$528,000.00"
23120,120,0006,STRUCTURE NO. 3000-156,0102,503049M,,"DRILLED SHAFT IN ROCK, 30"" DIAMETER",160,LF,"ANSELMI & DECICCO, INC.","$1,500.00","$240,000.00"
23120,120,0006,STRUCTURE NO. 3000-156,0103,504008P,,"REINFORCEMENT STEEL, STAINLESS STEEL",270,LB,"MOUNT CONSTRUCTION CO., INC.",$11.00,"$2,970.00"
23120,120,0006,STRUCTURE NO. 3000-156,0103,504008P,,"REINFORCEMENT STEEL, STAINLESS STEEL",270,LB,"RITACCO CONSTRUCTION, INC.",$11.00,"$2,970.00"
23120,120,0006,STRUCTURE NO. 3000-156,0103,504008P,,"REINFORCEMENT STEEL, STAINLESS STEEL",270,LB,"ANSELMI & DECICCO, INC.",$10.00,"$2,700.00"
23120,120,0006,STRUCTURE NO. 3000-156,0104,504009P,,"REINFORCEMENT STEEL, GALVANIZED","3,390",LB,"MOUNT CONSTRUCTION CO., INC.",$3.50,"$11,865.00"
23120,120,0006,STRUCTURE NO. 3000-156,0104,504009P,,"REINFORCEMENT STEEL, GALVANIZED","3,390",LB,"RITACCO CONSTRUCTION, INC.",$4.00,"$13,560.00"
23120,120,0006,STRUCTURE NO. 3000-156,0104,504009P,,"REINFORCEMENT STEEL, GALVANIZED","3,390",LB,"ANSELMI & DECICCO, INC.",$5.00,"$16,950.00"
23120,120,0006,STRUCTURE NO. 3000-156,0105,504036P,,EPOXY WATERPROOFING,50,SY,"MOUNT CONSTRUCTION CO., INC.",$110.00,"$5,500.00"
23120,120,0006,STRUCTURE NO. 3000-156,0105,504036P,,EPOXY WATERPROOFING,50,SY,"RITACCO CONSTRUCTION, INC.",$60.00,"$3,000.00"
23120,120,0006,STRUCTURE NO. 3000-156,0105,504036P,,EPOXY WATERPROOFING,50,SY,"ANSELMI & DECICCO, INC.",$100.00,"$5,000.00"
23120,120,0006,STRUCTURE NO. 3000-156,0106,505056P,,PRECAST CONCRETE ABUTMENT WALL,70,CY,"MOUNT CONSTRUCTION CO., INC.","$5,000.00","$350,000.00"
23120,120,0006,STRUCTURE NO. 3000-156,0106,505056P,,PRECAST CONCRETE ABUTMENT WALL,70,CY,"RITACCO CONSTRUCTION, INC.","$4,500.00","$315,000.00"
23120,120,0006,STRUCTURE NO. 3000-156,0106,505056P,,PRECAST CONCRETE ABUTMENT WALL,70,CY,"ANSELMI & DECICCO, INC.","$2,000.00","$140,000.00"
23120,120,0006,STRUCTURE NO. 3000-156,0107,505059P,,PRECAST CONCRETE RELIEF SLAB,36,CY,"MOUNT CONSTRUCTION CO., INC.","$5,000.00","$180,000.00"
23120,120,0006,STRUCTURE NO. 3000-156,0107,505059P,,PRECAST CONCRETE RELIEF SLAB,36,CY,"RITACCO CONSTRUCTION, INC.","$3,500.00","$126,000.00"
23120,120,0006,STRUCTURE NO. 3000-156,0107,505059P,,PRECAST CONCRETE RELIEF SLAB,36,CY,"ANSELMI & DECICCO, INC.","$1,000.00","$36,000.00"
23120,120,0006,STRUCTURE NO. 3000-156,0108,505066P,,"PREFABRICATED SUPERSTRUCTURE UNITS, HPC","4,010",SF,"MOUNT CONSTRUCTION CO., INC.",$225.00,"$902,250.00"
23120,120,0006,STRUCTURE NO. 3000-156,0108,505066P,,"PREFABRICATED SUPERSTRUCTURE UNITS, HPC","4,010",SF,"RITACCO CONSTRUCTION, INC.",$400.00,"$1,604,000.00"
23120,120,0006,STRUCTURE NO. 3000-156,0108,505066P,,"PREFABRICATED SUPERSTRUCTURE UNITS, HPC","4,010",SF,"ANSELMI & DECICCO, INC.","$1,175.00","$4,711,750.00"
23120,120,0006,STRUCTURE NO. 3000-156,0109,505067P,,PRECAST CONCRETE SLEEPER SLAB,34,CY,"MOUNT CONSTRUCTION CO., INC.","$4,500.00","$153,000.00"
23120,120,0006,STRUCTURE NO. 3000-156,0109,505067P,,PRECAST CONCRETE SLEEPER SLAB,34,CY,"RITACCO CONSTRUCTION, INC.","$3,000.00","$102,000.00"
23120,120,0006,STRUCTURE NO. 3000-156,0109,505067P,,PRECAST CONCRETE SLEEPER SLAB,34,CY,"ANSELMI & DECICCO, INC.","$1,000.00","$34,000.00"
23120,120,0006,STRUCTURE NO. 3000-156,0110,506003P,,STRUCTURAL STEEL (APPROX. 2800 LB),1,LS,"MOUNT CONSTRUCTION CO., INC.","$300,000.00","$300,000.00"
23120,120,0006,STRUCTURE NO. 3000-156,0110,506003P,,STRUCTURAL STEEL (APPROX. 2800 LB),1,LS,"RITACCO CONSTRUCTION, INC.","$110,000.00","$110,000.00"
23120,120,0006,STRUCTURE NO. 3000-156,0110,506003P,,STRUCTURAL STEEL (APPROX. 2800 LB),1,LS,"ANSELMI & DECICCO, INC.","$50,000.00","$50,000.00"
23120,120,0006,STRUCTURE NO. 3000-156,0111,506006P,,REINFORCED ELASTOMERIC BEARING ASSEMBLY,24,U,"MOUNT CONSTRUCTION CO., INC.","$5,500.00","$132,000.00"
23120,120,0006,STRUCTURE NO. 3000-156,0111,506006P,,REINFORCED ELASTOMERIC BEARING ASSEMBLY,24,U,"RITACCO CONSTRUCTION, INC.","$10,500.00","$252,000.00"
23120,120,0006,STRUCTURE NO. 3000-156,0111,506006P,,REINFORCED ELASTOMERIC BEARING ASSEMBLY,24,U,"ANSELMI & DECICCO, INC.","$3,000.00","$72,000.00"
23120,120,0006,STRUCTURE NO. 3000-156,0112,507009P,,"4"" BY 4"" PREFORMED ELASTOMERIC JOINT ASSEMBLY",64,LF,"MOUNT CONSTRUCTION CO., INC.",$250.00,"$16,000.00"
23120,120,0006,STRUCTURE NO. 3000-156,0112,507009P,,"4"" BY 4"" PREFORMED ELASTOMERIC JOINT ASSEMBLY",64,LF,"RITACCO CONSTRUCTION, INC.",$125.00,"$8,000.00"
23120,120,0006,STRUCTURE NO. 3000-156,0112,507009P,,"4"" BY 4"" PREFORMED ELASTOMERIC JOINT ASSEMBLY",64,LF,"ANSELMI & DECICCO, INC.",$25.00,"$1,600.00"
23120,120,0006,STRUCTURE NO. 3000-156,0113,507027M,,DATE PANEL,1,U,"MOUNT CONSTRUCTION CO., INC.","$1,500.00","$1,500.00"
23120,120,0006,STRUCTURE NO. 3000-156,0113,507027M,,DATE PANEL,1,U,"RITACCO CONSTRUCTION, INC.","$1,500.00","$1,500.00"
23120,120,0006,STRUCTURE NO. 3000-156,0113,507027M,,DATE PANEL,1,U,"ANSELMI & DECICCO, INC.","$2,000.00","$2,000.00"
23120,120,0006,STRUCTURE NO. 3000-156,0114,507085P,,STEEL 4 BAR BRIDGE RAILING,178,LF,"MOUNT CONSTRUCTION CO., INC.",$575.00,"$102,350.00"
23120,120,0006,STRUCTURE NO. 3000-156,0114,507085P,,STEEL 4 BAR BRIDGE RAILING,178,LF,"RITACCO CONSTRUCTION, INC.",$550.00,"$97,900.00"
23120,120,0006,STRUCTURE NO. 3000-156,0114,507085P,,STEEL 4 BAR BRIDGE RAILING,178,LF,"ANSELMI & DECICCO, INC.",$400.00,"$71,200.00"
23120,120,0006,STRUCTURE NO. 3000-156,0115,507123P,,"CONCRETE BRIDGE DECK, UHPC",20,CY,"MOUNT CONSTRUCTION CO., INC.","$18,000.00","$360,000.00"
23120,120,0006,STRUCTURE NO. 3000-156,0115,507123P,,"CONCRETE BRIDGE DECK, UHPC",20,CY,"RITACCO CONSTRUCTION, INC.","$7,000.00","$140,000.00"
23120,120,0006,STRUCTURE NO. 3000-156,0115,507123P,,"CONCRETE BRIDGE DECK, UHPC",20,CY,"ANSELMI & DECICCO, INC.","$5,000.00","$100,000.00"
23120,120,0006,STRUCTURE NO. 3000-156,0116,510004P,,TIMBER DECKING,20,CF,"MOUNT CONSTRUCTION CO., INC.","$1,560.00","$31,200.00"
23120,120,0006,STRUCTURE NO. 3000-156,0116,510004P,,TIMBER DECKING,20,CF,"RITACCO CONSTRUCTION, INC.",$700.00,"$14,000.00"
23120,120,0006,STRUCTURE NO. 3000-156,0116,510004P,,TIMBER DECKING,20,CF,"ANSELMI & DECICCO, INC.","$3,500.00","$70,000.00"
23120,120,0006,STRUCTURE NO. 3000-156,0117,511009P,,TIMBER SHEET PILING (FACADE),"1,270",SF,"MOUNT CONSTRUCTION CO., INC.",$200.00,"$254,000.00"
23120,120,0006,STRUCTURE NO. 3000-156,0117,511009P,,TIMBER SHEET PILING (FACADE),"1,270",SF,"RITACCO CONSTRUCTION, INC.",$275.00,"$349,250.00"
23120,120,0006,STRUCTURE NO. 3000-156,0117,511009P,,TIMBER SHEET PILING (FACADE),"1,270",SF,"ANSELMI & DECICCO, INC.",$150.00,"$190,500.00"
23120,120,0006,STRUCTURE NO. 3000-156,0118,603069P,,BROKEN STONE BACKFILL,47,CY,"MOUNT CONSTRUCTION CO., INC.",$300.00,"$14,100.00"
23120,120,0006,STRUCTURE NO. 3000-156,0118,603069P,,BROKEN STONE BACKFILL,47,CY,"RITACCO CONSTRUCTION, INC.",$750.00,"$35,250.00"
23120,120,0006,STRUCTURE NO. 3000-156,0118,603069P,,BROKEN STONE BACKFILL,47,CY,"ANSELMI & DECICCO, INC.",$500.00,"$23,500.00"
23120,120,0006,STRUCTURE NO. 3000-156,0119,701021P,,"3"" RIGID METALLIC CONDUIT",296,LF,"MOUNT CONSTRUCTION CO., INC.",$80.00,"$23,680.00"
23120,120,0006,STRUCTURE NO. 3000-156,0119,701021P,,"3"" RIGID METALLIC CONDUIT",296,LF,"RITACCO CONSTRUCTION, INC.",$50.00,"$14,800.00"
23120,120,0006,STRUCTURE NO. 3000-156,0119,701021P,,"3"" RIGID METALLIC CONDUIT",296,LF,"ANSELMI & DECICCO, INC.",$70.00,"$20,720.00"